原表编号,百科项目ID,大区,国家／地区,英文国家名,地点,中文厂名,英文厂名,业主／运营方,股权沿革,工艺路线,原料,产品,产能（镍吨／年，口径见说明）,产能说明,投产年,状态,状态起始年,状态核实年,停产／关闭原因,最近产量,产量年份,2022产量,2023产量,2024产量,2025产量,2026上半年产量,产量口径,矿山与原料,历史沿革,后续核实备注,置信度,原表核查标记,产业链组,环节,设备与产线,产品规格,原料与品位,能源,披露单位成本,员工数,扩建沿革,股权与包销,技术资料置信度,原始资料轮次,主要来源,全部来源
NI-001,GL001,欧洲,北马其顿,North Macedonia,瓦尔达尔区(Vardar) Kavadarci市,欧洲镍业(Euronickel Industries，原FENI Industries)卡瓦达尔齐镍铁厂,Euronickel Industries (formerly FENI Industries) Kavadarci Ferronickel Plant,土耳其Yıldırım Group（经荷兰Polynickel Holding BV，2024年收购破产资产）；工厂计划更名为'Golden Eagle Nickel'(Голден Игл Никел)，总经理Džemil Acar（新增细节）,"1950年代起勘探，1960年代矿石测试，1970年代动工建设 → 1982年首次产出镍铁(约2,000t/a) → 1982-2017年多任运营方，效益随镍/能源价格波动 → 2017-2018年重组 → 2018年Global Special Opportunities Ltd.(GSOL)开始受托运营 → 2019年1月GSOL完成全资收购并更名为Euronickel Industries → 2024年2月2日卡瓦达尔齐初审法院对公司启动破产程序 → 2024年5月土耳其Yıldırım Group收购破产资产，工会称预计约3个月后复产",RKEF镍铁,红土矿(褐铁矿)+混合,镍铁,11000,"设计产能约含镍11,000吨/年(RWTH Aachen综述)；2009年经济危机前实际年产镍铁对应约7,000-11,400吨镍；2009年因危机产量骤减80%。原料除本地矿外还包括自印尼、阿尔巴尼亚、新喀里多尼亚、土耳其等地进口的红土矿。破产前(2021-2023年)因与瑞士Arrow Metals & Trading AG签订的不利贸易协议(以低于市场价30%售出成品，同时以市场价采购矿石)导致公司严重亏损，两名前高管2025年9月被控'故意造成破产'等罪名，涉案金额约16.7亿第纳尔。",1982,停产(可复产),2024,2025,2021-2023年间与瑞士贸易商Arrow Metals & Trading AG的不利合同安排导致严重亏损（据2025年刑事指控），叠加能源/镍价波动，最终于2024年2月2日进入破产程序；2024年5月被土耳其Yıldırım Group收购，工会称预计约3个月内复产，但本次研究未能查得2024年下半年至2025-2026年是否已实际恢复生产的确凿证据（截至2025年9月的报道仅涉及对前高管的刑事指控，未提及当前生产状态）,,,,,,,,,本地红土镍矿(具体矿名未查实)+进口矿(印尼、阿尔巴尼亚、新喀里多尼亚、土耳其),"该厂历经1950年代勘探、1960年代测试、1970年代建设，1982年建成投产，是巴尔干地区最早的镍铁生产设施之一，历史上多次更名(FENI Industries → Euronickel Industries)并经历所有权更迭。2018-2019年由英属维尔京群岛注册的Global Special Opportunities Ltd.(GSOL)接手并更名。公司近年陷入严重财务危机，核心原因被指与一份对公司极为不利的贸易协议有关：2021年12月与瑞士Arrow Metals & Trading AG签订协议，要求公司按市场价采购镍矿但以低于市场价至少30%的价格出售成品镍铁，导致利润被转移至境外贸易伙伴；截至2022年底Arrow Metals累计欠款约19.6亿第纳尔。2024年2月2日卡瓦达尔齐初审法院对公司启动破产程序。同年5月，据北马其顿工业能矿业工会负责人向马其顿通讯社(MIA)透露，土耳其Yıldırım Group已收购该公司资产，预计约3个月后复产、员工陆续返岗（此前雇员约800-1000人）。2025年9月，两名前高管因涉嫌'故意造成破产'及'损害债权人利益'被提起刑事指控，涉案金额约16.7亿第纳尔（对国家预算造成损失约9,900万第纳尔）。截至本研究完成时，该厂2024年下半年至2026年的实际生产状态（是否已按预期复产）未能得到独立确认，是明确的研究缺口。值得注意的是，Yıldırım Group同期(2022年)也收购了科索沃NewCo Ferronikeli，显示该集团正在巴尔干地区整合镍铁资产。",No update found this round on restart status beyond Yıldırım Group's already-recorded May 2024 acquisition of the bankrupt assets; status retained unchanged despite multiple search-phrasing attempts. 【R4-未能核实】未能证实2024年5月Yıldırım Group收购后是否已实际复产。检索到的唯一'furnace restart'报道(euronickel.com)实为2019年11月27日旧闻(Solway/GSOL时期第二台电炉复产，非本次Yıldırım收购后的进展)，与2024-2026年现状无关，已排除。官网'About'页面内容仍停留在2019年表述，未见任何2024-2026年新闻更新。状态维持'不详'不变。 【R5】马其顿语媒体(Nezavisen)确认工厂将更名为'Golden Eagle Nickel'，重组/改组工作已启动，总经理已与海关官员会面介绍中短期市场计划，复产后预计可提供约800个当地就业岗位(愿景性表述)；本轮未找到冶炼/生产已实际重启、具体复产日期或产能目标的证据，2台电炉的复产状态未确认。,可能,R5核实：状态由「不详」更新为「停产(可复产)」；,,,,,,,,,,,,R1-区域普查,https://www.euronickel.com/about/,"https://www.euronickel.com/about/
https://seenews.com/news/n-macedonias-euronickel-enters-bankruptcy-proceedings-report-1243395
https://mia.mk/en/story/turkish-%E2%80%98yildirim-acquires-euronickel-workers-to-gradually-return-to-work-union-leader%C2%A0
https://mactel.com.au/en/criminal-charges-against-two-former/
https://test.greenmetallurgy.rwth-aachen.de/wp-content/uploads/2025/08/dokument7_id_9417.pdf
https://www.euronickel.com/euronickel-industries-completes-100-million-investment-and-second-furnace-restart/
https://nezavisen.mk/euronikel-kavadarci-kje-se-restartira-pod-imeto-golden-igl-nikel/
https://ohridsky.com/kavadarechkata-kompanija-euronikel-industri-koja-beshe-vo-stechaj-e-prodadena-na-holandskata-kompanija-polynickel-holding-bv-koja-e-del-od-turskata-grupatsija-yildirim-group/"
NI-002,MHP034,欧洲,土耳其,Turkey,马尼萨省(Manisa) Gördes县,梅塔镍钴(Meta Nikel Kobalt)格尔德斯(Gördes)HPAL厂,Meta Nickel Cobalt Gördes HPAL Plant,META Nikel Kobalt Madencilik Sanayi ve Ticaret A.Ş.（土耳其Zorlu Holding旗下）,Zorlu Holding投资建设，2014年第四季度试生产，2015年正式商业化投产，持续由Zorlu集团旗下Meta Nikel Kobalt运营至今,HPAL,红土矿(褐铁矿),MHP(混合氢氧化镍钴中间品),10000,"一期设计产能约含镍10,000吨/年；公司披露二期规划目标为20,000吨/年金属镍(尚未确认是否已实施/建成)。未查得近年(2023-2025)实际产量数字。",2015,在产,2025,2026,,,,,,,,,,自有红土镍矿(格尔德斯周边矿权范围内，富铁褐铁矿及部分蒙脱石粘土型矿石混合)；另在埃斯基谢希尔(Eskişehir)有矿石开发项目，在乌沙克(Uşak)开展地质勘查,该厂是土耳其（也是欧洲/中东地区少数）采用高压酸浸(HPAL)工艺处理红土镍矿、生产MHP中间品的湿法冶炼项目，由Zorlu Holding投资建设，2014年四季度试产、2015年正式商业化投产，是土耳其国内首个实现工业化的红土镍湿法冶炼项目。工艺采用255摄氏度、46巴压力条件下的钛合金高压釜进行酸浸，官方称属'国际领先'技术。截至研究时点，该厂仍在运营，公司对外表述已'完成一期投资建设'并转入正常运营阶段，同时在钪、稀土等副产品回收方向开展研发。搜索结果中曾出现与印尼Merdeka Battery Materials(MBMA)相关的检索命中，但未能证实两者之间存在股权或业务关联，该点列为研究缺口，建议进一步核实是否存在近年股权变动。,"No 2025-2026 update found on output levels or expansion plans despite multiple search attempts; status retained unchanged from the index. 【R4】通过公司官网(2026年9月访问)直接核实：一期MHP产能10,000吨镍/年，二期规划20,000吨镍/年(与既有capacity_note一致)，页面表述显示工厂持续运营，但未披露2023-2025年实际产量吨数。prod_2024_2025仍为缺口。",可能,,,,HPAL：钛合金卧式高压釜，单台规格长32.5m×高7m，重580吨；操作条件255℃/46巴。并联釜台数量/线数未见公司公开披露(典型HPAL回路多为多釜串联单线，但未确认)。,MHP(混合氢氧化镍钴中间品)：Ni 36-40%、Co 1.8-2.2%(干基)。,自有Gördes周边红土镍矿(富铁褐铁矿+部分蒙脱石粘土型矿)；入釜ROM矿石品位Ni 0.70%/Co 0.04%；选矿富集目标品位0.9-1.0% Ni；另在Eskişehir开发矿石项目、Uşak开展地质勘查。硫酸依赖Aurubis长期外购合同。,蒸汽锅炉：燃煤+燃油，60吨/小时、60巴；公司计划接入天然气以取消煤/燃油使用。,,710,2014Q4试产→2015正式商业化投产(土耳其首个工业化红土镍湿法冶炼项目)→持续开展钪/稀土副产品回收研发及矿石预处理(提升入釜品位)投资。,Zorlu Holding通过META Nikel Kobalt Madencilik 100%持有；与印尼MBMA(Merdeka Battery Materials)的股权/业务关联未获证实。,中,R1-区域普查,https://www.metanikel.com.tr/en/our-facilities/gordes-facility,"https://www.metanikel.com.tr/en/our-facilities/gordes-facility
https://www.mogas.com/CMSPages/GetFile.aspx?guid=0619792b-1515-4ead-820b-c5a046ba4b15
https://d3e2i5nuh73s15.cloudfront.net/wp-content/uploads/2023/05/ALTA-2023-NCC-3-Paper-Meta-Nikel.pdf
https://www.ecfmuhendislik.com.tr/en/projects/meta-nikel-kobalt-madencilik-11000-ton
https://metanikel.com.tr/public/index.php/uretiyoruz/tesisimiz"
NI-003,GL003,欧洲,土耳其,Turkey,马尼萨省(Manisa) Çaldağ，近İzmir/Turgutlu,恰尔达(Çaldağ)红土镍常压堆浸项目,Çaldağ Nickel Laterite Atmospheric Heap Leach Project,European Nickel plc(英国上市公司，ENK)；项目自2011年前后处于保养维护(C&M)状态，2020年代最新股权/运营状态未查实,"英国上市公司European Nickel plc(ENK)开发并持有该项目；原计划2007年投产，因融资及许可障碍多次延期；建设完成约80%、耗资约4.28亿美元后，因林业许可被土耳其宪法法院撤销而无法继续，遂将项目置于保养维护状态,ENK将其新型堆浸技术及相关人员转移至菲律宾Acoje项目；据任务清单线索另有Zorlu、VTG、阿联酋资本等曾传闻涉入该项目，但本次研究未能独立证实这些后续股权变动",堆浸/生物堆浸,红土矿(褐铁矿),计划产品为镍(液)/钴，项目从未进入商业化生产，仅完成示范级堆浸试验,20000,"此为项目规划/设计产能(含镍20,000吨/年，矿山寿命约14年)，并非实际达产产能——项目从未实现商业化生产。JORC证实+概略储量合计3,320万吨矿石，平均品位1.13%镍。示范堆浸试验(548天)镍浸出率约79.4%、钴浸出率约82.7%、铁浸出率约30.0%，证明技术可行但未能转入商业化。",,保养维护(C&M),2013,2013,露天矿开采需清除约10万棵松树，土耳其原已颁发的林业许可被宪法法院撤销；尽管2010年6月土耳其修订矿业法试图解决此类问题，但相关部门此后未再重新颁发许可，项目遂陷入停滞并被置于保养维护状态,,,,,,,,,项目自身即为矿山+堆浸厂一体化设计(Çaldağ红土镍矿，1.13%品位)，尚未有商业化开采/加工记录,"Çaldağ项目由英国上市公司European Nickel plc(ENK)开发，是较早尝试将'常压堆浸(Atmospheric Heap Leach, AHL)'技术工业化应用于红土镍矿的项目之一，旨在以比高压酸浸(HPAL)更低成本、更小环境足迹的方式处理西土耳其低品位红土镍矿(1.13%镍品位，JORC证实储量3,320万吨)。项目原计划2007年投产，但历经融资困难与许可障碍的持续拖延，截至工程完成约80%、已投入超4.28亿美元开发成本时，因清除10万棵松树所需的林业许可被土耳其宪法法院撤销而被迫中止。即便2010年6月土耳其为解决此类矿业许可争议修订了矿业法，相关部门此后仍未重新颁发许可，ENK遂将项目置于保养维护(C&M)状态，并将其自主研发的堆浸技术及技术团队转移至菲律宾Acoje镍钴项目继续应用。该项目的示范堆浸试验(运行548天)证明了对当地红土镍矿进行常压堆浸的技术可行性(镍浸出率约79.4%)，具有一定的技术史意义，但项目本身自2011年前后即陷入停滞，本次研究未能查实2013年之后(尤其是任务清单提及的Zorlu/VTG/阿联酋资本等传闻中的后续股权变动)是否有任何实质性复工进展，这是需要重点跟进核实的研究缺口。",No evidence of project revival found this round; status retained unchanged from the index (C&M since 2013). 【R4-未能核实】本轮未获得2013年之后任何复工/股权变动新证据，状态维持'保养维护(C&M)'(自2013年)不变。未再消耗额外检索资源于此条目(预算优先给其他缺口更明确的记录)。,未能核实,,,,无炉；设计为常压堆浸(AHL)矿堆+浸出场，项目从未建成投产。,计划产品为镍(浸出液)/钴，项目从未进入商业化生产，仅完成示范级堆浸试验。,"Çaldağ红土镍矿(西土耳其)，JORC证实品位1.13% Ni，储量3,320万吨；项目自身即矿山+堆浸厂一体化设计。",,,,原计划2007年投产；因融资困难与许可障碍持续拖延；工程完成约80%、已投入超4.28亿美元后，因清除10万棵松树所需林业许可被土耳其宪法法院撤销而中止；2010年6月土耳其修订矿业法后相关部门未见重新批准许可的后续公开报道；2020年代最新股权/运营状态未查实。,European Nickel plc(英国上市公司，ENK)开发；2011年前后起处于C&M状态；后续股权变动未查实。,低,R1-区域普查,https://www.e-mj.com/news/europe/european-nickel-halts-calda-project-over-permit-delays/,"https://www.e-mj.com/news/europe/european-nickel-halts-calda-project-over-permit-delays/
https://cordis.europa.eu/project/id/218062/reporting
https://www.academia.edu/1358055/%C3%87alda%C4%9F_Nickel_laterite_atmospheric_heap_leach_project
https://www.mdpi.com/2075-4701/12/5/807"
NI-004,GL004,欧洲,希腊,Greece,中希腊大区(Central Greece) 弗西奥蒂斯州(Phthiotis) Larymna,拉尔科(LARCO)拉里姆纳镍铁冶炼厂,LARCO (GMM S.A.) Larymna Ferronickel Smelter,希腊国家(通过特别管理/破产管理程序持有，2020年2月起处于特别管理状态；2022年7月工厂全面停产；私有化多次招标均未成功),1963年由Prodromos Bodosakis-Athanasiadis创立(总部雅典) → 1966年Larymna冶金厂建成投产 → 后历经国有化，长期作为国有企业'GMM S.A. LARCO'运营（希腊最大镍生产商） → 2020年2月因无力偿债进入特别管理(special administration/receivership)程序 → 2021年进行过6轮非约束性私有化投标 → 2022年7月25日工厂彻底停产('go defunct') → 2024年8月GEK Terna/AD Holdings财团因'全球能源与镍市场不利变化及法律障碍'退出收购协议，希腊政府宣布将重启招标程序，截至2025年仍处于国家所有、寻求出售/重组状态,RKEF镍铁,红土矿(褐铁矿),镍铁(含镍18-24wt%),19000,"学术资料(RWTH Aachen绿色冶金课题组综述,引自更早的工艺资料)显示：年处理矿石约250万吨，年产含镍金属约18,000-20,000吨(本记录取中值19,000)；产品镍铁含镍18-24wt%。2009年金融危机期间产量曾骤减55%。产能数字随年代、矿石品位波动较大，且工厂自2022年7月起已完全停产，此产能数字应理解为'历史峰值/设计产能'而非当前实际产能(现为0)。",1966,永久关闭,2022,2024,"长期亏损与债务危机（截至停产时总债务约4.7亿欧元，其中3.512亿欧元欠国家电力公司PPC）；多轮私有化/资产处置招标失败（2021年6轮非约束性投标未能达成交易；2024年8月GEK Terna/AD Holdings财团以'全球能源和镍产品市场不利变化'及法律纠纷为由退出）；2020年2月起进入特别管理程序，2022年7月25日工厂正式全面停产，1,061名员工遭解雇（约400人短期续聘、约100人退休），希腊国家为此支付遣散费约2,237.7万欧元",,,,,,,,,自有红土镍矿：Evia(尤比亚岛，露天，约150万吨矿石/年)、Agios Ioannis(地下矿，约70万吨/年)、Kastoria(露天，约30万吨/年),"LARCO是欧盟成员国境内曾经规模最大、历史最悠久的镍铁生产商，被称为'欧盟最后一座镍冶炼厂'。1963年由实业家Bodosakis创立,1966年Larymna冶金厂投产,1969年尤比亚矿区达到满负荷开采,1972年增建两座电炉,1977年建成当时欧洲最长(7.5公里)的长距离矿石输送带。工艺路线为回转窑焙烧还原+电炉熔炼+转炉精炼的典型RKEF镍铁流程。该公司历经私有化-国有化的复杂沿革，长期作为国有企业运营，2005年满足欧洲约6%的镍需求。2008-2009年全球金融危机使其产量骤减55%，此后财务状况持续恶化，2020年2月起进入特别管理(接近破产保护)程序。希腊政府多次尝试出售/私有化该公司资产（含矿山租赁权与冶炼厂租赁权），2021年获得6份非约束性投标但未能成交，工厂已于2022年7月25日正式全面停产，全体员工遣散。2024年8月一度接近达成协议的GEK Terna/AD Holdings财团最终退出，理由包括全球镍市场环境恶化及法律纠纷，希腊政府随即宣布拟重启新一轮竞标程序。截至本次研究(2025-2026)，LARCO仍为希腊国有资产,处于停产、待重组/出售状态，未查得复产迹象。",No 2025-2026 update found on a possible restart or successful sale/privatization despite search attempts (Greece's earlier privatization process was reported to have failed); status is retained as 永久关闭 (2024) pending further evidence on next steps.,未能核实,,,,,,,,,,,,,R1-区域普查,https://en.wikipedia.org/wiki/LARCO,"https://en.wikipedia.org/wiki/LARCO
https://www.thenationalherald.com/greece-calls-off-sale-of-empty-indebted-state-mining-firm-larco/
https://apps.eurofound.europa.eu/restructuring-events/detail/107235
https://www.aljazeera.com/economy/2020/2/25/eus-last-nickel-smelter-heads-for-the-gallows-or-an-afterlife
https://test.greenmetallurgy.rwth-aachen.de/wp-content/uploads/2025/08/dokument7_id_9417.pdf
https://www.miningweekly.com/article/greece-gets-six-non-binding-bids-for-nickel-smelting-plant-2021-02-02"
NI-005,GL005,欧洲,德国,Germany,萨克森州(Sachsen) Erzgebirgskreis县 Aue市,奥厄镍冶炼厂(Nickelhütte Aue),Nickelhütte Aue GmbH,私营有限公司Nickelhütte Aue GmbH（董事总经理Volker Carluss，自2008年8月）,1635年起源于Veit Hans Schnorr创立的'Niederpfannenstiel'蓝色颜料厂 → 20世纪初转型为镍冶炼厂('Nickelhütte') → 东德时期为国营企业(volkseigener Betrieb Nickelhütte Aue) → 两德统一后私有化，成立现有的Nickelhütte Aue GmbH,其它(说明:火法+湿法联合处理含镍/钴/钒二次原料如废催化剂、残渣、粉尘、污泥、蚀刻液、废电池及无PCB变压器，非原生矿石/精矿冶炼；按本普查收录规则应归类为'再生/二次'),混合,镍/铜/钴/钒/钼化学品；有色金属精矿；黄铜/青铜合金,,官方未披露具体吨位产能数字；企业自述'正努力提升处理能力'但无量化指标。,,在产,2025,2025,,,,,,,,,,不详（现无自有原生矿山；主要原料为化工/制药/石化行业废催化剂及含镍钒残渣等二次物料）,该厂前身可追溯至1635年的一家蓝色颜料(钴蓝)作坊，20世纪初转型冶炼镍，其后长期是德国（东德时期为国营企业）少数的镍钴冶炼基地之一。两德统一后私有化为现有GmbH。**特别提示**：根据本普查收录规则，'纯回收废料的再生厂'原则上不收录，除非同时处理一次原料；本厂当前(21世纪)明确以处理石化/制药行业废催化剂等二次含镍钴物料为主，尚未查实其历史上（尤其是20世纪初至东德时期）是否曾处理原生镍矿石或矿砂，故其是否严格符合'一次冶炼'收录标准存疑。鉴于研究任务清单明确要求核查德国历史镍冶炼产能，本记录予以保留并特别注明这一收录口径上的不确定性，供数据库整合者判断是否保留。 【R3补充】补充：该公司现官网(nha-aue.de)进一步确认其当前业务完全聚焦'金属二次原料'回收(催化剂、残渣、粉尘、污泥、蚀刻液、废电池、无PCB变压器)，产出浓缩物、金属、化学品、块状合金、贵金属及能源，未见任何原生矿石处理的当前或历史表述。该厂官网强调其拥有'近400年经验'，与1635年蓝颜料作坊起源的说法相符，但官网本身未提供具体历史时间线（1635年蓝颜料厂→20世纪初更名'Nickelhütte'→东德国营→两德统一后私有化的完整链条仍主要依赖英文维基百科单一来源）。综合本轮及第一轮证据，本厂是否满足本普查'一次冶炼与精炼设施'的收录标准仍存疑，倾向性证据(现业务纯二次回收)较第一轮更强，请报告撰写者审慎决定是否保留。,No 2024-2026 update found this round; status retained unchanged from the index. 【R4】通过公司英文与德文官网(nha-aue.de，2026年9月直接访问)逐条核实其当前原料构成：废催化剂、废电池、残渣、粉尘、蚀刻液、无PCB变压器、贵金属废料等，全部为二次/回收料，两个语言版本页面均未提及任何原生矿石或矿砂处理，也未提及1635年颜料厂/东德国营历史的具体年份链条(该部分仍仅见于英文维基百科单一来源)。本轮进一步坐实该厂'纯二次回收'定位，未发现与原生矿石冶炼相关的表述。产能数字两版官网均未披露，capacity_t_ni_pa维持null。鉴于收录标准明确排除'纯回收废料的再生厂'，建议报告撰写者审慎评估该记录是否应保留在正式普查库中。,确认,R3修正process_route(原:其它(说明:火法+湿法联合处理含镍/钴/钒二次原料，非原生矿石冶炼)…)；R4：中英文官网均证实原料100%为二次料(废催化剂/电池/残渣)，不处理原生矿，严格按口径应剔除；保留记录仅作参考。,,,,,,,,,,,,R1-区域普查,https://en.wikipedia.org/wiki/Nickelh%C3%BCtte_Aue,"https://en.wikipedia.org/wiki/Nickelh%C3%BCtte_Aue
https://energy-oil-gas.com/news/nickelhutte-aue-gmbh/
https://nha-aue.de/de
https://nha-aue.de/en"
NI-006,GL006,欧洲,挪威,Norway,挪威布斯克吕郡（Buskerud），灵厄里克Holleia地区,灵厄里克镍冶炼厂(Ringerike Nikkelverk),Ringerike Nikkelverk (Ringerike Nickel Works),历史运营企业：Ringerike Nikkelverk；现已关闭,Adolf Roscher、Thaulow和Tiedemann参与创办镍企业；1849年开始开采。1920年公司破产，现场活动于20世纪20年代初结束。,矿石焙烧—熔炼制冰镍—重复焙烧与熔炼—鼓风氧化除铁,Holleia地区含镍铜的磁黄铁矿矿石,富镍中间品／冰镍，送往国外精炼,,未查得任何产能数据,1849,永久关闭,1922,2026,经历镍价下降、多次停复产及1920年破产，1922年现场活动结束。,,,,,,,,,Ertelien及Holleia地区矿点,"当地1688年的采矿记录属于早期铜业。1837年发现矿石含镍后，新的开发方向才逐渐形成。Adolf Roscher、Thaulow和Tiedemann参与创办镍企业，1849年开始开采。原来把1688年列为镍厂投产，会把两个相隔一个半世纪的工业阶段混为一谈。

矿石经过手选、破碎和堆积焙烧后，进入Bredberg式熔炼炉，先产出含镍约5%—10%的冰镍。随后再焙烧，并在较小的竖炉中加入石英熔炼，使镍含量提高到约14%—30%。最后一道称为garing的工序通过鼓风氧化除铁，得到含镍约50%—70%的中间品。

这些百分比对应不同加工阶段。1897年的同期冶金报道也记载，当地约1.7%镍的矿石先制成8%—10%镍的冰镍。不同阶段的品位不能直接当作同一种最终商品的规格。

当地冶炼设施包括Væleren等地点，矿山与工厂之间后来建设了运输索道。富镍中间品经陆路、水路转运至Drammen，再海运到德国、英国精炼。由此形成了“挪威采矿和富集、国外进一步提纯”的分工。

1876年是企业的高峰。此后新的大型镍矿进入市场，镍价下跌，工厂经历停顿和复产。1889年重新运营后，又于1903年停止。1912—1913年前后再次开发，并建设Åsterudtjernet冶炼设施。

第一次世界大战曾带来新的需求，但企业没有长期维持下来。挪威大百科全书记载1920年破产；当地工业遗产资料则记载1921年逐步停工、1922年完全结束。公司破产与现场收尾是相邻而不必相同的时间节点。",补充各阶段炉子的数量、尺寸及改造年份；现有流程依据历史记载，不能把所有年代视为同一套设备。；德国、英国下游精炼企业的具体名称及合同仍需补充。,,,,,历史流程使用Bredberg式熔炼炉，后续采用较小竖炉及鼓风除铁炉床,,,,,,,富镍中间品经Drammen出口至德国、英国精炼。,,R2-历史补漏,https://www.heftet-ringerike.com/images/heftene/1994_heftet.pdf,"https://www.heftet-ringerike.com/images/heftene/1994_heftet.pdf
https://nikkelverket.com/index.php/historien
https://snl.no/Ringerikes_Nikkelverk
https://upload.wikimedia.org/wikipedia/commons/0/08/The_Engineering_and_Mining_Journal_1897-09-25-_Vol_64_Iss_13_%28IA_sim_engineering-and-mining-journal_1897-09-25_64_13%29.pdf"
NI-007,GL007,欧洲,挪威,Norway,阿格德尔郡(Agder，原奥斯特-阿格德尔Aust-Agder) 埃夫耶-伊夫兰县(Evje og Iveland/Evje og Hornnes),埃夫耶镍冶炼厂（弗洛特矿配套冶炼厂）,Evje Nikkelverk (Flåt Nickel Smelter),已永久关闭；具体运营公司名称本轮检索未能独立核实（存疑）,"弗洛特矿(Flåt gruve)1844年作为铜矿开采 → 1872年转向镍矿开采并配套建设埃夫耶冶炼厂,将矿石就地熔炼为镍锍(matte) → 1910年克里斯蒂安桑镍精炼厂(Kristiansand Nikkelraffineringsverk A/S,即今Glencore Nikkelverk前身)建成后,锍改运克里斯蒂安桑精炼 → 1946年矿山与冶炼厂同时关闭。冶炼厂具体运营公司/股权沿革本轮检索未查实。",硫化矿熔炼-反射炉/鼓风炉(历史),硫化矿精矿,镍锍(matte，含镍铜，后运克里斯蒂安桑精炼为电解镍),,"未查得年化产能数据。1872-1946年整个运营期内,弗洛特矿累计开采逾300万吨矿石,合计产出约2万吨镍、1.45万吨铜(en.wikipedia『Evje og Hornnes』条目)。按74年运营期粗略折算年均镍产量约270吨,但原始资料未按年度列示,不作为产能字段填入。",1872,永久关闭,1946,1946,"弗洛特矿藏枯竭(矿井最终深度422米,已低于海平面),矿山与配套冶炼厂同步关闭;二战结束后未复产",,,,,,,,,"弗洛特矿(Flåt gruve),埃夫耶-霍恩内斯(现埃夫耶-伊夫兰),阿格德尔郡——19世纪末一度是欧洲最大的镍矿","埃夫耶镍冶炼厂是挪威19世纪镍工业的核心设施之一,处理本地弗洛特矿开采的镍黄铁矿(与加拿大萨德伯里矿类似的岩浆硫化矿),1872-1946年连续运营74年。本轮研究确认(en.wikipedia『Nickel』条目)挪威于1848年即开始世界最早的大规模镍冶炼,埃夫耶-弗洛特体系是这一早期挪威镍工业传统的延续和代表。1910年克里斯蒂安桑镍精炼厂建成后(由Jacob Børresen、Sam Eyde等人创立,即今Glencore Nikkelverk前身『Kristiansand Nikkelraffineringsverk A/S』,已收录于本普查『europe.json』现行记录),埃夫耶冶炼厂产出的镍锍改为运往克里斯蒂安桑作最终电解精炼,形成'埃夫耶粗炼、克里斯蒂安桑精炼'两段式产业链,直至1946年弗洛特矿枯竭、埃夫耶冶炼厂随之关闭。1929年克里斯蒂安桑精炼厂被加拿大Falconbridge收购后,原料逐步转向加拿大萨德伯里矿区高冰镍,埃夫耶-弗洛特原料链条的历史作用宣告结束。请注意本记录与现有『Glencore Nikkelverk (Kristiansand Nickel Refinery)』记录为配套关系而非重复:后者是仍在产的精炼环节,本记录专指1872-1946年已彻底关闭的埃夫耶熔炼环节。",,,,,,,,,,,,,,,R2-历史补漏,https://en.wikipedia.org/wiki/Evje_og_Hornnes,"https://en.wikipedia.org/wiki/Evje_og_Hornnes
https://en.wikipedia.org/wiki/Nickel
https://en.wikipedia.org/wiki/Falconbridge_Nickel_Mines"
NI-008,GL008,欧洲,挪威,Norway,特罗姆斯郡(Troms) 塞尼亚岛(Senja),塞尼亚(Senjen)镍矿冶炼厂,Senjen Nickel Works (Senjens Nikkelverk),已永久关闭;末代业主H.H. Vivian & Co. Ltd.(英国斯旺西公司),"H.H. Vivian(斯旺西Hafod铜业世家)早年个人涉足镍钴业务 → 1883年正式成立H.H. Vivian & Co. Ltd.,在挪威塞尼亚(Senjen)开展镍矿开采与冶炼 → 1889年该公司转而收购经营加拿大萨德伯里Murray矿(见本报告加拿大部分记录),挪威塞尼亚矿冶业务的具体关闭时点及后续处置本轮检索未查实",硫化矿熔炼-反射炉/鼓风炉(历史),硫化矿精矿,"粗镍/镍锍,运往英国斯旺西Hafod Isha镍钴厂精炼",,未查得产能数据,1883,永久关闭,1894,1894,"存疑;具体关闭年份未直接查实,1894年为推断值——据H.H. Vivian & Co.同期(1889-1894年)转向经营加拿大萨德伯里Murray矿并以其矿石替代挪威矿源的时间点反推,请谨慎使用",,,,,,,,,"塞尼亚(Senjen/Senja)镍矿,特罗姆斯郡","本记录填补了研究清单中'19世纪挪威其它镍矿(如Senjens Nikkelverk、Hosanger、Ertelien)'的部分空白。据英文维基百科『Vivian & Sons』条目记载:'H.H. Vivian个人拥有Hafod Isha镍钴厂(Hafod Isha Nickel and Cobalt Works);1883年成立H.H. Vivian & Co. Ltd.,该公司在挪威塞尼亚(Senjen)从事镍矿开采与冶炼;1889至1894年间,该公司又拥有并经营加拿大萨德伯里附近的Murray矿,此时正值加拿大取代挪威成为世界主要镍矿来源地。'这条史料首次将挪威塞尼亚镍矿、英国斯旺西Hafod Isha镍钴厂、加拿大萨德伯里Murray矿三处设施通过H.H. Vivian & Co.这一单一企业主体串联起来,具有重要的普查价值。本轮检索未能进一步找到塞尼亚现场是否建有独立冶炼炉(即'冶炼厂'与'矿山'是否为同一场所),故本记录暂按题述'Senjens Nikkelverk'处理,工艺环节标注存疑。至于研究清单同时提及的Hosanger、Ertelien两处线索,本轮检索(挪威语/英语维基百科)均未能找到任何相关词条或旁证,应视为尚未证实的研究缺口,而非确认不存在。",,,,,,,,,,,,,,,R2-历史补漏,https://en.wikipedia.org/wiki/Vivian_%26_Sons,https://en.wikipedia.org/wiki/Vivian_%26_Sons
NI-009,GL009,欧洲,挪威,Norway,Agder郡 Kristiansand市,嘉能可克里斯蒂安桑镍精炼厂(Nikkelverk),Glencore Nikkelverk (Kristiansand Nickel Refinery),Glencore plc 100%，运营主体Glencore Nikkelverk AS,1910年由Jacob Børresen、Sam Eyde、Anton Grønningsæter与Viktor Hybinette创立，名为'Kristiansand Nikkelraffineringsverk AS'，采用Hybinette法处理本地Flåt矿（1872-1946年开采）原料 → 因经营困难，1929年Falconbridge Nickel Mines Ltd.收购，更名'Falconbridge Nikkelverk A/S'，转而依托加拿大Sudbury锍原料 → 1952年增设钴回收产线 → 2006年Xstrata收购Falconbridge → 2013年Xstrata与Glencore合并，现为'Glencore Nikkelverk AS',电解精炼(硫化镍阳极),高冰镍,电解镍/镍粉/钴产品/铜/贵金属(PGM)回收,95000,"口径提示：产量列为嘉能可INO口径(Sudbury+Raglan自有原料→Nikkelverk精炼)，Nikkelverk实际精炼总量(含第三方原料，约8-9万吨)高于此数。| 公司官网(2025年访问)披露当前镍年产能约95,000吨；未区分设计产能与近年实际产量，历史上不同年份/来源引用过略低的产能数字（如约9万吨级），未逐一核实差异原因。",1910,在产,2025,2025,,39800,2025,46200,39100,42900,39800,19700,"INO口径(Sudbury+Raglan→Nikkelverk)：嘉能可官方《生产报告》“Production from own sources – Nickel assets”表中Integrated Nickel Operations (INO)(Sudbury, Raglan, Nikkelverk) Nickel metal自有原料产量(kt)，Nikkelverk单厂产量未单独披露。注意：本记录此前基线值(2024=82,300t / 2025=71,900t)实为嘉能可“Total Nickel department”(INO+Murrin Murrin+Koniambo)集团口径，而非INO口径，本轮已更正为INO专属数字(2024=42,900t / 2025=39,800t)。","早期依托挪威本地Flåt镍矿(Evje-Iveland地区,1872-1946年开采，现已枯竭关闭)；1929年后转为主要依托加拿大Sudbury及Glencore全球其他自有矿山产出的镍锍(高冰镍)为原料，属于'冶炼在海外、精炼在挪威'的跨国一体化模式",该厂始建于1910年，创立时挪威因本地Flåt等矿藏一度占全球镍产量约75%（19世纪末数据）。因原料枯竭和经营困难，1929年被加拿大Falconbridge Nickel Mines收购，获得Hybinette精炼工艺并转向依赖加拿大Sudbury矿区的稳定原料供应，形成延续至今的'海外采选熔炼、克里斯蒂安桑精炼'格局。第二次世界大战期间德国占领挪威后曾评估利用挪威镍工业但未能充分开发（学界对此有专门研究）。1952年增设钴回收工艺。经历Falconbridge→Noranda→Xstrata(2006)→Glencore(2013年与Xstrata合并)几轮企业并购，物理工厂始终连续运营，是欧洲历史最悠久、仍在产的镍精炼厂之一（1902年英国Clydach略早于此）。,"Confirmed operating as of Nov 2025 — Nikkelverk (which also refines cobalt) was listed as a potential supplier in a US Department of Defense cobalt tender. Glencore's Q4 2025 group nickel production (for which Nikkelverk refines feed) was 33,900t (26,300t cathode + 7,600t briquette, including third-party feed); full-year own-feed nickel was 71,900t (-5,400t YoY). No Nikkelverk-specific standalone tonnage was found. 【R4-未能核实】未找到Glencore将Nikkelverk从'Integrated Nickel Operations(INO=Sudbury+Raglan+Nikkelverk)'口径中进一步拆分出单厂精炼产量的新披露；公司历年《生产报告》体例不变，仍只公布INO合计数(即master记录中2022-2026H1数列)。plant_level_split缺口维持未解决。",确认,,Glencore-Nikkelverk-Feed,精炼,Hybinette电解精炼工艺；本厂不设冶炼炉，仅精炼进口镍锍。电解槽具体数量未查到公开披露。,电解镍阴极/镍粒、镍粉、钴产品、铜、贵金属(PGM)回收；公司称出口约50种产品规格。,历史上依托本地Flåt镍矿(1872-1946，已枯竭)；现代原料为Glencore加拿大Sudbury及Raglan(魁北克)矿区镍锍+第三方外购镍锍。Glencore FY2024产量报告将其与Sudbury、Raglan合并计入'INO'(Integrated Nickel Operations)，2024年INO镍金属合计产量42.9千吨，未单列本厂数字。,挪威水电(历史上正是廉价水电促成克里斯蒂安桑建厂选址)；具体装机/电价未查到。,Glencore FY2024产量报告'Estimated unit costs'表仅覆盖铜/锌/炼焦煤/动力煤，不含镍板块；Nikkelverk/INO未单独披露单位现金成本(公司确认不拆分口径，非未披露口径缺失)。,,1910年建厂→1929年被加拿大Falconbridge Nickel Mines收购并引入Hybinette工艺(原料转向Sudbury)→1952年增设钴回收→企业并购链Falconbridge→Noranda→Xstrata(2006)→Glencore(2013年与Xstrata合并)，工厂物理运营连续未中断。,Glencore plc 100%，运营主体Glencore Nikkelverk AS；原料由集团内Sudbury/Raglan矿供应+第三方外购。,中,R1-区域普查,https://www.nikkelverk.no/en/who-we-are/our-history,"https://www.nikkelverk.no/en/who-we-are/our-history
https://laurentian.scholaris.ca/bitstreams/39f8f727-a2e7-49c0-87cd-5b88058454e8/download
https://republicofmining.com/2011/06/17/falconbridge-limited-1928-2000-by-international-directory-of-company-histories/
https://en.wikipedia.org/wiki/Falconbridge_Nickel_Mines
https://news.smm.cn/live/detail/103636941
https://news.smm.cn/live/detail/103760192
https://www.nikkelverk.no/en/who-we-are/at-a-glance
https://www.glencore.com/.rest/api/v1/documents/static/437c6cdb-dbfb-4e61-a769-18655951cee2/Glencore+production+report_FY2024.pdf
https://news.smm.cn/news/103746289
https://www.glencore.com/.rest/api/v1/documents/339ef1dcf7760cd324177d077d342bb6/GLEN_2022-FY_ProductionReport.pdf
https://www.glencore.com/.rest/api/v1/documents/static/f2f3f568-9437-4c55-bcb6-49d2fc96d305/GLEN_2023-FY_ProductionReport.pdf
https://www.glencore.com/.rest/api/v1/documents/static/a8114247-02e8-4bd8-bc04-81f411ba631c/GLEN_2025-FY-Production-Report.pdf
https://www.glencore.com/.rest/api/v1/documents/static/e44bf57f-8768-4b27-8a33-39087d02d00a/GLEN_2026-H1ProductionReport.pdf"
NI-010,GL010,欧洲,斯洛伐克,Slovakia,特尔纳瓦州(Trnava) Sereď市,谢雷季(Sereď)镍钴电解厂,Niklová huta Sereď (Sereď Nickel-Cobalt Electrolytic Plant),已永久关闭；末代运营方为捷克斯洛伐克国营有色金属企业体系内单位（具体法人名称未查实）,1959年11月7日宣布建厂('Niklovú hutu v Seredi') → 捷克斯洛伐克社会主义共和国国营企业运营 → 1992年因经济原因停产关闭,电解精炼(硫化镍阳极),红土矿(褐铁矿),电解镍/电解钴,2450,"该数字为1991年(停产前一年)实际产量示例：电解镍2,450吨、电解钴60吨，来自捷克斯洛伐克有色金属工业技术史料。未查得独立的'设计产能/铭牌产能'数字，此处以最后一年实际产量作为capacity_t_ni_pa的替代填列，请注意与latest_production字段数值重复。",1959,永久关闭,1992,1992,'主要出于经济原因'(pôvodne z ekonomických dôvodov)，冷战结束、经济体制转轨后原料供应(阿尔巴尼亚矿)与经济性均难以为继；厂址后遗留大量含镍工业废渣堆场，成为斯洛伐克境内重要的历史污染场地，近年有多篇环境地质学论文研究该堆场对多瑙河低地环境的影响,2450,1991,,,,,,,原料并非本国矿山，而是从阿尔巴尼亚进口的低品位红土镍矿(含镍约1%)——冷战时期'社会主义阵营内部'原料贸易的产物；冶金流程的火法预处理研究在布拉格完成，电解精炼环节设在Sereď，中试电解镍最早于1959年5月11日在班斯卡-比斯特里察(Banská Bystrica)试产,"Sereď镍钴电解厂是中欧地区一座颇具冷战地缘经济色彩的历史镍冶炼设施：1959年捷克斯洛伐克宣布建厂,因国内及'东方阵营'内缺乏优质镍资源，选择进口地理位置相对'可接受'的阿尔巴尼亚贫镍红土矿(约含镍1%)作为原料,这也解释了为何阿尔巴尼亚本土始终未建立自己的镍铁/镍冶炼产业——其镍矿资源在冷战时期主要以原矿形式出口至捷克斯洛伐克等社会主义盟国加工。工艺上采取'布拉格火法预处理研究+Sereď电解精炼'的分工模式，1959年5月11日在班斯卡-比斯特里察完成中试电解镍生产，随后转入Sereď工业化生产。该厂持续运营约30余年，1991年(停产前一年)年产电解镍2,450吨、电解钴60吨，1992年因经济原因停产关闭。厂址遗留的含镍工业废渣堆场至今仍是斯洛伐克境内被环境地质学界持续研究的历史污染遗留场地(多瑙河低地地区)。该厂是本次研究确认的、中东欧地区最重要的冷战时期镍冶炼历史案例之一。",,,,,,,,,,,,,,,R1-区域普查,http://starhuttech.blogspot.com/2010/11/elektrolyticka-metoda-dominantna.html,"http://starhuttech.blogspot.com/2010/11/elektrolyticka-metoda-dominantna.html
https://www.researchgate.net/publication/333578074_Landfill_Waste_from_the_Production_of_Nickel_and_Cobalt_in_the_Slovak_Republic
https://ui.adsabs.harvard.edu/abs/2021GScap..15..173B/abstract"
NI-011,GL011,欧洲,比利时,Belgium,佛兰德大区(Vlaanderen) 安特卫普省 Olen镇,优美科(Umicore)奥伦(Olen)基地（钴与特种材料，含镍盐产线）,"Umicore Olen Site (Cobalt & Specialty Materials, incl. nickel sulphate line)",Umicore NV/SA 100%,源自比属刚果矿业巨头Union Minière du Haut Katanga(UMHK)在比利时本土的有色金属精炼基地 → 1989年UMHK等企业整合为Union Minière → 2001年更名为Umicore并聚焦材料科技/清洁技术 → Olen厂区现为Umicore钴与特种材料(Cobalt & Specialty Materials)及电池材料事业部核心基地之一,硫酸镍精炼(中间品/高冰镍)+其它(说明:同址还有钴/锗/贵金属精炼产线，镍并非该基地主打产品),不详,钴化学品为主；据第三方(Wood Mackenzie)将其列为'镍硫酸盐精炼厂'，另有锗、贵金属等特种材料产品,,"本条目置信度较低：Umicore官网页面仅笼统介绍Olen基地为'钴与特种材料/电极光学材料/电池正极材料/企业研发'综合基地(员工超1,000人)，未明确披露镍相关产线的具体产能、原料及历史沿革；仅第三方数据商Wood Mackenzie的报告标题('Olen, Umicore - Nickel sulphate refinery')显示该基地被行业归类为拥有镍硫酸盐精炼产能。因未能访问付费的Wood Mackenzie报告正文核实细节，本记录的工艺路线、原料、产能等字段均为存疑推断，需要专门核实，列为重点研究缺口。",,在产,2025,2025,,,,,,,,,,不详（Umicore全球钴/镍原料网络，含刚果(金)钴矿及电池回收料等，具体镍原料来源未查实）,Olen基地的历史根基是比利时殖民时期矿业公司Union Minière du Haut Katanga在本土设立的有色金属（钴、铜、锗、镉、贵金属等）精炼中心，二战后长期是欧洲最重要的钴精炼基地之一。1989年整合、2001年更名为Umicore后，该基地逐步转向电池材料与'清洁技术'定位。第三方机构Wood Mackenzie将其列为具备镍硫酸盐精炼能力的设施，但本次研究未能从Umicore官方渠道独立核实其镍产线的具体规模、原料结构与投产时间，需读者谨慎对待并作进一步核实。,"Multiple sources describing Umicore's relocation of cobalt refining from Olen to Kokkola were determined to be historical (~2019-2021, tied to Umicore's acquisition of the Kokkola cobalt refinery from Freeport-McMoRan) and NOT 2024-2026 developments; they are excluded from this update. No current 2025-2026 status/production update specific to the Olen nickel sulphate line was found. 【R3-未能核实】补充历史脉络（供参考，非2025-26新证据）：Umicore已于2020年9月30日公告将Olen厂区的钴精炼及部分钴转化业务迁往芬兰Kokkola精炼厂(原计划2023年年中完成，涉及165个岗位通过自然减员方式缩减)，理由是Kokkola具规模与竞争力优势；该公告未提及硫酸镍产线是否随迁或保留。R2轮已将该迁移事件排除在'2024-2026年新变化'之外(判定为2019-2021年历史事件)，本轮进一步确认该migration公告原文日期为2020年9月，与2019年迁移说法略有出入，但同属历史事件而非本轮新证据。Olen镍硫酸盐产线2025-2026年现状仍未能独立核实。 【R4-未能核实】未能从Umicore官方渠道独立核实Olen镍硫酸盐产线现状(多个猜测性官网URL均404)。旁证：2026年一份覆盖欧洲钴/镍精炼资产全景的行业分析(miningsee.eu)详细介绍了Kokkola、Sandouville、Terrafame、Harjavalta等资产，但通篇未提及Olen或其镍产线，仅Wood Mackenzie付费报告标题('Olen, Umicore - Nickel sulphate refinery')仍是唯一线索。这是较弱的旁证，提示Olen镍线可能规模很小或已不再是重点资产，但不能据此下结论其已关闭。capacity/production仍为null，状态维持'在产'不变（因缺乏关闭证据）。",未能核实,,,,,,,,,,,,,R1-区域普查,https://www.woodmac.com/reports/metals-olen-umicore-nickel-sulphate-refinery-150006498/,"https://www.woodmac.com/reports/metals-olen-umicore-nickel-sulphate-refinery-150006498/
https://www.umicore.be/en/our-sites/olen/
https://csm.umicore.com/en/about-us/
https://en.wikipedia.org/wiki/Union_Mini%C3%A8re
https://www.umicore.com/en/media/newsroom/umicore-streamlines-its-cobalt-specialty-materials-activities/
https://www.miningsee.eu/europes-cobalt-and-nickel-power-map-how-refining-finance-and-regulation-shape-a-strategic-metals-ecosystem/"
NI-012,GL012,欧洲,法国,France,普罗旺斯-阿尔卑斯-蓝色海岸大区 罗讷河口省(Bouches-du-Rhône) 塞普泰姆莱瓦隆镇(Septèmes-les-Vallons，近马赛),塞普泰姆莱瓦隆镍冶炼厂(马尔博与加尼耶创办),Septèmes-les-Vallons Nickel Foundry (Marbeau & Garnier),历史精炼业务由Jules Garnier参与经营，使用租赁厂房,19世纪70年代末与Higginson的新喀里多尼亚前端熔炼相衔接；精炼未能稳定获得合格商品镍，后来归还租赁工厂。,来自Pointe Chaleix镍铁的后续精炼,新喀里多尼亚Pointe Chaleix冶炼的镍铁,以可售镍为目标的早期精炼业务,,,,永久关闭,,2026,精炼阶段未能稳定生产合适质量的商品镍，随后产业链转向其他技术与厂址。,,,,,,,,,原料经新喀里多尼亚Pointe Chaleix冶炼厂加工后运入,"1877年，Higginson按Garnier的方案在Nouméa的Pointe Chaleix建设初次熔炼设施。矿石先转成镍铁，再运往马赛地区，可以把镍集中到较少的货物重量中。Garnier负责在Septèmes租用的工厂进一步精炼。

前端制成镍铁的环节能够运行，但Garnier未能稳定得到质量合适的可售镍。Higginson随后寻求新的技术和加工伙伴，业务联系延伸至英国及德国Iserlohn的Fleitmann工厂。塞普泰姆的经历反映了当时从矿石冶炼走向商品镍提纯的困难。

此后采用的另一条路线是在前端引入硫、制成冰镍，再继续精炼。塞普泰姆租用工厂归还业主，1888年Le Nickel又购入Le Havre的工厂处理冰镍。前后流程和设施发生了变化，不能将后来冰镍体系的炉型直接套回塞普泰姆。",继续查找塞普泰姆厂房租约、具体精炼设备和关闭日期；撤回原表无充分支持的1875年精确投产、1900年精确关闭。,,,,,,,,,,,,,,R2-历史补漏,https://journals.openedition.org/ephaistos/pdf/11874,"https://journals.openedition.org/ephaistos/pdf/11874
https://shs.cairn.info/revue-journal-de-la-societe-des-oceanistes-2014-1-page-137?lang=fr"
NI-013,GL013,欧洲,法国,France,诺曼底大区(Normandie) 塞纳滨海省(Seine-Maritime) Sandouville，近Le Havre,桑杜维尔(Sandouville)镍精炼厂（勒阿弗尔附近）,Sandouville Nickel Refinery (Le Havre),Sibanye-Stillwater 100%（2022年2月自Eramet收购）,20世纪70年代由法国Eramet集团旗下Société Le Nickel(SLN)在诺曼底建厂，处理新喀里多尼亚Doniambo冶炼厂产出的镍锍 → 长期由Eramet运营 → 2022年2月Eramet将该厂出售予南非Sibanye-Stillwater,氯化浸出-电积,高冰镍,历史上：电解镍/镍盐；2022年后：拟转型生产电池用硫酸镍及正极前驱体材料(pCAM，'GalliCam'项目),,本次研究未能查得官方产能吨位数字（Eramet/Sibanye官网页面访问失败，多次报错），行业界historically常引用约1.5-1.7万吨镍/年级别的产能，但未在本次可核实来源中得到确认，暂填null，列为研究缺口，需要进一步核实的重点条目。 | R4：Sibanye-Stillwater官网(business/europe/sandouville/，2026年访问)及Eramet 2022年出售新闻稿均未披露具体铭牌产能吨位数字；行业沿用的1.5-1.7万吨/年区间(任务清单提示12-16kt)本轮未能从公司一手来源独立核实，capacity_t_ni_pa维持null。,,保养维护(C&M),2025,2025,"持续亏损；Sibanye收购后原计划生产电池级硫酸镍，但因终止一项主要原料供应合同(耗资约3,700万美元)及市场环境，2024-2025年处于'消化库存、边际运营'状态，同时启动向正极前驱体材料(pCAM)转型的可行性研究(GalliCam项目)，尚未确定最终投资决定",7700,2024,,7125,7700,,,"厂级：Sibanye-Stillwater官方生产更新/贸易声明披露2023年镍产量7,125吨(镍金属5,714t+镍盐1,411t，在7.0-7.5kt指引区间内)。2024年数(约7,700t)为二手行业媒体(Yieh Corp)转引数字，非直接核实的公司原始数据。2022年为Eramet(至2月)/Sibanye(3-12月)交接年度，未找到可引用的年度合计数。2025年计划逐步停产，未获年度数字。",历史上依托Eramet集团新喀里多尼亚(New Caledonia)Doniambo冶炼厂产出的镍锍；2022年后曾探索多元化原料（含镍板溶解等二次来源）,"该厂由法国镍业巨头Eramet(Société Le Nickel/SLN)于20世纪建立，是欧洲少数处理新喀里多尼亚镍锍的湿法冶炼(氯化浸出-电积)精炼厂之一,历史上长期为欧洲不锈钢/合金行业供应电解镍及镍盐产品。2022年2月Eramet将该厂出售给南非平台Sibanye-Stillwater（后者意图借此切入欧洲电池级硫酸镍供应链，服务欧洲电动车电池产业）。但收购后原料保障与市场环境不及预期：2024年Sibanye终止一项代价约3,700万美元的主要原料供应合同，并称将'库存精炼与销售持续至2025年初'。公司随后将重心转向借该厂现有湿法冶炼基础设施开发正极前驱体材料(pCAM)的'GalliCam'项目，2024年完成实验室级pCAM试产并就一种新型氯化物工艺申请专利，可行性研究结果将影响该厂2025-2026年的走向，是欧洲镍产业链中最具不确定性、最值得持续跟踪的资产之一。","Sandouville is listed as an active borrower/guarantor entity in Sibanye-Stillwater's revolving credit facility refinancing (upsized from $600M to $1bn, led by a Citigroup/RBC syndicate of 10 banks), indicating the entity remains part of Sibanye's active operating/financing structure (exact article date could not be confirmed — NSTL secondary source). No independent 2025-2026 production tonnage, closure/sale decision, or GalliCam pCAM project update was found. 【R4】重大状态更新：Sibanye-Stillwater官网确认桑杜维尔镍阴极生产已经停止——最后一批镍锍原料于2025年1月初到货，剩余库存已于2025年一季度加工完毕，厂区自2025年6月30日起转入保养维护(C&M)状态。同期GalliCam正极前驱体材料(pCAM)转型项目取得进展：2025年2月26日签署欧盟创新基金(EU Innovation Fund)拨款协议；2025年3月获欧盟《关键原材料法案》(CRMA)'战略项目'地位认定；与法国员工代表的磋商仍在进行。状态由'减产或部分停产'更新为'保养维护(C&M)'，since 2025年6月30日。",确认,R4核实：状态由「减产或部分停产」更新为「保养维护(C&M)」；,Doniambo-Sandouville-historic,精炼,氯化浸出-电积湿法工艺；具体设备台数未查到公开细节。2025年6月30日起转入保养维护(C&M)状态。,"历史产品：电解镍/镍盐。2023年Q3产量：镍当量2,352吨(镍金属1,925吨+镍盐427吨)，镍回收率提升至98.8%(同比+4个百分点)。2022年后拟转型生产电池用硫酸镍及正极前驱体材料(pCAM，'GalliCam'项目)。",历史上依托Eramet集团新喀里多尼亚(Doniambo冶炼厂)产出的镍锍；2025年1月接收最后一批镍锍；GalliCam项目探索含电池黑量回收料在内的多元化原料。,,,,"Eramet(Société Le Nickel/SLN)建厂并长期运营→2022年2月出售给Sibanye-Stillwater→2024年Sibanye终止约3,700万美元原料供应合同→2025年1月最后一批镍锍到货，Q1消化库存→2025年6月30日转入C&M→GalliCam(氯化法pCAM正极前驱体)项目获欧盟'战略项目'地位，2025年2月26日签署欧盟创新基金拨款协议。",Sibanye-Stillwater 100%(2022年2月自Eramet收购)。,中,R1-区域普查,https://www.mining.com/sibanye-terminates-supply-contract-for-french-nickel-refinery-as-it-looks-to-repurpose-plant/,"https://www.mining.com/sibanye-terminates-supply-contract-for-french-nickel-refinery-as-it-looks-to-repurpose-plant/
https://www.eramet.com/en/news/eramet-closing-of-the-sale-of-the-sandouville-hydrometallurgical-plant-to-sibanye-stillwater-2/
https://www.sibanyestillwater.com/business/green-metals/sandouville-france/
https://www.mining.com/sibanye-stillwater-to-acquire-eramets-nickel-processing-facilities-in-france/
http://www.nstl.gov.cn/paper_detail.html?id=7a8c6504d0e56e26dc99f243565ecc17
https://www.sibanyestillwater.com/business/europe/sandouville/
https://min-met.com/blog/sibanye-stillwater-sandouville-refinery-nickel-recovery-improved-to-98-8/
https://www.resource-capital.ch/en/news/view/sibanye-stillwater-production-update-and-trading-statement-for-the-year-ended-31-december-2023/
https://yieh.com/en/News/sibanye-stillwater-reports-improved-sandouville-nickel-refinery-performance-in-2024//153882"
NI-014,GL014,欧洲,波兰,"Poland (historically Germany, Lower Silesia)",下西里西亚省(Dolnośląskie) 松布科维采-希隆斯克县(Ząbkowice Śląskie，德语Frankenstein) 什克拉雷村(Szklary),"什克拉雷(Szklary)镍矿与冶炼厂【德国时期称""法兰肯施泰因镍厂""，波兰时期称什克拉雷矿冶联合企业】","Szklary Nickel Mine & Smelter (German era: ""Nickelwerke Frankenstein""; Polish era: Zakłady Górniczo-Hutnicze Szklary)",历史运营方：Zakłady Górniczo-Hutnicze Szklary；德国时期曾由Krupp控制,1894年Schlesische Nickelwerke设立小厂；1897年比利时资本参与；1901年新厂运行；1915年Krupp成为主要业主；战后由波兰矿冶企业恢复生产。,历史火法镍铁工艺；回转窑处理、粒化与分离,蛇纹岩风化型镍矿；历史上亦掺入新喀里多尼亚富矿,镍铁,,,1901,永久关闭,1982,2026,富矿不足、处理成本和工作环境问题；1982年冶炼停止，矿业终止另有1983年记载。,,,,,,,,,"什克拉雷镍矿(自有矿,下西里西亚地区著名镍红土矿床，现为矿物学与地质考察知名地点)","1894年成立的Schlesische Nickelwerke建设了小型冶炼设施。随后比利时资本参与，扩大建设的新厂于1901年处理矿石。当地富矿减少后，企业自1905年起掺入新喀里多尼亚进口富矿。1915年，Krupp收购比利时股东的股份，成为主要业主。

1934年Krupp建设配备两台回转窑的新厂，并采用粒化与分离工序，使低于1%镍的矿石也能进入生产。战后1950年恢复矿冶经营，至1953年共启用三台回转窑。设备和处理方法的调整，是工厂继续利用低品位资源的重要条件。

历史研究记载冶炼厂于1982年停产，原因包括经营亏损和较差的工作条件。2021年的研究把矿业结束记在1983年，并指出富矿不足、处理成本高，以及粉尘中的石棉问题。之后厂区一度改产肥料，这不能算作镍业务复产。

后续研究探索用酸浸处理剩余矿石及历史炉渣，包括堆浸和其他溶液处理步骤。这些研究针对重新利用资源的可能性；历史运营工厂采用的仍是火法路线。矿床存在、研究可行性和工厂已经投产，需要分别记录。",补充各年代产品牌号及回转窑后续分离设备的原始技术图纸。；冶炼停产采用1982年记载；1983年为另一研究所列矿业终止年份，保留环节区分。,,,,,1934年新厂2台回转窑；1950—1953年共启用3台回转窑,,,,,,,,,R2-历史补漏,https://geopark.org.pl/Badania/Historia/Furmankiewicz_Podziemne.pdf,"https://geopark.org.pl/Badania/Historia/Furmankiewicz_Podziemne.pdf
https://link.springer.com/article/10.1007/s13563-021-00269-0"
NI-015,GL015,欧洲,科索沃,Kosovo,普里什蒂纳区 Drenas/Glogovac (德雷纳斯/格洛戈瓦茨),纽科费罗尼克利(NewCo Ferronikeli)镍铁联合企业,NewCo Ferronikeli Complex,土耳其Yıldırım Group（2022年9月收购，工厂当时处于停产状态）,1958年发现当地红土镍矿 → 1984年建成投产(西方设计电炉+回转窑) → 1999年科索沃战争期间遭北约空袭严重损毁，此后长期停产 → 2011-2012年前后经科索沃私有化局(PAK)私有化，由Cunico Resources NV等接手 → 2018年7月23日Balfin Group通过英国注册公司NKL Limited收购(此前工厂因镍价低迷已停产约4个月，18个月内未满负荷运转) → 2021年10月因欧洲能源价格飙升再度停产 → 2022年9月Yıldırım Group在工厂停产状态下收购 → 2023年6月21日复产,RKEF镍铁,红土矿(褐铁矿),镍铁颗粒,7000,"R3修正：公司/Yıldırım口径当前镍铁含镍产能约7,000吨/年(原记录10,000吨为历史铭牌)。| 原备注：历史沿革中出现多个产能数字：设计产能6,800吨/年(较早期文献)；2018年Balfin收购时称当时实际产能约7,200吨/年，计划提升至10,000吨以上；另有学术资料(RWTH Aachen综述)称当前(重启后)产能约10,000-12,000吨/年。本记录取10,000吨/年作为近年目标/代表性产能，实际数字随年份波动，请以capacity_note中列出的区间为准。",1984,在产,2023,2023,,,,0,,,,,"Contained Ni in ferronickel, calendar year. prod_2022=0 is a strong inference (not a directly-stated figure): the plant halted production 11 October 2021 (due to European electricity prices) and did not resume until 21 June 2023, meaning it was fully idle for all of calendar 2022 and roughly the first half of 2023. No tonnage figures found for the partial-restart period (H2 2023) or for 2024-2025. CAPACITY CONFLICT: a contemporaneous news report states nameplate capacity of 7,000 t/yr, versus the baseline's stated 10,000 t/yr -- unresolved.",自有矿山：Cikatovo(Çikatova)及Gllavica镍矿；另从阿尔巴尼亚等地外购矿石,"科索沃境内红土镍矿早在1958年即被发现，1984年建成投产两条回转窑+电炉产线的镍铁厂，是原南斯拉夫时期的重要有色金属项目。1999年科索沃战争期间厂区遭北约空袭严重损毁，此后长期停产。科索沃战后私有化进程中，该厂经历多轮私有化尝试(见Kosovo Privatization Agency相关资料)，先后由Cunico Resources NV(与罗马尼亚Rosia Montana金矿项目有关联股东背景)等运营。2018年7月23日阿尔巴尼亚/科索沃财团Balfin Group通过其英国子公司NKL Limited完成收购，彼时工厂因国际镍价低迷已停产约4个月、此前18个月内从未满负荔运转，Balfin计划将产能从7,200吨/年提升至1万吨以上。2021年10月因欧洲能源价格飙升导致该厂再度停产，停产长达约20个月。2022年9月，土耳其Yıldırım Group在工厂仍处停产状态下完成收购，2023年6月21日经三周设备准备后正式复产。该厂在疫情前每年出口镍产品价值约5,100万欧元，占科索沃总出口值约13%，是科索沃最重要的工业出口企业之一，但因全部电力依赖进口，对欧洲能源价格波动高度敏感。","Found evidence that Yıldırım Energy built a €43M, 150MW solar farm specifically to supply power for NewCo Ferronikeli's 'continuous operations,' implying the plant continues to operate; however, the exact publication date of this source could not be confirmed, so status_year is not updated from the index. 【R4-未能核实】重新核实SeeNews报道，确认2023年6月21日复产(与既有记录一致)。多方检索(公司官网、SeeNews、LinkedIn、mining-technology等)均未获得2024-2025年实际产量吨数，prod_2024_2025缺口维持未解决。",可能,,,,两条产线，各含1台电炉+1台回转窑(1984年建成，西方设计设备)；每条线另配1台氧气转炉用于精炼；回转窑加工能力约96.7吨/小时(历史研究数据)。电炉MW功率未查到公开数字。,镍铁颗粒。,自有Cikatovo/Gllavica矿(科索沃红土镍矿)+外购矿石(阿尔巴尼亚等)；一份学术研究给出历史配比：Gllavica 50%/Cikatova 20%/阿尔巴尼亚15%/菲律宾10%/粘结料5%，镍品位0.97%(阿尔巴尼亚)至3.0-5.0%(印尼型皂土矿)；未独立证实任务线索提及的危地马拉进口来源(冲突/待核实)。,回转窑燃料：科索沃褐煤(3%)+印尼/外购蒸汽煤(6%)(历史研究数据，当前占比未知)；电炉用电取自科索沃电网(以褐煤发电为主)。,,800,1958年发现红土镍矿→1984年建成两条产线→1999年科索沃战争北约空袭严重损毁，长期停产→多轮私有化尝试(含Cunico Resources)→2018年7月23日Balfin Group通过英国子公司NKL Limited完成收购(此前停产4个月)→2021年10月因欧洲电价飙升再度停产(800名工人按50%工资待岗)→2022年9月转为土耳其Yıldırım Group旗下(据任务原始记录，本轮未独立复核该笔交易的公开报道)。,土耳其Yıldırım Group（2022年9月收购）；此前2018-2022年为阿尔巴尼亚Balfin Group旗下。,低,R1-区域普查,https://www.rferl.org/a/kosovo-nickel-plant-reopens-ferronikeli/32472368.html,"https://www.rferl.org/a/kosovo-nickel-plant-reopens-ferronikeli/32472368.html
https://balfin.al/kosovo-s-ferronickel-complex-in-drenas-become-part-of-balfin-group/
https://ferronikeli.com/about-us
https://test.greenmetallurgy.rwth-aachen.de/wp-content/uploads/2025/08/dokument7_id_9417.pdf
https://seenews.com/news/kosovos-newco-ferronikeli-resumes-production-1231512
http://www.zhangqiaokeyan.com/journal-foreign-detail/0704084272555.html
https://www.academia.edu/66242928/Optimization_of_Technological_Fe_Ni_Production_Process_in_Newco_Ferronikeli_in_Kosovo
https://www.mining-technology.com/news/newco-ferronikeli-aldel-halt-production-due-to-power-crisis/"
NI-016,GL016,欧洲,芬兰,Finland,Satakunta州 Harjavalta镇（Harjavalta工业园区）,波利登哈尔亚瓦尔塔冶炼厂（镍线）,Boliden Harjavalta Smelter (nickel line),Boliden AB 100%（2004年收购）,1936年始建于Kotka（炼铜）→1944年迁至Harjavalta → Outokumpu长期运营，1959年成为全球首个对镍精矿采用闪速熔炼技术的冶炼厂 → 2004年Boliden从Outokumpu手中收购整座冶炼厂（含铜、镍两条线）,硫化矿熔炼-闪速炉,硫化矿精矿,高冰镍（供邻近Nornickel Harjavalta精炼厂精炼）+副产硫酸(758kt/a)、金银,34000,公司官网标注2025年镍产量约34千吨（金属镍计，含于高冰镍中）；铜产量162千吨、硫酸758千吨、银65吨、金8吨同期披露；未单独披露镍冶炼铭牌设计产能数字，34kt应视为近年实际产出规模而非官方nameplate容量。,1959,在产,2025,2026,,34000,2025,,,,34000,,厂级：Boliden官网(operations/smelters/boliden-harjavalta)载明该厂镍产量约3.4万吨/年，与既有基线2025年数字一致；本轮未获得可独立引用的2022-2024分年度产量数字或H1 2026数字。,主要依托Boliden自有的Kevitsa镍铜矿（芬兰拉普兰，仅采选不冶炼，精矿运至Harjavalta，注：Kevitsa本身不设精炼/冶炼设施，故未单独立记录）；另有外购精矿,该厂前身可追溯至1936年在Kotka建立的炼铜厂，1944年迁往Harjavalta。1959年成为全球首座采用闪速熔炼技术处理镍精矿的冶炼厂（此前闪速熔炼技术已于1949年首先用于炼铜）。长期由Outokumpu运营，2004年Boliden收购整座冶炼厂（铜、镍两条产线）。公司自称是'西欧唯一的镍冶炼厂'。冶炼产出的高冰镍就近供给隔壁的Nornickel Harjavalta精炼厂精炼为金属镍/镍盐产品，形成上下游一体化的Harjavalta工业园区（两者产权不同，分属Boliden与Nornickel，故本普查列为两条独立记录）。,"No new plant-specific update found beyond what is already recorded in the index (2025 output of 34,000t already captured there); status retained unchanged. 【R4】通过Boliden官网(operations/smelters/boliden-harjavalta，2026年9月直接访问)重新核实：该厂仍被称为'西欧唯一的镍冶炼厂'，2025年镍产量约3.4万吨(与既有记录一致)。未获得2023-2024年分年度数字或2026年新数据，但2026年在产状态本身得到再次确认。",确认,,Harjavalta-FI,冶炼,DON(Direct Outokumpu Nickel)闪速熔炼工艺：1座闪速炉(1959年投运，全球首台镍精矿闪速熔炼炉)+1座电炉渣清理炉(slag cleaning furnace，2021年随扩建升级)；该工艺已取消间歇式转炉吹炼环节，闪速炉直接一步产出高冰镍，厂内无独立PS转炉。2021年Hatch工程扩建：新增精矿干燥机、提升电炉容量、改进造粒及自动化熔体出料，原料处理能力从31万吨/年提升至37万吨/年(+19%)，2021Q3/Q4投产。,高冰镍(供邻厂Nornickel Harjavalta精炼)，年镍产量34千吨(2025年)；副产铜162千吨、硫酸758千吨、金银。,Boliden自有Kevitsa镍铜矿(拉普兰，仅采选不冶炼)精矿+第三方外购精矿；扩建后原料处理能力37万吨/年。,闪速熔炼工艺自身放热；扩建后吨镍CO2强度降低15-20%；未查到具体电力/燃料结构数字。,,532,1936年Kotka建铜厂→1944年迁至Harjavalta→1959年成为全球首座镍精矿闪速熔炼厂→长期由Outokumpu运营→2004年Boliden收购整座冶炼厂(铜镍两线)→2021年Hatch主导扩建(31万→37万吨精矿处理能力，电炉/造粒/自动化升级)。,Boliden AB 100%(2004年收购)；产出高冰镍就近供给隔壁Nornickel Harjavalta精炼(两厂产权不同，分属Boliden与Nornickel)。,中,R1-区域普查,https://www.boliden.com/operations/smelters/boliden-harjavalta/,"https://www.boliden.com/operations/smelters/boliden-harjavalta/
https://www.boliden.com/news/harjavalta-70
https://link.springer.com/chapter/10.1007/978-3-319-95022-8_6
https://www.boliden.com/operations/smelters/boliden-harjavalta
https://www.hatch.com/About-Us/News-And-Media/2021/02/Boliden-engages-Hatch-for-expansion-of-its-nickel-operations-in-Harjavalta"
NI-017,GL017,欧洲,芬兰,Finland,Satakunta州 Harjavalta镇（Harjavalta工业园区）,诺里尔斯克镍业哈尔亚瓦尔塔精炼厂,Nornickel Harjavalta (Norilsk Nickel Harjavalta Oy) Nickel Refinery,PJSC MMC Norilsk Nickel (Nornickel) 100%，运营主体 Norilsk Nickel Harjavalta Oy,1957 Outokumpu决定开发Kotalahti镍矿带并建厂 → 1960年5月4日投产（Outokumpu所有）→ 2000年Outokumpu将镍业务售予OM Group，更名OMG Harjavalta Nickel Oy → 2007年春季Norilsk Nickel收购，更名Norilsk Nickel Harjavalta Oy，主攻钴/镍产品,硫酸镍精炼(中间品/高冰镍)+电解精炼(硫化镍阳极),高冰镍+混合,电解镍(阴极)/镍盐/镍粉/硫酸镍/钴产品(硫酸钴),65000,"口径与年份多变：1960年投产设计产能2,500t/a→1964年第一次扩建后约3,000t/a→1986年创年产18,000t纪录→1999年金属镍产量超50,000t/a→2007年Nornickel收购后转向电池化学品线→截至2023年产能约65,000t/a（分二期：2023年提升至75,000t/a，随后再增25,000t/a）→公司公开目标是2026年初达到100,000+t/a。以上历史数字与近年扩产目标均来自公司自述历史页与行业新闻，未见独立第三方审计数字，口径（阴极当量镍 vs. 各类镍产品合计）不完全清晰。",1960,在产,2025,2026,,,,,,,,,"分部/单厂产量公司不披露；集团合并精炼镍 2022=218,970t、2023=208,577t、2024=205,067t、2025=198,521t 仅记于Nadezhda记录(NI-031)。（Harjavalta历史单厂数据：2017年59,716t，Yle）",历史上依托Outokumpu自有的Kotalahti镍矿带（硫化矿）；现代原料主要为相邻Boliden Harjavalta冶炼厂产出的高冰镍、外购精矿/高冰镍及回收料（含电池黑量）；2008-2009年起还接收Talvivaara/Terrafame Sotkamo产出的镍中间品,"1957年Outokumpu决定开发Kotalahti镍矿带，1959年8月封顶，1960年5月4日投产，是芬兰/北欧最早的现代镍精炼厂之一。1970-1972年增建第二电解车间，1981-1982年增建第三电解车间；1986年产量创18,000t纪录；1993-1996年重大技改使镍产量翻倍、铜产量提高50%以上，成为当时全球环保水平领先的冶炼厂之一。1999年金属镍年产量已超50,000t。2000年Outokumpu将镍/钴业务出售给美国OM Group，成立OMG Harjavalta Nickel Oy并开始建设化工厂；2007年Norilsk Nickel收购，聚焦钴生产并逐步转向电池材料（镍盐/硫酸镍）；2008-2009年投资新工艺产线以处理Talvivaara的镍硫化物中间品；2010年累计产量突破100万吨；2015-2016年新建生物蒸汽电厂与LNG设施；近年为满足欧洲电池材料需求持续扩产，目标2026年初产能超10万吨/年。截至研究时点未查得该厂因俄乌战争后欧盟对俄制裁而被处置/出售的确凿证据，Nornickel母公司仍在芬兰持续运营并扩产，但这一点应视为需要持续跟踪的动态问题（见research gaps）。","LME Notices 26/071 and 26/072 (issued 2026-03-20) confirm delisting of the 'Norilsk Nickel Harjavalta Briquettes' and '...Cathodes' brands: last registration date 2026-06-18, with no new warrants accepted from 2026-06-19 onward. This cuts the refinery off from new LME registration/delivery in Western markets, though the plant may continue producing for non-LME buyers (e.g. direct sales into China). No independent 2025-2026 production tonnage for the plant itself was found this round, so operational continuity beyond the LME delisting is not separately confirmed. 非政府组织“全球见证”(Global Witness)于2025年9-10月发布并确认的调查显示：尽管美国、英国已于2024年4月禁止俄罗斯原产镍，但欧盟未跟进制裁，Nornickel得以将俄罗斯开采的镍原料运往其芬兰子公司(即Harjavalta精炼厂)加工；一旦在芬兰完成加工，该镍在法律上被视为“芬兰原产”，可合法出口至美国等已对俄镍设禁的市场，构成一项制裁漏洞。报道称自美英禁令生效以来，美国已从芬兰进口近1.3亿美元的镍。该调查同时提供泄露发票，指控Nornickel向一家俄罗斯坦克制造商销售镍，将其与俄军方直接关联。此为该厂在原有“在产”状态之外新增的地缘政治/合规风险信息，未见其产能或运营状态本身发生变化的报道。 【R4-未能核实】尝试通过多个猜测性URL(ar2022/2023/2024.nornickel.com的Finland专页PDF，格式仿照已知有效的ar2019链接)获取单厂拆分数据，全部返回404，说明该URL结构在2019年之后已变更或下线；ar2023/2024.nornickel.com首页及'production-flow'页面本身也仅为导航结构，未含分部产量表。Nornickel投资者关系'reports-and-results'相关页面同样未能定位到可直接访问的分年度PDF列表。plant_level_split缺口在本轮努力后依然未能解决，判断该数据可能确实不对外单独披露(仅披露集团合并精炼镍产量)。 【R5】核实到唯一具体site级历史产量为2017年59,716吨(Yle)，2022-2025年区间无公开分部拆分数据；诺镍2024年生产简报、2023/2024年报运营页均确认集团只公布合并数，不含Harjavalta单厂数字。",确认,R5：LME 2024-03-07起暂停其品牌新注册(2024-10-03起禁止再注册)，2026-03 LME通告正式除牌(最后登记2026-06-18)；产能口径65-66kt。,Harjavalta-FI,精炼,电解精炼厂(非冶炼)：3座电解车间(1962年第1座控制室建成；1970-72年第2电解车间，镍电解槽增至88个；1981-82年第3电解车间，厂房延长至204米)；2021-2023年及后续扩建应有槽数增加，但最新准确槽数未查到。另有钴硫酸盐产线(2014年投产)。,电解镍(阴极)、镍粒(1995年起)、镍盐、硫酸镍、硫酸钴。原LME注册品牌'Norilsk Nickel Harjavalta Cathodes/Briquettes'已于2024年10月起摘牌。,官方表述'主要处理Nornickel的俄罗斯原料'；同时长期接收邻厂Boliden Harjavalta高冰镍，2008-2009年起接收Talvivaara/Terrafame镍中间品，另有外购精矿/高冰镍及回收料(含电池黑量)。,公司表述'主要由可再生能源驱动'，具体电力结构未查到公开数字。,,286,1957年Outokumpu决定开发Kotalahti矿带→1959年建厂、1960年5月4日投产→1970-72/1981-82两次扩建电解车间→1993-96年FIM15亿马克技改(镍产量翻倍，铜+50%)→1999年镍产量破5万吨→2000年Outokumpu售予OM Group(OMG Harjavalta Nickel Oy)→2007年Norilsk Nickel收购→现有产能65千吨/年(2018年因素表)/66千吨/年(2024年LME口径)→2023年扩至75千吨/年(一期)→目标2026年初超100千吨/年(二期+25千吨)→2024年3月7日LME因'负责任采购'新规不合规暂停该厂镍阴极/镍粒品牌上市资格(2024年10月2日前可交割注销仓单，10月3日起不得重新签发)。,PJSC MMC Norilsk Nickel 100%，运营主体Norilsk Nickel Harjavalta Oy。,中,R1-区域普查,https://www.nornickel.fi/en/nornickel-harjavalta/history,"https://www.nornickel.fi/en/nornickel-harjavalta/history
https://www.nsenergybusiness.com/company-news/nornickel-harjavalta-nickel-refinery-expansion/
https://www.nornickel.fi/en-gb/nornickel-harjavalta
https://ar2019.nornickel.com/pdf/ar/en/business-overview_operational-performance_finland.pdf
https://www.163.com/dy/article/KORU73U20514AHGG.html
https://news.smm.cn/live/detail/103555084
https://news.smm.cn/live/detail/103557753
https://www.argusmedia.com/en/news-and-insights/latest-market-news/2584118-lme-suspends-nickel-from-nornickel-s-harjavalta-plant
https://nornickel.com/files/en/corporate_documents/company/profile/Nornickel_Factsheet.pdf
https://nornik-upload.storage.yandexcloud.net/iblock/dab/ynbeyfhi9fp8qp0zz2woyc6u9yiepzbw/nornickel_production_results_2024_RUS_full.pdf
https://ar2024.nornickel.ru/business-overview/operational-performance
https://ar2023.nornickel.ru/business-overview/operational-performance
https://yle.fi/a/3-10063670
https://www.asiakastieto.fi/yritykset/fi/norilsk-nickel-harjavalta-oy/15917284/taloustiedot
https://www.nornickel.fi/nornickel-harjavalta
https://news.smm.cn/news/103744174
https://news.smm.cn/live/detail/103158444
https://nornik-upload.storage.yandexcloud.net/iblock/f5e/i2o2rf9s0nffsliymk52v4vnt048fjox/nornickel_production_results_fy2023_eng_full.pdf"
NI-018,GL018,欧洲,芬兰,Finland,中博滕区(Keski-Pohjanmaa) 科科拉市(Kokkola) 于克斯皮赫亚亚(Ykspihlaja)工业区,科科拉(Umicore)镍精炼规划线(暂停)；现有钴精炼/pCAM厂,Kokkola (Umicore Finland) — planned 50kt nickel refinery (paused); existing cobalt/pCAM plant,"Umicore(比利时)100%,原名Freeport Cobalt Oy,2019年更名；现有产线为钴化学品精炼及pCAM前驱体材料厂，均已在产（新增细节）","OM Group(OMG,美国)建厂运营,生产硫酸镍/硫酸钴等钴镍化学品 → 2000年OMG以1.72亿欧元收购Outokumpu的哈尔亚瓦尔塔(Harjavalta)精炼厂,并计划与自有的科科拉钴镍化学品厂整合原料供应 → 其后OMG钴业务重组为Freeport Cobalt(Freeport-McMoRan相关) → 2019年Freeport Cobalt Oy更名为Umicore旗下运营主体",硫酸镍精炼(中间品/高冰镍),混合(高冰镍/钴镍中间品，具体原料来源未独立核实),硫酸镍、硫酸钴等电池材料前驱体化学品,50000,本普查项目第一轮研究(USGS Minerals Yearbook 2000年版)未给出具体产能吨位数字;本轮研究亦未查得权威年化产能数据，列为研究缺口,1990,规划中或可研,2022,2025,,,,,,,,,,"不详(具体原料矿山/中间品来源未独立核实,历史上曾与哈尔亚瓦尔塔精炼厂原料体系整合)","本记录填补研究清单'芬兰科科拉(OMG/Freeport Cobalt/Umicore)——镍化学品产线'的空白,系本普查第一轮研究已识别但因产能数据缺失而未纳入『europe.json』正式记录的设施(见本普查内部『_checklist_reference_tables.md』:'Finland 芬兰 | Kokkola Cobalt/Nickel Chemicals Plant | OM Group（OMG）| 钴镍化学品精炼（硫酸镍/钴盐）...'该条目援引USGS Minerals Yearbook 2000年版原文)。该来源明确记载该厂产品包含""硫酸镍/钴盐""(硫酸镍sulfate of nickel与钴盐cobalt salts并列),满足研究任务'仅当科科拉确实生产镍产品时才收录'的前提条件。本轮研究通过英文维基百科『Kokkola』条目进一步确认:该厂现址位于科科拉市于克斯皮赫亚亚工业区,目前由比利时Umicore运营(2019年由Freeport Cobalt Oy更名而来)，被称为""中国境外最大的钴精炼厂之一""，与Boliden同区锌厂相邻，但该条目未直接提及镍产品线，故本记录的""镍产品""结论主要依据本项目第一轮研究对USGS 2000年版原文的引用，建议报告撰写者后续通过Umicore官网或更完整的USGS Finland国别章节独立核实科科拉现阶段镍产品(硫酸镍)产线是否仍在运行及具体产能。建厂年份亦未独立核实，暂按OMG开展钴镍化学品业务的一般时间线填列，标注存疑。","【R4-未能核实】新证据倾向性提示：现阶段第三方对Kokkola的描述(2026年)几乎完全聚焦钴化学品，未提及镍产品线，这与本记录唯一的镍产品依据(USGS《2000年矿产年鉴》'硫酸镍/钴盐'并列表述)形成时间跨度25年的对比。不能据此确认镍线已停产/取消，但应提醒报告撰写者：该记录'仍产镍'的结论证据强度较弱，建议列为重点复核对象。 【R5】Kokkola现状为钴精炼(境外最大)+pCAM工厂在产，规划中的镍精炼产能(设计50,000吨镍/年，另划27公顷新址)原计划2023年获环评许可并做投资决定，但2024年11月8日Umicore宣布重新评估电池业务战略、暂停扩张(全球最多裁员260人，含Kokkola15个白领岗位)，pCAM环评许可仍在上诉中；综合判断镍精炼线项目已被推迟/搁置，尚未开工建设，不构成'在产'镍产能。",确认,口径提示：以钴精炼为主，镍产品为副线（硫酸镍/镍化学品），产能未详。R5核实：状态由「在产」更新为「规划中或可研」；R5定案：Kokkola现无镍精炼产线（仅钴精炼+pCAM），规划的5万吨/年镍精炼线于2024-11被Umicore暂停；状态改为规划中或可研。,,,,,,,,,,,,R2-历史补漏,https://en.wikipedia.org/wiki/Kokkola,"https://en.wikipedia.org/wiki/Kokkola
https://www.miningsee.eu/europes-cobalt-and-nickel-power-map-how-refining-finance-and-regulation-shape-a-strategic-metals-ecosystem/
https://www.woodmac.com/reports/metals-umicore-kokkola-cobalt-refinery-150024099/
https://yle.fi/a/74-20035829
https://yle.fi/a/74-20123354
https://www.ymparisto.fi/fi/osallistu-ja-vaikuta/ymparistovaikutusten-arviointi/umicore-finland-oy-kip-itaisen-nikkelijalostamo-ja-pcam-tehdas-kokkola"
NI-019,MHP046,欧洲,芬兰,Finland,Kainuu州 Sotkamo镇（Talvivaara/Kuusilampi矿区）,泰拉法梅（Terrafame）索特卡莫矿山及电池化学品厂（原塔尔维瓦拉Talvivaara）,Terrafame Sotkamo Mine & Battery Chemicals Plant (formerly Talvivaara),Terrafame Oy；控股股东为芬兰国有矿业基金Finnish Minerals Group（持股56.2%），另有Galena Asset Management(Trafigura关联)等少数股东,2008年Talvivaara Mining Company Plc投产（基于VTT研发的生物堆浸技术）→ 2012-2013年石膏池泄漏等环境事故导致公司陷入财务危机 → 2014年Talvivaara Sotkamo Oy申请破产保护 → 2015年芬兰国家出资通过Terrafame Oy接手矿山资产延续运营 → 2018年决定投资建设电池化学品(硫酸镍/硫酸钴)工厂 → 2021年6月电池化学品厂投产爬坡 → 2024年6月起同步回收天然铀,堆浸/生物堆浸+硫酸镍精炼(中间品/高冰镍),混合,硫酸镍/硫酸钴/(联产)硫酸锌/2024年起天然铀,37900,"公司/行业资料披露电池化学品厂设计产能为硫酸镍17万吨/年、硫酸钴7,400吨/年；按NiSO4·6H2O含镍22.3%折算约合金属镍37,900吨/年（本记录按此折算填列，注意与另一来源'nsenergybusiness'早期报道的产能数字可能不同，未逐一核对）。2022年实际产出金属镍31,550吨，公司称预计2024年达到满产。原料为塔尔维瓦拉多金属黑色页岩型硫化矿（低品位Ni-Zn-Cu-Co浸染矿），并非典型红土矿或硫化矿精矿，采用生物堆浸直接处理破碎原矿，故feed_type填'混合'。",2008,在产,2025,2026,,29858,2024,31470,31455,29858,,,"【R5】Kaivosvastuu.fi(芬兰矿业责任网，官方汇总企业自报年度数据)逐年镍产量页：2022=31,470t，2023=31,455t，2024=29,858t(同比-5.1%)。2025年Kaivosvastuu尚未发布年度页；Terrafame自家2025年度财务回顾(2026-03-26发布)原文称创下全年镍产量新纪录，但未给出具体吨数。2026H1未找到披露。 | 厂级：2022年数沿用目标文件基线(来源见此前研究)。本轮检索到Terrafame 2023/2024年度新闻稿(见来源)确认“产量接近去年纪录水平”等定性表述，但未披露可引用的具体镍吨数，2023-2026年数据仍为缺口。",自有矿山：Talvivaara/Kuusilampi-Kolmisoppi多金属黑色页岩矿（原地生物堆浸）,"2008年Talvivaara Mining Company在Sotkamo投产，是全球最大规模应用生物堆浸技术处理低品位多金属硫化矿的项目之一，同时提取镍、锌、铜、钴。2012-2013年发生石膏堆浸池泄漏等环境事故，叠加金属价格低迷，公司陷入严重财务困境，2014年子公司Talvivaara Sotkamo Oy申请破产保护。2015年芬兰政府出资成立/接手Terrafame Oy，以国有资本延续矿山运营并进行环境治理。2018年决定投资建设下游电池化学品(硫酸镍、硫酸钴)工厂，改变了公司仅出售金属浓缩物/中间品的商业模式,2021年6月正式投产爬坡，2024年称已实现或接近满产。Terrafame称其硫酸镍产品单位碳足迹（1.75 kg CO2-eq/kg）显著低于行业平均（5.4 kg CO2-eq/kg），并与Stellantis、Trafigura等签订供应协议。2024年6月起公司还开始回收天然铀作为副产品。该项目是欧洲少数集'一次矿山-湿法冶炼-电池材料'于一体的全流程一体化镍钴项目。","No Terrafame-specific 2024-2026 production figures were found despite extensive searching (a previously-flagged 'Q3 6,542t / 9-month 20,606t' NSTL figure was confirmed almost certainly mislabeled 2019 data and is not used). Chinese customs data show Finland persisting as a recurring nickel-sulphate import-source country through 2025-2026, indirectly suggesting the Finnish nickel-sulphate supply chain (of which Terrafame is the primary producer) remains active, but this is circumstantial rather than plant-specific confirmation. 【R4】确认该厂截至2025年末仍在产且产量创纪录(定性表述)，但公司连续多份新闻稿及年报均不披露具体镍吨产量，仅重申'硫酸镍产能可满足约100万辆电动车/年'的产能表述(与既有37,900吨/年折算基线一致)。prod_2024_2025的定量缺口应视为披露口径限制，而非研究疏漏。 【R5】2022-2024年镍产量已通过Kaivosvastuu官方年度页精确核实(注：与旧记录31,550吨的2022年数字略有出入，31,470为更精确来源)；2025年官方措辞确认'全年产量创纪录'但具体吨数及2026H1数据本轮未找到，留待下一轮直接查Terrafame年报正文表格或Tukes统计。",确认,,,,"无炉；生物堆浸(bioheapleach)工艺+金属回收厂+电池化学品厂(硫酸镍产能170,000吨/年，硫酸钴产能7,400吨/年)。2021年6月投产爬坡，目标2024年达满产。",硫酸镍、硫酸钴、(联产)硫酸锌，2024年起联产天然铀。硫酸镍碳足迹1.75 kgCO2e/kg(行业均值5.4 kgCO2e/kg)。,自有Kuusilampi-Kolmisoppi多金属黑色页岩矿(Sotkamo)，原地生物堆浸提取镍、锌、铜、钴。,生物堆浸工艺自身能耗低('extremely energy efficient')，具体能源结构未细化。,,793,"2008年Talvivaara Mining Company投产→2012-2013年石膏堆浸池泄漏等环境事故→2014年子公司Talvivaara Sotkamo Oy破产→2015年芬兰政府出资成立Terrafame Oy接手→2018年电池化学品厂FID→2021年6月正式投产爬坡→2024年目标满产(Q4创产量纪录，但4月因罢工停产两个月)→2024年净销售5.445亿欧元(-2.9%)、EBITDA 6,630万欧元(-34.1%，因镍价走弱)→2024年起联产天然铀。",Finnish Minerals Group(芬兰国有矿业基金)持股56.2%；Galena Asset Management(Trafigura关联)等少数股东。,高,R1-区域普查,https://d3e2i5nuh73s15.cloudfront.net/wp-content/uploads/2023/04/ALTA-2023-NCC-3-Paper-Terrafame.pdf,"https://d3e2i5nuh73s15.cloudfront.net/wp-content/uploads/2023/04/ALTA-2023-NCC-3-Paper-Terrafame.pdf
https://www.mineralsgroup.fi/business/terrafame.html
https://im-mining.com/2018/10/25/terrafame-go-ahead-nickel-cobalt-sulphate-plant-sotkamo-finland/
https://yle.fi/a/3-10476976
https://en.wikipedia.org/wiki/Ahtium
https://news.smm.cn/news/103579098
https://hq.smm.cn/nickel/content/104073469
https://www.terrafame.com/newsroom/media-releases/terrafame-2025-ebitda-increased-despite-a-challenging-market.html
https://news.cision.com/terrafame/r/terrafame-2024--ebitda-decreased-in-a-challenging-market,c4112966
https://www.terrafame.com/newsroom/media-releases/terrafameaposs-operating-result-for-january-june-2024-improved-year-on-year.html
https://www.terrafame.com/newsroom/media-releases/a-drop-in-the-nickel-sulphate-market-in-china-decreased-terrafameaposs-operating-result-while-basic-production-remained-at-a-good-level.html
https://kaivosvastuu.fi/kaivostoiminta/2022-terrafame/
https://kaivosvastuu.fi/kaivostoiminta/2023-terrafame/
https://kaivosvastuu.fi/kaivostoiminta/2024-terrafame-oy/
https://www.terrafame.fi/media/mediamateriaali/raportointi/taloudelliset-katsaukset/2025/terrafame_taloudellinen_katsaus_2025.pdf
https://www.terrafame.fi/ajankohtaista/mediatiedotteet/terrafame-2025-kayttokate-kasvoi-haastavasta-markkinasta-huolimatta.html
https://www.terrafame.com/newsroom/media-releases/terrafame-2023-the-operating-result-decreased-in-a-challenging-market-but-basic-production-continued-close-to-a-record-level.html"
NI-020,GL020,欧洲,英国,United Kingdom,威尔士 斯旺西(Swansea) 哈福德(Hafod),哈福德伊沙(Hafod Isha)镍钴厂(维维安父子公司),Hafod Isha Nickel and Cobalt Works (H.H. Vivian & Co. Ltd.),"已永久关闭;末代业主H.H. Vivian & Co. Ltd.,1924年并入British Copper Manufacturers Ltd.(该合并主要涉及铜业,镍钴业务此前应已结束)","H.H. Vivian(斯旺西哈福德铜业世家,1st Baron Swansea)个人经营Hafod Isha镍钴厂 → 1883年正式成立H.H. Vivian & Co. Ltd.,在挪威塞尼亚(Senjen)开展镍矿开采与冶炼,矿石/锍运回斯旺西精炼 → 1889-1894年该公司转而拥有并经营加拿大萨德伯里附近Murray矿,以萨德伯里矿石替代挪威原料 → 具体镍钴业务终止年份及后续处置本轮检索未查实(母公司Vivian & Sons于1924年并入British Copper Manufacturers Ltd.,但该合并主要涉及铜业)",硫化矿熔炼-反射炉/鼓风炉(历史),混合(1883-1889年挪威塞尼亚硫化矿石;1889-1894年及以后加拿大萨德伯里Murray矿硫化矿石/锍),粗镍、钴产品(具体精炼程度及品位未查实),,未查得产能数据,1883,永久关闭,1894,1894,"存疑;推测为萨德伯里矿石大量涌现后,原料就地在北美加工(经由奥福德""上下层分离法""及加拿大铜业公司/国际镍公司体系)更具经济性,英国斯旺西精炼环节逐步失去竞争力而停止,具体关闭年份及决策细节本轮检索未能独立核实一手资料,1894年为参照该公司萨德伯里矿权终止年份的推断值",,,,,,,,,"塞尼亚镍矿(挪威特罗姆斯郡,1883年起);Murray矿(加拿大安大略省萨德伯里盆地,1889-1894年归H.H. Vivian & Co.所有)","本记录回应研究清单关于'英国维维安父子公司(Vivian & Sons)斯旺西镍/铜厂精炼萨德伯里锍(1890年代);H.H. Vivian'的核实要求。据英文维基百科『Vivian & Sons』条目记载,H.H. Vivian(1st Baron Swansea，斯旺西哈福德铜业世家继承人)除主营铜业外,'个人拥有Hafod Isha镍钴厂';1883年他将镍业务公司化为H.H. Vivian & Co. Ltd.,在挪威塞尼亚(Senjen)开展镍矿开采与冶炼;1889年至1894年间,该公司又拥有并经营加拿大萨德伯里附近的Murray矿,'正值加拿大取代挪威成为主导性镍矿来源地'。这条史料首次证实了英国、挪威、加拿大三地镍工业早期的直接企业关联,填补了研究清单中'Vivian & Sons/Murray Mine smelter(1890年代)'条目的部分空白——即Murray矿区镍矿石极可能并未在萨德伯里当地就地熔炼,而是由所有者H.H. Vivian & Co.运至威尔士斯旺西Hafod Isha厂精炼,这也解释了为何萨德伯里地区史料中较少提及独立的'Vivian Murray矿冶炼厂'。母公司Vivian & Sons专注铜业主线,1924年并入British Copper Manufacturers Ltd.,合并后的哈福德-莫尔法(Hafod-Morfa)厂持续轧制铜材至1980年方最终关闭,但镍钴专项业务应早于此结束,具体终止时点仍为研究缺口。",,,,,,,,,,,,,,,R2-历史补漏,https://en.wikipedia.org/wiki/Vivian_%26_Sons,https://en.wikipedia.org/wiki/Vivian_%26_Sons
NI-021,GL021,欧洲,英国,United Kingdom,威尔士(Wales) Clydach，近Swansea,淡水河谷克莱达赫(Clydach)镍精炼厂,Vale Clydach Refinery,Vale S.A.（Vale Base Metals事业部）100%,1900年Ludwig Mond创立Mond Nickel Company → 1902年在Clydach建成镍精炼厂，处理加拿大Sudbury矿区镍矿 → 1929年Mond Nickel Company通过换股并入International Nickel Company(INCO) → 2006年Vale收购INCO，更名Vale Clydach，现属Vale Base Metals,羰基法,混合,Class 1级电解镍粉末与镍球(纯度99.9%),43000,"R4：历史产能数据点(非当前铭牌产能)：2010年4月Vale将Clydach镍产量提升至'满负荷' 790万磅/月(合约每年4.38万吨镍，折算取整约43,000吨/年)，据彭博社报道(经SMM/Metal.com转引)。Vale现官网(valebasemetals.com/our-operations/clydach/)及英文维基百科均未披露当前铭牌产能数字，仅称其为'欧洲最大镍精炼厂'/'英国唯一在产镍精炼厂'。请注意：该厂近年实际产量(2023=31,300t、2024=34,200t、2025=29,500t)显著低于此2010年'满负荷'数字，可能反映此后产品结构调整(转向羰基镍粉/镍球高附加值产品，非单纯追求最大吨位)或产能本身发生变化，本记录capacity_note保留两者并存，不做调和。 | 本次研究未查得官方最新产能吨位数字（公司官网及公开报道均未披露具体tpa数字，仅披露员工约193人）；历史文献显示该厂20世纪多次扩建，产能应在数万吨级，但缺乏可靠最新来源，暂填null，列为研究缺口。",1902,在产,2025,2026,,29500,2025,,31300,34200,29500,15500,Vale官方《生产与销售报告》Annex 1“Finished Production by Site”口径，Clydach(UK)精炼厂镍金属产量。Clydach不属于矿石来源分类，故无2022年可比数字。,原料来自Vale全球镍业务（加拿大Sudbury、印尼PT Vale等）产出的高冰镍/氧化镍中间品,1902年由Ludwig Mond创立的Mond Nickel Company在Clydach建厂，是全球最早采用'羰基法(Mond process，一种基于镍与一氧化碳反应生成羰基镍气体再分解提纯的工艺)'实现工业化生产高纯镍的工厂，也是全球持续运营时间最长的镍精炼厂之一(1902年至今)。该厂因在职业流行病学史上首次被发现工人肺癌/鼻窦癌高发而具有特殊历史地位（与镍羰基/镍粉尘暴露相关）。1929年随Mond Nickel Company并入INCO；2006年Vale收购INCO后更名。官网称其为'英国唯一在产的镍精炼厂'。近年公司在推进碳减排(如以藻类生物质替代部分工艺用碳)等技改。,"No independent 2025-2026 production figures were found. A South Wales university thesis (indexed 2026-09-03; DOI 10.23889/suthesis.60303) on modelling and optimising the nickel-carbonyl process describes Clydach in the present tense as an active Vale Europe Ltd UK operation, offering circumstantial support for continued operation; no closure evidence was found. 【R4】填补capacity缺口：找到唯一可引用的产能数据点，但为2010年历史数字，非当前铭牌产能，请报告撰写者结合近年实际产量谨慎使用。",可能,,,,Mond镍羰基法(carbonyl process)：厂区19个反应/造粒单元(pellet units)+2台氢气加热炉(hydrogen heaters)。,高纯镍(>99.9%)，颗粒(pellet)与粉末(powder)两种Class 1形态，销往280余家客户。,原料为Vale全球镍业务(加拿大Sudbury、印尼PT Vale等)产出的高冰镍/氧化镍中间品；具体来源占比未在可读来源中细化。,"天然气255 GWh/年(加热及制氢/CO)+电网电力40.4 GWh/年；年排放>65,000吨CO2e；公司研究以藻类生物质替代部分工艺用碳(Project ASPIRE燃料转换研究)。",,193,1902年Ludwig Mond创立(Mond Nickel Company)，全球首个工业化羰基法镍精炼厂→1928年并入INCO→2006年Vale收购INCO并更名→该厂在职业流行病学史上首次发现镍羰基/镍粉尘暴露导致工人肺癌/鼻窦癌高发→近年推进碳减排(藻类替代碳源、Project ASPIRE燃料转换等技改)。,Vale S.A.(Vale Base Metals事业部)100%。,中,R1-区域普查,https://en.wikipedia.org/wiki/Mond_Nickel_Company,"https://en.wikipedia.org/wiki/Mond_Nickel_Company
https://valebasemetals.com/our-operations/clydach/
https://onemine.org/documents/processing-history-at-vale-europe-s-inco-s-nickel-refinery-in-clydach-wales
https://doi.org/10.23889/suthesis.60303
https://news.metal.com/newscontent/100008856/Vale-Boosts-Nickel-Production-at-its-Clydach-Refinery-in-Wales/
https://en.wikipedia.org/wiki/Clydach_Refinery
https://assets.publishing.service.gov.uk/government/uploads/system/uploads/attachment_data/file/866367/Phase_2_-_Vale_-_Project_ASPIRE.pdf
https://coflein.gov.uk/en/site/301165/details/mond-nickel-works-clydach-swansea
https://news.smm.cn/live/detail/103760207
https://www.vale.com/4q23-sales-and-production-report%E2%80%8B
https://api.mziq.com/mzfilemanager/v2/d/53207d1c-63b4-48f1-96b7-19869fae19fe/950b8306-d6c0-497c-ce27-6aa7d0f08b49?origin=1
https://api.mziq.com/mzfilemanager/v2/d/53207d1c-63b4-48f1-96b7-19869fae19fe/4588c428-e2bc-d57a-9544-935f8716805c?origin=1
https://filemanager-cdn.mziq.com/published/53207d1c-63b4-48f1-96b7-19869fae19fe/c4dceca9-6ed8-408a-8065-b6f7e86810da_0127_relatorio_de_producao_i.pdf
https://www.vale.com/check-out-the-production-and-sales-results-for-4q25
https://api.mziq.com/mzfilemanager/v2/d/53207d1c-63b4-48f1-96b7-19869fae19fe/3504ebb3-c840-f0e9-aaff-0ff96c7b8222?origin=2"
NI-022,GL022,欧洲,英国,United Kingdom,"England, Greater London, Acton",国际镍公司(INCO)/淡水河谷阿克顿(Acton)精炼厂（伦敦）,INCO / Vale Acton Refinery (London),末代运营方为Vale Europe Ltd.（经INCO 2006年被收购而来）；工厂已停运并于2019年10月15日前完成资产拍卖（新增确认）,1924/1925年由International Nickel Co.（Mond旗下）在伦敦Acton建成铂族金属精炼厂 → 长期作为INCO全球精炼网络的欧洲PGM(铂族金属)枢纽，同时历史上曾处理镍盐/氧化镍等镍相关副产品 → 2006年Vale收购INCO，Acton厂归入Vale → 具体停产/关闭时间未查实,PGM副产贱金属精炼+氧化镍焙烧/烧结,混合,"铂族金属(历史峰期年产近140万盎司,2001年)；历史上曾产出镍盐/氧化镍等镍相关中间产品",,"该厂主业为PGM精炼而非镍，镍相关产能未见公开吨位披露；2002年文献显示该厂'接近满负荷运转'，40%原料为INCO旗下Port Colborne钴精炼厂产出的PGM精矿。本记录因任务清单明确要求核查该厂而收录，但其""镍冶炼厂""属性及具体关停时间点均需要进一步核实，暂以'不详'状态记录。",1924,永久关闭,2019,2019,未查实具体关停时间及原因；从Vale现有公开表述（Clydach为'英国唯一在产镍精炼厂'）可推断Acton厂目前已不再从事镍精炼业务，但确切关停/转型年份、是否仍作PGM精炼用途，均未能在本次研究中证实，列为研究缺口,,,,,,,,,历史上依托INCO/Mond全球原料网络（含加拿大Sudbury及南非等PGM来源）,该厂由Alfred Mond于1925年前后在伦敦Acton建立，最初定位为铂族金属精炼厂，号称当时全球规模最大的同类工厂之一。1929年Mond Nickel Company并入INCO后，Acton厂成为INCO欧洲精炼版图的一部分，长期承担铂族金属精炼及部分镍相关副产品（如镍盐、氧化镍烧结）加工。2002年公开资料显示该厂运转接近满负荷，年产贵金属近140万盎司，2001年为纪录年份。2006年Vale收购INCO后该厂归属Vale。此后该厂具体停产时间、是否已拆除或转型，本次研究未能查实，是明确的研究缺口。,No new evidence found this round; this long-idle historical site's status remains unconfirmed as recorded in the index. 【R4-未能核实】多方检索(Grace's Guide、维基百科Mond Nickel Company/Acton London词条、Canadian Mining Journal历史文章)均未获得该厂具体关停年份或后续处置的新证据。状态维持'不详'不变，closure_reason与capacity缺口均未能解决。 【R5】Requis平台披露Vale Europe Ltd.于2019年10月15日截止对Acton精炼厂'新旧设备'公开拍卖，文中称该厂'是全球最精密的铂族金属(PGM)精炼厂之一'，支持该厂主要产品为PGM(镍充其量为副产品/镍盐)的既有猜测，且拍卖行为强烈暗示至迟2019年已停止运营；确切关闭年份及历史上是否曾生产镍金属(而非仅镍盐)未能100%实锤，Grace's Guide、伦敦大都会档案馆、Ealing区规划记录本轮未能进一步核实(预算限制)。,可能,R5核实：状态由「不详」更新为「永久关闭」；,,,,,,,,,,,,R1-区域普查,https://www.canadianminingjournal.com/featured-article/operations-the-precious-side-of-inco/,"https://www.canadianminingjournal.com/featured-article/operations-the-precious-side-of-inco/
https://en.wikipedia.org/wiki/Mond_Nickel_Company
https://en.wikipedia.org/wiki/Acton,_London
https://www.gracesguide.co.uk/International_Nickel_Co
https://requis.com/press/vale-auction-london-uk/"
NI-023,GL023,欧洲,阿尔巴尼亚,Albania,埃尔巴桑州(Elbasan)埃尔巴桑市,"埃尔巴桑冶金联合企业镍钴厂(""党的钢铁""联合企业)","Elbasan Metallurgical Combine – Nickel-Cobalt Plant (""Steel of the Party"" / Kombinati Metalurgjik ""Çeliku i Partisë"")","镍钴产线已永久关闭;联合企业其余钢铁/铬铁资产现属Kurum International(土耳其)旗下(存疑,具体镍钴产线资产处置情况未独立核实)","1970年代在中国援助下建成投产,是恩维尔·霍查时期阿尔巴尼亚重工业化""第二次民族解放""的标志性项目,涵盖炼钢、镍钴冶炼等多条产线 → 1990年代初随阿尔巴尼亚计划经济体制崩溃,镍钴产线停产 → 联合企业其余部分历经私有化,现主要资产(钢铁/铬铁)归属Kurum International","其它(说明:中国援建冶炼工艺路线细节未独立核实,推测为红土镍矿还原熔炼产出粗镍/镍铁及钴副产品)","红土矿(腐殖土,阿尔巴尼亚本土红土镍矿)","镍金属(粗镍/精炼镍),钴副产品(具体形态未查实)",2500,"据研究任务简报援引USGS Minerals Yearbook,该厂鼎盛期年产镍金属约2500吨(至1990年代初);本普查项目第一轮研究(见『_checklist_reference_tables.json』内部交叉核对记录)独立确认USGS Minerals Yearbook『Table 11(分国家产品产量表)』明确记载阿尔巴尼亚1990年及1994年镍金属产量均为2500吨,与简报数字吻合,但USGS正文(World Review)部分并未点名具体厂址为埃尔巴桑——第一轮研究曾提示该产量也可能对应埃尔巴桑附近的塞里克(Cërrik)镇镍铁-铬铁联合厂,具体厂址存在双重可能性,本记录暂按研究简报及一般公开资料采用""埃尔巴桑""为厂址,标注存疑。本轮研究未能直接访问USGS原始PDF文献(pubs.usgs.gov返回403错误)进行独立核验。",1976,永久关闭,1991,1991,"存疑;推测为1990-1991年阿尔巴尼亚计划经济体制崩溃、苏东剧变后经济危机、原料及能源供应中断,以及中国技术支持终止后设备老化失修等因素综合导致停产,具体停产年份及直接原因本轮检索未能独立核实一手资料",2500,1990,,,,,,,"阿尔巴尼亚本土红土镍矿(具体矿山名称未查实,阿尔巴尼亚中部及东北部有多处红土镍矿床)","英文维基百科『Elbasan』条目确认:该市的冶金联合企业(阿尔巴尼亚语称""Çeliku i Partisë""，意为""党的钢铁"")系1970年代在中国援助下建成,是恩维尔·霍查时代阿尔巴尼亚重工业化的标志性项目,曾被官方称为""阿尔巴尼亚第二次民族解放""。该条目未直接点名镍钴产线细节,但确认该联合企业造成""什库姆宾河谷环境影响巨大"",埃尔巴桑""至今仍是阿尔巴尼亚污染最严重的城市之一""。研究任务简报及本项目第一轮研究(USGS Minerals Yearbook Table 11分国别数据交叉核对)一致确认阿尔巴尼亚1990、1994年镍金属产量均为2500吨/年,时间线与""1970年代末投产、1990年代初停产""的一般认知相符。由于本轮检索未能获取USGS原始PDF文献、阿尔巴尼亚语一手资料及Kurum International官网关于镍钴产线现状的确认,厂名确切归属(埃尔巴桑本身 vs. 附近塞里克镇)、具体工艺路线、投产/停产的精确年份均标注存疑,建议后续通过阿尔巴尼亚地质调查局、Kurum International年报或更完整的USGS Albania国别章节(如1994-1996年版)进一步核实。 【R3补充】补充负面证据：本轮检索英文维基百科『Cërrik』条目(阿尔巴尼亚埃尔巴桑州附近城镇，第一轮曾提示镍钴产量可能对应该镇而非埃尔巴桑本身)，该条目仅提及一座始建于1952年、1956年11月8日投产的炼油厂，完全未提及任何铁镍/镍钴冶炼联合企业。这一负面证据为'厂址应为埃尔巴桑本身而非塞里克(Cërrik)镇'提供了弱支持(英文维基百科对塞里克的条目覆盖本身可能不完整，故不能视为决定性证据，任务要求的'settle'仍未完全达成)，厂址归属问题建议后续通过阿尔巴尼亚语一手资料或该国地质矿业档案进一步核实。",,,,,,,,,,,,,,,R2-历史补漏,https://en.wikipedia.org/wiki/Elbasan,"https://en.wikipedia.org/wiki/Elbasan
https://en.wikipedia.org/wiki/C%C3%ABrrik"
NI-024,GL024,俄罗斯与独联体,乌克兰,Ukraine,基洛沃格勒州(Kirovohrad Oblast)，波布日谢(Pobuzke),波布日镍铁厂（PFK）,Pobuzhsky Ferronickel Plant (PFK),2026年5月起转为Avenir Group旗下（直接股东Avenir Baltic OÜ，爱沙尼亚；最终母公司Avenir Holding AG，瑞士）；2026年之前长期由Solway Investment Group（瑞士/国际矿业集团）持有,苏联时期建成（乌克兰唯一的镍铁生产企业，具体建厂年份本轮研究未能确认确切年份，一般文献称其为数十年历史的苏联时期冶金企业）→ 苏联解体后私有化，长期归Solway Investment Group旗下 → 2022年11月因俄乌战争电力/港口物流中断被迫停产 → 2026年5月Solway宣布出售给未披露具体身份的买方，经确认为Avenir Group（Avenir Baltic OÜ/Avenir Holding AG）,电炉镍铁(非RKEF)+其它(回转窑焙烧-矿热电炉还原熔炼),红土矿(褐铁矿型贫镍红土矿，基洛沃格勒州本地矿),镍铁(FeNi，乌克兰唯一的镍铁生产商),16000,"USGS《乌克兰矿产年鉴》2019年数据：铭牌年产能约10万吨镍铁（实物吨）；2018年实际产量镍铁79,537吨(含镍15,807吨)，2019年产量镍铁74,400吨(含镍14,200吨，较2018年下降6.5%)，当年处理镍矿石约135万吨。本记录capacity_t_ni_pa取100,000吨镍铁×约16%平均品位估算的含镍量做参考(约16,000吨)，具体换算请以capacity_note中的镍铁实物吨(10万吨)和2018/2019实际含镍产量为准。",1965,停产(可复产),2022,2026,俄乌战争：2022年10月22日俄军导弹袭击乌克兰能源基础设施导致停电，影响冶金工艺及取水系统，2022年11月1日起停产；此后受黑海港口物流封锁影响长期仅以约50%产能间歇性运行，并多次因电网持续遭袭而被迫再次停产；2026年5月所有权变更为瑞士Avenir Group后，新业主表态拟将部分厂区转型为'工业与能源园区'，是否会恢复镍铁冶炼生产尚不明朗，故未定性为永久关闭,7400,2022,7400,,,,,"Contained Ni, but figure is a 9-MONTH (Jan-Sep) 2022 partial-year figure, not a full calendar year -- reported here as the best available approximation for 2022 since the plant then stopped entirely. Source: 9M2022 raw ore processed 0.643 Mt (62.8% of 2021's pace), ferronickel output 42.299kt (77.5% of 2021's pace), contained nickel 7.4kt (63.5% of 2021's pace). Production was FULLY SUSPENDED on 1 November 2022 after Russian missile strikes (22 Oct 2022) damaged the power station supplying the plant, and has not resumed as of this research (matches baseline's 'idle, restartable' status). No 2023-2025 data (plant has been idle throughout).",基洛沃格勒州本地红土型镍矿（自有/长期供应商矿源，具体矿名本轮研究未确认）,波布日镍铁厂(PFK)是乌克兰唯一的镍铁生产企业，采用回转窑焙烧-矿热电炉还原熔炼工艺处理本地红土镍矿，长期由国际矿业集团Solway Investment Group运营。俄乌战争爆发后，该厂经历多轮停产：2022年3月起黑海港口封锁已导致该厂产能利用率降至约50%；2022年10月22日俄军对乌克兰能源设施的大规模导弹袭击造成区域停电，直接影响冶炼工艺用电及取水系统，该厂于2022年11月1日起全面停产。Solway集团在停产期间继续为全体员工发放工资（未参与关键维护的员工按乌克兰劳动法领取三分之二工资），并向乌克兰武装部队捐赠约16万美元医疗设备用于支持国防。此后该厂经历间歇性复产与再次停产（因电网持续遭袭）。2026年5月21日，Solway宣布经战略评估后决定出售该厂，买方身份最初未披露，后确认为总部位于瑞士的Avenir Group（通过爱沙尼亚子公司Avenir Baltic OÜ持股）。新业主在其官网表态，拟对部分厂区进行'工业与能源园区'改造，即'现有工业用地、建筑与基础设施的再利用'，措辞暗示可能不再以镍铁冶炼为主业，但未明确排除未来恢复金属生产的可能性，故本记录标注为'停产(可复产)'而非'永久关闭'，供后续跟踪确认。,"Unable to independently corroborate or contradict the index's claim of a May 2026 ownership transition to Avenir Group (previously Solway Investment Group), nor find updated 2025-2026 production/operational-status data, despite multiple search-phrasing attempts. Status and ownership retained unchanged from the index pending further verification. 【R4-未能核实】直接核对Solway集团2026年5月20日官方出售公告原文：该公告明确表示'由于合同保密义务，交易细节及买方身份不予披露'，公告本身完全未提及'Avenir Group'字样或任何'工业与能源园区'转型表述。这意味着master记录中'买方为Avenir Group'及'拟转型工业与能源园区'的具体信息来自Solway官方公告之外的二手信源(需通过gmk.center/interfax.com.ua等乌克兰专业媒体交叉核实，本轮WebSearch预算已耗尽，未能完成该项二次确认)。鉴于官方一手公告未反驳该信息，也未有新证据表明厂区已恢复镍铁生产，状态维持'停产(可复产)'不变，仅补充这一信源层级的说明供报告撰写者判断置信度。",未能核实,,,,"2台矿热电炉(ore-thermal furnaces)+3台管式回转窑(tubular rotary kilns, TOP)；工艺为回转窑焙烧还原+电炉熔炼。2020年计划大修：2号矿热电炉停机92天，3号回转窑停机67天。",镍铁(FeNi)，乌克兰唯一的镍铁生产商。,基洛沃格勒州本地红土型镍矿；2019年处理矿石135.3万吨(2020年计划133.5万吨)；2019年镍铁产量7.44万吨(镍金属含量1.42万吨)，2020年计划7.06万吨(镍金属1.51万吨)。,,,,长期由Solway Investment Group运营(回转窑焙烧-矿热电炉还原熔炼工艺)→俄乌战争爆发后：2022年3月黑海港口封锁致产能利用率降至约50%→2022年10月22日俄军导弹袭击乌克兰能源设施致区域停电，影响冶炼供电/供水→2022年11月1日起全面停产(Solway继续为全员发薪，未参与关键维护人员按劳动法领三分之二工资，并向乌军捐赠约16万美元医疗设备)→此后经历间歇性停复产(具体节点未进一步核实)→2026年5月Solway宣布经战略评估后出售该厂。,2026年5月起转为Avenir Group旗下(直接股东Avenir Baltic OÜ，爱沙尼亚；最终母公司Avenir Holding AG，瑞士)；2026年之前长期由Solway Investment Group(瑞士/国际矿业集团)持有。,中,R1-区域普查,https://pubs.usgs.gov/myb/vol3/2019/myb3-2019-ukraine.pdf,"https://pubs.usgs.gov/myb/vol3/2019/myb3-2019-ukraine.pdf
https://solwaygroup.com/2022/11/01/solways-ukranian-ferronickel-plant-halts-production
https://gmk.center/en/news/ukrainian-ferronickel-producer-works-at-50-workload-under-martial-law/
https://solwaygroup.com/2026/05/21/solway-investment-group-announces-sale-of-its-pobuzhsky-ferronickel-plant-following-strategic-review
https://new.pfk.com.ua/?lang=en
https://pfk.com.ua/pobuzhsky-ferronickel-plant-announces-2019-results/?lang=en
https://ru.interfax.com.ua/news/general/869539.html"
NI-025,GL025,俄罗斯与独联体,俄罗斯,Russia,车里雅宾斯克州，上乌法列(Verkhny Ufaley),乌法列镍厂,Ufaleynickel (OAO/JSC Ufaleynickel),已破产关闭；末任主要股东为OAO Binbank（2015年5月起）,1933年苏联建成投产，是乌拉尔地区最早的镍冶炼厂之一 → 苏联解体后私有化 → 2005年4月Industrial Metallurgical Holding收购97%股权 → 2015年5月股权转由OAO Binbank持有 → 2017年10月因逾160亿卢布债务被俄法院裁定破产，此后停产清算,"电炉镍铁(非RKEF)+其它(早期鼓风炉熔炼氧化镍矿,后期改用矿热电炉;曾配有电解精炼车间)",红土矿(褐铁矿/硅酸镍矿，含自有谢罗夫斯科耶(Serovskoye)矿区矿石),镍锍/粗镍（含与姊妹厂Rezhnickel供应的镍锍联合加工产品）,15000,2015年USGS《俄罗斯矿产年鉴》数据，年产能约1.5万吨镍，当时为俄罗斯第二大镍生产商（按该年鉴统计口径）。历史铭牌产能及历年变化未找到更细分数据，为待补充缺口。,1933,永久关闭,2017,2017,镍价长期低迷、经营持续亏损，叠加逾160亿卢布债务，2017年10月被俄法院裁定破产清算,,,,,,,,,自有谢罗夫(Serov)氧化镍矿区（矿石储量约1.7百万吨/年潜在开采能力，据Wikipedia Serov nickel deposit条目，但该矿本身未见配套冶炼厂投产记录）；并接收姊妹厂Rezhnickel熔炼的镍锍原料联合加工,乌法列镍厂始建于1933年，是苏联在乌拉尔地区开发氧化镍(红土型)矿床的代表性企业，长期采用鼓风炉/电炉工艺处理本地及外购的硅酸镍矿，并接收邻近雷日镍厂(Rezhnickel)冶炼的镍锍进行联合加工精炼。2005年被Industrial Metallurgical Holding收购绝对控股权，2015年5月股权转手至俄罗斯Binbank。受国际镍价长期低迷、能源及运输成本高企影响，公司持续亏损，最终因逾160亿卢布债务在2017年10月被裁定破产，与姊妹企业雷日镍厂同期破产（同属Рост银行(Rost Bank)主导的债务追偿案件）。据俄语行业媒体2022年报道，上乌法列原厂区正在建设一座新的锌冶炼厂以替代已关闭的镍生产（该信息仅见标题层面，具体细节本轮研究未能进一步核实，列为待确认线索）。,,,,,,,,,,,,,,,R1-区域普查,https://www.woodmac.com/reports/metals-ufaley-closed-nickel-operation-15927377/,"https://www.woodmac.com/reports/metals-ufaley-closed-nickel-operation-15927377/
https://d9-wret.s3.us-west-2.amazonaws.com/assets/palladium/production/atoms/files/myb3-2015-rs.pdf
https://interfax.com/newsroom/top-stories/55617/
https://dprom.online/metallurgy/tsinkovyj-zavod-vmesto-ufalejnikelya/
https://en.wikipedia.org/wiki/Serov_nickel_deposit"
NI-026,GL026,俄罗斯与独联体,俄罗斯,Russia,斯维尔德洛夫斯克州，雷日(Rezh),雷日镍厂,Rezhnickel (ZAO/OAO Rezhnickel),已破产关闭,1936年苏联建成投产（鼓风炉熔炼技术）→ 长期与乌法列镍厂同属关联企业/产业链（向乌法列供应镍锍原料）→ 2015年前后陷入财务危机，受俄罗斯Рост银行(Rost Bank)追债 → 2017年10月18日因约160亿卢布债务被俄法院裁定破产,电炉镍铁(非RKEF)+其它(历史鼓风炉熔炼氧化镍矿),红土矿（硅酸镍矿，南乌拉尔地区）,镍锍（供乌法列镍厂联合精炼加工）,,"USGS 2015年鉴给出'65,000公吨'产能，但未注明是否为含镍金属吨；结合乌法列镍厂含镍产能仅约1.5万吨/年判断，该数字更可能是矿石处理量或镍锍实物重量而非含镍金属吨，口径存疑，请后续核实换算关系。",1936,永久关闭,2017,2017,与乌法列镍厂同期破产：镍价低迷、经营长期亏损，叠加约160亿卢布债务，Рост银行主导的破产程序中于2017年10月被裁定破产,,,,,,,,,南乌拉尔地区本地氧化镍矿,雷日镍厂1936年投产，是苏联乌拉尔地区又一处采用鼓风炉技术处理氧化镍(硅酸镍)矿石的镍冶炼企业，其产出的镍锍历史上运往邻近的乌法列镍厂做进一步精炼加工，两厂在产业链和股权上长期关联。2015年前后两厂同时陷入财务危机，被俄罗斯Рост银行(Rost Bank)提起债务追偿，2017年10月18日雷日镍厂被俄法院裁定破产，与乌法列镍厂几乎同步关闭，标志着俄罗斯乌拉尔地区传统氧化镍冶炼产能的整体退出。,,,"USGS 2015年鉴'65,000吨'更可能为矿石/实物口径，含镍产能已置空，待核。",,,,,,,,,,,,R1-区域普查,https://www.woodmac.com/reports/metals-ufaley-closed-nickel-operation-15927377/,"https://www.woodmac.com/reports/metals-ufaley-closed-nickel-operation-15927377/
https://www.znak.com/2017-10-18/rezhnikel_priznan_bankrotom_iz_za_dolga_v_16_mlrd_rubley
https://metalukraine.com/2017/09/05/russia-rost-bank-bankrupting-rezhnickel.html
https://d9-wret.s3.us-west-2.amazonaws.com/assets/palladium/production/atoms/files/myb3-2015-rs.pdf"
NI-027,GL027,俄罗斯与独联体,俄罗斯,Russia,奥伦堡州，奥尔斯克(Orsk),南乌拉尔镍联合企业（奥尔斯克）,"South Urals Nickel Combine (Kombinat Yuzhuralnickel), Orsk",PAO Mechel（截至2025年12月仍为业主；CEO Igor Khafizov公开确认ЮУНК/南乌拉尔镍联合企业已列入公司2026年拟出售的非核心资产清单，出售进程正在推进中，尚未披露买方或成交时间）,1938年苏联建成投产 → 苏联解体后私有化 → 2000年代初由Мечел(Mechel)集团收购控股 → 2012年因经济原因停产封存 → 2015年俄罗斯联邦税务局对其提起破产程序 → 截至2020年公开报道Мечел仍持有并寻求出售，厂区处于'保养维护/封存'状态，未见完全清算拆除的最新消息,电炉镍铁(非RKEF),红土矿（褐铁矿型氧化镍矿）,镍锍/粗镍（历史产品）,,多份USGS《俄罗斯矿产年鉴》(2012/2013/2015)提及该厂但本轮研究未取得具体的含镍吨铭牌产能数字，列为待查缺口。,1938,保养维护(C&M),2012,2026,镍价长期低迷、高能源成本、原料及产品运输成本高导致持续亏损，2012年停产封存；2015年被俄联邦税务局申请破产程序,,,,,,,,,奥伦堡州本地褐铁矿型氧化镍矿,南乌拉尔镍联合企业(Южуралникель)1938年投产，是苏联在南乌拉尔地区继乌法列、雷日之后又一处氧化镍冶炼基地，2000年代初被钢铁与矿业集团Мечел(Mechel)收购。因国际镍价长期低迷、当地能源及运输成本高企，该厂自2012年起停产封存('законсервирован')。2015年10月，俄罗斯联邦税务局对其提起破产申请。截至2020年公开报道（Коммерсант等），Мечел管理层仍在就出售该厂与潜在买家洽谈，厂区维持封存状态，未见完全拆除清算的后续公开报道，2020年后的最新状态本轮研究未能进一步核实，列为缺口。,"No 2024-2026 update found via SMM news/internet search despite multiple phrasings; status (C&M since 2020, PAO Mechel ownership) retained unchanged from the index as unverified this round. 【R3】新证据(1prime.ru，2025-12-25)：Mechel新任CEO Igor Khafizov公开表示，公司正考虑出售包括'ЮУНК(Комбинат Южуралникель)'在内的多项非核心资产(另有Кузбассэнергосбыт、Мечел-Темрюк港、ЮК ГРЭС)，部分交易有望在2026年内完成，前提是剥离不会实质损害公司现金流/运营。未提及该厂具体地理位置(奥尔斯克)或当前保养维护状态是否有变化，但确认Mechel仍是业主且出售意向是2025年末的最新、公开、具名信息。 【R4-未能核实】尝试通过USGS《俄罗斯矿产年鉴》(2015版)获取该厂铭牌产能数字，请求返回403(访问被拒)，未能获取内容；metaltorg.ru等其它信源亦未提供产能吨位。capacity缺口维持未解决。Mechel 2025年12月表态拟出售该资产(已in master)仍是最新已知进展。",可能,,,,历史上电炉+竖炉冶炼(具体台数/规格未查到公开细节)。,镍锍/粗镍（历史产品，现已停产）。,奥伦堡州本地褐铁矿型氧化镍矿。,,,,1938年投产(苏联南乌拉尔地区继乌法列、雷日之后的氧化镍冶炼基地)→2000年代初被Mechel收购→2012年12月暂停镍铁生产→2014年全年停产→2014年12月31日正式关闭冶炼业务(同期Mechel旗下Buruktal、Sakhara两处红土矿亦停产)→2015年10月俄联邦税务局提起破产申请→截至2020年代公开报道厂区维持封存状态，未见拆除清算→2025年12月Mechel CEO公开表态该厂已列入2026年非核心资产出售清单(据任务原始记录，未获本轮独立信源交叉验证)。,PAO Mechel(截至2025年12月仍为业主)；出售进程据称正在推进，尚未披露买方或成交时间。,低,R1-区域普查,https://www.kommersant.ru/doc/4539131,"https://www.kommersant.ru/doc/4539131
https://www.aist.org/mechel-reports-halting-production-at-southern-urals-nickel-plant
http://rapsinews.ru/arbitration/20151029/274847963.html
https://www.ural56.ru/news/673599/
https://1prime.ru/20251225/mechel-865920487.html
https://d9-wret.s3.us-west-2.amazonaws.com/assets/palladium/production/mineral-pubs/nickel/myb1-2014-nicke.pdf"
NI-028,GL028,俄罗斯与独联体,俄罗斯,Russia,摩尔曼斯克州，蒙切戈尔斯克,北方镍厂（科拉矿冶公司精炼厂，蒙切戈尔斯克）,"Severonickel (Kola MMC Refining Plant), Monchegorsk",AO Kola MMC（科拉矿冶公司），为PJSC MMC Norilsk Nickel(Nornickel)全资子公司,1934年苏联决定建厂，1935年正式下令（设计年产能1万吨镍+1万吨铜）→ 1939年投产，同年首批商品镍产出 → 1942-1945年卫国战争期间设备疏散至乌拉尔及诺里尔斯克，1945年秋恢复生产 → 苏联解体后归俄罗斯化的Norilsk Nickel(RAO)持有 → 1998年11月16日与Печенганикель等整合组建统一的'科拉矿冶公司(Кольская ГМК/Kola MMC)' → 现为Nornickel旗下全资子公司,电解精炼(硫化镍阳极)+其它(历史电炉熔炼/羰基法镍粉粒生产),高冰镍/镍锍（2020年前部分来自本地Печенганикель熔炼车间；2020年该车间关闭后，全部依赖诺里尔斯克/极地分部供应的高冰镍）,电解镍(镍阴极)+羰基镍粉/镍粒+部分硫酸镍+历史上还有电解铜（本地铜熔炼车间已于2021年关闭）,,"未查到该厂独立的铭牌精炼产能数字。可参考数据：2016年整个科拉分部（含本厂+Печенганикель熔炼+扎波利亚尔内选矿厂）镍产量合计131,235吨；2021年该厂电解车间(ЦЭН-1)升级60槽电解槽（2006-2007年旧设备更新），2021年6月起产出'碳中和镍'。1963年该厂建成苏联首个羰基镍生产线；1979年建成电解铜生产。",1939,在产,2026,2026,,,,,,,,,"分部/单厂产量公司不披露；集团合并精炼镍 2022=218,970t、2023=208,577t、2024=205,067t、2025=198,521t 仅记于Nadezhda记录(NI-031)。",历史上依赖Печенганикель旗下凯乌拉(Kaula)、扎丹诺夫斯科耶(Zhdanovskoye)等矿及扎波利亚尔内(Zapolyarny)选矿厂精矿；2020年Печенганикель熔炼车间关闭后，本厂精炼原料主要改由诺里尔斯克(极地)分部供应的高冰镍,北方镍厂（Severonickel）是苏联最早的镍铜联合企业之一，1939年投产，卫国战争期间曾整体疏散至乌拉尔和诺里尔斯克，1945年秋恢复生产。该厂历史上兼具熔炼与精炼功能：1963年建成苏联第一条羰基法镍粉生产线，1967年建成硫酸装置，1979年建成电解铜车间，1986-1987年新建镍粒/镍粉车间。1998年，该厂与Печенганикель熔炼厂、扎波利亚尔内选矿厂整合组建统一的'科拉矿冶公司'。随着2020年12月Печенганикель熔炼车间关闭，本地不再自产镍锍，北方镍厂转为纯粹依赖诺里尔斯克供应高冰镍的精炼厂；2021年3月，该厂历史悠久的老铜熔炼车间也被关闭（主要针对铜冶炼，非镍冶炼），进一步聚焦精炼环节。2021年起该厂电解镍生产线升级并开始生产'碳中和镍'（依托诺里尔斯克水电清洁能源占比提升）。,"The Kola/Severonickel cobalt-refining facility (damaged by a 2022 fire) has completed a full rebuild; cobalt capacity is now reported at 3,000t Co/year, up from the pre-fire 2,500t. This confirms the site remains an active operating complex as of Dec 2025, but no nickel-specific standalone production figure was found this round beyond the group-wide Nornickel data. 【R4-未能核实】capacity与plant_level_split两项缺口本轮均未能解决：多个Nornickel年报URL猜测性访问均404(见NI-017说明，同一根因)，其它信源(kolagmk.ru公司历史页此前已引用)未提供独立铭牌精炼产能数字。 【R5】2025年12月《Ведомости》确认科拉GMK恢复全国唯一钴产线，公司在产且在扩产能力，但该报道及公司官网产品页均未给出镍金属产量吨数；建议产量字段改为null并注明'集团未按分部披露'。",确认,,Nornickel-Kola-Taimyr,精炼,"电解精炼(氯化浸出-电积)：1号电解车间(Tank-house #1)+2号电解车间(Tank-house #2，2019-2021年升级，合并精炼产能由120千吨/年提升至145千吨/年)；羰基镍粉/镍粒产线(1963年建成，苏联第一条)；硫酸装置(1967年)；电解铜车间(1979年建成，2021年3月关闭)；2021年更换60个聚合物混凝土电解槽(投资1.35亿卢布)，另计划90个。另在原址旁新建独立铜精炼厂('焙烧-浸出-电积'工艺，规划15万吨/年电解铜，投资约1,060亿卢布/13亿欧元，目标2025年建成)。",电解镍(镍阴极)+羰基镍粉/镍粒+部分硫酸镍；历史上还有电解铜(本地已停产，未来由新建铜精炼厂接续)。,历史上依赖Печенганикель旗下Kaula、Zhdanovskoye矿及Zapolyarny选矿厂精矿；2020年12月Печенганикель冶炼车间关闭后，本厂100%依赖诺里尔斯克(极地分部)供应的高冰镍，本地不再自产精矿冶炼。,2021年6月起宣称实现'碳中和镍'生产(通过供应链减排而非碳信用购买)，含乌斯季汉泰斯克水电站升级，将诺里尔斯克工业区可再生能源占比提升至55%。,,12600,1939年投产→卫国战争期间疏散至乌拉尔/诺里尔斯克，1945年秋恢复→1963年羰基镍粉线→1967年硫酸装置→1979年电解铜车间→1986-87年镍粒/镍粉新车间→1998年组建统一'科拉矿冶公司'(整合Severonickel+Печенганикель冶炼+Zapolyarny选矿)→2018年两车间合计产镍147千吨→2019-2021年电积产能扩建(120→145千吨/年)→2020年12月Печенганикель冶炼车间关闭→2021年3月老电解铜车间关闭(削减约3万吨/年排放)→2021-2025年新建独立铜精炼厂(15万吨/年，13亿欧元)。,AO Kola MMC(科拉矿冶公司)，为PJSC MMC Norilsk Nickel全资子公司。,高,R1-区域普查,https://kolagmk.ru/company/history/,"https://kolagmk.ru/company/history/
https://ar2016.nornik.ru/en/strategy/business-group/production/kola/
https://im-mining.com/2021/07/02/nornickel-upgrades-kola-division-electrowinning-plant-starts-production-carbon-neutral-nickel/
https://thebarentsobserver.com/en/industry-and-energy/2021/03/old-copper-plant-closed-good-emissions-over-kola-taiga-forest-cut-30000
https://www.pyrometallurgy.co.za/Mintek/Files/2007NickelSurvey.pdf
https://news.smm.cn/live/detail/103660227
https://nornickel.com/files/en/corporate_documents/company/profile/Nornickel_Factsheet.pdf
https://www.globalminingreview.com/handling-processing/29122021/kola-mmc-prepares-for-construction-of-copper-refining-plant/amp/
https://kolagmk.ru/company/products/
https://spb.vedomosti.ru/technology/articles/2025/12/08/1161474-kolskaya-gmk-vosstanovila-edinstvennii-v-strane
https://kn51.ru/2024/03/18/v-kolskoj-gmk-osvaivayut-vypusk-novogo-vida-nikelevoj-produkczii/
https://ar2024.nornickel.ru/business-overview/operational-performance
https://news.smm.cn/news/103744174
https://news.smm.cn/live/detail/103158444
https://nornik-upload.storage.yandexcloud.net/iblock/f5e/i2o2rf9s0nffsliymk52v4vnt048fjox/nornickel_production_results_fy2023_eng_full.pdf"
NI-029,GL029,俄罗斯与独联体,俄罗斯,Russia,克拉斯诺亚尔斯克边疆区，诺里尔斯克,诺里尔斯克镍厂（老镍厂）,Nickel Plant (Norilsk) [Никелевый завод],已关闭；末任业主为PJSC MMC Norilsk Nickel(Nornickel),1942年苏联建成投产，为诺里尔斯克矿冶联合企业最早的镍生产设施之一 → 历经苏联/俄罗斯国有化和1990年代私有化 → 最终归Nornickel所有直至2016年关闭 → 2016年后进入拆除清算阶段,硫化矿熔炼-电炉,硫化矿精矿（焙烧团矿/焙烧颗粒混合料）,镍锍（冰镍）,40000,2004年Mintek调查数据：3台矩形电炉，干固体进料能耗515kWh/t，镍回收率97.9%，对应年产能约含镍4万吨。该厂是诺里尔斯克最老旧的产能，2016年关闭前实际产量因设备老化推测显著低于设计值，但未找到关闭前最后一年的确切实际产量数据。,1942,已拆除,2019,2019,设备陈旧、基础设施磨损严重；环保（该厂当时约占诺里尔斯克地区大气污染的25%，年排放约40万吨SO2）；2014年Nornickel与俄罗斯联邦政府达成协议，以取消镍/铜阴极出口关税（价值约110亿卢布）换取公司承担关厂、拆除设备及员工安置的成本,,,,,,,,,同诺里尔斯克/塔尔纳赫自有矿及选矿厂精矿供应,该厂建于1942年二战期间，是苏联最早的镍生产设施之一，采用电炉工艺处理焙烧团矿/颗粒料。2016年6月27日停止冶炼作业，9月完全停产，生产职能转移至技术更先进的纳杰日达冶金厂。关闭后Nornickel启动系统性拆除工程：截至2019年6月已拆除全部主要机组，外运黑色废金属约1万吨、有色金属废料约3千吨，转移设备4000余台件至公司其他单位，并计划到2023年完成全部有价值设备和电缆网络的拆解及危险建筑物拆除。该项目消除了约600个大气污染源，停止了2处废水排放口。本记录关闭后拆除完成的确切年份未找到2023-2026年最新更新，暂以2019年报道中的规划年份(2023)作为status_year的参考上限，实际可能已全部拆除完毕，为存疑点。,,,,Nornickel-Kola-Taimyr,冶炼,,,,,,,,,,R1-区域普查,https://www.vedomosti.ru/business/articles/2016/06/28/647054-nornikel-zakrivaet-nikelevii-zavod,"https://www.vedomosti.ru/business/articles/2016/06/28/647054-nornikel-zakrivaet-nikelevii-zavod
https://www.ttelegraf.ru/news/byvshij-nikelevyj-zavod-razbirajut-kak-konstruktor/
https://nornickel.com/sustainability/projects/plant-closure/
https://newslab.ru/news/722387
https://www.pyrometallurgy.co.za/Mintek/Files/2007NickelSurvey.pdf"
NI-030,GL030,俄罗斯与独联体,俄罗斯,Russia,摩尔曼斯克州，佩琴加区，尼克尔镇,佩琴加镍厂（尼克尔镇冶炼厂）,"Pechenganickel Combine Smelter, Nikel",已永久关闭；末任业主为AO Kola MMC（Nornickel子公司）,1934年芬兰政府向英国蒙德镍公司(Mond Nickel Co.，国际镍业INCO子公司)授予开采权，成立Petsamon Nikkeli Oy → 1939年由加拿大-芬兰财团投产（战前锍产品运往德国）→ 1944年苏军占领佩琴加(Petsamo)地区，撤退德军部分破坏原厂及水电站 → 1944年底苏联政府下令重建 → 1946年11月19日恢复冶炼 → 苏联解体后归俄罗斯化Norilsk Nickel → 1998年并入科拉矿冶公司(Kola MMC) → 2020年12月永久关闭熔炼车间,硫化矿熔炼-电炉,硫化矿精矿（本地凯乌拉/扎丹诺夫斯科耶等矿，经扎波利亚尔内选矿厂选矿）,镍锍（冰镍，历史上运往蒙切戈尔斯克北方镍厂精炼为电解镍）,35000,2004年Mintek调查数据：2台矩形电炉，能耗770kWh/t，镍回收率97%，对应年产能约含镍3.5万吨。关闭前近年实际产量预计低于该设计值，但未找到关闭前最后一年的确切产量。,1946,永久关闭,2020,2020,环保（减少SO2排放，改善与挪威、芬兰接壤地区的空气质量，该厂长期被列为北欧最大的跨境污染源之一）+设备陈旧；2020年12月完全停止熔炼作业，此后陆续拆除烟囱等构筑物（2021年起）,,,,,,,,,凯乌拉(Kaula)矿（1944年复产）、扎丹诺夫斯科耶(Zhdanovskoye)矿床（1945年发现，1955年投产）、卡明基维/科采利瓦拉(Kammikivi/Kotselvaara)矿（1953年投产）；扎波利亚尔内(Zapolyarny)选矿厂（1965年投产，仅选矿不冶炼，未单列记录）,该厂前身为1934年芬兰授权、英资蒙德镍公司(INCO子公司)开发的Petsamon Nikkeli，1939年投产，二战期间锍产品曾供应德国，1944年苏军占领佩琴加地区后厂区遭撤退德军部分破坏。苏联政府1944年底下令重建，1946年11月19日恢复冶炼，成为战后苏联新增的镍产能之一。1955年因矿山开发新建扎波利亚尔内镇，1965年扎丹诺夫斯科耶选矿厂投产。1979年该厂在世界上首次实现用贫转炉炉气制取硫酸。1998年并入统一的科拉矿冶公司。因持续排放大量SO2、对俄挪芬三国边境地区造成严重环境影响，长期面临国际环保压力，Nornickel于2019年宣布计划关闭该冶炼车间，2020年12月正式永久关闭熔炼作业，成为该公司环保转型的标志性事件；此后当地矿山仍开采精矿运往诺里尔斯克或其他厂处理，但尼克尔镇本地不再冶炼。,,,,Nornickel-Kola-Taimyr,冶炼,,,,,,,,,,R1-区域普查,https://en.wikipedia.org/wiki/Nikel,"https://en.wikipedia.org/wiki/Nikel
https://kolagmk.ru/company/history/
https://www.thebarentsobserver.com/arctic-mining/mining-comes-to-end-in-nikel/110373
https://www.vedomosti.ru/press_releases/2020/12/23/nornikel-zakrivaet-plavilnii-tseh-v-poselke-nikel
https://polarjournal.ch/en/2021/03/03/closure-of-the-nikel-plant-at-last/
https://www.e-mj.com/leading-developments/nornickel-shuts-down-smelter-in-nikel-town/"
NI-031,GL031,俄罗斯与独联体,俄罗斯,Russia,克拉斯诺亚尔斯克边疆区，诺里尔斯克（泰梅尔）,纳杰日达冶金厂（纳杰日金斯基冶金厂）,Nadezhda Metallurgical Plant (NMP),PJSC MMC Norilsk Nickel（Nornickel）100%，波塔宁(Potanin)/Interros系为主要股东,1979-1981年苏联诺里尔斯克矿冶联合企业分阶段建成投产 → 苏联解体后转为俄罗斯化的RAO Norilsk Nickel(1990s初) → 1990年代私有化，最终由Interros/Vladimir Potanin控制的Norilsk Nickel/Nornickel持有至今,硫化矿熔炼-闪速炉+转炉吹炼,硫化矿精矿,镍高冰镍/镍转炉锍（运往科拉精炼为电解镍）+阴极铜+商品硫磺/硫酸+硒/碲+贵金属精矿,140000,2004年Mintek/JOM《世界有色金属熔炼厂调查》数据：2台奥托昆普(Outokumpu)闪速炉，对应新鲜精矿年处理含镍约14万吨，镍回收率94%。2023-2025年该厂进行了大规模硫计划(SO2捕集)技改（投资约1800亿卢布），但未查到技改后官方最新铭牌产能数字，故capacity仍以2004年数据为准，实际现状产能可能更高，需后续核实。,1979,在产,2026,2026,,198521,2025,218970,208577,205067,198521,,"集团口径：Nornickel合并精炼镍产量(Nadezhda处理极地分部全部精矿，故以其为集团数字挂靠点)；2022=218,970 2023=208,577 2024=205,067 2025=198,521。",塔尔纳赫(Talnakh)选矿厂与诺里尔斯克选矿厂精矿（仅选矿厂，非冶炼厂，本记录不单列），矿源为诺里尔斯克本地塔尔纳赫/奥克佳布尔斯基等自有矿山,纳杰日达冶金厂于1970年代末建成，是诺里尔斯克工业区技术最新、规模最大的硫化镍铜矿冶炼厂，采用闪速炉工艺处理塔尔纳赫和诺里尔斯克选矿厂供应的精矿。该厂产出的镍以高冰镍/转炉镍锍形式产出，历史上主要运往科拉半岛的北方镍厂(Severonickel)做电解精炼为阴极镍，自身不进行镍电解。2016年老'镍厂'关闭后，纳杰日达成为诺里尔斯克分部唯一的一次镍冶炼设施。2023-2025年该厂完成硫计划一期SO2捕集改造，投产于2023年10月，目标到2025年将诺里尔斯克地区SO2排放较2015年基线削减45%；因西方制裁，部分原定设备供应商被替换为其他供应商。2024年计划对2号闪速炉进行大修。,"Nornickel group-wide 2025 nickel output was 198,521t (-3% YoY), within the 196-204kt guidance range; 2026 group guidance is 193,000-203,000t. A major ~270-day overhaul is planned for Nadezhda in 2027 (roughly 50% capacity cut during the overhaul window) as part of a restructuring plan announced Feb 2026, alongside a plan to relocate the Copper Plant's smelting to China. No Nadezhda-specific standalone tonnage was found this round. 【R4-未能核实】plant_level_split缺口本轮未能解决，原因同NI-017/NI-028(Nornickel年报分部产量页面URL结构已变化，猜测性访问全部404，投资者关系页面也未能定位到可直接下载的分部产量PDF)。现有140,000吨/年(2004年Mintek口径)产能数据保持不变，未获得技改后最新铭牌产能。 【R5】Nadezhda冶炼厂作为诺镍主力镍冶炼设施持续运营(诺镍2024年报及生产简报均隐含其在产)，但未找到该厂单独镍产量拆分；现有产量字段与NI-017/028完全相同，确认系集团总数误用，应改为null。",确认,产能口径：14万吨/年为2004年Mintek口径；USGS 2003年鉴提及闪速炉改造目标24万吨/年，2015年起处理极地分部全部精矿，实际含镍处理量应显著高于14万吨。R5：Nornickel不按分部披露镍产量，集团数字仅挂靠本记录，Severonickel/Harjavalta产量列已置空以避免三重计数。,Nornickel-Kola-Taimyr,冶炼,"2台闪速炉(Outokumpu/Outotec型，2007年Mintek行业普查确认'2 Outokumpu flash furnaces'，年镍产能140,000吨)，每台配套渣清理炉(slag-cleaning furnace)+卧式(Pierce-Smith型)转炉，用于镍锍生产；另配Vanyukov炉+转炉+阳极炉，用于铜锍/阳极铜处理线(2011年批准的13亿美元现代化战略统一涵盖)。2号闪速炉已于2020-2024年'从零重建'：Metso Outotec获约9,000万欧元(约1.1亿美元)EPC合同(供货闪速炉+余热锅炉+自动化)，2022年上半年设备交付，2024年6月安装完成，2024年8月7日产出首批镍锍。1号闪速炉曾于2014年2-5月完成大修。",镍高冰镍/转炉镍锍(运往Kola/Severonickel精炼为电解镍)+阴极铜+商品硫磺/硫酸+硒/碲+贵金属精矿。,Talnakh选矿厂+诺里尔斯克选矿厂硫化铜镍精矿，矿源为诺里尔斯克本地Talnakh/Oktyabrsky等自有矿山。,2023-2025硫计划(Sulphur Programme)一期2023年10月投产、二期2024年9月投产，目标2025年将诺里尔斯克地区SO2排放较2015年基线削减45%；2024年该项目投入4.08亿美元(公司当年单项最大资本开支)。,未披露分厂/分部或吨镍口径现金成本；Nornickel仅披露集团层面2024年总现金运营成本51亿美元(同比2023年53亿美元下降3%)，未做吨镍或分部拆分——多渠道核实后确认为公司主动不披露，而非查找不足。,,"1970年代末建成(诺里尔斯克技术最新、规模最大的硫化镍铜矿冶炼厂)→2011年12月22日董事会批准13亿美元、2011-2025年现代化改造战略(两条闪速熔炼产线现代化)→2014年2-5月1号闪速炉大修→2016年老'镍厂'(1942年投产)关闭，Nadezhda成为极地分部唯一一次镍冶炼设施→2016年9月5日暴雨致沉淀坝溢流，污染水排入Daldykan河(重大环境事件)→2020年Metso Outotec获约9,000万欧元EPC合同建新2号闪速炉→2023年4月宣布建设'新型先进闪速炉'→2024年6月新2号闪速炉安装完成、8月7日产出首批镍锍→2023年10月/2024年9月硫计划一/二期分别投产→计划2027年对(另一台)冶炼炉全面重建，停机约270天、暂时消除约一半冶炼产能，为此2026年将对Copper Plant进行'铜转镍'中试作为临时替代方案，2026年集团镍产量指引19.3-20.3万吨('与2025年大体持平')。",PJSC MMC Norilsk Nickel 100%(波塔宁/Interros系为主要股东)；Nadezhda产出的镍锍运往Kola MMC/Severonickel做电解精炼(集团内部关系)。,高,R1-区域普查,https://nornickel.com/company/history/,"https://nornickel.com/company/history/
https://www.mining.com/web/nornickel-starts-sulphur-dioxide-capture-in-russias-most-polluted-city/
https://www.pyrometallurgy.co.za/Mintek/Files/2007NickelSurvey.pdf
https://ar2023.nornickel.com/business-overview/production-flow
https://tass.com/economy/1947173
https://news.smm.cn/news/103744174
https://news.smm.cn/news/103771780
https://www.metalinfo.ru/en/news/53494
https://im-mining.com/2020/12/17/metso-outotec-to-modernise-norilsk-nickels-nadezhda-smelting-line/
https://nornickel.com/news-and-media/press-releases-and-news/new-furnace-at-nadezhda-smelter-produces-first-batch-of-matte/
https://www.mining.com/web/nornickel-to-shift-part-of-nickel-output-to-copper-plant-during-repairs
https://nornik-upload.storage.yandexcloud.net/iblock/dab/ynbeyfhi9fp8qp0zz2woyc6u9yiepzbw/nornickel_production_results_2024_RUS_full.pdf
https://ar2024.nornickel.ru/business-overview/operational-performance
https://ar2023.nornickel.ru/business-overview/operational-performance
https://news.smm.cn/live/detail/103158444
https://nornik-upload.storage.yandexcloud.net/iblock/f5e/i2o2rf9s0nffsliymk52v4vnt048fjox/nornickel_production_results_fy2023_eng_full.pdf"
NI-032,GL032,俄罗斯与独联体,俄罗斯,Russia,奥伦堡州，斯韦特雷(Svetly),布鲁克塔尔(斯韦特雷)镍铁厂,Buruktal (Svetly) Ferronickel Plant — ООО «БНЗ» (Buruktalsky Nickel Plant),不详（历经多任失败接盘投资方：2019年ШЖРК于2021年11月9日被判破产；2020年托利亚蒂投资人短期租赁生产线后同样失败并引发刑事调查；截至已知最新公开报道[2021年11月]工厂仍在破产拍卖中，2022-2026年无任何复产或最终处置的公开报道）,不详——布鲁克塔尔(Буруктальское)氧化镍矿床自苏联时期起被反复地质勘探与研究（含铂族金属、金伴生），但本轮研究未找到关于配套冶炼厂是否建成、投产、关闭的一手资料,电炉镍铁(非RKEF)+其它(2014年改造采用瓦纽科夫炉),红土矿(褐铁矿),镍铁,,未找到产能数据。,,停产(可复产),2018,2026,,,,,,,,,,布鲁克塔尔(Буруктальское)氧化镍矿床，奥伦堡州斯韦特雷区,"本条为存疑记录，按普查'宁可多收，不要漏'的原则列入。研究checklist要求核实'Buruktal nickel plant (Svetly, Orenburg)'，但本轮研究（含多次网络搜索及网页抓取尝试）仅确认了布鲁克塔尔氧化镍矿床作为地质研究对象长期存在（如Springer 2003年论文研究其铂族金属和金的伴生特征），未能找到该矿床是否曾配套建成实际投产的冶炼厂、其历史产能、投产/关闭年份等任何一手资料。不排除历史上曾有小型试验性/中试冶炼设施，但缺乏证据支持。建议报告撰写者标注为'存在但未确认'，并在后续研究中通过俄语专业矿业数据库或Mechel/Nornickel历史文献进一步核实（本轮WebSearch配额已耗尽，未能完成更深入排查）。","No new evidence found this round; status remains unconfirmed as recorded in the index. 【R3】俄语检索证实：Буруктальский никелевый зав田/斯韦特雷镍铁厂(正式名称ООО«БНЗ»/Svetlinskiy Ferronickel Plant, 位于奥伦堡州斯韦特雷镇)确曾是一座实体在产镍铁冶炼厂，2014年起投资改造并采用瓦纽科夫炉(Vanyukov furnace)新工艺，但因镍价长期低于约10,500美元/吨的盈亏平衡线，2018年6-8月大规模裁员(250人)、试验性生产线关停、配套能源子公司破产，工厂于2018年8月30日被联邦税务局列入'问题企业'黑名单，全面停产。此后2019年底新投资方ШЖРК承诺复产但2021年11月9日自身也被判破产；2020年另一托利亚蒂投资人短租部分产能生产同样失败并演变为刑事调查案件。2021年6月仲裁法院判决追回涉2016-2018年的约25亿卢布违规交易；2021年11月最新报道显示工厂仍处于第N轮破产拍卖(起拍价约2.09-2.3亿卢布)。2022-2026年未查到任何复产、拆除或最终处置的公开新闻，形成'信息真空'。结论：该记录并非'从未建成的矿床'，而是一座已破产停产、长期待售的真实前镍铁冶炼厂。 【R4-未能核实】核查metaltorg.ru(该厂专页)及ural56.ru(2014年技改相关报道)两个已知信源原文，均未包含瓦纽科夫炉技改后的设计产能吨位数字；USGS俄罗斯矿产年鉴(2015版)请求403被拒。capacity缺口维持未解决。",确认,R3定案：俄语来源证实为真实建成并短暂投产的镍铁厂(2014年改造后)，2018年8月破产停产，2019/2020两任接盘复产失败，2021年11月仍在破产拍卖；2022-26无公开信息。R1/R2的“存疑/仅为矿源”标记撤销。,,,任务线索提及'2014年瓦纽科夫炉(Vanyukov furnace)改造'，但本轮多次WebSearch均未找到与Buruktal本厂直接相关的独立信源(检索命中的瓦纽科夫炉资料均指向诺里尔斯克Copper Plant、哈萨克斯坦Balkhash/Kazakhmys等其他厂)——该项技术线索本轮未能证实，维持为缺口。,镍铁（计划/历史产品，未确认曾商业化投产）。,布鲁克塔尔(Буруктальское)氧化镍矿床，奥伦堡州斯韦特雷区；仅确认作为地质研究对象长期存在(如铂族金属/金伴生特征研究)，未找到该矿床配套建成实际投产冶炼厂的一手资料。,,,,存疑记录：多任失败接盘投资方——2019年ШЖРК于2021年11月9日被判破产；2020年托利亚蒂投资人短期租赁生产线后失败并引发刑事调查；截至已知最新公开报道(2021年11月)工厂仍在破产拍卖中；本轮搜索未发现2022-2026年任何复产或最终处置的公开报道，缺口维持。,不详(历经多任失败接盘投资方，未见最终处置结果)。,低,R1-区域普查,https://link.springer.com/article/10.1023/A:1025571019435,"https://link.springer.com/article/10.1023/A:1025571019435
https://www.metaltorg.ru/buruktalskij-nikelevyj-zavod.htm
https://www.metaltorg.ru/catalogue/show.php?id=3498
https://companies.rbc.ru/id/1075635000430-ooo-buruktalskij-nikelevyij-zavod/
https://www.rusprofile.ru/id/2032610
https://oren.aif.ru/money/industry/ferronikelevyy_zavod_v_svetlom_snova_prodayut_novyy_investor_-_bankrot
https://www.ural56.ru/news/665555/
https://mashnews.ru/buruktalskij-nikelevyij-zavod-xochet-vernut-633-mln-rublej-za-propavshie-splavyi.html
https://regnum.ru/news/2462674.html
https://metalbulletin.ru/publications/4352/
https://vestirama.ru/novosti/bez-perspektiv-12082108.html"
NI-033,GL033,俄罗斯与独联体,俄罗斯,Russia,克拉斯诺亚尔斯克边疆区，金加什(Kingash)/切尔诺戈尔斯克,切尔诺戈尔斯克矿冶联合体（金加什镍铜铂族金属一体化项目）,Chernogorsky GOK (Kingash Ni-Cu-PGE integrated project),Russian Platinum（俄罗斯铂业）/ Intergeo MMC（持有采矿及勘探许可证）,金加什(Kingash)镍铜铂族金属矿床由Intergeo MMC持有两份采矿及勘探许可证；由Russian Platinum推进开发，2011年完成初步概念研究（预估资本支出27亿美元）；2025-2026年公开报道其一期工程(切尔诺戈尔斯克矿冶联合体)以铂钯生产为先导，计划2026年秋季投产,其它(说明:规划中拟建硫化矿熔炼，炉型未公开)+转炉吹炼（据Wood Mackenzie，项目设计为'从采矿到冶炼精炼一体化'的完整设施，但镍铜冶炼环节具体工艺及时间表未公开）,硫化矿精矿（自有金加什矿床，含镍、铜、铂族金属）,规划：铂/钯（一期，2026年）+镍精矿/镍锍（远期，具体产品形态未公开）,,未公开镍产品产能数字。Wood Mackenzie估计因项目为全流程一体化（采矿-选矿-熔炼-精炼），实际资本开支将'远超'2011年概念研究的27亿美元估算，并假设镍铜冶炼精炼部分要到2032年才可能投产；而俄语本地新闻(2026年)称一期工程（以铂钯精矿/金属生产为主）将于2026年秋季投产，两类信息在时间表和产品范围上存在差异，需后续核实。,,规划中或可研,2026,2026,,,,,,,,,,金加什(Kingash)镍-铜-铂族金属矿床，克拉斯诺亚尔斯克边疆区,金加什项目是俄罗斯Checklist中提及的西伯利亚镍铜铂族金属一体化开发项目之一，由Russian Platinum公司（关联Intergeo MMC采矿权）推进。2011年完成初步概念研究，预估资本开支27亿美元；Wood Mackenzie认为鉴于项目涵盖从采矿到冶炼精炼的全产业链，实际投资将远超该估算，并预计镍铜金属产出最早要到2032年才能实现。与此同时，2025-2026年俄罗斯本地媒体(Interfax、www1.ru等)报道该项目一期工程——切尔诺戈尔斯克矿冶联合体(Чернногорский ГОК)——将以铂、钯生产为先导，计划2026年秋季投产，克拉斯诺亚尔斯克边疆区地方政府对此进行了官方确认。目前看，该项目更明确的近期产出是铂族金属，镍铜熔炼精炼环节的具体时间表和技术路线尚不明朗，本记录按'规划中或可研'状态列入，供后续跟踪。,"No 2024-2026 progress update (permitting, construction start, financing) found this round despite search attempts; status retained as planning/feasibility stage per index. 【R3-未能核实】本轮检索确认已知信息未变：切尔诺戈尔斯克矿冶联合体一期工程(铂钯生产)计划于2026年秋季投产的地方政府表态(2026年7月Interfax、www1.ru等已收录)仍是最新公开信息，未查到更新的开工/投产确认或推迟消息。镍铜熔炼精炼环节的具体时间表(Wood Mackenzie估计最早2032年)未见更新。 【R4-未能核实】本轮受检索预算限制未对该记录展开新一轮专项检索(Wood Mackenzie报告为付费墙，且R3已确认2026年7月的最新公开信息)。capacity与status_unverified两项缺口维持不变，建议后续如有额外检索配额时优先跟进2026年秋季一期(铂钯)投产是否如期实现，以及镍铜熔炼环节是否有新的时间表。",未能核实,,,,,,,,,,,,,R1-区域普查,https://www.woodmac.com/reports/metals-kingashsky-nickel-project-15933000/,"https://www.woodmac.com/reports/metals-kingashsky-nickel-project-15933000/
https://interfax.com/newsroom/top-stories/114248/
https://www.e-mj.com/features/russian-platinum-to-grow-production/
https://www1.ru/en/news/2026/07/12/dlia-stroitelstva-sudov-i-samoletov-pervuiu-ocered-cernogorskogo-gok-po-proizvodstvu-palladiia-i-platiny-zapustiat-oseniu-2026-goda.html"
NI-034,GL034,俄罗斯与独联体,俄罗斯,Russia,克拉斯诺亚尔斯克边疆区，诺里尔斯克,诺里尔斯克铜厂,Copper Plant (Norilsk),PJSC MMC Norilsk Nickel（Nornickel）100%,苏联时期建成（推测约1940年代末，本次研究未能确认精确建厂年份，为存疑点）→ 苏联解体后私有化 → 现为Nornickel全资子公司；2024年起公司宣布拟将该厂铜熔炼产能迁往中国（与厦门建发等中方伙伴合资），原厂计划同步退役,转炉吹炼+其它(铜电解精炼),硫化矿精矿+镍铜锍（来自塔尔纳赫/诺里尔斯克选矿厂及本公司熔炼中间品）,阴极铜（主产品）+镍转炉锍（副产品，供科拉分部精炼为电解镍）+商品硫磺+硒/碲锭+贵金属精矿,,该厂并非独立的镍金属最终产品生产厂——镍以转炉锍（中间品）形式产出后运往科拉精炼为电解镍，主产品是阴极铜，故未查到该厂独立的'含镍吨'产能数据。checklist中'Ni production stopped'的表述有误：该厂持续产出含镍转炉锍，从未生产精炼镍（精炼镍历史上一直由科拉北方镍厂完成），并非'停产'而是'从未生产最终镍产品'。 | R4：澄清(呼应任务要求)：诺里尔斯克铜厂并非独立的'镍金属'生产厂——其镍相关产出仅为转炉锍(中间品/副产品)，运往科拉分部(北方镍厂)精炼为最终电解镍；该厂自身从未生产精炼镍或镍金属最终产品，因此不存在可比口径的'镍冶炼产能(t Ni/a)'——capacity_t_ni_pa应理解为'不适用(N/A)'而非真正的数据缺口，特此明确基准。Nornickel计划2026年在该厂试点'镍熔炼中试'(nickel-smelting pilot，见master verify_2026_note)，若该试点投产，未来可能产生可独立计量的镍中间品吨数，但本轮未查到该试点的开工时间或任何产量数据。,,在产,2026,2026,,,,,,,,,,同诺里尔斯克/塔尔纳赫自有矿及选矿厂精矿供应,该厂是诺里尔斯克工业区的铜冶炼与精炼中心，处理精矿及公司内部镍铜锍，产出阴极铜为主产品，同时产出含镍的转炉锍副产品供应科拉分部精炼。因西方制裁导致铜产品市场准入受阻、环保设备采购困难，Nornickel总裁波塔宁于2024年4月证实计划将该厂的铜熔炼产能迁至中国，与厦门建发(Xiamen C&D)等中资企业合资建厂，目标2027年年中建成投产，届时将同步安排诺里尔斯克现有铜厂设施的退役；同时公司扩建多金松卡(Dudinka)和摩尔曼斯克码头设施，以通过北方海航道每年外运约200万吨铜精矿至中国。截至2026年该厂仍在诺里尔斯克本地运营，尚未关闭。,"Nornickel plans to relocate the Copper Plant's copper-smelting capacity to China, targeting closure of the Arctic copper plant by mid-2027; discussions are ongoing with Xiamen C&D for a JV to process the copper feedstock in China. As a bridge, a nickel-smelting pilot is planned to begin at the Copper Plant in 2026 to help offset Nadezhda's planned 2027 major overhaul. The plant remains operating as of early 2026. 【R4】按任务要求完成澄清：该厂产出的是转炉锍(镍铜锍)而非镍金属，capacity/production两项字段本质为'不适用'而非'未查到'，已在capacity_note中说明基准。2026年镍熔炼中试计划(用于对冲Nadezhda 2027年大修产能损失)进度未获更新。",确认,,Nornickel-Kola-Taimyr,冶炼,与Nadezhda共同纳入2011年批准的13亿美元现代化战略：铜锍/阳极铜处理线含Vanyukov炉+转炉+阳极炉(具体台数/吨位未见独立披露)。2026年内计划开展'铜转镍'设备中试改造，为2027年Nadezhda大修期间提供约一半冶炼产能的临时替代，公司正准备将设施从产铜切换为产镍锍的转换设备。,阴极铜(主产品)+镍转炉锍(副产品，供科拉分部精炼为电解镍)+商品硫磺+硒/碲锭+贵金属精矿。,与Nadezhda共用Talnakh/诺里尔斯克选矿厂精矿及公司内部镍铜锍。,,,,因西方制裁导致铜产品市场准入受阻、环保设备采购困难，总裁波塔宁2024年4月证实计划将该厂铜熔炼产能迁至中国，与厦门建发(Xiamen C&D)等中资企业合资建厂，目标2027年年中建成，届时同步安排诺里尔斯克现有铜厂设施退役；同期扩建多金松卡(Dudinka)和摩尔曼斯克码头设施，以经北方海航道年运约200万吨铜精矿至中国；截至2026年该厂仍在诺里尔斯克本地运营，尚未关闭；2026年2月披露将被赋予'临时镍锍代工厂'新角色(对应2027年Nadezhda 270天停机检修)，2026年内先行中试——该厂关闭外迁计划与临时产镍角色在2027年时间点上是否存在执行冲突，公开信息未做说明。,PJSC MMC Norilsk Nickel 100%；未来铜熔炼产能拟与厦门建发(Xiamen C&D)等中资企业在中国合资建厂(具体股权结构未披露)。,中,R1-区域普查,https://interfax.com/newsroom/top-stories/101633/,"https://interfax.com/newsroom/top-stories/101633/
https://etc.bellona.org/2024/06/12/nornikel-moves-to-china/
https://www.mining-technology.com/news/nornickel-copper-production-china/
https://news.smm.cn/news/103771780
https://news.smm.cn/live/detail/103771558
https://news.smm.cn/news/103173257
https://www.mining.com/web/nornickel-to-shift-part-of-nickel-output-to-copper-plant-during-repairs
https://nornickel.com/business/assets/norilsk-division/"
NI-035,GL035,俄罗斯与独联体,哈萨克斯坦,Kazakhstan,东哈萨克斯坦州，别斯卡拉盖区(Beskaragay District),哈萨克镍业（戈尔诺斯塔耶夫斯科耶镍钴原位溶浸项目）,Kaznickel (Gornostayevskoye Ni-Co ISL Project),Kaznickel LLP，为Fincraft Resources JSC（哈萨克斯坦金融/矿业集团）旗下镍钴板块公司,戈尔诺斯塔伊(Gornostay)镍钴矿田自2018年起开展原位溶浸(ISL)中试试验 → Fincraft Resources JSC通过其子公司Kaznickel LLP持有该项目开发权，推进商业化建设,其它(说明:钻孔原位溶浸ISL/In-Situ Leaching，不经采矿直接从地下矿体溶浸提取镍钴，属尚未在镍行业规模化应用的创新工艺),红土矿(镍钴氧化矿，地下矿体原位浸出，不提升至地表),规划：镍（浸出液/中间品，具体最终产品形态如MHP/硫酸镍等未公开）+钴产品,20000,"MINEX Forum(2025年1月)报道称满负荷设计产能为年产2万吨镍；据2022年USGS哈萨克斯坦矿产年鉴，规划中处理矿石规模为年160万吨，产出约13,500吨镍精矿含镍量（口径与MINEX的2万吨存在差异，可能对应不同建设阶段或统计口径，需后续核实）。左岸(Levoberezhny)矿段估算储量为镍793,600吨、钴54,270吨（另一来源CSA Global 2019年评估给出全许可区镍627,600吨、钴42,230吨），两组储量数据略有差异，均予保留。",,在建,2025,2025,,,,,,,,,,戈尔诺斯塔伊(Gornostay)镍钴矿田（含左岸Levoberezhny矿段），由额尔齐斯河(Irtysh)分隔，位于东哈萨克斯坦州别斯卡拉盖区，距塞梅伊(Semey)约110公里,"该项目采用钻孔原位溶浸法(ISL)开发镍钴矿藏，是该技术首次尝试规模化应用于镍矿开采——不同于常规采矿+选矿+冶炼路线，直接通过地下钻孔向矿体注入浸出剂并抽取含镍钴浸出液，旨在降低环境影响、实现生产自动化并降低开采成本。该工艺自2018年起在矿区开展中试试验，2025年1月公开听证会（哈萨克斯坦官方规划1月23日举行）显示项目已进入商业化建设前期，开发周期规划长达18年（2026-2046年），预计需钻探约33,000口工艺井，并配套建设硫酸储存等基础设施。据Fincraft Resources官网，截至研究时点已完成前期准备工作，正处于从中试向商业化生产过渡阶段（'矿井启动和金属提取相关工作正在进行中'）。哈萨克斯坦另有一处独立的谢甫琴科夫斯科耶(Shevchenkovskoye)镍钴矿床（位于科斯塔奈州日蒂卡拉区，储量约107.5万吨镍钴，平均镍品位0.79%），据2025年学术研究文献，目前仅停留在处理工艺可行性研究阶段，未见任何配套冶炼/浸出厂建设或规划，故未单独立卡，仅在此说明供报告撰写者参考。哈萨克斯坦此前另有'SAT&Co'公司网站提及'镍/镍铁'业务板块的线索，但因网站证书/访问问题本轮研究未能核实其真实性与具体内容，列为待确认线索。","Found an undated secondary source stating that 'SAT & Company' (via its Yetis Ferronickel Plant subsidiary) previously acquired 100% of Kaznickel LLP (holder of Gornostai deposit exploration rights since 2004) — this appears to conflict with, or reflect an earlier link in, the index's Fincraft Resources JSC ownership attribution; the discrepancy could not be resolved this round and the index owner is retained unchanged. No 2025-2026 ISL construction-progress evidence was found. 【R3-未能核实】补充历史脉络：一份2019年公司页面显示，Kaznickel当时已完成从纯勘探向中试生产的过渡——2019年5月开展中试场地准备，7月获批中试生产许可，10月即从矿床原地浸出获得'首个含镍生产溶液'，随后开始工业基础设施建设及矿石酸化作业。这与已知的2025年1月MINEX Forum报道('筹备启动商业化建设听证会，18年开发周期2026-2046年，需钻探约33,000口工艺井')衔接一致，表明项目technology路径(中试成功)已验证多年，当前(2025-2026)正从中试阶段转向大规模商业化建设的许可与融资准备阶段。本轮未查到2025年1月之后关于实际开工建设的新进展，维持'在建'状态（严格而言更接近'中试已验证+商业化前期准备'，但因已有实际井位施工历史，暂不下调至'规划中或可研'）。 【R4-未能核实】直接访问kaznickel.kz官网，发现网站'新闻'板块最新内容仅到2021年10月(公司治理改善的表述)，未见任何2022-2026年更新，2019年中试阶段的描述与已知信息一致。这意味着官方网站本身滞后，现有最新、最可信的进展信息仍是master记录中已引用的2025年1月MINEX Forum听证会报道(18年开发周期、约33,000口工艺井)。status_unverified缺口未能通过官网获得新证据解决，状态维持'在建'不变。",未能核实,,,,"无炉；ISL(原位溶浸)工艺，规划钻探约33,000口工艺井，18年开发周期(2026-2046)。",中试阶段浸出液达48.5%镍精矿品位；最终商业化产品形态(MHP/硫酸镍等)未公开。,戈尔诺斯塔伊(Gornostay)镍钴矿田(含左岸Levoberezhny矿段)，东哈萨克斯坦州别斯卡拉盖区，距塞梅伊约110公里。,,,,"2018年起中试试验→2020-2023年中试运行，产能仅120吨/年、达48.5%镍精矿品位(与规划商业产能20,000吨/年相差约167倍，反映项目仍处早期验证阶段)→2025年1月23日官方规划公开听证会，显示项目已进入商业化建设前期准备→规划2026-2046年商业化开发(约33,000口工艺井)。",Kaznickel LLP，为Fincraft Resources JSC(哈萨克斯坦金融/矿业集团)旗下镍钴板块公司。,低,R1-区域普查,https://minexforum.com/2025/01/21/kazakhstan-prepares-for-the-launch-of-gornostayevskoye-nickel-cobalt-deposit/,"https://minexforum.com/2025/01/21/kazakhstan-prepares-for-the-launch-of-gornostayevskoye-nickel-cobalt-deposit/
https://www.fincraftresources.kz/activity/kaznickel_llp?language=en
https://pubs.usgs.gov/myb/vol3/2022/myb3-2022-kazakhstan.pdf
https://www.mdpi.com/2075-4701/15/8/876
http://www.nstl.gov.cn/paper_detail.html?id=d463467931103a481b0079db8a4b7964
https://www.kaznickel.kz/
https://fgroup.kz/Nickel_Cobalt.html"
NI-036,GL036,东北亚(日韩台),中国台湾,Taiwan,"高雄市大发工业区 (Ta-Fa Industrial District, Kaohsiung)",台湾镍业精炼股份有限公司,Taiwan Nickel Refining Corporation,不详(1982年设立时代表人J. M. Shih；现状及最新股权未确认),1982年设立 → 后续股权变动未查得,其它(说明：进口氧化镍烧结块及粗镍进行再加工/精炼，具体冶金工艺路线未确认，可能为熔炼还原或电解精炼),不详,镍(精炼镍，具体产品形态未确认),18000,"USGS《The Mineral Industry of Taiwan》2020-2021年版列该公司高雄厂精炼镍年产能约18,000公吨；同报告脚注称'台湾精炼镍产量因资料不足未能可靠估算'，暗示实际产量数据长期缺失或产量可能很低。",1982,不详,2012,2012,未确认；据ImportGenius贸易记录，该公司进口活动最后记录止于2012年7月14日(数据库覆盖范围2006-2019年)，此后未见任何进口/生产活动记录，推测可能已大幅减产或停产，但无直接停产公告可确认，故状态列为'不详'而非'永久关闭',,,,,,,,,进口氧化镍烧结块/粗镍(unwrought nickel)，来源国别不详(可能含日本Tokyo Nickel/Vale Japan等供应商，未确认),"台湾唯一被USGS官方记录的镍精炼企业，1982年成立于高雄大发工业区，以进口氧化镍烧结块和粗镍(镍丸、镍片等)为原料进行再加工；台湾本身不产镍矿，该厂定位为区域性镍原料再加工基地。ImportGenius贸易数据显示其进口记录止于2012年，此后活跃度存疑；2019-2021年USGS年鉴仍列示其18,000吨产能，但同时脚注承认台湾镍产量数据'资料不足难以可靠估计'，反映该产能数字可能已经过时，未必代表实际运营状况。建议后续研究通过台湾经济部商业司登记资料或当地企业信用调查(如台湾公司登记查询系统)核实其2020年代运营状态。",多次专门检索均未找到关于该公司当前经营状态的任何信息，round-1记录（不详，2012年）维持不变，标记为持续未能核实。 【R3-未能核实】本轮以中文('台灣鎳精煉股份有限公司 高雄'、'台灣鎳業')及英文('Taiwan Nickel Refining Corporation Kaohsiung status')多次专门检索，仍未找到该公司当前经营状态的任何一手信息（官网、新闻稿、公司登记查询均未获得）。搜索结果持续被高雄地区其他产业新闻(半导体、AI算力中心、电池中心、炼油厂等)淹没，也未在SMM中文资讯库、Bloomberg公司页面(仅显示基本信息无最新动态)中找到更新。附带发现：中国大陆精炼镍2025-2026年持续大量出口至'中国台湾'(且占比常在9%-47%区间，2025年9月一度达47%)，以及台湾《中国台湾不锈钢价格下半年走势面临挑战》(2026-06-24 SMM)提及'烨联钢铁及唐荣铁工所等中国台湾上游不锈钢厂'受镍价及印尼供应政策影响调价——但这些均指区域贸易/交割仓库活动及下游不锈钢厂，并非该镍精炼公司本身的经营证据，不能作为其仍在产的确证。结论：未能核实，维持'不详'状态。 【R4-未能核实】本轮通过台湾经济部商工登记公示资料开放API（构造查询URL，分别用'台灣鎳精煉股份有限公司'及'台灣鎳業精煉股份有限公司'两种拼写查询）尝试直接核实登记状态，两次查询均返回HTTP 200但内容长度为0（即无匹配记录），另尝试company.g0v.tw镜像站（DNS解析失败）及中文关键词搜索（结果均与高雄其他产业新闻无关）。未能获得该公司当前登记状态或经营状态的任何新证据，维持'不详'。 【R5-未能核实】登记地址核实为高雄大寮区大发工业区兴业路40号，1982年设立，资本额新台币1.122亿元；历史上以进口自加拿大Vale Canada Limited的'氧化镍烧结块'为原料在台再加工，但贸易记录显示的最近可辨识活动约在2012年年中，2013年后活跃度存疑；未能通过findbiz.nat.gov.tw/twincn.com搜索引擎快照确认公司登记是否仍存续或已解散/废止，建议下一轮用交互式查询工具直接检索统一编号。,未能核实,口径提示：属中国台湾地区设施，因用户排除范围为中国大陆与印尼，此处单列保留，可按需剔除。,,,,,,,,,,,,R1-区域普查,https://business.com.tw/cop/com.php?id=k265pdf9hozof4o,"https://business.com.tw/cop/com.php?id=k265pdf9hozof4o
https://pubs.usgs.gov/myb/vol3/2020-21/myb3-2020-21-taiwan.pdf
https://www.importgenius.com/importers/taiwan-nickel-refining-corporation
https://www.bloomberg.com/profile/company/0786434D:TT
https://news.smm.cn/live/detail/103968722
https://news.smm.cn/news/103632373
https://news.smm.cn/news/103580150"
NI-037,GL037,东北亚(日韩台),日本,Japan,"愛媛県新居浜市 (Ehime Prefecture, Niihama)",新居浜镍精炼厂,Niihama Nickel Refinery,"住友金属矿山株式会社(Sumitomo Metal Mining, SMM) 100%",1939年住友系统建成投产电解镍装置 → 一直由住友金属矿山株式会社(SMM)运营至今，未变更所有权,电解精炼(硫化镍阳极)+氯化浸出-电积+硫酸镍精炼(中间品/高冰镍),混合,电解镍、电解钴、硫酸镍、氯化镍,65000,"R3修正：住友金属矿山新居浜镍精炼厂电解镍实际产量FY2022-FY2025为5.28-6.62万吨，原36,000吨(2021年口径)已过时；按公司披露的电解镍产能约6.5万吨/年录入。| 原备注：USGS《Minerals Yearbook》1995、2001、2003、2008、2017-18年各版电解镍产能均列36,000吨/年；2019年版改列27,000吨/年（原因未明确说明，可能因部分镍锍原料转投硫酸镍产线）。此外，Wood Mackenzie(2023年报告)另将'新居浜硫酸镍精炼线'列为独立产品线：2021年产能7.0千吨含镍/年，实际产量6.5千吨；SMM于2021年7月宣布再投资约360亿日元(约3.6亿美元)扩建新居浜电池级硫酸镍(阴极材料)产能，目标2025年完工。电解镍与硫酸镍两条产线合计的官方总产能数字未见公开汇总，故capacity_t_ni_pa采用历史最常见的电解镍产能口径(36,000吨)，其余口径均列于此说明中，不强行调和。",1939,在产,2024,2026,,66200,2025,52800,59300,60100,66200,15113,"Contained Ni, electrolytic nickel. SMM's own fiscal-year labels (SMM FY = Apr-Mar, e.g. FY2025=Apr2025-Mar2026), read directly off the FY2022-FY2025 actual bar chart in SMM's 2026-05-18 management strategy presentation. prod_2026H1 field holds the FY2026 Q1 (Apr-Jun 2026) ACTUAL only (15,113 t), not a full H1 — no H1 FY2026 filing exists yet as of this research. Note: production includes tolled/consigned material per SMM footnote, and now exceeds the baseline record's stated 36,000 t/yr capacity every year shown — that capacity figure appears stale.",无自有矿山；镍锍(70-80%Ni)历史上进口自澳大利亚、印尼；MHP/MSP(60%Ni混合硫化物)来自SMM旗下菲律宾子公司Coral Bay Nickel Corporation及Taganito HPAL Nickel Corporation(HPAL工艺),1939年由住友系统建成投产电解镍装置，最初采用鼓风炉熔炼+金属阳极电解工艺；1975年旧工艺关闭，改用氯化物冶金新工艺，逐步发展为如今的MCLE（镍锍氯化浸出-电解沉积法，Matte Chlorine Leach Electrowinning）五段工艺；目前是日本国内唯一生产电解镍及电解钴的工厂。2000年代起新增以HPAL中间品(MSP/MHP)为原料的硫酸镍产线，服务电动车电池材料市场；2021年SMM宣布进一步扩产新居浜电池级硫酸镍(阴极材料前驱体)产能，目标2025年完工。latest_production_t_ni字段仅为2021年硫酸镍产线数据(6.5千吨)，非全厂电解镍总产量，因未查得电解镍产线近年产量而暂缺。,"住友金属矿山未按厂区拆分披露产量，仅有公司合并口径数据：2024财年三季度（2024年10-12月）合并镍产量18,800吨（电解镍1.4万吨+硫酸镍4,300吨+水淬镍1,100吨），环比-15.3%；其后一季度（2025年1-3月/2025财年四季度）合并产量22,000吨（电解镍1.66万吨+硫酸镍4,500吨+水淬镍900吨），同比+9.95%。公司预计2026年全球镍市过剩量约25.6万吨（受印尼低品位NPI增长4.1%至176万吨驱动）。Niihama/Harima单厂数据未见披露。",可能,,SMM-Philippines-Japan,精炼,无高温炉；MCLE(镍锍氯化浸出-电解沉积)五段湿法工艺：①破碎(镍锍粉碎)→②氯化浸出(利用电解自产氯气与镍锍反应)→③溶液净化(除杂并分离镍/钴溶液)→④电解(阴极电积)→⑤切割包装；氯气闭路循环使用。电解槽/阴极产线具体台数未在公开资料中披露。1939年建厂初期为鼓风炉+金属阳极电解工艺，1975年旧工艺关闭后改为现行MCLE湿法体系。,"电解镍(日本国内唯一)、电解钴、硫酸镍、氯化镍；2015年电解镍/钴阴极产能目标达65,980吨/年；FY2025(2025年4月-2026年3月)电解镍实际产量66.2千吨，FY2026预测64.7千吨（因转产新型电池材料品种而计划减产）。","原料构成：镍锍(matte, Ni 70-80%，2005年前为主要原料)+镍钴混合硫化物(MS/MSP, Ni 50-60%，来自SMM旗下菲律宾Coral Bay Nickel Corporation HPAL厂，2005年后占比上升；2013年Taganito HPAL Nickel Corporation二期HPAL厂投产后MSP供应进一步增加)。SMM也在文献中提及原料含PT Vale Indonesia供应的高冰镍，但本轮检索未找到可直接引用该来源占比的一手资料，列为待补充信息。",未查得自备电厂或具体电网/单耗数据；愛媛県新居浜市，推测由四国电力供电，未经一手资料证实。,,,"1939投产(鼓风炉+金属阳极电解)→1975旧工艺关闭改用MCLE氯化冶金新工艺→2005年前后原料从镍锍逐步转向HPAL中间品(MS)→2009年电解镍产能由36千吨扩至41千吨→2013年Taganito第二条HPAL产线投产→2015年阴极产能达65,980吨/年目标→2021年SMM宣布投资约64亿日元(含播磨)扩建电池级硫酸镍产能，目标2025年完工→FY2025电解镍实际产量66.2千吨，FY2026预测64.7千吨(计划性减产，因产品结构向新型电池材料转换)。",住友金属矿山(SMM)100%全资；MSP/MS原料全部由SMM旗下Coral Bay Nickel Corporation及Taganito HPAL Nickel Corporation(菲律宾)供应给新居浜。,中,R1-区域普查,https://www.smm.co.jp/en/corp_info/location/domestic/nickel/,"https://www.smm.co.jp/en/corp_info/location/domestic/nickel/
https://onemine.org/documents/nickel-industry-in-japan
https://d9-wret.s3.us-west-2.amazonaws.com/assets/palladium/production/mineral-pubs/country/1995/9314095.pdf
https://d9-wret.s3.us-west-2.amazonaws.com/assets/palladium/production/mineral-pubs/country/2003/jamyb03.pdf
https://d9-wret.s3.us-west-2.amazonaws.com/assets/palladium/production/mineral-pubs/country/2008/myb3-2008-ja.pdf
https://pubs.usgs.gov/myb/vol3/2017-18/myb3-2017-18-japan.pdf
https://pubs.usgs.gov/myb/vol3/2019/myb3-2019-japan.pdf
https://www.woodmac.com/reports/metals-niihama-smm-nickel-sulphate-refinery-150006841/
https://pubs.usgs.gov/myb/vol3/2020-21/myb3-2020-21-japan.pdf
https://news.smm.cn/live/detail/103193256
https://onemine.org/documents/increasing-capacity-of-nickel-product-at-niihama-nickel-refinery
https://www.smm.co.jp/ir/event/roadshow/pdf/2025/260518_setsumeikai.pdf
https://www.jstage.jst.go.jp/article/journalofmmij/123/12/123_12_678/_article/-char/en
https://www.smm.co.jp/news/release/uploaded_files/20260810_results_JP.pdf"
NI-038,GL038,东北亚(日韩台),日本,Japan,不详(推测东京都内，可能为板桥区志村一带，未确认),志村化工株式会社(电解镍厂，历史),"Shimura Kako Co., Ltd.",已停止独立生产；1979年后转为住友金属矿山的委托加工方，现状未确认,1951年创立开始少量生产电解镍 → 1979年安排与住友金属矿山的整体委托加工合同(toll契约)，退出独立电解镍生产,硫化矿熔炼-反射炉/鼓风炉(历史),红土矿(腐殖土),电解镍(E-Ni),,史料仅载1957年月产量峰值达400吨，未见年化设计产能的官方数字；1963年停止自建竖炉熔炼(改为进口镍锍精炼)，1979年电解镍生产完全终止。,1951,永久关闭,1979,1979,经营/原料成本问题：1963年起停止自建竖炉熔炼、改依赖进口镍锍精炼，最终1979年全面退出电解镍生产，转为住友金属矿山的委托加工(toll)方,,,,,,,,,新喀里多尼亚红土矿(garnierite)，为1955年竖炉投产的原料,日本战后早期少数几家独立电解镍生产商之一，1955年建成竖炉冶炼新喀里多尼亚红土矿，1957年月产量达400吨的历史峰值；1963年停止自建熔炼，转为进口镍锍精炼路线；1979年最终退出电解镍生产，与住友金属矿山签订全面委托加工(toll)合同。具体工厂选址、后续存续状态因史料有限未能进一步确认，列为存疑记录，供后续研究核实(如日本冶金史专著、公司登记档案)。,,,,,,,,,,,,,,,R1-区域普查,https://onemine.org/documents/nickel-industry-in-japan,"https://onemine.org/documents/nickel-industry-in-japan
https://cir.nii.ac.jp/crid/1390001205982222976
https://www.jstage.jst.go.jp/article/shigentosozai1953/84/963/84_963_905/_article/-char/ja/"
NI-039,GL039,东北亚(日韩台),日本,Japan,"京都府宮津市大江山 (Kyoto Prefecture, Miyazu, Oheyama)",日本冶金工业 大江山制作所,"Nippon Yakin Kogyo Co., Ltd. Oheyama Works","日本冶金工业株式会社(Nippon Yakin Kogyo Co., Ltd.) 100%",母公司日本冶金工业创立于1925年；大江山制作所始建于二战期间(初为炼铁厂)，1952年转产镍铁并延续至今，所有权始终归属日本冶金工业,电炉镍铁(非RKEF),红土矿(腐殖土),镍铁 + 副产品NASSAND/NASFINESAND(镍铁渣，经JIS-A-5011认证的混凝土骨料/路基材料),2582,"USGS历年(镍铁产品吨)：1995年13,000吨/年 → 2008/2017-18年12,720吨/年，基本稳定。按全国铁镍产量-含镍量比例(约20.3%，2003年数据)估算，12,720吨镍铁产品对应约2,582吨镍金属/年，为本研究基于全国平均品位的估算值，非官方数字。",1952,在产,2024,2025,,,,,,,,,,进口红土矿(garnierite，主要来自新喀里多尼亚等地)；二战期间曾用当地大江山褐铁矿+Krupp-Renn法炼海绵铁，1952年后改用进口红土矿,大江山制作所前身为二战时期利用当地褐铁矿、以Krupp-Renn法生产海绵铁的工厂；1952年改用进口新喀里多尼亚等地红土矿，改产镍铁，是全球罕见持续采用回转窑直接还原法(而非鼓风炉/电炉整体熔炼)生产镍铁的工厂。产品主要供应日本国内不锈钢行业。公司持续提升再生料使用比例(2025财年再生材料占比达58.3%)，宣称目标最终实现100%再生料。截至检索未见该厂近年停产或大幅减产的公开报道。,未找到2025-2026年度相关更新。 【R4】日本冶金工业2025年版统合报告书(Integrated Report 2025)证实大江山制作所持续运营：2025年7月完成窑炉燃料由煤转为LNG/再生燃料的改造工程，8月起恢复运转；2024年度再生原料使用比例达58.3%。检索其有价证券报告书列表页及决算说明资料列表页(nyk.co.jp/investors/library/)未能获取具体分厂镍/镍铁产量数字，公司未按厂别披露产量。prod_2024_2025仍未能核实。,可能,,,,回転窯直接還元法(rotary kiln direct reduction)，为全球罕见不经电炉整体熔炼、直接以回转窑还原红土矿制取海绵状镍铁的工艺路线；本轮检索因日文一手技术论文(J-STAGE/ResearchGate)被robots.txt屏蔽，未能确认回转窑具体台数、尺寸及处理能力等硬参数，为关键缺口。二战期间曾用当地大江山褐铁矿+Krupp-Renn法炼海绵铁，1952年后改用进口红土矿转产镍铁但工艺仍延续回转窑直接还原路线（未采用电炉熔炼分离）。,"镍铁(具体Ni%级别未在本轮可访问资料中确认，原有目标档案记录原产能对应约2,582吨镍金属/年)；副产品NASSAND/NASFINESAND(镍铁渣，经JIS-A-5011认证的混凝土骨料/路基材料)。",进口红土矿(garnierite)，主要来自新喀里多尼亚等地；未查得具体入炉品位、年处理矿吨位等数据。历史上二战期间使用大江山本地褐铁矿。,未查得能源结构、自备电厂或单耗数据，为缺口。,,,二战期间：利用当地褐铁矿+Krupp-Renn法生产海绵铁→1952年改用进口新喀里多尼亚等地红土矿，转产镍铁，延续回转窑直接还原工艺→2003年大江山制造部门一度分立为独立子公司→2010年并回日本冶金工业本体→近年持续提升再生料使用比例(据原档案，2025财年再生材料占比达58.3%，目标最终100%再生料)。截至本轮检索未见近年停产或大幅减产的公开报道。,"日本冶金工业株式会社(Nippon Yakin Kogyo Co., Ltd.)100%全资；产品主要供应日本国内不锈钢行业。",低,R1-区域普查,https://www.nyk.co.jp/en/sustainability/environment.html,"https://www.nyk.co.jp/en/sustainability/environment.html
https://www.researchgate.net/publication/270031735_Production_of_Ferro-Nickel_and_Environmental_Measures_at_YAKIN_Oheyama_Co_Ltd
https://www.sciencedirect.com/science/article/abs/pii/0301751687900391
https://d9-wret.s3.us-west-2.amazonaws.com/assets/palladium/production/mineral-pubs/country/1995/9314095.pdf
https://pubs.usgs.gov/myb/vol3/2017-18/myb3-2017-18-japan.pdf
https://the-shashi.com/en/tse/5480/
https://www.nyk.co.jp/pdf/investors/nipponyakin_integrated_report_2025_double.pdf
https://www.nyk.co.jp/investors/library/securities.html
https://www.nyk.co.jp/investors/library/presentation.html
https://ja.wikipedia.org/wiki/YAKIN%E5%A4%A7%E6%B1%9F%E5%B1%B1
https://www.nyk.co.jp/pdf/investors/nipponyakin_integrated_report_2024_double.pdf"
NI-040,GL040,东北亚(日韩台),日本,Japan,"兵庫県 (Hyogo Prefecture, Harima地区，具体市町未确认)",播磨精炼厂,Harima Refinery,住友金属矿山株式会社(SMM) 100%,1966年作为锌/铅/铟冶炼厂投产(住友金属矿山旗下) → 后逐步转型为硫酸镍专用厂，业主始终为SMM,硫酸镍精炼(中间品/高冰镍),MSP,硫酸镍,10700,"Wood Mackenzie(2023年报告)：2021年名义产能10.7千吨含镍/年，实际产量11.8千吨(超产能运行)。USGS 2019年版另列'Harima plant: 49,000公吨/年'——若此数字为硫酸镍成品吨数，按镍品位约22%折算≈10,780吨镍金属/年，与Wood Mackenzie数字基本吻合(佐证USGS该数字口径为产品吨而非镍金属吨)，但两来源未直接互相引用确认，仍并列存疑。",1966,在产,2023,2026,,11800,2021,,,,,,,与新居浜共享原料来源：SMM旗下菲律宾Coral Bay Nickel、Taganito HPAL Nickel供应的MSP(50-60%Ni混合硫化物),"1966年建厂初期冶炼锌、铅、铟；具体转型专产硫酸镍的年份未确认(据行业资料推测2000年代前后，配合SMM在菲律宾HPAL项目投产)。现为SMM旗下与新居浜并列的两大硫酸镍生产基地之一，产品主要用于电动车动力电池正极材料。2021年SMM宣布投资约64亿日元(约6,400万美元)扩建播磨产能，目标2025年完工。",同Niihama记录，住友金属矿山仅披露合并产量数据，未见Harima厂单独产量披露。 【R4-未能核实】住友金属矿山2025年度(2026年3月期)经营战略说明会资料(2026-05-18)确认播磨精炼厂持续运营，并披露新居浜与播磨两厂合计硫酸镍产量：FY2022=76.9千吨、FY2023=75.8千吨、FY2024=76.6千吨、FY2025=79.9千吨(单位为两厂合计的硫酸镍产品吨还是折合镍金属吨未在资料中明确标注)，并说明因电池材料品种转换，FY2026产量将下降。SMM历来仅披露新居浜+播磨合并数字，未按厂拆分，故播磨单厂prod_2024_2025仍无法从该数据推出，留空以免误判口径；仅将合并趋势记入笔记供参考。,可能,,SMM-Philippines-Japan,精炼,无高温炉；三段湿法硫酸镍精炼工艺：①加压浸出(镍钴混合硫化物直接通空气加压氧化浸出)→②溶液净化(氧化中和反应脱铁除杂)→③溶剂萃取(有机溶剂分离镍、钴及其他杂质，得到纯化硫酸镍溶液)。1966年建厂初期为锌、铅、铟等金属冶炼装置，后转型为专产硫酸镍的湿法精炼厂(具体转型年份未确认)。,硫酸镍(电池级，供电动车正极材料)；亦用于铝着色、催化剂、镍电镀等传统用途。FY2025新居浜+播磨硫酸镍合计实际产量79.9千吨，FY2026预测56.9千吨(因产品结构转向新型电池材料品种而计划减产)。,与新居浜共享原料来源：SMM旗下菲律宾Coral Bay Nickel Corporation及Taganito HPAL Nickel Corporation供应的镍钴混合硫化物(MSP，Ni 50-60%)，均采用HPAL(高压酸浸)工艺。,未查得自备电厂或能源结构一手数据，为缺口。位于兵库县，推测由关西电力供电，未经证实。,,,1966年建厂(锌/铅/铟冶炼)→约2000年代转型专产硫酸镍(配合SMM菲律宾HPAL项目投产，具体年份未确认)→2021年SMM宣布投资约64亿日元扩建播磨产能，目标2025年完工→FY2025新居浜+播磨合计硫酸镍产量79.9千吨，FY2026预测因产品结构调整降至56.9千吨。,住友金属矿山(SMM)100%全资；与新居浜共用菲律宾Coral Bay/Taganito原料供应体系。,中,R1-区域普查,https://www.smm.co.jp/en/corp_info/location/domestic/harima/,"https://www.smm.co.jp/en/corp_info/location/domestic/harima/
https://www.woodmac.com/reports/metals-harima-smm-nickel-sulphate-refinery-150006817/
https://pubs.usgs.gov/myb/vol3/2019/myb3-2019-japan.pdf
https://pubs.usgs.gov/myb/vol3/2020-21/myb3-2020-21-japan.pdf
https://news.smm.cn/live/detail/103193256
https://www.smm.co.jp/ir/event/roadshow/pdf/2025/260518_setsumeikai.pdf"
NI-041,GL041,东北亚(日韩台),日本,Japan,"青森県八戸市 (Aomori Prefecture, Hachinohe)",太平洋金属八户制炼所,"Pacific Metals Co., Ltd. (PAMCO) Hachinohe Works","太平洋金属株式会社(Pacific Metals Co., Ltd.，东证Prime市场上市，无单一控股股东披露)","1949年日曹制铁(Nisso Steel)从日曹(Nippon Soda)钢铁部门分立而成 → 1957年八户工场投产(生铁) → 1965年转产铁合金/镍铁，1966年镍铁正式投产 → 1970年与Pacific Nickel Co.,Ltd.合并并更名为Pacific Metals Co.,Ltd.(PAMCO) → 1999年8月总部迁至八户，专营镍铁 → 2022年4月转至东证Prime市场，独立运营至今",电炉镍铁(非RKEF),红土矿(腐殖土),高碳镍铁(FeNi H3 / FeNi H3S，≥13%Ni),32000,"USGS历年(单位为镍铁产品吨，口径未注明)：1995年56,000吨/年 → 2008/2017-18年40,800吨/年 → 2019年42,000吨/年。Pacific Metals公司自身2025年度《统合报告书》(Integrated Report 2025)称现有产线'能力约3.2万吨镍(nickel)'，同时称近年实际产量仅约为该数字的十分之一(约3,200吨/年)。三组数字口径互相矛盾(尤其40,800/42,000为镍铁产品吨还是镍金属吨不明)，未强行调和，均如实列出；capacity_t_ni_pa取公司自述的'32,000吨镍'一说。",1966,减产或部分停产,2025,2026,镍价长期低迷叠加印尼镍铁(NPI)低成本产能冲击，公司主动大幅削减产量以控制亏损，截至2025年3月已连续三个财年(FY2022-FY2024)出现亏损,3200,2025,13380,6035,3888,3615,,"【R4】Contained Ni, PAMCO自身财年标注(年度=3月结算年度)。据太平洋金属2026年3月期(FY ended Mar2026)期末决算说明会资料(2026-05-19)：FY ended Mar2023=13,380t(填入prod_2022字段)；FY ended Mar2024=6,035t(与既有prod_2023字段一致，未变更)；FY ended Mar2025=3,888t(填入prod_2024字段，取代此前基于H2预测推算的~3,200t估计值)；FY ended Mar2026=3,615t(填入prod_2025字段)。产量仍远低于官方3.2万吨产能，公司称属主动'销售数量抑制方针'而非技术性停产。 | Contained Ni in ferronickel. Full fiscal year ended March 2024 (company's own '2024年3月期'), actual = 6,035 t, disclosed as a prior-year comparator in PAMCO's H1 FY(ending Mar2025) results filing. That same filing shows H1 (Apr-Sep 2024) actual = 2,010 t plus a H2 FORECAST (not actual) of 1,950 t, implying a forecast full-year total near 3,960 t for the fiscal year ending March 2025 -- not entered here because it is a forecast, not a confirmed actual; flagged in markdown as a soft conflict with the baseline's prod_2025=3,200. Company states the decline is a deliberate 'sales-volume restraint policy,' not a technical outage.",无自有矿山，进口红土矿(主要来自新喀里多尼亚、菲律宾等地),PAMCO是日本历史最悠久、产能最大的镍铁生产商，采用Elkem法回转窑+电炉工艺处理红土矿；1969年、1970年、1995年三次扩建电炉，形成三台电炉(6-8万kVA)体系。2022/23财年起因镍价走低大幅削减产量(行业媒体Stainless Steel World称'2022/23年度减产')。2025年4月发布'PAMCOvision 2031'中长期战略，计划将八户产线部分改造用于处理深海多金属结核(polymetallic nodules，见独立记录)，目标2028-2029年商业化。2023年3月与深海采矿公司The Metals Company(TMC)签署合作备忘录评估该可行性。,未找到PAMCO核心镍铁业务2025-2026年度开工率或停产决定的直接更新（协调员提及的“约1/10产能运行”未获证实或推翻）。检索到的PAMCO相关信息主要涉及其与The Metals Company(TMC)的多金属结核加工合作，见下一条记录。 【R4】同一份2026-05-19决算说明会资料确认：多金属结核加工项目(见NI-045)目标全面商业化投产的时点为2030年3月期(即2029财年)，且当前阶段仍为'投资决策待定'（需待国际海底矿区监管规则最终确立后才会做出投资决定），较此前记录的'2028-2029年商业化'表述更晚、更保守，且未提及此前存疑的'已处理约500吨结核焙烧料试验'报道，故该500吨说法仍未获公司自身资料佐证，应谨慎对待。,确认,,,,"Elkem法：回转窑(预热/预还原)+电炉(熔炼分离)工艺；3座电炉(单台容量60,000-80,000kVA)，1969年、1970年、1995年经三次扩建形成现有'三电炉体系'，号称世界最大级电炉之一。2025年'PAMCOvision 2031'战略提出将部分产线改造用于处理深海多金属结核，目标2028-2029年商业化，规划年冶炼能力130万吨。",高碳镍铁 FeNi H3(Ni≥13%)与FeNi H3S(与H3成分相近但硫含量容许上限更高，S≤0.700% vs H3的≤0.030%)。,"无自有矿山；进口红土矿主要来自新喀里多尼亚、菲律宾等地，持有6份长期矿石购销协议；年矿石采购目标约32万湿吨；截至FY2024累计进口超3,460万湿吨，共739船次到货。",自备电力与东北电力(Tohoku Electric Power)网电结合使用，按时段动态优化用电结构；具体自备装机MW未披露。,,441,1957年生铁(铁砂原料)工厂建成→1966年11月开始生产镍铁，1966年12月开始生产不锈钢→1969/1970/1995年三次电炉扩建形成三电炉体系→2007年11月5日电炉发生爆炸事故，2人死亡→2022/23财年因镍价低迷大幅减产(行业媒体Stainless Steel World报道)→2023年3月与深海采矿公司The Metals Company(TMC)签署合作备忘录评估深海多金属结核冶炼可行性→2025年4月发布'PAMCOvision 2031'中长期战略，计划部分产线转产多金属结核，目标2028-2029年商业化。,"太平洋金属株式会社(Pacific Metals Co., Ltd.)，东证Prime市场上市，无单一控股股东披露；财务数据：FY2024净资产676亿日元，资本性支出3.8亿日元，研发投入4.4亿日元，未来7年现金分配计划约420亿日元(成长性投资约230亿+股东回报约190亿)。",中,R1-区域普查,https://www.pacific-metals.co.jp/en/corporate/history.html,"https://www.pacific-metals.co.jp/en/corporate/history.html
https://www.pacific-metals.co.jp/en/corporate/outline.html
https://www.pacific-metals.co.jp/file/news/20260126015324-1.pdf
https://en.wikipedia.org/wiki/Pacific_Metals
https://d9-wret.s3.us-west-2.amazonaws.com/assets/palladium/production/mineral-pubs/country/1995/9314095.pdf
https://pubs.usgs.gov/myb/vol3/2017-18/myb3-2017-18-japan.pdf
https://pubs.usgs.gov/myb/vol3/2019/myb3-2019-japan.pdf
https://stainless-steel-world.net/the-world-nickel-market-in-2024-and-2025-back-to-back-surpluses/
https://www.pacific-metals.co.jp/file/news/260519_1099_2026年3月期_期末決算説明会資料.pdf
https://www.pacific-metals.co.jp/file/news/260519_1101_2026年3月期_期末決算説明会資料_FACTBOOK.pdf
https://www.pacific-metals.co.jp/en/products/nickel.html
https://www.pacific-metals.co.jp/file/news/20241108033032-1.pdf"
NI-042,GL042,东北亚(日韩台),日本,Japan,不详(可能为大分県佐贺关或茨城県日立，未确认),日本矿业 镍钴分离厂(历史，选址未确认),"Nippon Mining Co., Ltd. Nickel-Cobalt Separation Plant (historical)",历史企业；日本矿业株式会社经多次并购重组，演变为JX金属(JX Advanced Metals)/ENEOS Holdings集团，该镍钴分离产能现状不详,日本矿业株式会社自主研发镍钴分离工艺，1975年建成投产 → 公司其后历经日本矿业→日鉱日石(Japan Energy)→新日鉱控股→JX控股/JX日矿日石金属→现JX金属(JX Advanced Metals)/ENEOS集团多次重组，该镍钴产能是否延续及现属主体未确认,PGM副产贱金属精炼,MSP,镍(镍钴分离产品) + 钴,3600,"史料(OneMine《Nickel Industry in Japan》)载1975年建成的镍钴分离厂设计月产能为镍300吨、钴110吨，折算年产能约镍3,600吨/年、钴1,320吨/年；该数字为1975年建厂初始设计产能，其后是否扩建/缩减不详。",1975,不详,1975,1975,,,,,,,,,,进口自澳大利亚Queensland Nickel Pty. Ltd.的混合硫化物(MSP),"日本矿业株式会社(Nippon Mining Co., Ltd.，为JX金属/ENEOS集团前身之一)于1975年自主开发镍钴分离工艺并建成投产，以进口自澳大利亚Queensland Nickel的混合硫化物(MSP)为原料生产镍、钴产品。该产能未见任何1995年及以后的USGS《Minerals Yearbook》日本国别章节列示(1995年后历次报告仅列住友金属矿山新居浜一家精炼镍生产商)，表明该产能很可能已在1980-1990年代间停产或被整合入其它业务，但具体关停时间、原因及确切厂址(佐贺关铜厂或日立矿山所在地均为可能选项)均未能查证，列为存疑记录，供后续研究通过JX金属公司史或日本矿业史料核实。",历史设施，未搜索到新信息，round-1记录（不详，1975年）维持不变。 【R4-未能核实】尝试通过JX金属(JX Advanced Metals/JX-NMM)公司历史页面核实1975年镍钴分离厂选址及现状，两个构造的URL(jx-nmm.com/en/company/history/、jx-nmm.com/company/history/)均返回404，未能定位到相关公司史料页面。维持'不详'，厂址及现状均未能核实。,未能核实,,,,,,,,,,,,,R1-区域普查,https://onemine.org/documents/nickel-industry-in-japan,https://onemine.org/documents/nickel-industry-in-japan
NI-043,GL043,东北亚(日韩台),日本,Japan,"宮崎県日向市 (Miyazaki Prefecture, Hyuga)",日向精炼所,"Hyuga Smelting Co., Ltd.",Sumitomo Metal Mining 70.2% / Nippon Steel 14.8% / Mitsui 15.0%（公司官网现行口径；USGS 2019口径为SMM 60%/NSSC 25%/Mitsui 15%）,创立年份不详(推测1960年代前后) → 长期作为SMM全资子公司列示于SMM官网'国内集团公司' → 至少2019年起USGS列为SMM60%/日铁不锈钢25%/三井物产15%合资结构，股权变动具体年份未确认,电炉镍铁(非RKEF),红土矿(腐殖土),镍铁(高碳镍铁HCS，14-25%Ni)、副产绿砂(green sand，用作建材/助熔剂),4400,"USGS历年数据(镍铁产品吨，单位未明确是否为含镍量)：1995年18,000吨/年 → 2001/2003/2008/2017-19年稳定为22,000吨/年。按日本2003年全国铁镍产量与含镍量比例(74,800/369,000≈20.3%)粗略折算，22,000吨镍铁产品对应约4,470吨镍金属/年(本表四舍五入为4,400)；此为基于全国平均品位的估算，非官方分厂数字，日向精炼所自身镍品位在产品页标注为14-25%区间，若取上限25%则对应约5,500吨镍金属。",,在产,2024,2026,,4800,2025,10100,4800,3300,4800,1047,"Contained Ni in ferronickel. SMM fiscal-year labels (FY2025=Apr2025-Mar2026), read off SMM's 2026-05-18 presentation FY2022-FY2025 actual chart. prod_2026H1 field holds FY2026 Q1 (Apr-Jun 2026) ACTUAL only (1,047 t), not a full H1. Output has been intermittently idled/curtailed by company decision; a new nickel-matte furnace is under construction at Hyuga.",SMM进口新喀里多尼亚(New Caledonia)红土镍矿(garnierite，品位约2%Ni)为主,日向精炼所为日本三大镍铁厂之一，采用回转窑干燥脱水+电炉分离(rotary kiln-electric furnace)工艺处理新喀里多尼亚红土矿；产品经博多/细岛港(Hososhima)出运。2022年年中因镍价低迷曾减产(据Stainless Steel World行业报道)。2024年12月19日，SMM与全资/控股子公司日向精炼所联合宣布将在同址新建以镍铁等为原料生产镍锍(nickel matte)的新产线(见独立记录'SMM/日向镍锍新产线')，作为SMM实现'长期年产15万吨镍金属'目标的一环，2025年动工、目标FY2027投产。,未找到2025-2026年度相关更新。 【R4】住友金属矿山2025年度(2026年3月期)经营战略说明会资料(2026-05-18)再次确认日向精炼所持续生产镍铁，同时新建镍锍产线按计划推进(见NI-046)，目标2027财年完工。未发现与既有prod_2022-2026H1数字冲突的新信息，维持原有产量序列不变。,确认,,Hyuga-SMM,冶炼,回転窯(干燥脱水+预还原)+電気炉(熔炼分离)工艺(rotary kiln-electric furnace)；本轮检索中日文一手技术论文(J-STAGE)被robots.txt屏蔽，未能确认回转窑/电炉具体台数及功率(MW/kVA)，为关键缺口。,高碳镍铁(HCS)，据日向精炼所官网，成品镍铁Ni含量≥16%，硫含量≤0.03%；原研究档案记录目标产品Ni 14-25%区间；副产绿砂(green sand)用作建材/助熔剂。,SMM进口新喀里多尼亚(New Caledonia)红土镍矿(garnierite，入炉品位约2%Ni)为主。据公司官网称年销售镍铁约10万吨(该数字疑为镍铁产品总重量而非镍金属含量口径，与下述FY2025镍当量产量存在换算差异，详见history_notes/冲突说明)。FY2025镍当量实际产量4.8千吨，FY2026预测4.6千吨；SMM 2026年5月路演材料称'基于当前经营环境实施包括停炉在内的生产调整'。,未查得具体能源结构数据，为缺口。,,,1956年建厂→长期通过细岛港(Hososhima)向日本国内(尤其九州)不锈钢厂供货→2022年年中因镍价低迷减产(Stainless Steel World行业报道)→2024年12月19日SMM与日向精炼所联合宣布新建镍锍生产设施(见NI-046独立记录)，投资约280亿日元，2025年动工，目标FY2027投产，获日本经济产业省(METI)'确保关键矿产稳定供应'专项计划认定→FY2025镍当量产量4.8千吨，FY2026预测4.6千吨(产量调整/部分停炉)。,住友金属矿山(SMM)70.2%、日本制铁(Nippon Steel)14.8%、三井物产15.0%（据日向精炼所官网现行股权披露）；注：与原始档案引用USGS 2019年数据'SMM60%/日本制铁不锈钢25%/三井物产15%'存在差异，本轮以公司官网现行披露为准，两者股权比例存在明显冲突，建议后续向SMM/日向精炼所双方公开文件交叉核实具体年份变动。,中,R1-区域普查,https://www.smm.co.jp/en/corp_info/location/domestic_group/hyuga/,"https://www.smm.co.jp/en/corp_info/location/domestic_group/hyuga/
https://hyuga-smelting.co.jp/products/ferronickel/
https://d9-wret.s3.us-west-2.amazonaws.com/assets/palladium/production/mineral-pubs/country/1995/9314095.pdf
https://d9-wret.s3.us-west-2.amazonaws.com/assets/palladium/production/mineral-pubs/country/2008/myb3-2008-ja.pdf
https://pubs.usgs.gov/myb/vol3/2017-18/myb3-2017-18-japan.pdf
https://pubs.usgs.gov/myb/vol3/2019/myb3-2019-japan.pdf
https://www.yieh.com/en/News/sumitomo-metal-mining-hyuga-smelting-to-build-new-nickel-matte-production-facility/152093
https://stainless-steel-world.net/the-world-nickel-market-in-2024-and-2025-back-to-back-surpluses/
https://www.smm.co.jp/ir/event/roadshow/pdf/2025/260518_setsumeikai.pdf
https://hyuga-smelting.co.jp/company/about-us/
https://www.smm.co.jp/news/release/uploaded_files/20260810_results_JP.pdf"
NI-044,GL044,东北亚(日韩台),日本,Japan,"香川県香川郡直島町 (Kagawa Prefecture, Naoshima)",三菱综合材料 直岛制炼所(镍副产),Mitsubishi Materials Naoshima Smelter (nickel byproduct),三菱综合材料株式会社(Mitsubishi Materials Corporation),1917年三菱财阀在直岛建设冶炼厂(主业铜冶炼) → 现由三菱综合材料株式会社运营,PGM副产贱金属精炼,混合,镍(铜冶炼副产品，具体形态未确认，推测为粗镍或化合物),2400,"USGS 2019年版首次将直岛厂镍产能列为2,400公吨/年，归类为'精炼镍(refined nickel)'产能。此前年份USGS报告未见单独列示该产能，可能为新纳入统计或此前产量过小未被计入。",,在产,2019,2019,,,,,,,,,,直岛铜冶炼厂原料(铜精矿，来源国别不详)伴生镍,"直岛自1917年起即为三菱集团大型有色金属冶炼基地(以铜冶炼、金银等贵金属回收为主)。USGS《Minerals Yearbook》2019年版首次将其列为日本精炼镍产能之一(2,400吨/年)，性质应为铜冶炼过程中伴生的镍副产回收，而非独立镍矿冶炼项目。由于该厂主业为铜/贵金属冶炼，镍仅为伴生产品，公开资料极少，产能延续性与2020年代运营现状均需进一步核实。",未找到2025-2026年度相关更新。 【R4-未能核实】三菱综合材料IR资料库(ir.mmc.co.jp)中检索到2025年度(2026年3月期)决算补足说明资料及2025年3月期决算补足说明资料等文件链接，但该公司仅按铜/贵金属等大类事业部披露业绩，未见任何按直岛制炼所镍副产单独列示产量或运营状态的资料。capacity、prod_2024_2025及status_unverified均未能核实。,未能核实,,,,非独立镍冶炼装置；镍作为直岛铜冶炼-精炼联合体(铜熔炼厂、铜电解厂、硫酸厂、贵金属厂、有价金属回收设施、熔融飞灰资源回收设施等六大工序)的伴生副产品回收，不涉及专用镍炉/窑。,"粗硫酸镍粉末(粗硫酸ニッケル粉末)，镍含量≥20%；用于镍电镀及镍化合物原料。产能2,400吨/年(与原始档案记录一致)。",铜精矿(具体来源国别未披露)冶炼过程伴生镍，另涉及有价金属再生料及熔融飞灰资源回收流程的镍富集。,未查得能源结构数据，为缺口。,,约500名(2025年3月末，为直岛全厂总人数，非镍业务专属),"直岛冶炼基地自1917年起运营(铜冶炼、金银等贵金属回收为主)→USGS《Minerals Yearbook》2019年版首次将其列为日本精炼镍产能之一(2,400吨/年)，性质为铜冶炼副产回收而非独立镍矿冶炼项目→2020年代运营现状延续，未见停产报道。",三菱综合材料株式会社(Mitsubishi Materials Corporation)100%全资。,中,R1-区域普查,https://pubs.usgs.gov/myb/vol3/2019/myb3-2019-japan.pdf,"https://pubs.usgs.gov/myb/vol3/2019/myb3-2019-japan.pdf
https://en.wikipedia.org/wiki/Naoshima,_Kagawa
https://ir.mmc.co.jp/ja/ir/library/presentation.html
https://www.mmc.co.jp/naoshima/corporate/about.html
https://www.mmc.co.jp/naoshima/products/crude_nickel_sulfate.html"
NI-045,GL045,东北亚(日韩台),日本,Japan,青森県八戸市 (同上，产线改造),太平洋金属八户 多金属结核冶炼改造项目,Pacific Metals Hachinohe Polymetallic Nodule Processing Project,太平洋金属株式会社(与深海采矿公司The Metals Company/TMC合作评估),2023年3月PAMCO与TMC签署合作备忘录(MOU) → 2025年4月纳入PAMCOvision 2031中长期战略,其它(拟改造现有镍铁电炉产线以处理深海多金属结核，具体工艺路线未最终确定),混合,镍(规划中，具体产品形态未定),,公司规划矿石(结核)处理能力为130万吨/年(原矿吨，非含镍金属吨)；太平洋多金属结核镍品位一般约1.0-1.3%，若按此粗略推算理论含镍量级约1.3-1.7万吨/年，但这是本研究基于公开品位数据的推算，非官方产能目标，官方未披露对应的镍金属产能数字。,,规划中或可研,2025,2026,,,,,,,,,,The Metals Company(TMC)在太平洋克拉里昂-克利珀顿区(CCZ)的多金属结核矿区(位于国际海域，不属日韩台，仅作原料来源记录),2023年3月PAMCO与TMC签署合作备忘录，评估利用八户现有镍铁冶炼产线处理深海多金属结核以制取电池金属；2025年4月纳入'PAMCOvision 2031'中长期战略，目标2028-2029年商业化运营。截至2026年本研究撰写时仍处于可行性评估/规划阶段，尚未开工建设；国际海底管理局(ISA)深海采矿商业化许可制度尚未最终确立，项目商业化及监管前景存在高度不确定性。,检索到行业报道（时间戳存疑，可能为汇编/历史资料）称TMC与PAMCO已从2023年3月签署的非约束性谅解备忘录（拟每年处理130万吨湿态多金属结核，目标2025年起）推进至实际中试处理阶段——一则报道称双方已在PAMCO的Hachinohe回转窑电弧炉设施中成功处理约500吨高温煅烧料，作为“商业规模项目一期”的一部分；但该报道具体日期无法确认，故整体保持未能核实。 【R4】同NI-041来源：太平洋金属2026-05-19期末决算说明会资料给出迄今最明确的官方时间表——多金属结核全面商业化运营目标为2030年3月期(2029财年)，现阶段为'投资决策待定'，须待国际海底管理局(ISA)采矿监管规则最终确立后方可决策，未提及具体加工能力数字。该表述比此前记录的'2028-2029年商业化'更保守，也未证实此前存疑的约500吨中试处理报道，特此并列存档、不作强行调和。,可能,,,,,,,,,,,,,R1-区域普查,https://investors.metals.co/news-releases/news-release-details/tmc-enters-mou-leading-nickel-processor-pamco-evaluate,"https://investors.metals.co/news-releases/news-release-details/tmc-enters-mou-leading-nickel-processor-pamco-evaluate
https://www.globenewswire.com/news-release/2023/03/16/2628625/0/en/TMC-Enters-into-MOU-with-Leading-Nickel-Processor-PAMCO-to-Evaluate-the-Processing-of-Polymetallic-Nodules-into-Battery-Metal-Feedstocks.html
https://www.pacific-metals.co.jp/file/news/20260126015324-1.pdf
https://www.pacific-metals.co.jp/file/news/260519_1099_2026年3月期_期末決算説明会資料.pdf"
NI-046,GL046,东北亚(日韩台),日本,Japan,宮崎県日向市 (与日向精炼所同址),住友金属矿山/日向精炼 镍锍新产线,Sumitomo Metal Mining / Hyuga Smelting New Nickel Matte Production Facility,住友金属矿山(SMM)及其子公司日向精炼所,2024年12月19日SMM与日向精炼所联合宣布建设计划，权属同日向精炼所,转炉吹炼+其它(具体冶炼工艺细节未披露),镍铁,镍锍(nickel matte)，兼产镍铁,,官方未披露具体产能数字。SMM称此项目服务于公司'长期镍产量15万吨/年'目标，新增镍锍将作为新居浜精炼厂电解镍生产的原料补充。,,在建,2025,2026,,,,,,,,,,同日向精炼所(新喀里多尼亚红土矿),2024年12月19日SMM与全资子公司日向精炼所联合宣布，将建设新的镍锍生产设施，以镍铁等为原料生产镍锍，2025年动工，目标2027财年(FY2027)投产；该项目获日本经济产业省(METI)'确保关键矿产稳定供应'专项计划认定，体现日本政府对国内镍供应链自主化的支持。,未找到2025-2026年度关于新镍锍产线建设进度的更新，round-1记录（在建，2025年）未获证实或推翻。 【R4】住友金属矿山2025年度(2026年3月期)经营战略说明会资料(2026-05-18)确认日向新建镍锍产线仍按计划推进，目标2027财年(即2027年4月-2028年3月)内完工，与既有记录一致；资料仍未披露具体产能数字。,确认,,Hyuga-SMM,中间品,以现有日向镍铁产线为基础改建/新建镍锍转化设施(将部分镍铁转炉吹炼/转化为镍锍)，具体炉型(转炉/其它)未在公开新闻稿中披露详细设备参数。,镍锍(nickel matte)，具体品位未披露；同址仍兼产镍铁。,以日向精炼所自产的镍铁(原料为新喀里多尼亚红土矿，入炉品位约2%Ni)为主要原料进行二次转化。,未披露；gap。,,,2024年12月19日SMM与全资/控股子公司日向精炼所联合宣布建设新镍锍生产设施，投资约280亿日元(据日本经济新闻/日刊鉄鋼新聞报道)→2025年动工→目标2027财年(FY2027)投产→该项目获日本经济产业省(METI)'确保关键矿产稳定供应'专项计划认定(2024年度第2号认定，项目1)→截至SMM 2026年5月路演材料，'建设按计划推进，目标FY2027完工；原料采购谈判进展顺利'。,住友金属矿山(SMM)及其子公司日向精炼所(SMM持股70.2%)；项目为SMM实现长期'年产15万吨镍金属'目标的一环。,中,R1-区域普查,https://www.yieh.com/en/News/sumitomo-metal-mining-hyuga-smelting-to-build-new-nickel-matte-production-facility/152093,"https://www.yieh.com/en/News/sumitomo-metal-mining-hyuga-smelting-to-build-new-nickel-matte-production-facility/152093
https://www.smm.co.jp/en/news/release/2024/
https://www.smm.co.jp/ir/event/roadshow/pdf/2025/260518_setsumeikai.pdf
https://www.smm.co.jp/news/release/2024/12/001926.html
https://www.nikkei.com/article/DGXZQOUC197Y60Z11C24A2000000/"
NI-047,GL047,东北亚(日韩台),日本,Japan,"三重県松阪市 (Mie Prefecture, Matsusaka/Matsuzaka)",东京镍业公司(后更名Vale Japan)松阪制炼所,"Tokyo Nickel Co., Ltd. / Vale Japan Ltd.",Vale Japan Ltd.（Vale Canada 87.2%、住友金属矿山(SMM) 12.8%，据USGS 2019年数据；2020年代最新股权未确认）,"长期以'Tokyo Nickel Co., Ltd.'名义运营(创立年份不详，至少1970年代已运营，历年USGS均以此名列示至2008年) → 2006年Vale收购加拿大Inco后股权演变 → 至2019年USGS已将其列为'Vale Japan Ltd.'(Vale Canada 87.2%/SMM 12.8%) → 2020年后公开资料未再更新其运营状态",氧化镍焙烧/烧结,高冰镍,氧化镍烧结块、颗粒、砖块(nickel oxide sinter/granules/briquettes),60000,"USGS历年：1995年36,000吨/年(计划1998年前扩至54,000吨) → 2001/2003/2008/2017-18/2019年均列60,000吨/年，产能长期稳定。",,在产,2023,2026,,20300,2025,,15200,20400,20300,9100,厂级：Vale《生产与销售报告》Matsusaka(松阪)镍产品产量(t Ni)，FY=日历年,进口高冰镍(镍锍)，具体来源国别不详，2006年后推测部分来自Vale集团内部供应链(如加拿大、印尼等地),"该厂长期以'Tokyo Nickel Co., Ltd.'名义运营，专产氧化镍烧结块/颗粒供国内外市场(为日本'镍氧化物'产能的唯一代表)；2006年Vale收购Inco后公司股权结构演变，至2019年USGS《Minerals Yearbook》已将其列为'Vale Japan Ltd.'(Vale Canada 87.2%/SMM 12.8%)，产能维持60,000吨/年不变。2020年及以后的USGS日本国别章节未再单独列示该设施的运营细节，2020年代该厂是否仍在生产、Vale是否已出售或关闭该资产均未能通过公开检索确认，是本研究关键缺口之一，建议后续通过Vale官网、日本经济产业省或JOGMEC最新资料核实。",未找到2025-2026年度相关更新。,确认,"R3定案：Vale《生产与销售报告》按厂披露Matsusaka(松阪)镍产品产量——2023年15,200t、2024年20,400t、2025年20,300t、2026H1 9,100t，证实该厂在产；产品为氧化镍烧结矿等含镍产品(Vale 'Matsusaka'线)。产能6万吨为USGS历史口径。",,,氧化镍焙烧/烧结工艺，具体窑炉型号、台数、烧结温度等技术参数本轮检索未能获取新增信息，沿用原始档案的定性描述，为持续缺口。,"氧化镍烧结块、颗粒、砖块(nickel oxide sinter/granules/briquettes)；产能60,000吨/年，据USGS数据自2001年至2019年报告期内维持不变。",进口高冰镍(镍锍)为原料，具体来源国别不详；2006年Vale收购Inco后推测部分来自Vale集团内部供应链，未经证实。,未查得数据，为缺口。,,,"长期以'Tokyo Nickel Co., Ltd.'名义运营→2006年Vale收购Inco后股权结构演变→截至USGS《Minerals Yearbook》2019年版，公司列名'Vale Japan Ltd.'(Vale Canada 87.2%/SMM 12.8%)，产能维持60,000吨/年→本轮检索未查得2020年及以后该设施是否仍在运营、是否已被出售或关闭的公开信息，2020年代运营现状为本研究关键缺口，与原始档案记录一致，建议后续通过Vale官网、日本经济产业省或实地信息进一步核实。",Vale Japan Ltd.（Vale Canada 87.2%、住友金属矿山(SMM) 12.8%，据USGS 2019年数据；2020年代最新股权结构未确认）。,低,R1-区域普查,https://d9-wret.s3.us-west-2.amazonaws.com/assets/palladium/production/mineral-pubs/country/1995/9314095.pdf,"https://d9-wret.s3.us-west-2.amazonaws.com/assets/palladium/production/mineral-pubs/country/1995/9314095.pdf
https://d9-wret.s3.us-west-2.amazonaws.com/assets/palladium/production/mineral-pubs/country/2001/jamyb01.pdf
https://d9-wret.s3.us-west-2.amazonaws.com/assets/palladium/production/mineral-pubs/country/2003/jamyb03.pdf
https://d9-wret.s3.us-west-2.amazonaws.com/assets/palladium/production/mineral-pubs/country/2008/myb3-2008-ja.pdf
https://pubs.usgs.gov/myb/vol3/2017-18/myb3-2017-18-japan.pdf
https://pubs.usgs.gov/myb/vol3/2019/myb3-2019-japan.pdf
https://thediggings.com/mines/usgs10182969
https://www.vale.com/check-out-the-production-and-sales-results-for-4q25
https://www.vale.com/check-out-the-production-and-sales-in-1q26-and-2026"
NI-048,GL048,东北亚(日韩台),韩国,South Korea,"蔚山广域市温山 (Onsan, Ulsan；据行业背景资料推测，检索文本未直接确认具体厂址)",韩国镍业公司(KNC),Korea Nickel Corporation (KNC),已清算解散(末任股东：永丰集团/Youngpoong Group 61%、Vale Ltd. 25%、POSCO Holdings 14%、POSTECH 5%及其他少数股东),1987年由永丰集团(Youngpoong，高丽亚锌母集团)、Vale(原Inco)、POSCO合资成立 → 长期由三方共同持股运营 → 2022-2023年POSCO与高丽亚锌分别自建独立镍供应链，决定关闭KNC合资体并启动清算程序 → 2023年内完成关厂，终止对Vale原料采购及对POSCO的镍销售合约,硫酸镍精炼(中间品/高冰镍),不详,精炼镍(具体产品形态未确认),,未查得具体产能数字，公开报道仅提及'加工Vale供应的镍矿并精炼后售予POSCO'的业务模式。,1987,永久关闭,2023,2023,POSCO与高丽亚锌两大股东分别转向自建独立镍供应链(POSCO的光阳高纯镍精炼厂、高丽亚锌/KEMCO的Onsan新镍冶炼产能)以分散供应商、掌控电池材料原料自主权，三方决定终止合资并清算该公司,,,,,,,,,Vale(原Inco)供应的镍矿/中间品，具体来源地不详,Korea Nickel Corporation(KNC)是韩国镍冶炼史上首个规模化项目，1987年由本土永丰集团(高丽亚锌母公司)、加拿大Inco(2006年后为Vale)、POSCO三方合资成立，长期扮演韩国镍加工/贸易枢纽角色(加工Vale镍矿、供货POSCO不锈钢产线)。2022-2023年在电池材料热潮下，POSCO与高丽亚锌均决定自建独立镍精炼产能(分别为光阳高纯镍精炼厂与KEMCO Onsan新产能)，不再需要合资通道，三方于2023年启动清算解散，估值约1.5-3亿美元(按2022年EBITDA的10-20倍推算)。工厂具体选址与关闭后处置方式未在公开报道中详细披露，为本研究缺口之一。,,,,,,,,,,,,,,,R1-区域普查,https://www.kedglobal.com/batteries/newsView/ked202303130016,https://www.kedglobal.com/batteries/newsView/ked202303130016
NI-049,GL049,东北亚(日韩台),韩国,South Korea,"全罗南道光阳市 (Jeollanam-do, Gwangyang)",SNNC(POSCO-SMSP合资镍铁厂),"SNNC Co., Ltd. (POSCO-SMSP Ferronickel Smelter)",POSCO Holdings 49%、SMSP(法国-新喀里多尼亚Société Minière du Sud Pacifique) 51%,"2006年由POSCO与SMSP合资成立(SNNC) → 2008年10月20日一期产线投产(设计产能25,000吨镍/年) → 2015年3月6日二期产线(第三台回转窑+第二台电炉)投产，总产能提升至54,000吨含镍/年 → 2023年起新建镍锍产线以配套POSCO高纯镍精炼厂 → 股权结构(POSCO49%/SMSP51%)长期未变",电炉镍铁(非RKEF)+转炉吹炼,红土矿(褐铁矿),镍铁(约20%Ni) + 镍锍(2023年起新增，供POSCO高纯镍精炼厂),54000,"公司/行业资料(smsp.nc)明确称'54,000吨镍金属(含于镍铁中)/年'为2015年二期扩产后的设计产能(较初期25,000吨大幅提升)。另有Wood Mackenzie报告将其描述为'约3万吨镍/年(镍铁品位约20%)'，未注明具体对应年份，与官方54,000吨的口径不一致，两者并列，未强行调和。2023年起部分产能转产镍锍(目标21,000吨镍锍+26,000吨镍铁并行)，供应POSCO旗下高纯镍精炼厂。",2008,在产,2024,2026,,,,,,,,,,SMSP(新喀里多尼亚最大镍矿出口商)及其旗下矿山供应红土矿(品位约2.2%Ni)，另据背景资料或涉及NMC(Nickel Mining Company),SNNC号称全球首个'矿山-镍冶炼-不锈钢'垂直一体化项目，专供POSCO光阳不锈钢厂原料。2024年推出低碳镍铁产品。2023年起建设镍锍产线以配套POSCO集团2022年动工的高纯镍精炼厂(见独立记录)，产品结构从单一镍铁向镍铁+镍锍并行转变。2023年末员工346人。,"未找到SNNC本身2025-2026年度的产量或经营状态更新。需注意与下一条“POSCO高纯镍精炼厂”记录及2025年2月终止的中伟-POSCO浦项合资项目相区分，三者为不同实体。 【R4】SNNC官网新闻栏目显示公司持续正常运营至少到2026年5月(创立20周年家庭足球活动、2026年2月POSCO-SNNC协同工作组启动、常规捐赠/献血志愿活动等)，未见任何停产迹象。但SNNC自身网站、POSCO Holdings投资者材料及本轮检索到的DART相关搜索均未披露2024/2025年度镍铁或镍锍具体产量数字(仅查到2017年当月历史峰值报道，非2024-2025年数据)，POSCO集团合并报表不单列SNNC镍吨位。prod_2024_2025仍未能核实。 【R5】SNNC 2024年出现部分资本侵蚀(净资产由2,243亿→955亿韩元，-55.6%，主因镍价下跌)；2025年2月起新建高纯度镍锍工厂(2022年开工，投资5,300万美元，设计产能约2.08万吨/年)全面投产，产品线从纯镍铁向电池级镍锍多元化，管理层称二季度起力争满产扭亏。",可能,,POSCO-SNNC,冶炼,"2座大型埋弧电炉(submerged arc furnace)：1号炉2006年中动工建设、2008年10月投产(初始产能约3万吨镍/年，总建设成本约3.52亿美元)；2号炉由德国SMS Siemag供货，号称'当时全球最大埋弧炉'，2015年3月竣工投产，投资4,806亿韩元(约4.371亿美元)，投产后总产能提升至5.4万吨镍/年(几乎翻倍)。具体单台炉功率(MW/kVA)本轮检索的INFACON技术论文原文被robots.txt/限流屏蔽，未能确认，为缺口。",镍铁(FeNi)，约20%Ni/80%Fe，供POSCO光阳不锈钢厂；2022年起新增高纯度镍锍(nickel matte，Ni约75%)中间品，专供POSCO高纯镍精炼厂(NI-051)。,SMSP(新喀里多尼亚最大镍矿出口商)及其关联矿山供应红土矿，入炉品位约2.2%Ni，年处理矿量约180万吨(Wood Mackenzie数据)；另据背景资料涉及NMC(Nickel Mining Company)供矿。,未披露具体能源结构/单耗数据，为缺口。,,346,"2006年POSCO/SMSP合资成立SNNC→2006年中动工，2008年10月1号炉投产(产能3万吨Ni/年)→2015年3月2号炉建成投产(SMS Siemag'全球最大埋弧炉'，总产能升至5.4万吨Ni/年)→2022年6月22日镍锍工厂动工(投资约585亿韩元/约5,300万美元，光阳国家产业园区8,000坪场地，设计产能20,800吨镍锍/年)，目标2023年5月竣工投产，供应POSCO高纯镍精炼厂→2024年推出低碳镍铁新产品；2023年末员工346人。",POSCO Holdings 49%、SMSP(法国-新喀里多尼亚) 51%；镍锍产品全部供应POSCO旗下相邻的高纯镍精炼厂(NI-051)。,中,R1-区域普查,https://smsp.nc/en/snnc-co-ltd-eng/,"https://smsp.nc/en/snnc-co-ltd-eng/
https://www.koreaherald.com/article/403768
https://www.snnc.co.kr/eng/pages/01overview/overview.php
https://www.woodmac.com/reports/metals-gwangyang-nickel-operation-15931922/
https://www.snnc.co.kr/
https://newsroom.posco.com/kr/snnc-%EC%B0%BD%EC%82%AC-%EC%9D%B4%EB%9E%98-%EC%9B%94-%EC%B5%9C%EB%8C%80-%EB%8B%88%EC%BC%88-%EC%83%9D%EC%82%B0%EB%9F%89-%EB%8B%AC%EC%84%B1/
https://www.asiatoday.co.kr/view.php?key=20220623010012984
https://www.bloter.net/news/articleView.html?idxno=633426
https://www.ferrotimes.com/news/articleView.html?idxno=13374
https://www.snnc.co.kr/pages/02product/product_list01.php"
NI-050,GL050,东北亚(日韩台),韩国,South Korea,"庆尚北道浦项市北区兴海邑 (Pohang, Gyeongsangbuk-do)",EcoPro Materials 浦项厂(RMP镍钴精炼+前驱体),EcoPro Materials Pohang Plant (RMP / Nickel-Cobalt Refining + Precursor),"EcoPro Materials Co., Ltd.(EcoPro集团控股子公司，2023年11月KOSPI上市)","2017年4月由EcoPro集团设立，专为姊妹公司EcoPro BM供应前驱体材料 → 2021年起新增镍钴精炼业务 → 2023年11月于韩国交易所(KOSPI)首次公开发行(IPO)，募资约4,190亿韩元",硫酸镍精炼(中间品/高冰镍)+MHP/MSP中间品,MHP,高镍三元前驱体(pCAM)、精炼镍/钴产品,,公司披露前驱体(precursor)产能：2023年5万吨/年，计划2020年代末扩至约20万吨/年；因前驱体为镍钴锰复合氢氧化物，具体镍金属含量占比未披露，无法直接折算镍金属吨产能。2021年新增的'镍钴精炼'业务本身产能未单独披露，capacity_t_ni_pa因此留空。,2021,在产,2025,2025,,,,,,,,,,"MHP原料部分来自EcoPro集团投资约7,000亿韩元建设的印尼Morowali产业园4座镍冶炼厂(印尼产地本身不在本研究收录范围，仅作原料来源记录)；另规划从印尼Merah Putih等园区采购约6.6万吨/年镍中间品",EcoPro Materials是韩国最大高镍三元前驱体供应商之一，2017年由EcoPro集团设立以配套姊妹公司EcoPro BM；2021年起将业务链向上游延伸，增加镍钴精炼环节以降低对外购硫酸镍/MHP的依赖；2023年因镍价下跌及电动车需求放缓出现经营亏损；通过在印尼投资多座镍冶炼厂锁定MHP原料供应，体现其'矿山到前驱体'一体化战略。由于该公司主产品为前驱体而非纯硫酸镍/精炼镍，其'镍冶炼/精炼'环节的具体产能与工艺细节公开披露有限，建议后续研究向公司IR部门或年报索取更细颗粒度数据。,未找到2025-2026年度相关更新。 【R4-未能核实】EcoPro Materials官网(ecopromaterials.com/eng及其IR Archives入口)仅披露前驱体(pCAM)产能目标(2023年5万吨/年，远期目标约20万吨/年)，未见镍钴精炼(RMP)环节的独立产能或2024/2025产量数据；本轮未能完成DART原始申报文件的检索。capacity、prod_2024_2025、status_unverified均维持未能核实。 【R5】RMP2(第二期原料加工厂)已竣工并进入量产阶段，报道未标注确切竣工年份(推断约2024年)；RMP产出为前驱体核心原料(镍钴锰中间品)而非纯镍金属，精确镍金属产量吨数本轮未能核实。,可能,,,,"非高温炉冶炼；RMP(Raw Material Processing)1号线+2号线为湿法原料加工装置，将MHP/MSP等中间品精炼为镍钴锰硫酸盐。RMP2于2023年4月完工(建筑面积26,565平方米，投资约1.4万亿韩元)，2023年6月内实现满负荷量产。","精炼镍/钴/锰硫酸盐中间品，供内部高镍三元前驱体(pCAM)生产使用；RMP1+RMP2合计年产能：镍25,000吨、钴4,400吨、锰3,900吨(2023年数据)。","MHP原料部分来自EcoPro集团投资约7,000亿韩元建设的印尼Morowali产业园4座镍冶炼厂；另规划从印尼Merah Putih等园区采购约6.6万吨/年镍中间品(据原始档案记录，本轮未获新增细节)。",未查得能源结构数据，为缺口。,,648,"2017年EcoPro Materials设立(配套姊妹公司EcoPro BM)→2021年起向上游延伸新增镍钴精炼环节→RMP1建成投产(具体年份未确认)→RMP2于2023年4月完工，投资约1.4万亿韩元，2023年6月实现满负荷量产，RMP1+2合计镍产能达25,000吨/年→2023年11月KOSPI上市→2023年因镍价下跌及电动车需求放缓出现经营亏损→公司层面(不限于RMP)规划前驱体总产能2026-2027年目标20万吨/年。","EcoPro Materials Co., Ltd.(EcoPro集团控股子公司，2023年11月KOSPI上市)。",中,R1-区域普查,https://en.wikipedia.org/wiki/Ecopro_Materials,"https://en.wikipedia.org/wiki/Ecopro_Materials
https://www.marklines.com/en/news/289576?sitesearchKey=raw+materials
https://www.asiae.co.kr/en/article/2024022314145924543
https://www.koreatimes.co.kr/business/companies/20251126/ecopro-to-launch-high-voltage-mid-nickel-cathodes-production
https://ecopromaterials.com/eng
https://www.etoday.co.kr/news/view/2255850
https://ecopromaterials.com/eng/sub010101
https://edaily.co.kr/News/Read?mediaCodeNo=257&newsId=01636726635640080
https://www.digitaltoday.co.kr/news/articleView.html?idxno=489255"
NI-051,GL051,东北亚(日韩台),韩国,South Korea,全罗南道光阳市 (POSCO光阳制铁所内),POSCO 光阳高纯镍精炼厂,POSCO High-Purity Nickel Refinery,POSCO Holdings（浦项控股）光阳(Gwangyang)厂区自建高纯镍精炼厂，由SNNC供应镍锍原料；注意与已于2025年清算的POSCO-CNGR合资公司'포스코씨앤지알니켈솔루션'(浦项永日湾工业园区拟建项目)是完全不同的两个项目,2022年10月14日POSCO集团举行动工仪式 → 目标2023年下半年建成投产 → 2026年现状存疑(见closure_reason字段说明),硫酸镍精炼(中间品/高冰镍),高冰镍,"高纯镍(>99.9%Ni)，理论上可延伸产出硫酸镍(约91,000吨/年硫酸镍当量)",20000,官方新闻稿明确产能为'2万吨(仅计镍金属含量)/年'，另称相当于约9.1万吨硫酸镍产品/年、可满足50万辆电动车用量。,2023,在产,2023,2026,,,,,,,,,,SNNC(POSCO/SMSP合资镍铁厂)供应镍锍原料，间接来自SMSP新喀里多尼亚矿,"POSCO集团为打造'从矿山到高纯镍'的国产电池材料全链条，2022年10月投资2,300亿韩元建设该厂，以SNNC供应的75%品位镍锍为原料精炼成99.9%高纯镍，2023年下半年投产，产品供应POSCO Future M(原POSCO Chemical)等电池材料厂商。若2026年7月中止镍业务的报道属实，将是韩国近年电池金属产业链的重大转折，但该消息未获多方确认，需持续关注POSCO后续官方披露。","协调员提出的“POSCO将于2026年7月终止镍业务”这一（源自单条Wood Mackenzie摘要的）说法，经SMM检索既未能证实也未能证伪。检索到两条相关但不同的信息：(1) 2025年2月11-12日，中伟股份公告其全资子公司与POSCO Holdings终止了在韩国浦项投建镍精炼厂合资企业的计划（因电动车市场环境变化、双方对运营管理成本存在分歧、项目长期未获实质进展）——该项目为一个独立于SNNC配套高纯镍精炼厂的新拟议项目，并非round-1记录中已建成的高纯镍精炼厂；(2) POSCO Holdings 2026年7月17日的企业信息披露显示其正持续扩大高镍（>95%Ni）NCMA正极材料及电池材料全产业链投资（2026-2028年计划投入16.7万亿韩元），与“终止镍业务”的说法方向相反。未找到round-1记录中现有高纯镍精炼厂本身关停的直接证据。 【R3】重大澄清：协调员提出的'POSCO 2026年7月宣布退出镍业务'疑点，经韩语检索证实实为对另一事件的误读/时间错位。真实事件是：POSCO Holdings与中国CNGR(中伟股份)于浦项永日湾产业园区合资设立的'포스코씨앤지알니켈솔루션'(POSCO C&G Nickel Solution，CNGR持股60%/POSCO 40%，计划以进口镍锍精炼高纯镍)，虽于2024年5月31日举行动工仪式，但此后延宕超一年未实质开工，因电动车市场'寒冬'(캐즘)导致需求疲软，该合资公司已于2025年7月22日经董事会批准清算、8月5日完成注销登记（韩国多家财经媒体：文化日报、京乡新闻、世界日报、철강금속신문、머니투데이、페로타임즈均有报道）。这是一个从未建成投产的规划项目，与本记录所指、已于2023年下半年建成投产的光阳厂区高纯镍精炼厂(20,000吨/年设计产能，原料为SNNC镍锍，供货POSCO未来M/化学品事业)是完全不同的两个实体。未查到光阳现有精炼厂本身停产/关闭的任何证据；相反，POSCO 2026年7月披露的电池材料全产业链投资计划(2026-2028年16.7万亿韩元)及其持续扩大高镍(>95%Ni)NCMA正极产能的公开表态，均与'退出镍业务'的说法相矛盾。结论：POSCO并未退出镍业务，只是终止了一个从未建成的对华合资规划项目；本记录状态由'不详'更正为'在产'。 【R4-未能核实】POSCO Newsroom英文站(newsroom.posco.com/en/)本轮检索未见2025-2026年度关于光阳高纯镍精炼厂运营状态或产量的专门报道(区别于R3已澄清、已于2025年清算的POSCO-CNGR浦项合资规划项目)。prod_2024_2025仍未能核实；status维持R3已核实的'在产'结论不变(本记录status字段留空表示无新变更)。",可能,R3定案：“2026年7月POSCO退出镍业务”系误读——被清算的是POSCO与中伟(CNGR)拟建于浦项的合资精炼项目(2025年7-8月注销)；光阳高纯镍精炼厂(2023年投产，2万吨/年)未见停产证据，状态改为在产。,POSCO-SNNC,精炼,湿法精炼(非高温炉)：将SNNC供应的75%品位镍锍经脱铁、净化等工序精炼为99.9%以上高纯镍；具体设备类型(如高压釜/浸出槽型号)未在公开报道中披露。,"高纯镍(>99.9%Ni)金属；理论上可延伸产出约91,000吨/年硫酸镍当量(据原始档案记录)。",100%由SNNC(POSCO49%/SMSP51%合资镍铁厂)供应的75%品位镍锍，间接来自SMSP/NMC新喀里多尼亚红土矿。,未披露，为缺口。,,,"2022年10月14日于POSCO光阳制铁所内动工(占地7.4万平方米)，投资2,300亿韩元→2023年下半年投产，达产年产能2万吨高纯镍(约可支持50万辆电动车用量)→产品供应POSCO Future M等电池材料厂商。需特别说明：POSCO Holdings另与中国CNGR成立的60:40合资'POSCO-CNGR Nickel Solutions'项目(浦项永日湾产业园区，规划产能5万吨/年，2024年5月动工)因电动车需求'寒冬'及工程迟滞，已于2025年2月宣布终止/清算——该项目与本记录(光阳、SNNC供料的高纯镍精炼厂)是两个完全独立的项目，不应混淆。此外，Wood Mackenzie报告页面摘要提及'POSCO于2026年7月宣布终止其镍业务发展战略，转向锂项目'，但本轮中英韩文检索均未找到可独立佐证该表述的一手新闻来源，无法确认是指本记录光阳精炼厂本身停产、还是对2025年2月CNGR合资项目终止消息的滞后/误述性转引，暂列为未证实冲突，建议持续跟踪POSCO官方2026年下半年财报/新闻稿确认光阳厂实际运营状态。",POSCO Holdings 100%自建；原料100%由SNNC供应。,中,R1-区域普查,https://newsroom.posco.com/en/posco-group-holds-groundbreaking-ceremony-for-high-purity-nickel-refinery-for-secondary-batteries-the-nations-first-system-from-nickel-ore-to-high-purity-nickel-strengthening-secondary-batte/,"https://newsroom.posco.com/en/posco-group-holds-groundbreaking-ceremony-for-high-purity-nickel-refinery-for-secondary-batteries-the-nations-first-system-from-nickel-ore-to-high-purity-nickel-strengthening-secondary-batte/
https://autotechinsight.spglobal.com/news/5262271/posco-commences-high-purity-nickel-production-for-ev-batteries
https://www.woodmac.com/reports/metals-gwangyang-nickel-operation-15931922/
https://news.smm.cn/live/detail/103173255
https://news.smm.cn/news/104011067
https://www.munhwa.com/article/11484044
https://v.daum.net/v/20250219061102473
https://www.snmnews.com/news/articleView.html?idxno=548207
https://www.khan.co.kr/article/202502111905011
https://v.daum.net/v/20250807182827765
https://www.segye.com/newsView/20250211518271
https://www.ferrotimes.com/news/articleView.html?idxno=39420
https://newsroom.posco.com/en/
https://newsroom.posco.com/en/posco-starts-high-purity-nickel-production-for-secondary-batteries/"
NI-052,GL052,东北亚(日韩台),韩国,South Korea,"忠清南道牙山市 (Asan, Chungcheongnam-do)",Torecom(LS MnM子公司) 牙山硫酸镍精炼厂,Torecom (LS MnM) Nickel Sulfate Refinery,Torecom(LS MnM Inc.全资子公司),LS MnM(原LS-Nikko Copper)全资子公司Torecom建设运营，2023年3月27日投产,硫酸镍精炼(溶解镍板)+硫酸镍精炼(中间品/高冰镍),混合,精制硫酸镍(电池级),1100,"R5：LS MnM Torecom牙山硫酸镍厂2023年3月竣工，设计5,000 t/年(产品硫酸镍口径，折含镍约1,100t，与本记录一致)。| 投产初期(2023年)产能5,000吨/年硫酸镍产品，按22%镍品位折算约1,100吨镍金属/年；公司宣称远期(2030年前后)目标产能提升至270,000吨/年(产品吨，折合镍金属约59,400吨/年)，此为集团中长期规划目标，与当前实际产能差距巨大，能否达成存在高度不确定性，两数字并列不作调和。",2023,在产,2023,2023,,,,,,,,,,原料由母公司LS MnM(蔚山温山铜冶炼厂)供应的粗硫酸镍(≥18%Ni)，另掺MHP及废电池黑粉,"2023年3月27日投产，是LS集团切入电池材料上游的第一个硫酸镍精炼项目，选址牙山Torecom既有厂区；公司将此定位为迈向'Vision 2030'电池材料业务的第一步，规划远期产能扩张目标激进(5,000吨→270,000吨)，需持续跟踪其实际落地进度。","未找到2025-2026年度相关更新。 【R4-未能核实】LS MnM/Torecom官网相关页面本轮访问失败(404)，其他信源未查到2024-2025年度产量更新。prod_2024_2025维持未能核实。 【R5】确认LS MnM旗下Torecom(토리컴/아산)硫酸镍新厂已于2023年3月竣工，设计产能5,000吨/年，高于现有记录的1,100吨/年，建议人工核实两者是否为同一设施(扩建)或不同产线；LS集团另有2030年硫酸镍产能27万吨/年的集团级目标(非Torecom单厂数字)。",可能,,,,非高温炉；湿法精制/结晶(purification and crystallization)产线，将粗硫酸镍进一步提纯为电池级硫酸镍。,"精制硫酸镍(电池级)；当前产能约5,000吨硫酸镍产品/年(约合1,100吨镍金属，与原始档案记录一致，按硫酸镍Ni含量约22%折算)。",原料由母公司LS MnM(蔚山温山铜冶炼厂)供应的粗硫酸镍(≥18%Ni，铜冶炼副产)；未来规划掺入MHP及废电池黑粉(black mass)以实现原料多元化。,未披露，为缺口。,,,2023年3月27日投产，为LS集团切入电池材料上游的第一个硫酸镍精炼项目，选址牙山Torecom既有厂区→公司规划'Vision 2030'下远期产能扩张目标：分阶段扩至27万吨/年(产品口径)，并计划最终将全部硫酸镍产量导入内部前驱体生产链，需持续跟踪其实际落地进度。,Torecom为LS MnM Inc.全资子公司；LS集团'Vision 2030'电池材料战略(目标2030年前资产规模50万亿韩元、相关领域投资超20万亿韩元)的第一步。,中,R1-区域普查,https://www.kedglobal.com/batteries/newsView/ked202303270026,"https://www.kedglobal.com/batteries/newsView/ked202303270026
https://www.koreatimes.co.kr/business/companies/20230327/ls-constructs-nickel-sulfate-plant-in-asan-to-bolster-ev-battery-materials-output
https://www.marklines.com/en/news/285477
https://www.seoul.co.kr/news/economy/2023/03/27/20230327500125
https://www.dailian.co.kr/news/view/1216105
https://www.lsmnm.com/business/metals_01"
NI-053,GL053,东北亚(日韩台),韩国,South Korea,"蔚山广域市蔚州郡温山邑 (Ulsan, Onsan Industrial Complex)",高丽亚锌 温山'一体化镍冶炼厂'(新建),"Korea Zinc ""All-in-One Nickel Smelter"" (KEMCO, new)",高丽亚锌(Korea Zinc)子公司KEMCO(Trafigura持有KEMCO少数股权12.9%),2023年11月15日举行动工仪式 → 由高丽亚锌通过KEMCO全资建设运营，2023年11月Trafigura入股KEMCO 12.9%股权,硫酸镍精炼(中间品/高冰镍)+MHP/MSP中间品,混合,硫酸镍、硫酸钴、电池前驱体、高纯镍(符合美国IRA标准),42600,"官方/媒体报道称新厂年产能约42,600吨；与现有Onsan硫酸镍产能(14,000吨，见另一记录)合计后，高丽亚锌总镍产能据BusinessKorea报道将达约65,000吨/年——注：42,600+14,000=56,600，与'65,000'总数存在约8,400吨差异，未能核实是否包含其他产能来源或为进一步扩产规划，两数据来源均列出，不强行调和。",2026,在建,2026,2026,,,,,,,,,,镍锍与MHP第三方采购，具体来源国别不详,"总投资5,063亿韩元(约3.8亿美元)，由KEMCO承建；2023年11月获Trafigura等入股KEMCO少数股权(12.9%，约1.4亿美元)并签订20,000-40,000吨/年原料长期供应协议。项目强调'低碳法'冶炼工艺，产品瞄准美国《通胀削减法案》(IRA)合规市场；目标2026年实现商业化投产，截至本研究撰写时(2026年9月)未查得投产确认报道，状态列为在建。","未找到该新建“一体化镍冶炼厂”2026年商业化投产或产量的确认报道，round-1记录（在建，目标2026年商业化投产）未获证实或推翻。见KEMCO现有产线记录中关于2026年9月Onsan基地安全事故的背景信息。 【R4】高丽亚锌'一体化镍冶炼厂'标签订阅源(koreazinc.co.kr)本轮无可见文章。페로타임즈(FerroTimes) 2024年12月16日报道：为增加原料配比灵活性(镍锍与MHP进料比例可在1:3至3:1间调整，而非原定固定2吨:2吨)，KEMCO将原定商业化投产时间推迟约半年，目标改为'2026年底(연말)投产'；新厂产能约43,600吨/年(与既有记录42,600吨口径接近，视为合理误差范围)，叠加现有Onsan产线后合计约6.5万吨/年。截至本轮检索(2026年9月)未查到该新厂已投产的确认报道，故仍按最新确证证据(2024年12月)判定为在建，2026年内目标投产尚待验证。",可能,,,,'一体化(all-in-one)'低碳湿法精炼产线，可兼容处理镍锍、MHP等多种含镍原料；公开资料未披露具体炉型/反应器型号(是否采用TSL/ISASMELT类技术未获证实，仅为行业推测线索，Korea Zinc现有蔚山温山锌冶炼厂采用TSL技术处理锌铅，但未查得镍产线沿用同一技术的直接证据)。,高纯硫酸镍、硫酸钴、电池前驱体材料，目标满足美国《通胀削减法案》(IRA)合规标准。,"第三方采购的镍锍与MHP(氧化矿混合氢氧化物沉淀)，具体来源国别未披露；Trafigura2023年11月入股KEMCO(约12.9%少数股权，约1.4亿美元)并签订20,000-40,000吨/年原料长期供应协议。",未披露具体能源结构，公司称采用'低碳法'工艺以显著降低CO2排放，但未给出量化单耗数据。,,,"2023年11月获Trafigura等入股KEMCO少数股权并签订长期原料供应协议→2023年11月15日于蔚山温山产业园区举行开工仪式→项目总投资5,063亿韩元(约3.8-3.9亿美元)→目标2026年实现商业化投产，截至本研究撰写时(2026年9月)未查得正式投产确认报道，状态仍列为在建→建成后将与现有KEMCO产线(NI-055)合计形成6.5万吨/年镍产能，号称'除中国外全球规模最大'。",高丽亚锌(Korea Zinc)子公司KEMCO；Trafigura持有KEMCO少数股权约12.9%，并与之绑定长期原料供应协议。,中,R1-区域普查,https://www.businesskorea.co.kr/news/articleView.html?idxno=205948,"https://www.businesskorea.co.kr/news/articleView.html?idxno=205948
https://www.prnewswire.com/news-releases/korea-zinc-completes-onsan-smelter-project-boosting-efficiency-and-cutting-costs-302331150.html
https://www.koreazinc.co.kr/en/?pageName=business/secondary_nikcel&mainMenuId=kz-business-en&subMenuId=kz-biz-new-material-en&menuId=kz-biz-new-mate-nickel-sulf-en
https://news.smm.cn/live/detail/104120868
https://www.ferrotimes.com/news/articleView.html?idxno=38539
https://www.koreazinc.co.kr/en/korea-zinc-breaks-ground-for-an-all-in-one-nickel-refinery/
https://www.trafigura.com/news-and-insights/press-releases/2023/korea-zinc-signs-krw-185-billion-usd140-million-investment-agreement-with-trafigura-to-build-an-all-in-one-nickel-refinery/
http://www.snmnews.com/news/articleView.html?idxno=526043"
NI-054,GL054,东北亚(日韩台),韩国,South Korea,"蔚山广域市温山国家产业园区 (Onsan National Industrial Complex, Ulsan)",LS MnM 温山镍钴锰硫酸盐新厂,LS MnM Ulsan Nickel-Cobalt-Manganese Sulfate Plant,LS MnM Inc.(原LS-Nikko Copper),LS MnM前身LS-Nikko Copper为LS集团与日方(Nikko/日本矿业系)合资铜冶炼企业(具体沿革未完全确认) → 现由LS集团旗下LS MnM主导建设该硫酸镍新厂 → 2023年11月23日与蔚山市政府签署非约束性谅解备忘录(MOU),硫酸镍精炼(中间品/高冰镍),混合,硫酸镍、硫酸钴、硫酸锰、氢氧化锂,4840,"官方目标产能为硫酸镍22,000吨/年(产品吨)，按硫酸镍含镍约22%折算，约合4,840吨镍金属/年(本研究估算换算，非官方数字)。总投资6,700亿韩元(约5.16亿美元)。",2026,在建,2024,2024,,,,,,,,,,依托LS MnM现有Onsan铜冶炼基础设施，原料含黑粉(废电池提取物)等再生料,该项目选址紧邻LS MnM现有Onsan铜冶炼厂，意在共享公用工程降低成本；2023年11月签署MOU，计划2024年上半年动工、2026年初建成投产；是LS集团电池材料多元化布局的一部分，另有位于牙山(Asan)的Torecom硫酸镍精炼厂(见独立记录)。截至本研究撰写(2026年9月)未查得正式投产确认。,未找到2025-2026年度相关更新。 【R4-未能核实】LS MnM相关页面本轮访问失败(404)，未查到蔚山Onsan镍钴锰硫酸盐新厂2025-2026年度建设/投产进度更新。原定2026年初投产目标既未获证实也未被推翻。,未能核实,,,,非高温炉；依托LS MnM现有Onsan铜冶炼基础设施新建湿法精炼产线，另计划配套MHP精炼设施与废电池黑粉(black mass)精炼设施连通运行。,"硫酸镍、硫酸钴、硫酸锰；并从黑粉残渣中回收锂制成氢氧化锂副产品。产能22,000吨硫酸镍产品/年(约合4,840吨镍金属，与原始档案记录完全一致，按硫酸镍Ni含量约22%折算)。",MHP(氧化矿混合氢氧化物沉淀)及废电池黑粉，具体来源/品位未披露；依托毗邻的LS MnM蔚山温山铜冶炼厂共享公用工程降低成本。,与相邻LS MnM Onsan铜冶炼厂共享公用工程(降本协同)，未披露具体MW数据。,,,"2023年11月23日与蔚山广域市签署总投资6,700亿韩元(约5.162亿美元)的无约束力谅解备忘录(MOU)，选址蔚山温山国家产业园区23.7英亩场地→计划2024年上半年动工，目标2026年初建成投产→截至本研究撰写(2026年9月)未查得正式投产确认报道。",LS MnM Inc.(原LS-Nikko Copper)全资；为LS集团电池材料多元化布局的一部分，另有位于牙山(Asan)的Torecom硫酸镍精炼厂(NI-052)。,中,R1-区域普查,https://www.koreajoongangdaily.com/business/ls-mnm-signs-516-million-deal-to-build-ulsan-battery-material-plant/10381449,"https://www.koreajoongangdaily.com/business/ls-mnm-signs-516-million-deal-to-build-ulsan-battery-material-plant/10381449
https://www.bestmag.co.uk/ls-mnm-smelter-sulphuric-acid-battery-materials/
https://www.spglobal.com/energy/en"
NI-055,GL055,东北亚(日韩台),韩国,South Korea,"蔚山广域市蔚州郡温山邑 (Ulsan, Onsan-eup)",高丽亚锌/KEMCO 温山硫酸镍精炼厂(既有产线),KEMCO (Korea Zinc) Onsan Nickel Sulphate Refinery (existing line),高丽亚锌(Korea Zinc)全资子公司KEMCO,投产年份不详(至少2021年已运营) → 始终为高丽亚锌集团旗下KEMCO运营,硫酸镍精炼(中间品/高冰镍),混合,硫酸镍,14000,Wood Mackenzie(2023年报告)：2021年含镍产能14.0千吨/年，实际产量6.6千吨(产能利用率约47%)。,,在产,2021,2024,,6600,2021,,,,,,,第三方供应的镍粉/镍锭原料(来源地不详),为高丽亚锌进军电池材料领域的早期硫酸镍产能，规模远小于其2023年后启动建设的'一体化镍冶炼厂'(All-in-One Nickel Smelter，见独立记录)。2021年产能利用率不高(约47%)，反映当时原料供应或市场需求限制；该产线与新建的All-in-One Nickel Smelter同址(Onsan)，未来可能整合运营。,"未找到该现有硫酸镍产线2025-2026年度的产量更新。另需说明：2026年9月16日Korea Zinc Onsan综合基地锌焙烧工段发生一起造成人员死亡的安全事故，产量影响“待观察”；该事故发生于锌系统而非镍系统，与本记录及下一条新建All-in-One镍冶炼厂的直接关联性存疑，仅供背景参考。 【R4-未能核实】本轮未查到高丽亚锌KEMCO Onsan既有硫酸镍产线2024-2025年度产量更新，维持Wood Mackenzie(2021年6,600吨)既有数字不变。 【R5】高丽亚锌在蔚山新建'올인원 니켈 제련소'(一体化镍冶炼厂)，总投资5,363亿韩元、设计产能42,600吨/年，并与Trafigura签1,850亿韩元投资协议+年2万至4万吨镍原料长期承购协议；该新项目可能是KEMCO产能扩张的一部分或独立新设施，需下一轮核实与现有14,000吨记录的关系。",可能,,,,非高温炉；硫酸镍结晶精炼产线。2018年3月建成，2018年11月实现全面商业运营；2019年11月新增产线目标于2020年将产能扩至5万吨(产品口径)。,硫酸镍(电池级)；供应国内及日本电池材料厂商，中国客户当时在洽谈中(据2019年报道)。,第三方供应的高纯镍粉/镍锭原料(来源地不详)，通过与矿业公司的长期合同锁定供应，公司策略为采购精炼原料而非处理低品位矿石以简化流程、降低成本。,未披露，为缺口。,,,"2018年3月原厂建成→2018年11月全面商业化运营(初始产能约2万吨产品/年)→2019年11月新增产线，目标2020年产能扩至5万吨产品/年(约合1.1万吨镍金属)→2021年后规划目标产能超10万吨(产品口径，视市场情况调整节奏)→原始档案记录2021年实际产能利用率仅约47%，反映名义产能与实际运行存在较大差距；本轮检索的50,000吨(产品)扩产目标与原始档案14,000吨(镍金属)产能记录之间存在口径/年份不完全一致的情况（若按22%镍含量折算，5万吨产品≈1.1万吨镍金属，与14,000吨的差异可能来自不同年份/统计口径），建议后续向公司年报或Wood Mackenzie完整报告核实精确的当前名义产能数字。该产线与新建的All-in-One Nickel Smelter(NI-053)同址(Onsan)，未来可能整合运营。",高丽亚锌(Korea Zinc)全资子公司KEMCO。,中,R1-区域普查,https://www.woodmac.com/reports/metals-ulsan-onsan-kemco-nickel-sulphate-refinery-150006865/,"https://www.woodmac.com/reports/metals-ulsan-onsan-kemco-nickel-sulphate-refinery-150006865/
https://news.smm.cn/live/detail/104120868
https://www.etnews.com/20190110000247
https://edaily.co.kr/News/Read?mediaCodeNo=257&newsId=02965126635712568
https://www.sentv.co.kr/article/view/sentv202308300116?d=pc
https://www.koreazinc.co.kr/%EA%B3%A0%EB%A0%A4%EC%95%84%EC%97%B0-trafigura%EC%99%80-1850%EC%96%B5-%EA%B7%9C%EB%AA%A8-%EC%98%AC%EC%9D%B8%EC%9B%90-%EB%8B%88%EC%BC%88-%EC%A0%9C%EB%A0%A8%EC%86%8C-%ED%88%AC/
https://www.koreazinc.co.kr/company/troika-drive/secondary/nickel/
https://www.industrynews.co.kr/news/articleView.html?idxno=58144"
NI-056,GL056,东南亚与南亚,印度,India,"贾坎德邦 (Jharkhand) Ghatsila镇，印度铜业联合体(Indian Copper Complex, ICC)内",印度斯坦铜业公司—印度铜业联合体镍-铜-酸回收装置,Hindustan Copper Ltd — Indian Copper Complex Nickel-Copper-Acid Recovery Plant,"印度斯坦铜业有限公司(Hindustan Copper Limited, HCL，印度中央政府国有企业)",隶属HCL旗下Ghatsila印度铜业联合体(ICC)；采用加拿大引进的EMEW电积技术与酸净化装置(Acid Purification Unit)作为铜精炼工艺的副产回收环节；建成/加装具体年份未确认,其它(说明：铜电解精炼工艺副产电解液中回收硫酸镍，EMEW电积技术，非独立处理镍矿),不详（铜精炼工艺副产电解液，非直接处理镍矿）,硫酸镍（副产），号称印度第一座生产LME级镍金属的设施,390,《Indian Minerals Yearbook 2021》列示硫酸镍回收装置设计产能390吨/年(金属吨)；同文件注明'自2004-05财年以来未见硫酸镍产量报告'，表明近20年可能处于停产或极低利用率状态。,,不详,2021,2021,自2004/05财年起未报告硫酸镍产量，具体原因(如铜精炼副产液成分变化、经济性不足、设备老化等)未见公开说明，未见官方'永久关闭'的正式声明,,,,,,,,,依托Hindustan Copper自有Ghatsila/Musabani等铜矿及电解精炼系统副产，非直接对应镍矿,该装置并非独立的镍矿冶炼设施，而是HCL铜电解精炼工艺的副产回收环节，采用进口自加拿大的EMEW电积技术从铜精炼电解液中回收硫酸镍，号称'印度第一座生产伦敦金属交易所(LME)级镍金属的设施'。规模极小(设计产能仅390吨/年)，且据印度矿业局官方年鉴记载自2004-05财年以来已近20年未报告产量，反映其实际利用率极低或已处于事实性停产状态，但未见正式的关闭声明。原始建成年份及具体停产原因均未在公开资料中找到，为研究缺口。,"未找到2025-2026年度相关更新。 【R4-未能核实】印度斯坦铜业2025年6月11日版公司介绍(Corporate Presentation)及其官网'ICC Plant'页面均将印度铜业联合体(ICC, Ghatsila)仅描述为铜业设施(1.9万吨/年精炼铜)，完全未提及镍硫酸盐/镍-铜酸回收装置(仅在公司整体产品列表中笼统列出'镍阴极'字样，未关联到具体工厂)。这与master记录'自2004-05财年起未报告产量'的结论相互印证，但仍未见任何正式关闭声明，维持'不详'。",未能核实,,,,,,,,,,,,,R1-区域普查,https://ibm.gov.in/writereaddata/files/02272023165341Nickel_2021.pdf,"https://ibm.gov.in/writereaddata/files/02272023165341Nickel_2021.pdf
https://www.hindustancopper.com/Content/PDF/Corporate_Presentation-11.06.2025.pdf
https://www.hindustancopper.com/Page/ICCPlant"
NI-057,GL057,东南亚与南亚,印度,India,果阿邦 (Goa) Cuncolim镇,尼科梅特工业公司（Vedanta Nicomet）,Nicomet Industries Ltd. (Vedanta Nicomet),Vedanta Limited（2021年12月通过印度《破产与债务重组法》IBC程序收购；官网品牌名'Vedanta Nico'）,原为独立企业Nicomet Industries Ltd.(部分商业名录资料称与'Malco Energy Ltd'存在关联，细节未经核实)；工厂自2018年起停产，随后进入IBC破产重整程序；2021年12月Vedanta Limited通过资产收购程序取得该资产，成为印度唯一的商业化镍生产商；Vedanta宣布计划于2022年3月复产,硫酸镍精炼(中间品/高冰镍),不详（推测为进口镍/钴中间品，印度本土缺乏商业化规模的原生镍矿）,电池级硫酸镍结晶(Battery-grade Nickel Sulphate Crystals)、钴产品,7500,"Vedanta 2021年收购公告称设计产能为7.5千吨/年(镍+钴合计，KTPA)；印度矿业局(IBM)《Indian Minerals Yearbook 2021》(2023年出版)称实际产能约为5,400公吨/年镍金属及衍生品，且称'目前正在生产'。两组数据存在差异，予以并列存档未予调和。",,在产,2023,2026,,2824,2024,,,2824,,,"Contained Ni. FY2024 = April 2023-March 2024 (standard Indian fiscal-year, ending-year label). Company's sustainability report states production fell y/y 'due to falling LME nickel prices and global mine closures affecting raw material availability' (Nicomet refines imported nickel intermediate, it does not mine its own ore). FY2025 page describes further decline but the actual figure is only shown in an un-parseable chart image ('nicomet-table1.svg'). Company cites a Phase-I debottlenecking target of 10,000 t/yr and Phase-II target of +1,800 t/yr for value-added nickel products.",不详；印度国内缺乏商业化规模镍矿，推测原料依赖进口,"Nicomet原为独立运营企业，2018年起停产并陷入破产重整(IBC程序)，厂区一度无人员留守。2021年12月Vedanta Limited通过资产收购程序取得该资产，使其成为印度唯一的商业化镍生产商，并计划于2022年3月复产，目标是通过扩产满足印度约50%的镍需求(当时印度全国镍需求约4.5万吨/年)。据印度矿业局2023年出版的《2021年鉴》，该厂截至该年鉴数据期已恢复生产，但产能数字(5,400吨)明显低于Vedanta收购时披露的7.5千吨设计产能，具体差异原因未见说明。原厂最初建成年份未确认，为研究缺口。","未找到Nicomet厂级2025年产量数据。背景信息：2025年9月Vedanta集团披露投资超1,250亿卢比(约15亿美元)扩大包括镍/硫酸镍在内的电动车关键金属产能，并自我定位为“原镍和硫酸镍主要生产商”；2026年7月Vedanta完成企业拆分，铝业/油气/钢铁/电力四大板块独立上市，但公告未提及贱金属(镍)板块的具体处置，推测Nicomet仍留在母公司Vedanta Ltd旗下，但此为推断而非确认。",可能,,,,无冶炼炉；为纯精炼厂：溶剂萃取(SX)分离镍钴 + 三效蒸发结晶(triple-effect evaporative system)生产硫酸盐结晶；无高压釜/熔炼炉信息披露。2023年1月起新增'镍金属'产线(工艺未披露，推测为电解或化学还原)。,电池级硫酸镍结晶(Nickel Sulphate Crystals)；硫酸钴结晶(Cobalt Sulphate·7H2O)；催化剂级硝酸镍(Nickel Nitrate)；副产硫酸钠(Sodium Sulphate，来自萃取废液)；2023年起增加镍金属,"印度国内无商业化镍矿，原料来源不详——推测为进口镍精矿/中间品(镍锍或MHP)，但未找到公司或第三方对具体原料形态/来源国的技术披露(研究缺口)。产能：Vedanta官方称设计产能7.5千吨/年；印度矿业局(IBM)《2021年鉴》记载实际产能5,400吨/年，两者存在约30%差异，原因未见官方解释",,,,原厂建成年份未确认→2018年起停产陷入破产重整(IBC程序)→2021年12月Vedanta通过资产收购程序取得该资产→2022年3月计划复产→2022年硫酸镍结晶生产恢复/新建→2023年1月新增镍金属生产线,Vedanta Limited 100%（2021年12月通过印度IBC破产程序收购，为印度目前唯一商业化镍生产商）,低,R1-区域普查,https://www.vedantaresources.com/uploads/media_pdf/press_release/vrl/2021/press-release-vedanta-acquires-nicomet-updated.pdf,"https://www.vedantaresources.com/uploads/media_pdf/press_release/vrl/2021/press-release-vedanta-acquires-nicomet-updated.pdf
https://www.business-standard.com/article/companies/vedanta-acquires-goa-based-nicomet-becomes-only-nickel-producer-in-india-121122000840_1.html
https://ibm.gov.in/writereaddata/files/02272023165341Nickel_2021.pdf
https://www.pv-magazine-india.com/2021/12/21/vedanta-acquires-nickel-and-cobalt-producer-nicomet/
https://news.smm.cn/live/detail/103525880
https://news.smm.cn/live/detail/104003311
https://www.vedantanico.in/
https://m.indiamart.com/nicomet-inds-ltd/
https://www.vedantalimited.com/uploads/esg/esg-sustainability-framework/Sustainability-Report-FY2024.pdf
https://www.vedantalimited.com/vedantaFY25/nicomet.html"
NI-058,GL058,东南亚与南亚,泰国,Thailand,罗勇府 (Rayong Province)，曼谷东南约120公里,AFC硫酸镍厂,AFC Nickel Sulphate Plant,Alpha Fine Chemicals Limited (AFC)，与澳大利亚Canopean Pty Ltd.（专利'CMN工艺'/溶剂萃取技术持有方）合作；资金方包括Traxys Group与CIGP（可转换票据）；据报道与勘探公司NickelSearch存在战略伙伴关系,2022年4月宣布获得Traxys Group与CIGP可转换票据融资，用于支持确定性可行性研究(DFS)及尽职调查费用；此后无公开更新,硫酸镍精炼(中间品/高冰镍),不详,规划：高纯硫酸镍晶体,,"公司宣传产能为40,000吨/年，但此为产品吨(硫酸镍晶体重量)，并非含镍金属吨；若按硫酸镍六水合物约22%镍含量粗略折算，约合8,800吨镍金属/年，但该换算系数未经官方确认，故capacity_t_ni_pa留空。",,规划中或可研,2022,2022,,,,,,,,,,不详（泰国本土无镍矿资源，原料需完全依赖进口镍钴中间品或类似原料，具体来源未披露）,该项目是泰国迄今唯一已知的镍冶炼/精炼类规划项目，采用AFC与澳大利亚Canopean合作开发的专利'CMN工艺'（溶剂萃取法）生产电池级高纯硫酸镍晶体，面向新能源汽车及储能电池产业链。项目选址于罗勇府，靠近港口及工业基础设施。2022年4月宣布获得阶段性融资支持尽调及可行性研究费用，预计创造90-100个长期全职岗位。截至研究时(2026年)未找到2023-2026年的任何后续进展报道，项目当前实际状态（是否仍在推进、已动工或已取消）存疑，需要后续研究者重点核实。,未找到2025-2026年度相关更新。 【R4-未能核实】直接核查AFC官方项目页面(afchemicals.com.au)，内容自2022年4月Traxys/CIGP可转换票据融资公告后未见任何更新(无后续融资、可研完成或开工建设消息)。经2026年本轮直接查证，确认官网本身确无新信息，维持'规划中或可研'。,未能核实,,,,,,,,,,,,,R1-区域普查,https://www.proactiveinvestors.co.uk/companies/news/979062/nickelsearch-s-strategic-partner-alpha-fine-chemicals-passes-funding-milestone-for-thai-nickel-sulphate-plant-979062.html,"https://www.proactiveinvestors.co.uk/companies/news/979062/nickelsearch-s-strategic-partner-alpha-fine-chemicals-passes-funding-milestone-for-thai-nickel-sulphate-plant-979062.html
https://afchemicals.com.au/afc-nickel-sulphate-plant
https://prudentiaeng.com/critical-minerals/alpha-fine-chemicals-nickel-sulphate-project/"
NI-059,GL059,东南亚与南亚,缅甸,Myanmar,实皆省(Sagaing Region) Tigyaing镇附近Tagaung Taung矿区，毗邻曼德勒省,德贡东（塔冈冬）镍铁冶炼项目,Tagaung Taung Nickel-Iron (Ferronickel) Project,中国有色矿业集团(CNMC)通过全资子公司CNMC Nickel，与缅甸国营矿业企业合资；2024年8月起矿区安保/控制权已转移至缅甸民族团结政府(NUG)阵营抵抗武装（新增确认）,2007-2008年前后CNMC与缅甸政府签署合作协议开发；中国国家开发银行(CDB)为该项目银团贷款提供融资支持；2010年报道称施工全面展开，目标2011年投产；此后建成投产；2021年缅甸军事政变后成为反抗力量的攻击目标；2022年1月7日Tigyaing镇人民防卫军(PDF)炸毁供电铁塔迫使工厂停产,电炉镍铁(非RKEF),红土矿(不详具体类型),"镍铁，设计年产镍铁85,000吨（折合含镍金属22,000吨/年，镍铁品位约25.9%Ni）",22000,"22,000吨为镍铁产品(85,000吨/年)中所含镍金属量，数据来源为2010年报道的设计产能，非实际产量。process_route(电炉法，非RKEF)为根据项目建设年代(2010-2012年)及同期中资境外镍铁项目普遍技术水平的推测，未经独立技术文档核实，标注存疑。",2011,减产或部分停产,2024,2024,非因经济或资源原因永久关闭；2022年1月因缅甸反政府武装(Tigyaing镇人民防卫军)破坏输电基础设施被迫停产；此后缅甸内战持续，该项目经营状况未能核实,,,,,,,,,"Tagaung Taung自有红土镍矿，探明储量逾3,000万吨，含镍约70万吨（具体品位未披露）",该项目投资总额约8亿美元，由中国国家开发银行提供银团贷款融资支持，是缅甸境内唯一已知建成投产的商业化镍铁冶炼厂。2010年报道称建设全面展开，目标2011年投产，运营期规划至2031年。项目日处理约5000吨矿石。2021年缅甸政变后，该矿区及冶炼厂因其中资背景及被指控为军政府提供资金支持，成为地方反抗力量的重点攻击目标：2022年1月，Tigyaing镇人民防卫军炸毁供电铁塔迫使生产中断；另有报道称矿区周边曾爆发为期两周的武装冲突并造成缅甸军方重大伤亡。截至研究时（2026年）未找到该厂是否已恢复生产的公开报道，为重大研究缺口，建议后续研究者通过更新的缅甸内战局势报道或CNMC最新年报核实。,"专门检索未找到该项目2024-2026年度经营状态的任何信息（缅甸相关搜索结果多为锡矿/稀土及地震影响报道，与镍铁项目无关），round-1记录（不详，2022年）维持不变。 【R3-未能核实】本轮以中文('达贡山镍矿 2025 复产'、'达贡山镍矿 2025')及英文('Tagaung Taung nickel Myanmar 2026')多次专门检索，未找到2024-2026年该项目经营状态的任何新证据。搜索结果多为2022年缅甸国内武装冲突导致停产的历史报道('resistance forces take control of China-backed nickel mine'等)的重复索引，以及中国有色矿业集团(CNMC)其他业务(债券评级报告、集团新闻)的不相关结果；'2026 in Myanmar'词条及mindat.org矿床地质信息也未提供运营现状。缅甸国内政局持续动荡(2025-2026年地震及冲突相关报道频出)，进一步降低了近期公开经营信息的可得性。结论：未能核实，维持'不详'状态。 【R4-未能核实】中国有色矿业集团(CNMC)官网(cnmc.com.cn)'有色网站群'栏目列出'中色镍业有限公司'子公司链接，但站内未见关于达贡山项目的专门新闻报道；按常见命名规则猜测的子公司域名(cnmcnickel.com)DNS解析失败，无法访问。中文关键词('达贡山镍矿 2025 复产')检索仅返回2022年CNMC集团内部新闻(项目视察、首炉镍铁产出等，均早于2022年1月停产事件)及一份不相关的2024年行业报告PDF，未获得2023-2026年任何经营状态证据。维持'不详'。 【R5】2023年10月Irrawaddy报道矿山仍在运营(日运约5,000吨矿石)但运输因抵抗武装袭击公路车队而持续受阻；2024年8月2日Myanmar Now报道抵抗力量(NUG阵营)已控制/负责矿区安保，称其为'全国最大产镍企业'；2024年8月后的运营与产量状态本轮未能在公开中英文源中找到确认，武装冲突下现状高度不确定。",可能,R5核实：状态由「不详」更新为「减产或部分停产」；,,,,,,,,,,,,R1-区域普查,https://www.irrawaddy.com/news/burma/myanmar-resistance-forces-china-backed-nickel-plant-shut-down.html,"https://www.irrawaddy.com/news/burma/myanmar-resistance-forces-china-backed-nickel-plant-shut-down.html
https://stainless-steel-world.net/tagaung-taung-nickel-project-in-myanmar/
https://www.business-humanrights.org/en/latest-news/myanmar-two-week-armed-conflict-around-chinese-invested-tagaung-taung-nickel-mine-disrupts-operations-results-in-heavy-casualties-for-junta/
https://china.aiddata.org/projects/34115/
https://myanmar-now.org/en/topics/tagaung-taung-nickel-mine/
https://nfc.cnmc.com.cn/cnmc/xwzx/jtxw/2022/6/I984846094116585472.html
https://www.dyys.com/cnmc/xwzx/jtxw/2022/6/I984845743267250176.html
https://www.irrawaddy.com/news/war-against-the-junta/junta-suffers-heavy-casualties-in-clashes-over-myanmars-biggest-nickel-mine.html
https://myanmar-now.org/en/news/resistance-forces-take-control-of-china-backed-nickel-mine-in-northern-myanmar/
https://static.sse.com.cn/bond/bridge2/disclosure/announcement/c/202503/f66940_20250314_G6NU.pdf"
NI-060,GL060,东南亚与南亚,缅甸,Myanmar,钦邦(Chin State)与实皆省交界Tiddim镇附近，Natmyaung保留林内，靠近Kalay镇,牟埃冬（古鲁穆阿）镍铁项目,Mwetaung (Gullu Mual) Nickel-Ferronickel Project,"北方矿业投资有限公司(North Mining Investment Company Ltd., NMIC，中资企业)；此前2005年锦宝(Kingbao/Jinbao)矿业公司曾持有勘探权，已到期未续",2005年Kingbao矿业获勘探权(后到期)；NMIC后续接手开发；2013年2月提交可行性研究；2014年因社区反对及市场原因项目搁置，此后从未复工,其它(说明：规划露天开采并就地熔炼镍铁，配套两座15兆瓦燃煤电站，项目从未建成),红土矿(不详具体类型),规划：镍铁精矿/镍铁（项目从未建成，无实际产品）,,未找到具体设计产能(吨镍/年)数字，可能该项目从未进入详细设计阶段并公布过具体产能,,项目中止(未建成),2014,2014,2013年2月完成可行性研究后，因当地社区强烈反对(土地征用、透明度缺失、利益分配不公——仅2-5%利益分成给钦邦当地、缺乏事先自由知情同意FPIC)、资源分成谈判失败及镍价大跌(从每吨逾2万美元跌至不足1万美元)，项目于2014年起无限期搁置，此后未见复工报道,,,,,,,,,"Mwetaung/Gullu Mual矿床自有，含矿量约3,610万吨，平均品位1.48%镍(约合53万吨镍金属)","该项目原计划在钦邦Tiddim镇附近开展露天开采，并在当地就地熔炼镍铁精矿，配套建设两座15兆瓦燃煤电站供电，产品计划经新建道路运至Chindwin河码头，再船运至仰光及中国。2013年初，钦邦自然资源观察组织(Chinland Natural Resources Watch Group, CNRWG)成立并组织逾百场会议与宣传活动，抗议项目对土地、环境及当地社区利益的影响。据一名前NMIC雇员透露，项目搁置也与资源分成谈判失败及镍价大跌有关。该项目最终从未建成，被当地民间社会视为'公民社会成功动员'的案例，是本区域少数几个因社区抵制而彻底夭折的镍项目之一。",,,,,,,,,,,,,,,R1-区域普查,https://aseas.univie.ac.at/index.php/aseas/article/download/2681/2293,"https://aseas.univie.ac.at/index.php/aseas/article/download/2681/2293
https://en.wikipedia.org/wiki/Mwetaung_mine"
NI-061,GL061,东南亚与南亚,菲律宾,Philippines,"苏里高德尔诺特省苏里高市附近Nonoc岛 (Nonoc Island, near Surigao City, Mindanao)",诺诺克岛镍精炼厂（马林杜克矿业公司建；后由Philnico公司尝试复产改造）,Nonoc Nickel Refinery (Marinduque Mining & Industrial Corp.); revival attempted by Philnico Industrial Corporation (PIC),最后业主 Philnico Industrial Corporation (PIC，1989年购得资产)；原建设/运营方为Marinduque Mining and Industrial Corporation (MMIC),1968年MMIC获政府经营合同；Bechtel自1970年起负责工程设计；1974年12月建成投产；1984年因债务违约被债权银行(含菲律宾开发银行DBP)查封；1986年3月正式停产关闭；资产转入政府Assets Privatization Trust(后更名Privatization and Management Office)；1989年9月Philnico Industrial Corp(PIC)购得炼厂资产；1995年5月Pacific Nickel Holding Ltd.(后更名Philnico Holding Ltd.)取得PIC 90%股权；2000年2月南非Impala Platinum宣布拟收购25%权益推动PAL技术改造复产计划，此后未见任何实际复产或建设的报道,Caron氨浸,红土矿(混合),历史(1974-1986)：电解镍/镍钴产品(Caron法)；规划改造(2000年前后，未实现)：混合硫化镍钴中间品(拟运往南非Impala Platinum精炼),,"未能在检索来源中确认具体官方铭牌产能(成品镍吨/年)数字。已知1974-1986年运营期间累计处理2,270万吨矿石(平均品位1.24%Ni、0.13%Co)，年均约189万吨矿石，若以品位折算矿石中所含镍金属，理论年均镍金属入炉量约2.3万吨左右，但受限于当年Caron法回收率(通常70-85%)，实际成品产量应更低——此为基于间接数据的推算，非官方公布产能，需通过USGS历史Minerals Yearbook菲律宾章节(1975-1986各年版)核实。PAL改造方案(未实现)规划自有矿2.5百万干吨/年+外购矿1百万干吨/年，混合品位1.3%Ni/0.14%Co，20年矿山寿命规划，但也未见换算后的成品产能数字。",1974,永久关闭,2012,2012,1986年3月永久关闭。直接原因是1984年债务违约被债权银行查封；深层原因是Caron氨浸工艺技术落后、能耗高、经济性差，叠加当时镍价低迷。1996年(原Caron工艺)和1998年(PAL工艺)两轮可行性研究均未能促成实际复产，2000年后再无实质性进展报道，工厂长期废弃。,,,,,,,,,Nonoc岛自有红土矿(MMIC/Philnico)；PAL改造方案曾规划另采购第三方外购矿,1974年建成投产，采用加拿大Sherritt Gordon Mines授权的改良版'还原焙烧-氨浸(Caron)工艺'，是菲律宾历史上唯一一座实现商业化全流程镍冶炼(而非仅出口矿石)的设施。1986年因债务及技术经济性问题永久关闭。此后Philnico公司主导的复产计划(拟改造为PAL工艺，与南非Impala Platinum合作生产中间品再精炼)历经1989-2000年多轮尝试，取得环境合规证及经济特区地位，但最终未能实际动工复产。2012年菲律宾媒体报道称厂区建筑已老化锈蚀、存在倒塌及氨气/硫化氢泄漏风险，主管部门建议拆除；此后是否已实际拆除未见后续报道，为研究缺口。,,,,,,,,,,,,,,,R1-区域普查,https://dtisdn.tripod.com/nonoc.htm,"https://dtisdn.tripod.com/nonoc.htm
https://dtisdn.tripod.com/philnico.html
https://mindanews.com/top-stories/2012/07/abandoned-nickel-plant-in-surigao-poses-health-hazard/
https://newsinfo.inquirer.net/301026/islanders-miss-nickels-golden-era
https://www.onemine.org/documents/the-marinduque-surigao-nickel-refinery
https://www.dmsprojects.net/philippines/projects/philnico-nonoc-nickel/PRJ0005253"
NI-062,MHP045,东南亚与南亚,菲律宾,Philippines,"巴拉望省巴塔拉萨镇里奥图巴 (Rio Tuba, Bataraza, Palawan)",科拉尔湾镍业公司,Coral Bay Nickel Corporation (CBNC),Sumitomo Metal Mining (SMM，多数股东，具体比例未完整披露) + 住友商事、三井物产等日方财团；Nickel Asia Corporation (NAC) 原持15.625%股权已于2025年1月31日出售给SMM并退出股东名单,2002年由SMM牵头联合三井物产、Nickel Asia Corporation等合资成立，为菲律宾首座商业化HPAL厂；2005年1号线投产；2007年2号线动工，2009年投产；NAC持股2022年10月由10%增至15.625%(斥资2594万美元)；2024年11月NAC宣布以18.55亿比索将该15.625%股权全部出售给SMM，2025年1月31日签署生效，此后CBNC不再是NAC联营公司,HPAL,红土矿(褐铁矿),"镍钴混合硫化物(Mixed Sulfide of Nickel & Cobalt, MSP)",24000,"1号线(2004年完工/2005年投产)EPC总包商JGC官网称设计产能为镍10,000吨/年+钴750吨/年；2号线(2009年投产)后，2022-2024年NAC文件及Philstar报道称两线合计设计产能为含镍24,000吨/年+含钴2,000吨/年。但NAC 2024年2月投资者介绍材料另称'nameplate capacity'为20,000镍吨，与24,000吨数字矛盾，两组数据并列存档未予调和。未找到2023-2025年逐年实际产量数字，仅有2022年矿石供应量约310万湿公吨。",2005,在产,2025,2026,,15800,2025,17900,16200,16000,15800,,"Contained Ni in mixed sulfide (MS/MSP). SMM fiscal-year labels (FY2025=Apr2025-Mar2026), derived from the CBNC sub-segment of SMM's stacked MS-Production bar chart (2026-05-18 presentation): CBNC total minus THPAL total per year, cross-checked arithmetically against the stated combined totals. FY2026 plan (not actual) = 19.0kt. No CBNC-only figure available for Q1 FY2026 (company only states MSP output was 'roughly flat y/y' for the Philippines operations combined). NAC's 2024 17-A confirms CBNC design capacity of 24,000 t Ni/yr + 2,000 t Co/yr and NAC's 15.625% equity stake (sold to SMM effective 31 Jan 2025) but discloses no plant-level tonnage.",Rio Tuba Nickel Mining Corporation（NAC全资子公司，毗邻矿区）独家供应红土(褐铁矿)矿石，另有自有石灰石矿供厂区使用,由SMM/三井物产/NAC财团投资建设，为菲律宾第一座商业化HPAL湿法冶炼厂，初始资本开支约5亿美元。1号线2005年投产、2号线2009年投产后产能翻倍以上。2022-2025年间NAC对CBNC的持股经历'先增后清仓'过程，2025年初完全退出，SMM财团巩固对该厂的控制权。菲律宾国内围绕2024-2026年拟议的镍矿出口禁令展开的下游加工政策讨论中，CBNC与Taganito HPAL是仅有的两座已建成运营的商业化冶炼产能。,2025年5月Nickel Asia Corporation(NAC)一季度业绩报告确认其2025年1月31日向住友金属矿山出售CBNC 15.625%股权（对价80亿比索/约1.4亿美元），带动NAC一季度净利润同比+148%至5.0103亿比索——证实round-1记录中的股权变更事项。厂级2025全年产量未见披露；住友集团层面“NAC项目”（Coral Bay+Taganito合计）2024年10-12月产MHP镍1.04万吨(环比+23.81%)。,确认,,SMM-Philippines-Japan,中间品,HPAL，2条线：1号线2002年动工/2005年商业化投产；2号线2007年动工/2009年商业化投产。JGC承担EPC(2004年完工的早期阶段合同标注设计产能'镍1万吨/钴750吨'，为原始规模，后续经改扩建达到现产能)。具体高压釜数量/规格未见披露(THPAL已知为2台1000吨级，CBNC未见对应数字，为缺口)。,"镍钴混合硫化物(MSP)，产能24,000吨镍+2,000吨钴/年(NAC 2024年报SEC 17-A披露)","Rio Tuba Nickel Mining Corp(NAC全资子公司)供应褐铁矿(limonite)红土矿，Rio Tuba矿石储量品位约1.27% Ni(Wikipedia，2022年产量约46,780吨镍金属)；另配套自有石灰石矿；MSP产品出口日本(具体接收精炼厂未确证)",未证实具体细节；行业线索提及配套燃煤电厂，但本轮检索未找到公司或第三方技术文件确认燃煤电厂规模/MW，列为缺口,,,2002年1号线动工→2004年JGC完成EPC→2005年1号线商业化投产→2007年2号线动工→2009年2号线商业化投产，产能翻倍以上；初始联合投资约5亿美元(两线合计)；2022-2025年NAC持股'先增后清仓'，2025年1月31日NAC所持15.625%股权以约18.55亿比索出售给SMM并完全退出,SMM(住友金属矿山)主导多数股权(具体比例未完整披露)+住友商事+三井物产等日方财团；NAC原持15.625%，2025年1月31日售予SMM后退出,中,R1-区域普查,https://www.philstar.com/business/2022/10/04/2214041/nickel-asia-ups-stake-coral-bay-nickel,"https://www.philstar.com/business/2022/10/04/2214041/nickel-asia-ups-stake-coral-bay-nickel
https://cbnc.com.ph/the-company
https://www.jgc.com/en/projects/038.html
https://nickelasia.com/assets/documents/NAC-17-A-Annual-Report-2024.pdf
https://nickelasia.com/assets/documents/NAC-2024-FEB-IR-Deck.pdf
https://nickelasia.com/subsidiaries/rio-tuba-nickel-mining-corporation
https://www.woodmac.com/reports/metals-coral-bay-nickel-operation-15928831/
https://en.wikipedia.org/wiki/Rio_Tuba_mine
https://news.smm.cn/live/detail/103193256
https://www.smm.co.jp/ir/event/roadshow/pdf/2025/260518_setsumeikai.pdf"
NI-063,MHP047,东南亚与南亚,菲律宾,Philippines,"苏里高德尔诺特省克拉沃镇 (Claver, Surigao del Norte)，棉兰老岛，苏里高矿产保留区内",塔加尼托HPAL镍业公司,Taganito HPAL Nickel Corporation (THNC / THPAL),股权披露矛盾：菲律宾MGB(2021)文件称'65% Nickel Asia Corporation + 33.50% Pacific Metals Co. Ltd. + 1.50% Sojitz Corporation'；NAC自身2024年度报告(SEC 17-A)则称'NAC仅持有THNC 10%股权'。两者矛盾未予调和，推测MGB数字可能实际描述的是负责采矿的Taganito Mining Corporation而非THNC冶炼公司本身，未经证实。,采矿协议2009年6月18日获批；EPC总包商JGC于2013年完成建设。股权数据来源冲突详见owner_operator_current字段说明。,HPAL,红土矿(褐铁矿),镍钴混合硫化物(MSP)；副产钪草酸盐(scandium oxalate)与铬矿,30000,"NAC 2024年度报告(17-A)称设计产能含镍30,000吨/年+含钴2,500吨/年，与EPC总包商JGC官网披露的'30,000吨/年'数字一致，无矛盾。2021年实际报告产出44,056干公吨MSP（未换算纯镍吨），产值200亿比索。未找到2023-2025年逐年实际产量数字。",2013,在产,2025,2026,,27500,2025,28900,29500,24300,27500,,"Contained Ni in mixed sulfide (MS/MSP). SMM fiscal-year labels (FY2025=Apr2025-Mar2026), derived from the THPAL sub-segment of SMM's stacked MS-Production bar chart (2026-05-18 presentation). FY2026 plan (not actual) = 29.5kt. NAC's 2024 17-A confirms THNC design capacity of 30,000 t Ni/yr + 2,500 t Co/yr; ownership disclosure is contradictory across sources (MGB documents cite NAC 65%, NAC's own 17-A cites NAC only 10%) -- unresolved, flagged in markdown notes.",Taganito Mining Corporation（NAC子公司，MPSA No. 266-2008-XIII）供应红土(褐铁矿)矿石；矿区资源估算含156百万湿公吨、平均品位1.22%Ni、33.93%Fe,"为JGC承接的第二座菲律宾HPAL EPC项目(此前已完成Coral Bay)，采用两台1,000吨级巨型高压釜，克服台风季施工困难于2013年按期完工，是菲律宾第二座、也是目前该国仅有的两座商业化HPAL湿法冶炼产能之一。",NAC 2025年5月一季度报告提及Taganito HPAL厂当季进行检修性大修，影响交付量；round-1记录中MGB（NAC持股65%）与NAC自身2024年10-K（僅10%）之间的股权披露矛盾未获解决，仍然存在。,可能,,SMM-Philippines-Japan,中间品,"HPAL，2台1,000吨级巨型高压釜(JGC EPC设计)，2013年建成投产，克服台风季施工困难按期完工","镍钴混合硫化物(MSP)，产能30,000吨镍+2,500吨钴/年(NAC 2024年报SEC 17-A披露)；副产钪草酸盐(scandium oxalate)及铬矿",Taganito Mining Corporation(NAC子公司，MPSA No. 266-2008-XIII)独家供应全部褐铁矿(limonite)原料；矿区资源估算156百万湿吨、平均品位1.22%Ni、33.93%Fe,未见具体披露(缺口),,766,JGC承接的第二座菲律宾HPAL EPC项目(继Coral Bay后)，2013年建成商业化投产，10年间历经2011年武装分子袭击、COVID-19疫情、2021年超强台风'雷伊'(Odette)等多次危机仍维持运营,股权披露矛盾：菲律宾MGB(2021)称'65% NAC+33.50% Pacific Metals+1.50% Sojitz'；NAC自身2024年报(SEC 17-A)称'NAC仅持股THNC 10%'。两者未调和，推测MGB数字可能实际描述采矿子公司Taganito Mining Corporation而非冶炼公司THNC本身，未经证实,中,R1-区域普查,https://www.mgbr13.ph/wp-content/uploads/THPAL-2021.pdf,"https://www.mgbr13.ph/wp-content/uploads/THPAL-2021.pdf
https://www.jgc.com/en/projects/025.html
https://nickelasia.com/assets/documents/NAC-17-A-Annual-Report-2024.pdf
https://nickelasia.com/subsidiaries/taganito-mining-corporation
https://www.scribd.com/document/837049861/THPAL-2021
https://rcmb13.ncmb.gov.ph/wp-content/uploads/2023/08/THPAL-REVISED-SUCCESS-STORYforwebsite.pdf
https://news.smm.cn/news/103315652
https://www.smm.co.jp/ir/event/roadshow/pdf/2025/260518_setsumeikai.pdf"
NI-064,GL064,东南亚与南亚,菲律宾,Philippines,苏里高南省(southern Surigao province)，具体地块未公开,Global Ferronickel Holdings拟建HPAL厂,Global Ferronickel Holdings (GFNI) Planned HPAL Plant,"Global Ferronickel Holdings, Inc. (GFNI，Century Peak集团旗下)；2023年报道称正与一家中国企业谈判；2024年10月报道称正与一家欧洲投资者和一家亚洲投资者谈判，未确认是否为同一批潜在合作方",2023年提出规划，目标2024年第一季度签订最终协议(未见确认)；2024年10月报道谈判对象表述发生变化,HPAL,不详,规划：镍钴混合硫化物(推测，未明确披露),40000,"据2023年Mining.com报道，规划年产能约40,000吨镍，投资至少10亿美元，计划通过债务与股权方式融资。",,规划中或可研,2024,2024,,,,,,,,,,GFNI在苏里高南省现有矿山,GFNI总裁Dante Bravo于2023年披露公司正与一家中国企业就建设HPAL厂谈判，目标在2024年第一季度前达成最终协议，融资方式为债务加股权组合；2024年10月Philstar报道则称其正与'一家欧洲投资者和一家亚洲投资者'谈判，未透露细节，也未确认最终协议是否已签署。截至研究时(2026年)未见该项目进入建设阶段的报道。,未找到2025-2026年度相关更新。 【R4-未能核实】直接核查GFNI官网新闻栏目(gfni.com.ph/news/)，内容已更新至2026年第一季度/2025年全年业绩及子公司(Ipilan、Platinum Group Metals)动态，但未见任何关于HPAL厂谈判进展的报道，最后已知进展仍为2024年10月Philstar报道的'与一家欧洲投资者和一家亚洲投资者谈判'。维持'规划中或可研'。,未能核实,,,,规划中，HPAL工艺，具体高压釜/产线配置未披露,"规划产能约40,000吨镍/年(2023年GFNI总裁Dante Bravo披露)；产品形态未明确(推测MSP或MHP，未证实)",拟依托GFNI在苏里高南省(Surigao del Sur)现有矿山供矿,,,,2023年GFNI总裁披露正与一家未具名中国企业谈判，目标2024年第一季度前达成最终协议，投资额至少10亿美元，融资方式为债务加股权组合；该协议未见落地报道→2024年10月Philstar报道GFNI改为与'一家欧洲投资者和一家亚洲投资者'谈判，未透露细节，两批潜在合作方是否为同一批次未确认；截至2026年9月研究完成时未见项目进入FID或建设阶段的报道,"Global Ferronickel Holdings, Inc.(Century Peak集团旗下)100%，尚未引入外部处理厂合作方",低,R1-区域普查,https://www.mining.com/web/top-philippine-nickel-miners-may-spend-2-billion-in-new-plants/,"https://www.mining.com/web/top-philippine-nickel-miners-may-spend-2-billion-in-new-plants/
https://www.philstar.com/business/2024/10/18/2393275/nickel-miners-explore-more-sites-processing
https://gfni.com.ph/about-us/
https://gfni.com.ph/news/"
NI-065,GL065,东南亚与南亚,菲律宾,Philippines,"达沃东方省普哈达半岛 (Pujada Peninsula, Davao Oriental)，棉兰老岛",Nickel Asia第三座HPAL厂（普哈达半岛项目）,Nickel Asia Corporation Third HPAL Plant (Pujada Peninsula Project),Nickel Asia Corporation (NAC) 主导；据2023年报道默认合作策略是与住友金属矿山(SMM)合作，但也考虑其他外资；2023年NAC曾与Hallmark、Austral-Asia就矿权(MPSA相关)签署意向书(LOI),2023年提出规划；2023年NAC-Hallmark-Austral-Asia三方就矿权合作签署LOI；该LOI已于2024年2月23日经三方协议正式终止，原因是'未能就商业条款达成一致',HPAL,不详,规划：镍钴混合硫化物,30000,"据2023年Mining.com报道，规划年产能约30,000吨镍，总投资约10亿美元或以上(视工艺配置而定)。项目仍处于矿权/商业条款谈判阶段，未进入可研或建设阶段。",,规划中或可研,2024,2024,,,,,,,,,,拟依托普哈达半岛矿权(与Hallmark/Austral-Asia合作但已终止),2023年NAC总裁公开表示正推进第三座HPAL厂，位于达沃东方省普哈达半岛，默认策略为与SMM合作，规划产能3万吨镍/年、投资约10亿美元以上。2024年2月23日，NAC与Hallmark、Austral-Asia之间关于该地区矿权合作的LOI宣告终止，原因是未能就商业条款达成一致，为项目进展的重大挫折。2024年10月菲律宾媒体报道未提及该项目最新进展。与后续2025年3月宣布的'NAC-DMCI合作镍加工厂'项目之间的关系未经证实——可能是同一项目更换合作伙伴后的延续，也可能是独立的新计划，本记录与该记录并列存档，标注为存疑。,未找到2025-2026年度关于Pujada第三座HPAL厂开工/FID的更新。 【R4-未能核实】直接核查Nickel Asia官网(nickelasia.com)首页/新闻栏目，未见任何关于普哈达半岛第三座HPAL厂的最新报道。该项目与2025年3月宣布的NAC-DMCI合作(NI-066)之间的关系仍未能确认。维持'规划中或可研'。,未能核实,R5：与Hallmark/Austral-Asia的Pujada采矿权意向书已于2024-02-23终止(NAC IR)，项目实质停滞，保留“规划中”但应视为已重置。,,,规划中，HPAL工艺，具体配置未披露,"规划镍钴混合硫化物(MSP)，产能30,000吨镍/年，投资约10亿美元或以上(视技术路线而定)",原拟依托普哈达半岛(Davao Oriental省)矿权，通过与Hallmark、Austral-Asia的意向书(LOI)取得矿权/矿业合同服务安排,,,,2023年NAC总裁公开披露第三座HPAL厂计划，默认合作策略为与SMM合作(未确认签约)，目标处于'最终谈判'争取普哈达矿权→2024年2月23日，NAC与Hallmark、Austral-Asia就该地区矿权合作的LOI正式终止，原因是三方未能就NAC提供采矿承包服务的商业条款达成一致，为项目重大挫折→2024年10月菲律宾媒体报道未提及该项目最新进展→与2025年3月'NAC-DMCI合作镍加工厂'公告之间的关系未经证实(可能是同一项目更换合作方后的延续，也可能是独立新计划),NAC主导；默认策略为与SMM合作(未确认签约)；原矿权合作方Hallmark、Austral-Asia的LOI已于2024年2月终止,低,R1-区域普查,https://www.mining.com/web/top-philippine-nickel-miners-may-spend-2-billion-in-new-plants/,"https://www.mining.com/web/top-philippine-nickel-miners-may-spend-2-billion-in-new-plants/
https://nickelasia.com/assets/documents/NAC-2024-FEB-IR-Deck.pdf
https://www.philstar.com/business/2024/10/18/2393275/nickel-miners-explore-more-sites-processing
https://nickelasia.com/"
NI-066,GL066,东南亚与南亚,菲律宾,Philippines,未公开,Nickel Asia与DMCI Mining镍加工厂合作项目,Nickel Asia – DMCI Mining Nickel Processing Plant Partnership,Nickel Asia Corporation + DMCI Mining Corporation（持股比例未公开）,2025年3月6日公开报道合作意向；细节未公开,其它(工艺路线未公开),不详,不详,,无可用产能数据,,规划中或可研,2025,2025,,,,,,,,,,可能与DMCI旗下Berong Nickel Corporation（巴拉望，2025年8月签署新MPSA）存在原料供应关联，但未经证实,"2025年3月6日BusinessWorld以标题'Nickel Asia, DMCI Mining to partner on nickel processing plant in PHL'报道两家公司将合作建设一座镍加工厂，但原文全文因访问限制(HTTP 403)未能获取，具体地点、工艺路线、产能、时间表等细节缺失，仅能确认该合作意向的公开报道存在。本项目与本清单中'NAC第三座HPAL/普哈达半岛项目'记录的关系未经证实，可能为同一项目的后续进展，也可能是独立计划，予以并列存档并标注存疑，建议后续研究者查证BusinessWorld原文及NAC/DMCI后续公告。",未找到2025-2026年度相关更新。 【R4】获取Philstar 2025年3月6日原文全文（此前因访问限制未能读取）：确认该合作仍处谅解备忘录(MOU)阶段——厂址、加工技术路线、产能均待双方联合可行性研究确定，双方计划在'未来2-3年内'共同勘探镍矿资源并商谈合资公司股权结构；项目定位是处理'目前不适合出口的低品位镍矿'。菲律宾采矿业媒体2026年9月的DMCI矿石产量报道未再提及该加工厂合作进展，说明截至2026年9月仍无实质突破。capacity留空并非检索疏漏，而是该项目本身尚处MOU阶段、确实未有产能数字对外披露。,确认,,,,,,,,,,,,,R1-区域普查,https://bworldonline.com/top-stories/2025/03/06/657537/nickel-asia-dmci-mining-to-partner-on-nickel-processing-plant-in-phl/,"https://bworldonline.com/top-stories/2025/03/06/657537/nickel-asia-dmci-mining-to-partner-on-nickel-processing-plant-in-phl/
https://www.manilatimes.net/2025/08/13/business/corporate-news/dmci-minings-berong-nickel-inks-mineral-production-sharing-agreement-for-palawan-project/2166604
https://www.philstar.com/business/2025/03/06/2426155/dmci-nickel-asia-join-forces-planned-nickel-processing
https://www.philippineminingclub.com/dmci-mining-on-track-to-hit-3-million-ton-nickel-ore-target-in-2026/"
NI-067,GL067,东南亚与南亚,菲律宾,Philippines,三描礼士省 (Zambales)，吕宋岛,三描礼士省镍铁厂及配套矿山项目（Westchinamin公司）,Zambales Ferro-Nickel Plant and Mining Project (Westchinamin Corp.),Westchinamin Corporation（企业名称暗示可能有中资背景，未经证实）,至少自2018年起存在于菲律宾环境管理局(EMB)项目环评清单中，其后沿革未知,其它(工艺路线未公开),不详,规划：镍铁（据项目名称推测，未证实）,,无可用产能数据，原始环评文件因访问限制(403错误)未能读取全文,,不详,2018,2018,,,,,,,,,,项目名称包含配套矿山('...and Mining Project')，具体矿区位置未获取,"菲律宾环境管理局(EMB)官网列出一份2018年8月的环境范围界定文件(Environmental Scoping Program)，题为'W ESP Zambales Ferro-Nickel Plant and Mining Project, WESTCHINAMIN CORP.'，证明该项目至少在2018年进入了环评前期程序。因文档访问受限(HTTP 403)未能获取工艺路线、产能、投资额、时间表等细节。未找到该项目其后是否动工、投产、搁置或取消的任何后续报道，属于本次普查中最不确定的一条线索，强烈建议后续研究者重点核实（可尝试通过菲律宾MGB或DENR备案记录、Zambales地方政府公告等渠道）。",未找到2025-2026年度相关更新。菲律宾镍矿石出口禁令传闻（2025年5月市场传言拟自2025年6月起实施）经检索仅见讨论/分析文章，未见正式立法通过的确认；2026年8月21日菲律宾总统马科斯签署第122号行政令(EO 122)，建立关键矿产产业统一发展政策框架，推动矿产勘探/加工/下游投资并为国内加工企业优先配矿，但这并非全面出口禁令，且未点名Zambales等具体项目是否因此启动建设。菲律宾镍矿2025-2026年对华出口量据海关数据仍维持高位，未见实际执行出口禁令的迹象。 【R3-未能核实】重要澄清：本轮检索发现2026年多篇报道('US-funded nickel project in Zambales advances...'等)所述赞碧莱斯(Zambales)镍项目，实际运营方为Eramen Minerals Inc.（获美国贸易发展署USTDA自2022年起约100万美元可行性研究资助，隶属美国'Pax Silica'关键矿产供应链倡议），并非Westchinamin Corporation——该报道称年产2万吨镍的目标'仅为在研的开发目标，非已确认的当前产量'，且'尚无建成的加工厂投产'。此为与本记录(Westchinamin公司自身的赞碧莱斯镍铁厂及矿山项目)完全不同的另一实体/项目，特此注明以避免报告撰写者误将两者混淆。Westchinamin Corporation本身2018年后的经营状态本轮仍未查到任何新信息，维持'不详'。 【R4-未能核实】本轮未针对Westchinamin Corporation本身开展新一轮独立检索(R3已专门排查并明确区分于Eramen Minerals赞碧莱斯项目)，维持'不详'不变。,未能核实,,,,,,,,,,,,,R1-区域普查,https://eia.emb.gov.ph/wp-content/uploads/2018/08/ESP_Westchina.pdf,"https://eia.emb.gov.ph/wp-content/uploads/2018/08/ESP_Westchina.pdf
https://hq.smm.cn/nickel/content/104079202
https://www.startup.ph/a-zambales-nickel-mine-is-now-part-of-americas-plan-to-out-build-china-on-ev-batteries-and-ai-chips/"
NI-068,GL068,东南亚与南亚,越南,Vietnam,山萝省 (Son La Province)，越南西北部,版福镍矿及选矿厂,Ban Phuc Nickel Mine & Concentrator,Ban Phuc Nickel Mines LLC — Blackstone Minerals Ltd.（澳大利亚，持股90%）+ Son La Mechanical Engineering J.S.C.（越南本地企业，持股10%），自2019年5月起；2025年8月起越南Xuan Loc Tho集团通过战略合作协议取得控股权（初始55%，可能进一步增至65%或80%）,加拿大Asian Mineral Resources Ltd.(AMR，NYSE/TSXV上市)全资子公司建设并运营，2013年选矿厂投产；2016年9月因镍价低迷、运营成本过高暂停开采与选矿；2017年10月AMR启动战略评估寻求出售/合作；2018年5月AMR宣布拟出售资产；2019年5月Blackstone Minerals取得90%权益；2019年12月与韩国EcoPro BM Co. Ltd.签署协议探索下游加工设施建设；2025年8月与越南Xuan Loc Tho集团(工业园区开发商)达成战略合作，出让多数股权以推进'矿山+精炼一体化'的Ta Khoa项目,其它(说明：仅浮选选矿，未进行火法或湿法冶炼，属本次普查收录范围的边界案例),硫化矿精矿,镍硫化矿精矿(未冶炼),6400,"USGS《2019年越南矿产年鉴》列示产能为含镍6,400吨/年(精矿中所含镍金属量)及含钴200吨/年；2019年因停产未产生实际产量。该数据为精矿含镍量，非成品冶炼产品；本设施严格来说不构成本普查定义下的'冶炼/精炼厂'，因其在区域产业链中的重要性及与下游Ta Khoa精炼厂规划项目的紧密关联而予以收录存档，并在此明确标注其'选矿非冶炼'的边界性质。",2013,保养维护(C&M),2016,2025,2016年9月镍价下跌导致收入不足以覆盖运营成本(此前3.5年投资者累计投入超1.36亿美元、产生2.13亿美元收入，但仍难以为继)，转入护养维护状态；此后经Blackstone(2019年)、Xuan Loc Tho(2025年)等新股东多次评估复产，但截至研究时未找到确认已恢复商业化生产的报道,,,,,,,,,本身即为矿山，Ban Phuc/Ta Khoa矿床，含块状硫化物脉(MSV)和浸染状硫化物(DSS)两类矿体,越南目前唯一具备一定规模的镍矿床及配套选矿设施。2013年AMR建成选矿厂投产，但仅3.5年后即因镍价低迷于2016年停产，长期处于护养维护状态。2019年Blackstone Minerals收购后启动技术评估，探索MSV与DSS两类矿体的开发潜力，并与韩国EcoPro BM就下游加工达成合作意向。2025年8月，Blackstone与越南本地工业园区开发商Xuan Loc Tho达成战略合作，后者将成为控股方以推进矿山复产及配套Ta Khoa精炼厂建设，但截至研究时项目仍处于合作重组及许可申请阶段，尚未恢复商业化开采。,未找到Ban Phuc矿本身2025-2026年度的独立更新；关联的Ta Khoa冶炼/精炼一体化项目股权结构演变见下一条记录。 【R4-未能核实】本轮多次尝试访问Blackstone Minerals 2026年ASX公告页面(官网首页、/investors/asx-announcements/、/wp-content上传目录，以及ASX.com.au公告查询)均返回404或无法访问，未能获得2025年8月Xuan Loc Tho合作以后的进一步更新。维持'保养维护(C&M)'。,未能核实,,,,无冶炼/湿法设施，仅浮选选矿厂(concentrator)，本次普查收录的边界案例,"镍硫化矿精矿(未冶炼)；USGS《2019年矿业年鉴》记载设计产能约6,400吨镍金属量/年；另据Mining-Technology(Ta Khoa项目页，反映Blackstone扩产后的可研设计方案)称选矿厂设计处理能力'8Mtpa，年均镍精矿回收量16,400吨'——两组数字存在显著差异（后者约为前者2.5倍），推测分别对应不同阶段/不同规模的设计方案（原AMR小型厂 vs. Blackstone扩产后DFS方案），未经调和，予以并列存档",自身矿床Ban Phuc/Ta Khoa，含块状硫化物脉(MSV，露天开采，储量品位0.43%Ni)和浸染状硫化物(DSS，地下开采)两类矿体；地下King Snake、Ban Chang矿体采用长孔地下采矿法,,,,2008年开始采矿→2013年AMR建成选矿厂全面投产→此前业主投资超1.36亿美元、创收2.13亿美元(3.5年运营期)→2016年9月因镍价低迷及运营成本过高停产进入C&M→2019年5月Blackstone Minerals收购90%权益→2021年12月恢复采矿活动(有限)→2023年上半年目标完成确定性可行性研究(DFS)，2023年三季度目标开始厂址前期工程，2025年年中目标建成投产(该时间表截至研究时点已过期，未见完工确认)→2025年8月Xuan Loc Tho集团通过战略合作协议成为控股方(初始55%，可能增至65%-80%)，推动矿山复产及配套精炼厂建设,Ban Phuc Nickel Mines LLC — Blackstone Minerals Ltd.(澳大利亚)90% + Son La Mechanical Engineering J.S.C.(越南本地)10%(2019年5月至2025年8月)；2025年8月起Xuan Loc Tho集团通过战略合作协议取得控股权,中,R1-区域普查,https://vir.com.vn/a-new-lease-of-life-for-ban-phuc-mine-67772.html,"https://vir.com.vn/a-new-lease-of-life-for-ban-phuc-mine-67772.html
https://smallcaps.com.au/article/blackstone-minerals-partners-vietnamese-conglomerate-develop-ta-khoa-mine-refinery
https://pubs.usgs.gov/myb/vol3/2019/myb3-2019-vietnam.pdf
https://www.globenewswire.com/news-release/2018/05/14/1501644/0/en/Asian-Mineral-Resources-Announces-Divestment-of-Ban-Phuc-Nickel-Mine.html
https://www.mining-technology.com/projects/ta-khoa-nickel-project-son-la-province-vietnam/"
NI-069,GL069,东南亚与南亚,越南,Vietnam,山萝省 (Son La Province)，毗邻Ban Phuc矿区,达卡精炼厂（塔科亚精炼厂）,Ta Khoa Refinery (TKR),Blackstone Minerals Ltd.（通过Ban Phuc Nickel Mines子公司）；2025年8月起越南Xuan Loc Tho集团成为控股合作方（初始55%股权，可能增至65-80%）,2020年提出规划(scoping study)；2021年7月完成预可行性研究(PFS)；2022年2月PFS完成，原计划2022年内完成确定性可行性研究(DFS)、2023年Q3开始场地前期工程、2025年年中投产(2022年4月来源预测，实际未实现)；2025年8月与Xuan Loc Tho集团达成新的战略合作，重组股权结构,其它(说明：规划生产锂电池用镍钴锰前驱体/NCM precursor，具体是否属传统MHP/MSP工艺或独立硫酸盐前驱体产线未在公开资料中明确界定),硫化矿精矿,规划：镍钴锰电池正极前驱体材料(NCM precursor / pCAM),,"产能数据高度分散且随年份变化很大，予以并列而非调和：(1) 2021年7月PFS称精炼厂设计处理40万吨/年镍精矿进料；(2) 2020年scoping study估算配套矿山镍金属年产量约12,700吨(矿山寿命8.5年)；(3) 2022年报道称选矿处理厂处理能力为8百万吨/年(此为采选环节产能，非精炼厂本身)；(4) 2025年8月最新合作方案提及以150万吨/年选矿处理量作为项目门槛选项之一。未找到精炼厂本身以'含镍金属吨/年'计的官方设计产能数字，故capacity_t_ni_pa留空。",,规划中或可研,2025,2026,,,,,,,,,,Ban Phuc/Ta Khoa矿床(自有)供应硫化镍精矿原料,该项目是Blackstone Minerals计划在Ban Phuc/Ta Khoa矿区下游新建的一座镍钴锰电池前驱体材料厂，旨在将本地生产的镍精矿深加工为高附加值电池材料而非单纯出口精矿。2020年提出概念，2021-2022年完成预可行性研究，2022年报道预测2022年内完成DFS、2025年中投产，但截至2025年8月最新报道显示项目仍处于合作方股权重组(引入Xuan Loc Tho集团为新控股方)及许可证申请阶段，据称已推进至'建设许可(construction licence)申请阶段'，尚未见实质动工或精炼厂开工建设的报道，原定2025年投产的目标显然未能实现。,2025年8月28日，Blackstone Minerals与越南实业集团玄禄寿(Xuan Loc Tho)达成战略合作，共同推进北越大卡(Ta Khoa)镍矿及冶炼一体化项目：玄禄寿初始持股55%，未来可增至65%甚至80%，并在白燕(Bac Yen)建设专用工业园；项目已被列为越南国家级电池金属重点工程，有助于降低Blackstone资金压力、提高审批效率，同时保留镍价复苏时的潜在收益权。此为对round-1记录中股权结构的更新确认。 【R4-未能核实】同NI-068，Blackstone Minerals相关页面访问失败，未能获得达卡精炼厂(Ta Khoa Refinery)以'含镍金属吨/年'计的官方设计产能数字。维持'规划中或可研'，capacity缺口未解决。,确认,,,,,,,,,,,,,R1-区域普查,https://www.mining-technology.com/projects/ta-khoa-nickel-project-son-la-province-vietnam/,"https://www.mining-technology.com/projects/ta-khoa-nickel-project-son-la-province-vietnam/
https://www.businessnews.com.au/article/Blackstone-onto-big-nickel-system-in-Vietnam
https://smallcaps.com.au/article/blackstone-minerals-partners-vietnamese-conglomerate-develop-ta-khoa-mine-refinery
https://news.smm.cn/live/detail/103502583"
NI-070,MHP037,大洋洲,巴布亚新几内亚,Papua New Guinea,马当省(Madang Province) 巴萨穆克(Basamuk),拉穆(Ramu)镍钴项目——巴萨穆克(Basamuk)高压酸浸精炼厂,Ramu Nickel-Cobalt Project — Basamuk HPAL Refinery,非法人合资：MCC Ramu(中国中冶集团相关公司)85%、Mineral Resources Madang Ltd(MRML)2.5%、Mineral Resources Ramu Ltd(MRRL)3.94%、Ramu Nickel Ltd(由加拿大Nickel 28 Capital Corp持股8.56%，并有权增至20.55%)；另巴新国有Kumul Minerals Holdings(KMHL)持有约1.97%并寻求增持20%；运营方为MCC旗下Ramu NiCo Management (MCC) Limited,由中国中冶集团(MCC)主导开发 → 2012年建成投产 → 巴新地方矿权主体(MRDC/MRML/MRRL)及原上市公司Highlands Pacific(相关权益后由Nickel 28 Capital Corp取得)持有少数股权 → 近年巴新国企Kumul Minerals Holdings寻求扩大持股比例并推动'马当镍加工枢纽'扩建构想,HPAL+MHP/MSP中间品,红土矿(褐铁矿),混合氢氧化镍钴沉淀(MHP),32000,"2025年公司指引年产约32,000吨镍+2,900吨钴（Nickel 28披露口径为31,000-32,000吨镍、2,900-3,000吨钴）；巴新国企Kumul Minerals构想中的扩建/新精炼厂若落地，目标产能提升至约74,000吨镍/年（含新建镍阴极/硫酸镍产品线），但该扩建构想尚处早期阶段、无FID，未单独列为记录",2012,在产,2025,2026,,32000,2025,34302,33604,28669,32000,8785,"厂级：Nickel 28 Capital(少数股东)官方季度/年度公告披露的Ramu项目镍在MHP中含量产量，100%基础。2022=34,302t，2023=33,604t(产能利用率103%)，2024=28,669t(2024年9-10月计划性全厂停产检修导致下降)。设计产能官方披露为32,600吨镍/年(较既有基线32,000略有修正)。2025年数、2026H1数(单季8,785t)沿用目标文件基线。",自有库鲁姆布卡里(Kurumbukari)红土镍矿，经135公里矿浆管道输送至Basamuk厂区，另配套深海尾矿排放系统(DSTP),"拉穆项目是巴新迄今唯一的镍钴矿业项目，2012年投产，总投资约21亿美元，采用HPAL工艺处理红土矿生产MHP。项目长期面临环保争议：2000年当地教会报告即质疑海底尾矿排放；2019年8月调查发现存在数十万升有毒矿浆违规排海事件，2020年当地社区及省政府提起180亿基那(K)索赔诉讼；巴新矿产资源局(MRA)历史上曾一度下令关闭处理厂(具体年份及后续复产细节未在本轮检索中核实，为研究缺口)。2024年12月因酸厂鼓风机机械故障一度减产，2025年2月修复后恢复满产。巴新政府持续寻求提高本国在项目中的权益比例并推动'马当镍加工枢纽'构想——由国企Kumul Minerals Holdings主导，计划将Basamuk现有MHP产线升级为可直接出口的镍阴极及硫酸镍产品，并将年产量目标从约32,000吨提升至约74,000吨镍，但截至2026年8月报道，该计划仍处于监管审批、融资安排等早期阶段，未有具体项目名称、选址或最终投资决定，本记录未将其作为独立设施收录，仅作为Ramu扩建方向记录于此。","Nickel 28 Capital（持股8.56%）多份季度报告确认Ramu持续稳定运营：2025年三季度产镍9,242吨（同比+34%）；2026年4-6月（其2027财年一季度）产镍8,785吨、钴855吨，扣除副产品抵免后现金成本2.81美元/磅镍，季度净利润210万美元。2026年4月披露，运营方五矿(MCC)已向巴新矿产资源局提交二期扩建方案（预计投资约16亿美元，产能有望翻倍），但尚未获得采矿租约/许可，未达FID阶段；按JV协议少数股东（含Nickel 28）可选择按比例跟投或被稀释。 少数股东Nickel 28 Capital Corp.于2026年4月15日披露，Ramu项目运营商(中冶集团MCC)已向巴新矿资源局提交二期扩建方案，预计投资约16亿美元，有望使现有产能翻倍；扩建尚需政府颁发采矿租约及相关许可，且根据合资协议大股东MCC需按公平市场价值向包括Nickel 28在内的小股东发出收购要约，小股东可选择出售、按比例出资参与扩建，或接受股权被稀释。运营层面持续保持稳健：2026年二季度(截至4月30日的财季)生产MHP含镍8785吨、含钴855吨，扣除副产品收入后现金镍生产成本2.81美元/磅；2025年三季度生产MHP含镍9242吨、含钴887吨(均同比增长)。",确认,,,,HPAL，3条高压釜产线(trains)，每条线含3个预热罐+1个高压釜+3个热回收罐；矿浆经135公里管道从Kurumbukari矿区输送至Basamuk厂区,"混合氢氧化镍钴沉淀(MHP)，设计年产约78,000吨(干基)，其中含镍约32,600吨、含钴约3,300吨",自有Kurumbukari红土镍矿；历史入选品位0.98%-1.13%Ni(2018年实际约1.10%Ni、0.10%Co)；据2019年技术报告，矿山寿命自2019年起14年，可处理52.3Mt矿石；2023年储量估算68.9Mt，对应至少15年以上剩余寿命,Basamuk厂区自备电站：8台发电机组，合计装机54MW，燃料为重质燃料油(HFO),C1现金成本 US$3.33/lb镍(以MHP计，扣除副产品抵扣后，2024全年，Nickel 28披露),1500,"2012年投产，总投资约21亿美元→2016-2019年期间环保争议持续发酵(2019年8月调查揭露数十万升有毒矿浆违规排海)，2020年当地社区及省政府提起180亿基那索赔诉讼→2024年12月因酸厂鼓风机机械故障减产→2025年2月修复后恢复满产→2024全年MHP产量对应约71,232(干)吨含镍钴金属量(表述存在歧义，可能指MHP吨位或金属吨位，未完全厘清，予以保留并注明来源)",非法人合资：MCC Ramu(中国中冶集团相关公司)85%、Mineral Resources Madang Ltd(MRML)2.5%、Mineral Resources Ramu Ltd(MRRL)3.94%、Ramu Nickel Ltd(加拿大Nickel 28 Capital Corp持股8.56%，有权增至20.55%)、巴新国有Kumul Minerals Holdings(KMHL)约1.97%(寻求增持至20%)；运营方MCC旗下Ramu NiCo Management (MCC) Limited,高,R1-区域普查,https://en.wikipedia.org/wiki/Ramu_Nickel_Mine,"https://en.wikipedia.org/wiki/Ramu_Nickel_Mine
https://site.mrdc.com.pg/?page_id=3704
https://www.nickel28.com/investors/news-releases/ramu-nickel-cobalt-mine-returns-to-full-production-capacity
https://mine.onepng.com/2026/08/pngs-kumul-minerals-eyes-madang-as.html
https://news.pngfacts.com/2026/08/pngs-bold-nickel-play-madang-to-become.html
https://news.smm.cn/live/detail/103646673
https://news.smm.cn/live/detail/103860075
https://news.smm.cn/live/detail/103980347
https://minedocs.com/11/RamuNiCo_Technical_Report_07242019.pdf
https://www.newsfilecorp.com/release/239359/Nickel-28-Releases-Ramu-Q4-and-Full-Year-2024-Operating-Performance
https://www.businesswire.com/news/home/20240213200674/en/Nickel-28-Releases-Ramu-Q4-and-Full-Year-2023-Operating-Performance"
NI-071,GL071,大洋洲,新喀里多尼亚,New Caledonia,南方省 努美阿(Nouméa) 沙莱克斯角(Pointe Chaleix),沙莱克斯角(Pointe Chaleix)冶炼厂（新喀里多尼亚第一座镍冶炼厂）,Pointe Chaleix Smelter,已关闭/历史设施，末代业主不详（推测与约翰·希金森John Higginson相关企业或Société Le Nickel前身有关）,"1877年(据法语维基百科『Société Le Nickel』条目)或1879年(据法国参议院2005年报告)由约翰·希金森(John Higginson)建成投产,为新喀里多尼亚第一座镍处理厂;具体运营公司、后续产权变更及关闭细节未在本轮检索中查实",硫化矿熔炼-反射炉/鼓风炉(历史),红土矿(腐殖土),粗镍/镍锍(具体品位不详),,未查得具体产能数据,1879,已拆除,1879,1879,推测因1910年Doniambo厂建成及产能整合而被取代，但具体关闭年份及原因未在本轮检索中查实,,,,,,,,,新喀里多尼亚早期镍矿(1864年Jules Garnier发现镍矿，1875年起大规模开采，主要矿点Houaïlou、Canala、Thio等),"法国参议院2005年报告明确记载：'新喀里多尼亚第一座镍处理厂于1879年建于努美阿沙莱克斯角(la pointe de Chaleix)'。这是新喀里多尼亚镍工业的起点，早于1910年建成的Doniambo主厂。据其他资料，1910年及1913年又新增两座处理设施(其中1910年即为Doniambo)，当时约一半矿石在本地冶炼(粗镍品位约70%-80%后运往法国精炼)，另一半出口(主要至日本)。该厂关闭的具体年代、产能及后续用途本轮检索未能查实，为明确的研究缺口，建议查阅法语原始矿业史文献(如'Histoire du nickel en Nouvelle-Calédonie'相关学术著作及Cairn.info/Researchgate收录的1870-1920年镍工业史论文)进一步核实。 【R3补充】新喀里多尼亚第一座镍处理厂,创办人为约翰·希金森(John Higginson)。建厂年份存在两个来源：法国参议院2005年报告记载为1879年;法语维基百科『Société Le Nickel』条目记载为1877年。本轮研究(及第二轮研究)均未能进一步裁定孰是孰非，两个年份予以并列保留，任务要求的'settle'未能完全达成，仅能确认厂址、创办人真实性一致，具体年份误差为1-2年级别。该厂关闭的具体年代、产能及后续用途仍为明确研究缺口。",,,R3修正ownership_history(原:1879年建成投产，为新喀里多尼亚首座镍处理厂；具体运营公司、后续产权变更及关闭…)；,,,,,,,,,,,,R1-区域普查,https://www.senat.fr/rap/r05-007/r05-0073.html,"https://www.senat.fr/rap/r05-007/r05-0073.html
https://en.wikipedia.org/wiki/Nickel_mining_in_New_Caledonia
https://fr.wikipedia.org/wiki/Soci%C3%A9t%C3%A9_Le_Nickel"
NI-072,GL072,大洋洲,新喀里多尼亚,New Caledonia,南方省 蒂奥(Thio)乌鲁埃(Ouroué),蒂奥乌鲁埃(Ouroué)冶炼厂,"Ouroué Foundry, Thio",已永久关闭;末代业主为Société Le Nickel(SLN)前身相关企业,"1889年由SLN前身相关企业在蒂奥乌鲁埃建成投产 → 1891年关闭,具体产权及后续处置本轮检索未查实",硫化矿熔炼-反射炉/鼓风炉(历史),"红土矿(腐殖土,蒂奥当地红土镍矿)",粗镍/镍锍(具体品位不详),,未查得产能数据,1889,已拆除,1891,1891,"存疑;运营时间极短(仅约2年),具体关闭原因本轮检索未能独立核实,推测为技术/经济性问题或产能整合至同期蒂奥其它设施",,,,,,,,,"蒂奥地区红土镍矿(新喀里多尼亚最重要的历史镍矿区之一,自1875年起大规模开采)","本记录响应研究清单'确立多尼安博厂建成前后新喀里多尼亚实际存在过的冶炼厂列表'的要求。法语维基百科『Société Le Nickel』条目明确记载:'蒂奥是公司早期活动的核心,直至1930年代;当地先后建有乌鲁埃冶炼厂(Ouroué foundry，1889-1891年)及蒂奥教会区冶炼厂(Thio-Mission foundry，1912-1930年);公司总部曾于1921-1923年间设于蒂奥村(Thio-Village)。'这是继本普查现有记录『Pointe Chaleix Smelter』(努美阿,1879年建,新喀里多尼亚首座镍处理厂)及『Doniambo Smelter』(努美阿,1910年建,现仍在产)之后,补充确认的又一座已完全关闭的早期新喀里多尼亚镍冶炼设施,证实蒂奥矿区本身也曾配套建有现场冶炼能力,而非仅将矿石外运至努美阿或法国本土处理。具体产权公司名称、产能及乌鲁埃厂关闭的直接原因仍为研究缺口。",,,,,,,,,,,,,,,R2-历史补漏,https://fr.wikipedia.org/wiki/Soci%C3%A9t%C3%A9_Le_Nickel,https://fr.wikipedia.org/wiki/Soci%C3%A9t%C3%A9_Le_Nickel
NI-073,GL073,大洋洲,新喀里多尼亚,New Caledonia,南方省 努美阿(Nouméa),多尼安博(Doniambo)冶炼厂,Doniambo Smelter (SLN),Société Le Nickel (SLN)：Eramet集团约56%-60%、STCPI（南方省及北方省地方政府投资工具）约34%、日本日新制钢(Nisshin Steel)约10%,1880年5月10日SLN公司成立（关联发现者Jules Garnier、创始人John Higginson等）→ 1873年蒂奥(Thio)开始采矿 → 1910年在努美阿建成Doniambo冶炼厂（据SLN官网为Ballande商行主导建设）→ 1929-1931年全球镍价崩盘后两家竞争企业合并为Calédonickel(后称Le Nickel/SLN) → 1937年SLN吞并努美阿高炉公司(Hauts Fourneaux de Nouméa)，成为全岛唯一采选冶一体运营商 → 1972年引入德马格(Demag)电炉，完成技术更新 → 1985年SLN成为Eramet集团子公司(含法国国家参股) → 2000年南方省/北方省通过STCPI获得部分股权 → 2024-2026年因新喀里多尼亚骚乱及镍价危机，获法国政府2.4亿欧元国家担保债券支持运营至2026年,RKEF镍铁,红土矿(褐铁矿)+红土矿(腐殖土),镍铁(SLN®25，含镍22%-27%),60000,"USGS(2019)引用设计产能约60,000吨镍/年；实际产量2019年为47,000吨镍(镍铁)，2025年约36,000吨，2026年目标43,000吨；现装备5座回转窑(煅烧)+3座德马格电炉(总容量190兆瓦)",1910,减产或部分停产,2026,2026,,36000,2025,40900,44800,32900,36300,18100,厂级：Eramet官方财报/新闻稿SLN铁镍(ferronickel)产量，按镍金属含量(kt-Ni)口径。2024年因新喀里多尼亚社会动荡矿石供应受限大幅下滑。,自有矿山：蒂埃巴吉(Tiébaghi，约占SLN年产量30%)、蒂奥(Thio)、库奥瓦(Kouaoua)、波罗(Poro)、内布伊(Népoui)等；2024年10月起蒂奥三个采矿点(Plateau/Camp des Sapins/Dothio)因骚乱破坏进入停产待机状态（原供应Doniambo约20%原料）；波姆(Poum)矿区因价格低迷保持关闭,Doniambo是新喀里多尼亚镍工业的核心，也是全球运营时间最长的镍冶炼厂之一，自1910年投产至今持续运营（历经两次世界大战、多轮镍价周期）。2024年5月因新喀里多尼亚选举制度改革引发严重骚乱，公司被迫以维持最低技术运转产能的方式维持炉体不熄火，通过海运从各矿点转运矿石以维持供应；蒂奥矿区因持续遭封锁破坏于2024年10月进入待机状态。公司陷入严重财务困境，2024-2026年获得法国政府总额2.4亿欧元的国家担保债券分批注资(首批2024年12月到位，第二批预计2025年4-8月间)以维持运营至2026年，但能源成本过高（相对印尼RKEF竞争对手）仍是核心竞争力问题，2025年产量约3.6万吨镍，2026年目标4.3万吨，长期前景仍属'脆弱'。,"多次搜索（含法语系“Eramet 法国政府支持”等关键词）未能找到SLN Doniambo 2025-2026年度产量或法国政府/Eramet“重建协议”相关的具体报道；搜索结果多为不相关的法国氢能补贴、Eramet印尼锂矿/PT Weda Bay Nickel业务新闻（后者为印尼资产，不在本普查地理范围内）。round-1记录（减产或部分停产，2025年产3.6万吨）未获进一步证实或推翻。 【R4】Eramet 2026年H1业绩公告(2026-07-29，已在既有来源中)重新核实：SLN Doniambo H1 2026镍铁产量18.1千吨(镍金属口径)，同比增长3%；文件明确'SLN的亏损自2024年以来一直由法国国家全额提供资金支持'，确认公司持续获得法国政府资金支持、维持减产运营状态延续至2026年中，未发现2025全年数字有变更(维持36,300吨不变)。",确认,,Doniambo-Sandouville-historic,冶炼,5座回转煅烧窑(rotary calcination kilns) + 3座Demag电熔炼炉，合计电炉装机190MW；另有精炼/喷丸车间(refining and shot-blasting workshop)；转炉数量未在本轮检索中确认(源JSON提及'3座转炉'为线索，未独立证实，列为缺口),镍铁'SLN®25'，含镍20%-30%(Eramet官网表述)；其他牌号包括低硫锭(LSI)、中硫锭(MSI)、中硫粒(MSS),自有矿山：蒂埃巴吉(Tiébaghi，约占年产量30%)、蒂奥(Thio)、库奥瓦(Kouaoua)、波罗(Poro)、内布伊(Népoui)；2024年全年镍矿石开采量2.9百万湿吨(同比降50%，因2024年骚乱)；蒂奥矿区自2024年10月起因骚乱破坏进入停产待机；波姆(Poum)矿区因价格低迷保持关闭,历史上依赖自备燃油电厂；相对印尼RKEF竞争对手能源成本过高是核心竞争力短板；2024-2026年获法国政府总额2.4亿欧元的国家担保债券分批注资(首批2024年12月到位)以维持运营,现金成本(镍铁生产)：2023全年US$8.3/lb → 2024全年US$8.8/lb(Eramet 2024年报，同比上升系产量大幅下滑但被固定成本降低部分抵消)；2023年H1 US$8.7/lb → 2024年H1 US$9.1/lb(Eramet H1中期业绩),1150,1910年投产(全球运营时间最长的镍冶炼厂之一)→1929年经济危机后与Le Nickel合并组建Calédonickel(后更名Société Le Nickel)→1950年代通过炉渣回填扩建70公顷厂区→2024年5月新喀里多尼亚选举制度改革引发严重骚乱，公司被迫以最低技术运转产能维持炉体不熄火→2024年10月蒂奥矿区因持续封锁破坏进入待机状态→2024-2026年法国政府提供2.4亿欧元国家担保债券分批注资以维持运营至2026年→2024全年镍铁产量32.9千吨镍含量(同比降35%),Société Le Nickel(SLN)：Eramet集团约56%-60%、STCPI(南方省及北方省地方政府投资工具)约34%、日本日新制钢(Nisshin Steel)约10%,高,R1-区域普查,https://pubs.usgs.gov/myb/vol3/2019/myb3-2019-new-caledonia.pdf,"https://pubs.usgs.gov/myb/vol3/2019/myb3-2019-new-caledonia.pdf
https://sln.eramet.com/sln/nous-connaitre/lusine-pyrometallurgique-de-doniambo/
https://ladepeche.nc/2026/05/10/sln-146-ans-dhistoire-pilier-industriel-caledonien
https://www.rnz.co.nz/news/pacific/530779/new-caledonia-sln-mining-site-put-into-standby-mode
https://www.metalnomist.com/2026/03/new-caledonia-nickel-supply-gains-time.html
https://www.mining.com/web/new-caledonia-nickel-industry-at-standstill-amid-unrest/
https://www.eramet.com/wp-content/uploads/2026/07/2026-07-29-Eramet-PR-H1-2026-EN.pdf
https://www.eramet.com/wp-content/uploads/2025/02/2025-19-02-Eramet-CP-Financial-results-2024.pdf
https://www.eramet.com/wp-content/uploads/2024/07/2024-25-07-Eramet-CP-S12024_VF-EN.pdf
https://www.eramet.com/en/activities/products/nickel/sln-by-products
https://www.eramet.com/wp-content/uploads/2023/03/Consolidated-financial-statements-as-at-31-December-2022.pdf
https://ml-eu.globenewswire.com/Resource/Download/22cb1095-20d3-4980-be37-ebdea8dc4ea8
https://www.eramet.com/wp-content/uploads/2026/02/2026-18-02-Eramet-PR-FY-2025-EN.pdf
https://ml-eu.globenewswire.com/Resource/Download/f696485a-8f0c-425c-b7a7-16cd07d61906"
NI-074,GL074,大洋洲,新喀里多尼亚,New Caledonia,南方省 蒂奥(Thio)教会区(Mission),蒂奥教会区(Thio-Mission)冶炼厂,Thio-Mission Foundry,已永久关闭;末代业主为Société Le Nickel(SLN),"1912年由SLN在蒂奥教会区建成投产,接续乌鲁埃冶炼厂(1889-1891)的产能 → 1921-1923年SLN公司总部一度设于蒂奥村 → 1930年该厂关闭",硫化矿熔炼-反射炉/鼓风炉(历史),"红土矿(腐殖土,蒂奥当地红土镍矿)",粗镍/镍锍(具体品位不详),,未查得产能数据,1912,已拆除,1930,1930,"存疑;1930年前后关闭恰逢全球经济大萧条及国际镍价暴跌(1929-1931年镍价崩盘,据本普查现有『Doniambo Smelter』记录,该次崩盘导致新喀里多尼亚两家竞争性冶炼企业于1929-1931年间合并),推测蒂奥教会区厂产能因此被整合至努美阿主厂,具体原因本轮检索未能独立核实一手资料",,,,,,,,,蒂奥地区红土镍矿,"与乌鲁埃冶炼厂(Ouroué，本报告同时收录)构成蒂奥矿区两代现场冶炼设施的接续关系:乌鲁埃厂1891年关闭后,SLN于1912年在蒂奥教会区新建此厂延续现场冶炼,运营近20年后于1930年关闭,时间点与1929-1931年全球镍价崩盘及新喀里多尼亚两家竞争企业合并(现有『Doniambo Smelter』记录称:'1929-1931年全球镍价崩盘后两家竞争企业合并为Calédonickel(后称Le Nickel/SLN)')高度吻合,合理推测蒂奥教会区厂产能整合进程与此次行业整合直接相关。厂址具体产能、工艺细节及关闭的直接决策依据仍为研究缺口。",,,,,,,,,,,,,,,R2-历史补漏,https://fr.wikipedia.org/wiki/Soci%C3%A9t%C3%A9_Le_Nickel,https://fr.wikipedia.org/wiki/Soci%C3%A9t%C3%A9_Le_Nickel
NI-075,MHP035,大洋洲,新喀里多尼亚,New Caledonia,南方省 戈罗(Goro)，努美阿以东约58公里,戈罗(Goro)镍厂（南部工厂，Prony Resources运营）,Goro Nickel Plant (Usine du Sud),Prony Resources New Caledonia SAS（由Trafigura、韩国/澳大利亚相关投资方、当地股东及员工信托等组成的财团，具体股比未在本轮检索中核实）,项目由加拿大Inco设计开发 → 2006年Inco被巴西Vale(CVRD)收购，Vale接手完成建设 → 2010年正式投产（同年4月发生酸液泄漏事故）→ 2021年4月Vale将资产出售给Prony Resources New Caledonia财团(含Trafigura等) → 2024年因骚乱停产7个月后复产 → 2024-2026年获法国政府约1.5亿美元(约1.42亿欧元)资金支持以维持运营至2026年,HPAL,红土矿(腐殖土),氢氧化镍钴中间品(NHC)、氧化镍、副产钴,57000,"数据来源存在矛盾：mining-technology.com(2024)称设计产能57,000吨镍/年+5,000吨钴/年；维基百科Goro mine词条称目标产能约40,000吨镍/年；维基百科Nickel mining in New Caledonia词条称设计产能60,000吨镍/年；2019年实际产量23,400吨镍(USGS)；2024年复产后月度目标3,500吨镍钴化学品(约合年化4.2万吨)",2010,在产,2026,2026,,23400,2019,,,,,,,自有Plaine des Lacs露天矿，矿石量3.7亿吨@1.6%镍,该项目投资额高达约60亿美元，是全球成本最高、投产历程最坎坷的HPAL项目之一：2010年投产当年即发生酸液泄漏；2012年因泄漏全厂停产6个月；2014年发生10万升废水泄漏及纵火袭击（损失2000-3000万美元）；2016年法国政府提供贷款以帮助扭亏。2021年Vale将其出售给Prony Resources财团，同年与特斯拉(Tesla)签订为期5年、最高供应三分之一产量的镍钴中间品包销协议。2024年5月新喀里多尼亚骚乱导致工厂及邻近矿山出于安全原因完全停产，直至年底才逐步复产；停产7个月造成收入全失、现金流'极度脆弱'。法国政府提供约1.5亿美元资金以避免公司倒闭并维持运营至2026年，但公司管理层强调复产'不能保证长期可持续性'。,"未找到2025-2026年度关于Prony Resources/Goro的SMM新闻更新（产量、融资或法国政府支持）。 【R3】补充信息：Prony Resources已于新喀里多尼亚2024年社会动荡导致的7个月停产后重启，目标月产3,500吨镍(以NHC电池级镍钴化学品形式，折年化约42,000吨)。公司自称财务状况'极其脆弱'('extremely fragile')：长期停产造成收入归零，现金流承压；未获印尼低价镍冲击下的价格支撑，法国政府正通过补贴及可再生能源投资试图稳定新喀里多尼亚镍产业。尚未查到具体月度/年度实际产量数字确认是否达到3,500吨/月目标。 【R4-未能核实】直接查阅Prony Resources官网首页、新闻栏目(media-and-presse/news)均未公开具体季度/年度镍或NHC产量吨数；新喀里多尼亚官方矿业统计门户(dimenc.gouv.nc)按任务简报提供的URL访问返回404。网络检索仅返回此前已知的2024年11月复产报道。prod_2024_2025仍未能核实。 【R5】因2024年新喀里多尼亚社会动荡，Goro矿山全面停产约6-7个月，法国政府2024年2月承诺1.4212亿欧元补贴以维持运营至2026年；2024年11月起筹备复工并召回员工，设计产能57,000吨镍/年+5,000吨钴/年经本轮确认；2024年12月报道确认复产已启动但公司现金流因长期停产收入归零而'极其脆弱'，2024/2025实际产量吨数本轮未找到。",可能,,,,HPAL；含原矿准备车间(feed preparation plant)+高压酸浸车间；高压釜具体数量/规格未在本轮检索中确认(缺口),"氢氧化镍钴中间品(NHC)、氧化镍、副产钴；设计产能57,000吨镍+5,000吨钴/年；月度生产目标3,500吨镍钴化学品(约合年化42,000吨)",自有Plaine des Lacs露天矿，矿石量3.7亿吨@1.6%镍(约含镍592万吨),未在本轮检索中确认具体电力/燃料结构(缺口),,,2010年投产当年即发生酸液泄漏→2012年因泄漏全厂停产6个月→2014年发生10万升废水泄漏及纵火袭击(损失2000-3000万美元)→2016年法国政府提供贷款以帮助扭亏→2021年Vale将其出售给Prony Resources财团，同年与特斯拉(Tesla)签订为期5年、最高供应三分之一产量的镍钴中间品包销协议→2024年5月新喀里多尼亚骚乱导致工厂及邻近矿山出于安全原因完全停产，直至年底才逐步复产→法国政府提供约1.5亿美元资金以避免公司倒闭,Prony Resources New Caledonia SAS(由Trafigura、韩国/澳大利亚相关投资方、当地股东及员工信托等组成的财团，具体股比未披露)；特斯拉(Tesla)5年期包销协议(2021-2026年)，最高可包销年产量的三分之一,中,R1-区域普查,https://en.wikipedia.org/wiki/Goro_mine,"https://en.wikipedia.org/wiki/Goro_mine
https://www.mining-technology.com/news/prony-resources-nickel-goro-mine/
https://www.mining.com/web/new-caledonia-nickel-miner-flags-fragile-outlook-after-restart/
https://pubs.usgs.gov/myb/vol3/2019/myb3-2019-new-caledonia.pdf
https://en.wikipedia.org/wiki/Nickel_mining_in_New_Caledonia
https://www.pronyresources.com/en/
https://www.pronyresources.com/en/media-and-presse/news
https://www.miningweekly.com/article/nickel-miner-prony-plans-for-restart-of-new-caledonia-production-2024-11-18
https://pronyresources.com/en/a-growth-market
https://finance.yahoo.com/news/prony-resources-gears-nickel-production-122218595.html"
NI-076,GL076,大洋洲,新喀里多尼亚,New Caledonia,北方省 沃图(Vavouto)/沃(Voh),科尼安博(Koniambo)镍业公司(KNS)冶炼厂,Koniambo Nickel SAS (KNS) Smelter,Koniambo Nickel SAS：SMSP(北方省矿业投资公司)51%、Glencore plc 49%（Glencore正出售其股权；2025年1月收到两份收购意向报价，截至2026年9月未见交易完成的公开报道）,2000年代由Falconbridge(后被Xstrata收购)与SMSP合作开发 → 2013年建成、2014年11月投产 → 2013年Glencore收购Xstrata后接手49%股权 → 2023年9月Glencore宣布拟退出并寻求出售 → 2024年2月宣布转入保养维护状态 → 2024年8月电炉停炉 → 2025年1月收到两份收购意向 → 截至2026年9月未见交易完成的公开报道,RKEF镍铁,红土矿(腐殖土),镍铁(丸状颗粒，2吨袋装),50000,"USGS(2019)：设计产能约50,000吨镍/年(镍铁含镍35%)；另一常见表述为镍铁实物产能约176,000吨/年；2019年实际产量23,700吨镍",2014,保养维护(C&M),2024,2026,持续高企的运营成本叠加镍价低迷导致长期亏损（Glencore自2013年以来投入超40亿美元未获盈利），加上新喀里多尼亚2024年骚乱局势恶化，Glencore决定退出并转入保养维护、寻求新的产业合作伙伴,5000,2024,25400,27200,5000,0,0,厂级：嘉能可官方《生产报告》Koniambo Nickel in ferronickel产量(100%基础)。2025年及2026H1维持保养维护状态，产量为零(2026H1报告未再单独列示该资产，视为0)。,自有科尼安博地块(Koniambo Massif)露天矿，皂石矿石品位2.58%镍，经11公里传送带运至厂区,该项目从立项到投产历经波折，预算从2007年38亿美元一路攀升至2023年底累计90亿美元，被认为是全球成本超支最严重的镍项目之一。2014年投产后长期未能达产，2024年2月因持续亏损与镍价危机，Glencore宣布转入保养维护并计划出售49%股权；电炉于当年8月完全停炉，当地员工获约6个月过渡期安置。自2012年以来该项目为新喀里多尼亚贡献约56亿美元的经济效益（建设及运营支出）。2025年1月收到两组潜在买家的正式报价(身份未公开)，由KNS股东评估中；截至本研究完成时（2026年9月）未查到交易完成或复产的确认消息，为需要持续跟踪的关键缺口。,嘉能可2026年2月披露的2025年四季度产量报告确认：Koniambo（新喀里多尼亚“水淬镍”资产）在报告期内维持保养维护状态，产量为零；报告未提及round-1记录中2025年1月两份收购要约的最终结果，截至2026年9月未见完成出售的公开报道。,确认,,,,"RKEF，2条产线(1号线2012年11月投产、2号线2013年11月投产)；电炉运行温度约1,600°C，配流化床还原器及约1,000°C回转窑(calciner)干燥矿石；自备电厂2×132MW(另一来源称2×135MW，两来源存在细微差异)循环流化床燃煤锅炉机组 + 2×40MW柴油应急发电机组(Global Energy Monitor另记录2台各40MW的燃气轮机备用机组已停封，与'柴油'表述存在措辞差异，未调和)","镍铁丸状颗粒(shots)，2吨袋装；设计目标60,000吨镍(以镍铁计)/年；据Mining-Technology披露实际/名义镍铁产出'176,000吨镍铁丸/年'，隐含镍品位约34%(60,000/176,000，为推算值，未见公司直接确认，列为推断)",自有科尼安博地块(Koniambo Massif)皂石(saprolite)露天矿，品位2.58%镍，经11公里传送带运至厂区；年处理矿石+废石量约25百万吨，选矿准备厂年产湿矿石330万吨,自备燃煤电厂：2×132-135MW循环流化床燃煤机组(进口煤) + 40MW柴油/燃气轮机备用机组×2；2024年9月电厂随主体停产一同下线,,950,2007年立项，预算38亿美元→预算上调至53亿美元→2012年11月1号线投产、2013年11月2号线投产→2014年11月由法国总统奥朗德主持正式落成，累计资本开支达70亿美元→截至2023年底累计投入达90亿美元(全球成本超支最严重镍项目之一)→2024年2月因持续亏损与镍价危机，Glencore宣布转入保养维护并计划出售49%股权→2024年8月电炉完全停炉，当地员工获约6个月过渡期安置→2025年1月收到两组潜在买家正式报价(身份未公开)，截至2026年9月未见交易完成或复产确认,Koniambo Nickel SAS：SMSP(北方省矿业投资公司)51%、Glencore plc 49%(Glencore正出售其股权，2025年1月两份意向报价审议中),高,R1-区域普查,https://en.wikipedia.org/wiki/Koniambo_mine,"https://en.wikipedia.org/wiki/Koniambo_mine
https://www.glencore.com/media-and-insights/news/koniambo-nickel-to-transition-to-care-and-maintenance
https://www.miningweekly.com/article/two-bids-made-for-glencore-stake-in-new-caledonias-koniambo-nickel-2025-01-08
https://pubs.usgs.gov/myb/vol3/2019/myb3-2019-new-caledonia.pdf
https://www.australianmining.com.au/koniambo-nickel-to-close/
https://news.smm.cn/live/detail/103760192
https://www.mining-technology.com/projects/koniambo-nickel-project/
https://www.gem.wiki/Koniambo_Nickel_power_station
https://www.glencore.com/.rest/api/v1/documents/339ef1dcf7760cd324177d077d342bb6/GLEN_2022-FY_ProductionReport.pdf
https://www.glencore.com/.rest/api/v1/documents/static/f2f3f568-9437-4c55-bcb6-49d2fc96d305/GLEN_2023-FY_ProductionReport.pdf
https://www.glencore.com/.rest/api/v1/documents/static/437c6cdb-dbfb-4e61-a769-18655951cee2/Glencore+production+report_FY2024.pdf
https://www.glencore.com/.rest/api/v1/documents/static/a8114247-02e8-4bd8-bc04-81f411ba631c/GLEN_2025-FY-Production-Report.pdf
https://www.glencore.com/.rest/api/v1/documents/static/e44bf57f-8768-4b27-8a33-39087d02d00a/GLEN_2026-H1ProductionReport.pdf"
NI-077,GL077,大洋洲,新喀里多尼亚,New Caledonia,南方省 努美阿(Nouméa),努美阿高炉公司(Hauts Fourneaux de Nouméa),Hauts Fourneaux de Nouméa (Nouméa Blast Furnaces Co.),1937年被SLN吞并，此后不再作为独立法人存在,"1909年9月由波尔多航运巨头安德烈·巴朗德(André Ballande)发起创办,奠基仪式由努美阿总督Richard主持 → 1910年公司资本100万法郎 → 1911年处理能力已达3.5万吨/年,产品为含镍40%-46%的镍锍 → 1918年公开报道确认公司仍'完全独立'(entièrement indépendante)于Société Le Nickel(SLN)运营 → 1922年资本增至400万法郎,1926年增至2000万法郎,说明至少到1926年仍独立经营、持续扩张 → 1931年7月1日,SLN与另一竞争企业'Calédonia'各出资50%成立合资公司'Calédonickel',接管两家母公司的工业与矿业资产(注：本轮研究未能百分之百确证'Calédonia'与本厂之间的直接继承关系,但结合努美阿高炉公司持续独立经营至1926年之后即不再见诸独立报道的时间线高度吻合,推测二者存在继承或重组关系) → 1937年2月SLN宣布全面吸收合并Calédonia(即Calédonickel合资架构终止),SLN由此成为新喀里多尼亚岛内唯一的采选冶一体化运营商",硫化矿熔炼-反射炉/鼓风炉(历史),不详,镍锍(含镍40%-46%),,"R3来源称1911年'处理能力35,000吨'，应为矿石/物料处理量而非含镍吨，含镍产能置空。| 据entreprises-coloniales.fr(引用当时公司年报/期刊)，该厂1911年处理能力达'35,000吨/年'，但原文未明确此数字为矿石实物吨、镍锍吨抑或折算镍金属吨口径，需谨慎使用；产品为8座卫套炉产出的含镍40%-46%镍锍。",1909,永久关闭,1937,1937,1931年7月1日SLN与竞争企业'Calédonia'(推测与本厂存在继承/重组关系，但未100%确证)各出资50%成立合资公司Calédonickel，接管双方工业矿业资产，标志本厂作为独立法人的经营告一段落；1937年2月SLN进一步宣布全面吸收合并Calédonia，终止Calédonickel合资架构，SLN成为全岛唯一采选冶一体化运营商。,,,,,,,,,不详,存疑记录：法语资料(La Dépêche de Nouméa纪念SLN 146周年报道，2026年5月)提及'1937年SLN吞并努美阿高炉公司(Hauts Fourneaux de Nouméa)，成为全岛唯一的采选冶一体运营商'，表明1937年之前存在与SLN竞争的独立冶炼企业。英文维基百科提及新喀里多尼亚在1910年及1913年'新增两座处理设施'，1913年新增的一座是否即为此'努美阿高炉公司'尚未能交叉核实。该记录的成立年份、具体选址、产能、工艺路线均未查实，仅根据单一间接来源收录，请报告撰写者在合并数据库前进一步核实真实性、成立年代及是否与Pointe Chaleix厂或Doniambo厂存在场址重叠，必要时可考虑剔除或合并。 【R3补充】本记录综合entreprises-coloniales.fr两份专题档案（『Hauts Fourneaux de Nouméa』及『CALEDONICKEL (1932-1937)』，均为援引原始期刊/公司年报的法国殖民企业史专题档案站）大幅充实：努美阿高炉公司由波尔多航运巨头安德烈·巴朗德(André Ballande)发起，1909年9月奠基（努美阿总督Richard主持仪式），选址努美阿多尼安博角(Pointe Doniambo，即今日SLN主厂所在地)。1911年该厂已具备3.5万吨/年处理能力，以8座卫套炉处理镍矿产出含镍40%-46%镍锍。1918年公开报道明确该公司仍'完全独立'于SLN运营，1922年、1926年两次增资(400万法郎→2000万法郎)显示公司持续扩张至少到1926年。此后该公司动向未见于本轮可查阅的独立报道，直至1931年7月1日SLN与另一公司'Calédonia'组建50/50合资公司'Calédonickel'接管两者资产，1937年2月SLN进一步宣布全面吸收合并'Calédonia'，终止合资架构，成为新喀里多尼亚岛内唯一的采选冶一体化运营商。**结论**：本轮研究认为第二轮报告标注的'1931年 vs. 1937年'年份冲突实为两阶段合并进程的不同节点，并非真正矛盾；同时将建厂年份由存疑的'未查实'更新为有一手资料支持的1909年(奠基)/1910年(资本化)，优于此前依据的法语维基百科'1912年'说法。唯一保留的不确定性是'Calédonia'与'努美阿高炉公司'之间是否为直接同一法律主体的继承关系，未能100%确证，建议后续核实。,,,R3修正ownership_history(原:作为独立于SLN的竞争性冶炼企业运营(成立年份未查实，推测为1900-1910年…)；R3修正process_route(原:其它(说明：疑似鼓风炉/反射炉炼镍锍，具体工艺路线未查实)…)；R3修正products(原:不详（推测为粗镍/镍锍）…)；R3修正capacity_note(原:未查得产能数据…)；R3修正closure_reason(原:1937年被SLN吞并整合，原厂址是否随即停产或继续以SLN名义运营尚不确定…)；,,,,,,,,,,,,R1-区域普查,https://ladepeche.nc/2026/05/10/sln-146-ans-dhistoire-pilier-industriel-caledonien,"https://ladepeche.nc/2026/05/10/sln-146-ans-dhistoire-pilier-industriel-caledonien
https://www.entreprises-coloniales.fr/pacifique/Hauts_Fourneaux_Noumea.pdf
https://entreprises-coloniales.fr/pacifique/Caledonickel.pdf"
NI-078,GL078,大洋洲,澳大利亚,Australia,西澳大利亚州(Western Australia) — 奎纳纳(Kwinana，珀斯以南),奎纳纳镍精炼厂（含硫酸镍工厂）,Kwinana Nickel Refinery (incl. Nickel Sulphate Plant),BHP（Nickel West）100%，保养维护中未出售,WMC Resources设计(1967)、建设运营(1970-2005) → 2005年BHP收购WMC Resources，并入BHP Nickel West → 2021年底新建硫酸镍工厂投产 → 2024年10月起暂停运营(保养维护)，2027年2月前复审,氢还原(Sherritt)+硫酸镍精炼(中间品/高冰镍),高冰镍,精炼镍粉/镍豆(99.8%纯度)；电池级硫酸镍(2021年底新增产线，澳大利亚首座),70000,USGS MYB：WMC时期Kwinana精炼厂设计约6.5-7万吨/年镍（1997/98财年产5.21万吨电解镍；2009年6.63万吨镍块/粉）；2021年增设10万吨/年硫酸镍装置(含镍约2.2万吨)。 | 原备注：历史产量/产能数字(不同年份、口径不一，未调和)：1970年投产初期1.5万吨/年 → 1980年代3万吨/年 → 1998年产量峰值5.37万吨/年 → 2005年6.7万吨/年(该数字来源标注为'合并西澳业务'口径，可能非本厂单独铭牌产能)。硫酸镍工厂设计产能(吨硫酸镍或吨含镍金属)未找到任何官方数字。,1970,保养维护(C&M),2024,2026,随整个Nickel West业务于2024年7月11日宣布、10月起暂停：全球镍市场供应过剩、镍价大跌导致经济不可行。2027年2月前复审。,49900,2024,57600,54600,49900,0,,厂级：BHP官方《Operational Review》财年数据(FY，截至6月30日)。FY2022=57.6kt、FY2023=54.6kt、FY2024=49.9kt(均为精炼镍refined nickel)；FY2025=0，已知2024年10月起全面停产保养维护(既有基线)。年份对应关系：FY2022≈日历年2021.7-2022.6，为避免跨年误差，此处按财年数字近似记为对应日历年份，供趋势参考。,接收Kalgoorlie冶炼厂产出的70%品位高冰镍为原料；早期(1970-1986)也曾直接处理Kambalda精矿,WMC Resources于1967年设计、1970年5月投产，采用加拿大Sherritt-Gordon公司的氨浸-氢还原湿法冶金工艺处理高冰镍，是当时全球领先的镍精炼技术之一。1970-1986年间也曾直接处理部分Kambalda精矿。2005年随BHP收购WMC纳入Nickel West。2021年底建成澳大利亚首座硫酸镍工厂，标志着Nickel West向电池材料下游延伸，服务电动车电池产业链。2024年7月因镍价崩盘随Nickel West整体暂停，进入保养维护，2027年2月前复审是否重启、永久关闭或出售。,与Kalgoorlie冶炼厂同属BHP西澳镍业务出售/数据室流程的一部分（见Kalgoorlie记录），截至2026年9月尚无完成出售或重启的确认消息，仍处于保养维护状态。,确认,,BHP-NickelWest,精炼,无冶炼炉；采用Sherritt-Gordon氨浸-氢还原湿法冶金工艺处理高冰镍(不含高压釜)；2021年底新建硫酸镍工厂(澳大利亚首座)，产能数字未在本轮检索中证实(源材料线索称'100kt NiSO4'，未见一手确认，列为缺口),精炼镍粉/镍豆，纯度99.8%；电池级硫酸镍(2021年底投产),接收Kalgoorlie冶炼厂产出的70%品位高冰镍为主要原料(自1972年起)；1970-1972年曾直接处理Kambalda 12%品位精矿,未在本轮检索中确认具体电力/燃料结构(缺口),,454,1967年WMC Resources设计→1970年投产(产能1.5万吨/年)→1972年起改用高冰镍替代精矿进料→1986年扩产至3万吨/年(同年精矿处理完全停止)→1995年目标4.2万吨/年→1998年实际达5.37万吨/年→2005年随BHP收购WMC纳入Nickel West→2021年底建成硫酸镍工厂→2024年7月随Nickel West整体暂停进入保养维护，2027年2月前复审重启/关闭/出售,BHP（Nickel West）100%，保养维护中未出售,中,R1-区域普查,https://en.wikipedia.org/wiki/Kwinana_Nickel_Refinery,"https://en.wikipedia.org/wiki/Kwinana_Nickel_Refinery
https://www.bhp.com/news/media-centre/releases/2024/07/western-australia-nickel-to-temporarily-suspend-operations
https://www.bhp.com/-/media/project/bhp1ip/bhp-com-en/documents/about/our-business/faqs_v2.pdf
https://www.mining.com/web/bhps-australian-nickel-stoppages-spoil-plans-for-lme-alternative/
https://news.smm.cn/live/detail/103495660
https://news.smm.cn/live/detail/103589707
https://www.bhp.com/-/media/documents/media/reports-and-presentations/2024/240717_bhpoperationalreviewfortheyearended30june2024.pdf
https://news.smm.cn/live/detail/103488433
https://www.bhp.com/-/media/documents/media/reports-and-presentations/2023/230720_bhpoperationalreviewfortheyearended30june2023.pdf"
NI-079,GL079,大洋洲,澳大利亚,Australia,西澳大利亚州(Western Australia) — 卡尔古利(Kalgoorlie),卡尔古利镍冶炼厂,Kalgoorlie Nickel Smelter,BHP（Nickel West）100%，保养维护中未出售,WMC Resources建设运营(1971年动工-2005) → 2005年BHP收购WMC Resources，并入BHP Nickel West → 2024年10月起暂停运营(保养维护)，2027年2月前复审,硫化矿熔炼-闪速炉,硫化矿精矿,镍锍/高冰镍(约70%Ni),100000,"USGS MYB：WMC/BHP Kalgoorlie冶炼厂锍产能约10万吨/年（历史铭牌，含镍量口径），2009年产2.82万吨、2012年4.81万吨锍；R1未找到BHP现行官方数字。 | 原备注：官方铭牌'含镍吨/年'产能未找到确切数字。按Wikipedia记载推算：炉子经多次扩建(1973-78年原炉；1978-93年45万吨级；1993-2024年75万吨级，此为精矿处理量非含镍量)；矿产出从初期2.9万吨高冰镍(70%品位)增至后期6.5万吨高冰镍/年，折合约4.55万吨含镍金属/年(65,000×70%)——此为研究者推算值非官方数字，请谨慎使用。初始精矿处理能力约20万吨/年(10%品位精矿)。",1973,保养维护(C&M),2024,2026,全球镍市场供应过剩、镍价大跌，导致Nickel West经济上不可行(BHP 2024年7月11日官方声明，预计FY2024 EBITDA亏损约3亿美元)；西澳廉价印尼镍供应冲击也是背景因素。BHP计划2027年2月前完成复审，决定继续暂停/重启/永久关闭/出售。截至2026年8月尚未做最终决定，存在联邦/州政府救助呼声但未获承诺。,,,,,,0,,BHP官方Operational Review未单独披露Kalgoorlie冶炼厂镍锍(matte)产量吨数，仅汇总披露Nickel West整体产量及Kwinana精炼镍/镍硫酸盐/中间品产量，故Kalgoorlie厂级数字为缺口。FY2025=0沿用既有基线(2024年10月起停产)。,Leinster矿、Mt Keith矿(选矿厂精矿)；Kambalda选矿厂精矿；自1978年起接受Agnew矿委托代工精矿,1971-73年由WMC Resources建设，1973年4月7日由澳总理高夫·惠特兰主持开幕，是西澳首座商业化镍冶炼厂，采用芬兰奥托昆普闪速熔炼技术。运营51年间历经多次炉体扩建升级。2005年BHP收购WMC后并入Nickel West板块运营。2024年7月11日BHP宣布因镍价暴跌将于10月起暂停整个西澳镍业务(含本厂)，为该厂51年历史上首次全面停产。2026年8月西澳议员及地方政府就联邦是否应给予类似东海岸冶炼厂救助(16.7亿澳元)展开讨论，但截至研究时未有定论。,BHP自2025年8月起为其停产的西澳镍业务（含Kalgoorlie冶炼厂、Kwinana精炼厂、West Musgrave项目及Kambalda选矿厂）寻找买家，关闭/环境修复负债估计达14亿美元；2025年10月已正式开放虚拟数据室（Macquarie Capital与UBS主导），据报有黄金矿企、一家美国私募股权公司及一家澳大利亚战略投资方表达兴趣，但截至2026年9月未见完成出售的报道，资产仍处于保养维护状态。协调员提及的“2027年2月复核”未能通过SMM检索独立证实。,确认,,BHP-NickelWest,冶炼,奥托昆普(Outokumpu)型闪速熔炼炉1座：1973年原始炉体→1978年更换为45万吨处理能力新炉→1993年再建一座年处理能力75万吨新炉；转炉配置(推测为Peirce-Smith型)未在本轮检索中独立证实，列为缺口,镍锍/高冰镍，品位约70%Ni,Leinster矿、Mt Keith矿(选矿厂精矿)、Kambalda选矿厂精矿；自1978年起接受非WMC的Agnew矿委托代工精矿，直至WMC后续收购该矿,TransAlta 150MW天然气发电机组；2021-22年起新增太阳能电站及电池储能合作项目,,900,"1971-73年由WMC Resources建设→1973年4月由澳总理高夫·惠特兰主持开幕(西澳首座商业化镍冶炼厂)→1978年炉体升级(45万吨)→1990-91年度创纪录处理量537,758吨→1993年新建75万吨产能炉体→1995-96年度处理量达626,100吨(历史高点)→2005年BHP收购WMC后并入Nickel West→2024年7月11日BHP宣布暂停整个西澳镍业务(含本厂)，为该厂51年历史上首次全面停产→2026年8月西澳议员及地方政府就联邦是否给予类似东海岸冶炼厂救助(16.7亿澳元)展开讨论，未有定论",BHP（Nickel West）100%，保养维护中未出售,中,R1-区域普查,https://en.wikipedia.org/wiki/Kalgoorlie_Nickel_Smelter,"https://en.wikipedia.org/wiki/Kalgoorlie_Nickel_Smelter
https://www.bhp.com/news/media-centre/releases/2024/07/western-australia-nickel-to-temporarily-suspend-operations
https://www.bhp.com/-/media/project/bhp1ip/bhp-com-en/documents/about/our-business/faqs_v2.pdf
https://www.abc.net.au/news/2026-08-20/bhp-decision-looming-on-kalgoorlie-nickel-smelter-future/107037094
https://www.abc.net.au/news/2024-10-06/closure-of-bhp-kalgoorlie-nickel-smelter-after-51-years/104307662
https://news.smm.cn/live/detail/103495660
https://news.smm.cn/live/detail/103589707
https://news.smm.cn/live/detail/103488433
https://www.bhp.com/-/media/documents/media/reports-and-presentations/2023/230720_bhpoperationalreviewfortheyearended30june2023.pdf
https://www.bhp.com/-/media/documents/media/reports-and-presentations/2024/240717_bhpoperationalreviewfortheyearended30june2024.pdf"
NI-080,GL080,大洋洲,澳大利亚,Australia,昆士兰州 汤斯维尔(Townsville)/亚布鲁(Yabulu),亚布鲁镍精炼厂（帕尔默镍钴精炼厂）,Yabulu Nickel Refinery (Palmer Nickel and Cobalt Refinery),所有权存疑：2022年12月Clive Palmer宣布将其出售给瑞士Zero Carbon Investek（约20亿澳元），但交易疑似未完成——买方壳公司已于2024年被澳大利亚证券与投资委员会(ASIC)注销；原运营主体Queensland Nickel Pty Ltd已于2026年3月17日正式解散清算。截至2026年未见确认的新运营方或复产公告，实际现业主需进一步核实,1971年昆士兰镍业公司(Queensland Nickel)成立，开发Greenvale红土镍矿并配套建设精炼厂 → 1974年精炼厂投产 → 1997年南非Gencor旗下Billiton收购 → 后与BHP合并为BHP Billiton旗下QNI → 2009年Clive Palmer从BHP Billiton购得，成立Queensland Nickel Pty Ltd（资产后分置于QNI Resources Pty Ltd和QNI Metals Pty Ltd名下）→ 2016年1月停产、进入自愿托管，4月债权人表决清算（负债7.71亿澳元）→ 2018年Palmer宣布复产计划(未实现) → 2022年12月宣布将出售给瑞士Zero Carbon Investek（交易疑似未完成）→ 2024年买方壳公司被ASIC注销 → 2024年7月清算人确认全部债权人已获偿付 → 2026年3月17日原公司Queensland Nickel Pty Ltd正式解散,Caron氨浸,红土矿(褐铁矿),氧化镍/镍钴混合氧化物、硫酸钴副产品,35000,"Caron法精炼厂设计约3-3.5万吨镍/年（QNI/BHP时期，另产钴约2,000t）；USGS表中76,000疑为非含镍口径，未采用。2012年产约34,000t；2016年破产停产。| 原备注：行业公开资料常引用满产设计能力约30,000吨镍/年（另有资料称约33,000吨）+约3,000吨钴/年，但本轮检索未能直接核实原始产能数据来源，建议合并数据库时查证USGS Minerals Yearbook Australia历年章节",1974,停产(可复产),2016,2026,2016年镍价低迷导致公司资不抵债（负债达7.71亿澳元），2016年1月大规模裁员并进入自愿托管，4月清算；此后多次宣布复产/出售计划但均未见落实运营的可靠报道,,2015,,,,,,,1971-1992年自有Greenvale红土镍矿供矿（经Greenvale铁路运输，1992年该矿停采）；1986年起开始进口印尼、新喀里多尼亚矿石，至1995年矿石已全部依赖进口；2007年起增加西澳矿石来源,"1974年投产，是澳大利亚最早的商业化红土镍湿法冶炼厂之一，采用Caron法（还原焙烧+氨浸），1989年引入国际专利氨浸溶剂萃取技术改进镍钴分离。曾是北昆士兰重要雇主（2016年直接雇员780人、间接1,190人，年产值超10亿澳元）。2012-2015年因矿业寒冬持续亏损，2016年1月倒闭进入托管、4月清算，成为澳大利亚政坛丑闻（Clive Palmer被指控挪用员工养老金及信托资金）。此后Palmer多次宣称拥有价值约60亿澳元的尾矿库钴资源并计划复产（2018年），2022年12月宣布以约20亿澳元将精炼厂出售给瑞士Zero Carbon Investek并同步与汤斯维尔港签署30年港口使用协议，但截至可查证资料该交易未见完成确认，买方壳公司已于2024年被注销。2024年7月清算人确认全部债权人已获偿付，原公司Queensland Nickel Pty Ltd已于2026年3月17日正式解散注销。截至2026年9月，未发现该厂已恢复生产的可靠报道，其现状及实际业主是本记录的主要研究缺口。",2025年10月SMM报道：昆士兰州政府（州长David Crisafulli）8月与Clive Palmer会面，承诺提供非资金性支持以推动Yabulu重启；Palmer测试尾矿坝中残留镍钴价值，但业内对全面重启持怀疑态度（印尼供应过剩压低镍价）。截至2026年9月未见重启完成的确认消息；round-1记录的Queensland Nickel Pty Ltd于2026年3月解散信息未见推翻。,确认,,,,Caron法(还原焙烧+氨浸)：还原焙烧回转窑数量未在本轮检索中确认(缺口)；1989年引入国际专利氨浸溶剂萃取技术改进镍钴分离,氧化镍/镍钴混合氧化物，副产硫酸钴,1974-1992年自有Greenvale红土镍矿供矿(经Greenvale铁路运输，1992年该矿停采)；1988年起开始进口印尼、新喀里多尼亚矿石，至1995年矿石已全部依赖进口；2007年起增加西澳矿石来源,未在本轮检索中确认具体电力/燃料结构(缺口),生产成本从2009年US$8/lb降至2014年US$4.40/lb(Queensland Nickel/Clive Palmer方面披露，经Wikipedia转引)——注：该数字为2016年公司破产前的历史口径，非当前状态，且成本下降部分伴随裁员及安全隐患报道,780,1974年投产(澳大利亚最早商业化红土镍湿法冶炼厂之一)→1989年引入氨浸SX改进技术→1992年Greenvale矿停采→1995年矿石完全依赖进口→2007年增加西澳矿石来源→2012-2015年持续亏损→2016年1月倒闭进入托管、4月清算(Clive Palmer被指控挪用员工养老金及信托资金的政坛丑闻)→2018年Palmer宣称拥有约60亿澳元尾矿库钴资源并计划复产→2022年12月宣布以约20亿澳元将精炼厂出售给瑞士Zero Carbon Investek，同步与汤斯维尔港签署30年协议——该交易疑似未完成，买方壳公司已于2024年被ASIC注销→2026年3月17日原运营主体Queensland Nickel Pty Ltd正式解散清算,所有权存疑：2022年12月宣布出售给瑞士Zero Carbon Investek(约20亿澳元)，但买方壳公司已被注销，交易疑似未完成；原运营主体Queensland Nickel Pty Ltd已于2026年3月正式解散清算；截至2026年未见确认的新运营方或复产公告,低,R1-区域普查,https://en.wikipedia.org/wiki/Queensland_Nickel,"https://en.wikipedia.org/wiki/Queensland_Nickel
https://www.abc.net.au/news/2022-12-22/clive-palmer-offloads-townsville-nickel-refinery/101801840
https://www.abc.net.au/news/2024-07-25/queensland-nickel-creditors-paid-clive-palmer-refinery-business/104138708
https://www.miningweekly.com/article/palmer-sells-qld-refinery-2022-12-22
https://www.qni.com.au/about-qn/
https://news.smm.cn/live/detail/103572602"
NI-081,MHP041,大洋洲,澳大利亚,Australia,西澳大利亚州(Western Australia) — 布隆(Bulong，卡尔古利以东约30公里),布隆镍钴项目,Bulong Nickel Operation,最后已知业主：Wingstar Investments Pty Ltd（2014年收购，长期无复产迹象）,WMC Resources发现矿床(1978) → WMC/Resolution Mining(1987起)、WMC/Resolute Resources合资(1990起) → 1996年获环保批准(proponent为Resolute Resources) → 1998年Resolute Resources以3.19亿澳元售予Preston Resources并建成投产 → 2002年5月Preston Resources进入债权人托管(巴克莱银行等接管) → 2003年停产 → 2005年基础设施售予LionOre、采矿权转让Heron Resources → 2008-09年Norilsk Nickel以极少量人员维护('Avalon-Bulong') → 2014年Wingstar Investments收购(与Cawse一并),HPAL,红土矿(褐铁矿),镍/钴精炼产品(经溶剂萃取分离；具体最终产品形态——金属阴极/碳酸盐/氢氧化物——本次研究未能确认，列为存疑),,本研究未找到官方铭牌产能或历史实际年度产量数字，记为空值，需补充核实(如USGS Minerals Yearbook Australia章节)。已知矿石平均品位约1%镍。,1998,永久关闭,2003,2014,工艺(源自1950年代古巴Moa Bay加压酸浸工艺)被证明不适应西澳当地矿石条件：矿石镁含量高(约5%)导致硫酸耗量高达每吨矿500公斤，加之矿石品位低(约1%Ni)、粘土矿物特性造成管道石膏结垢堵塞，运营成本失控。2002年债权人托管，2003年停产。此后虽多次易主但均未复产，2014年后未见任何后续报道，故按长期无经营活动列为永久关闭，但需注意部分基础设施据称曾被保留以备未来硫化矿业务使用，并无正式'永久关闭/拆除'的官方声明。,,,,,,,,,Bulong自有红土矿床(平均品位约1% Ni)，卡尔古利以东约30公里,西澳1990年代末'新一代HPAL'热潮中最早投产、也是最早失败的项目之一(与Cawse、Murrin Murrin同期)。1998年由Preston Resources建成投产(另有资料称1999年投产，两说并存未调和)。仅运营约4-5年即因工艺不适应当地矿石条件及严重成本超支于2002-03年停产，Preston Resources公司也因此破产，损失约3亿澳元。此后20余年历经LionOre、Heron Resources、Norilsk Nickel、Wingstar Investments等多任业主，但均未能重新投产，是西澳镍产业史上最著名的HPAL技术失败案例之一。,,,,,,,,,,,,,,,R1-区域普查,https://en.wikipedia.org/wiki/Bulong_Nickel_Mine,"https://en.wikipedia.org/wiki/Bulong_Nickel_Mine
https://www.epa.wa.gov.au/proposals/bulong-nickel-cobalt-laterite-project"
NI-082,MHP040,大洋洲,澳大利亚,Australia,西澳大利亚州(Western Australia) — 科斯(Cawse，卡尔古利以北约65公里，近Kanowna),科斯镍钴项目,Cawse Nickel Operation,最后已知业主：Wingstar Investments Pty Ltd（2014年收购，长期保养维护未复产）,Centaur Mining & Exploration开发投产(1999) → 2001年OM Group(OMG)收购 → 2007年Norilsk Nickel收购 → 2008年10月因镍价下跌进入保养维护 → 2014年Wingstar Investments Pty Ltd收购(与Bulong一并),HPAL,红土矿(褐铁矿),镍/钴精炼产品(具体最终产品形态本次研究未能确认，列为存疑),9000,"设计产能约9,000吨镍/年，最高可达2,000吨钴/年(Wikipedia)。实际历史年度产量数字本次研究未找到。",1999,保养维护(C&M),2008,2014,2008年全球金融危机导致镍价大幅下跌，运营不再经济，进入保养维护。此后历经Norilsk Nickel、Wingstar Investments易主，但均未重新投产，长期处于保养维护状态。,,,,,,,,,Cawse自有红土矿床；截至2009年12月31日保有矿石储量375.7万吨，品位0.65%镍(约2.44万吨含镍金属),"1999年由Centaur Mining & Exploration开发投产，是西澳1990年代末HPAL热潮中的代表性项目之一。2001年OM Group(OMG，美国专业化学品公司)收购运营；2007年转售俄罗斯Norilsk Nickel；2008年10月受金融危机及镍价暴跌影响进入保养维护并停产,与Bulong、Murrin Murrin所在的西澳HPAL集群同期遭遇行业寒冬。2014年Wingstar Investments将Cawse与Bulong一并收购，此后维持保养维护状态，未见公开复产计划。",未找到2025-2026年度相关更新。 【R4-未能核实】本轮未对Cawse项目开展新一轮独立检索，维持2014年最后已知状态'保养维护(C&M)'不变，2025-2026年现状仍未核实。,未能核实,,,,HPAL，具体高压釜数量/规格未在本轮检索中确认(仅1个可用来源，缺口),镍/钴精炼产品，具体最终产品形态未能确认(列为存疑),"Cawse自有红土矿床；截至2009年12月31日保有矿石储量375.7万吨，品位0.65%镍(约2.44万吨含镍金属)；据Mindat记载，矿区褐铁质粘土品位0.4%-1.5%Ni，硅质钴矿带0.3%-0.7%Co/0.5%-5%Ni，滑石矿化带1%-2%Ni；2008年(即将停产前)仅产出1,400吨镍精矿，产量已大幅萎缩",,,,"1999年由Centaur Mining & Exploration开发投产(西澳1990年代末HPAL热潮代表性项目之一)→2001年OM Group(OMG)收购运营→2007年3月Norilsk Nickel通过收购OM Group间接取得该矿→2008年10月受金融危机及镍价暴跌影响进入保养维护并停产(停产前2008年产量已降至仅1,400吨镍精矿)→2014年Wingstar Investments将Cawse与Bulong一并收购，此后维持保养维护状态，未见公开复产计划",最后已知业主：Wingstar Investments Pty Ltd（2014年收购，长期保养维护未复产）,低,R1-区域普查,https://en.wikipedia.org/wiki/Cawse_mine,"https://en.wikipedia.org/wiki/Cawse_mine
https://www.mindat.org/loc-270464.html"
NI-083,MHP049,大洋洲,澳大利亚,Australia,西澳大利亚州(Western Australia) — Leonora以东约45公里(东北戈尔德菲尔兹),穆林穆林镍钴项目,Murrin Murrin Nickel-Cobalt Operation,Glencore plc 100%（通过全资子公司Murrin Murrin Holdings/Minara Resources）,1999年由Anaconda Nickel旗下Murrin Murrin Holdings(60%)与Glencore旗下Glenmurrin(40%)合资建成投产 → 2003年Anaconda Nickel更名为Minara Resources → 2011年11月Glencore全资收购Minara Resources，实现100%控股,HPAL+氢还原(Sherritt),"红土矿(混合;褐铁矿/腐殖土均有,具体比例未详)",镍块(briquette，LME可交割)、钴块(briquette),45000,"USGS MYB：一期设计31,500 t/yr，扩至约45,000 t/yr镍（Glencore口径约4万吨）；2012年产36,400t纪录，2025年产32,100t。 | 原备注：本研究未找到官方铭牌'含镍吨/年'设计产能的可靠来源，故留空以免臆造。已确认实际产量：2023年约31,100吨镍；2024年34,300吨镍、2,500吨钴；2025年32,100吨镍(同比降6%，因检修停机)、2,200吨钴(同比降12%)。",1999,在产,2025,2026,,32100,2025,35700,31100,34300,32100,16100,"厂级：嘉能可官方《生产报告》Murrin Murrin Nickel metal自有原料产量(kt)。较此前基线2024年推算值(34,150t)修正为官方数字34,300t。",自有红土矿床(Murrin Murrin矿区及周边卫星矿床)，无外购矿石,1999年投产，是西澳少数从建成至今持续正常运营的HPAL项目，也是西澳唯一采用氢还原工艺直接产出LME级镍钴金属块(而非仅出中间品MHP)的湿法冶炼厂。项目建设期遭遇严重的设计、施工、调试延误与超支：总承包商Fluor Daniel与业主纠纷最终以1.55亿美元和解，总投资从10亿美元攀升至16亿美元。2003年更名Minara Resources，2011年11月Glencore全资收购。近年产量呈小幅下滑趋势(2023: 31.1kt → 2024: 34.3kt → 2025: 32.1kt)，2025年下滑主因检修停机。,"嘉能可2026年2月发布的2025年四季度/全年产量报告确认Murrin Murrin 2025全年产镍32,100吨（同比-6%，受年内检修影响），与round-1记录数据一致，予以确认。",确认,,,,"HPAL：4台钛内衬高压釜(PAL区，矿石在约225-255°C、约44大气压下与浓硫酸反应)；氢还原环节另配6台并联高压釜(hydrogen reduction circuit)；配套4,400吨/日(TPD)硫酸厂(南半球最大硫酸厂之一)",枕状镍块(briquette)、钴块(briquette)，均为LME可交割级金属,自有红土矿床(Murrin Murrin矿区及周边卫星矿床)，无外购矿石；高品位矿石平均1.34%Ni、0.091%Co、4.6%Mg；储量平均品位1.07%Ni、0.085%Co,厂区自备90MW电站(蒸汽轮机+燃气轮机联合),,1000,"1999年一期投产，资本开支10.3亿澳元(总承包商Fluor Daniel与业主纠纷最终以1.55亿美元和解，总投资从10亿美元攀升至16亿美元)→2003年更名Minara Resources→2004年Murrin Murrin South矿区开发启动→2006年酸厂/除雾器腐蚀问题，新建2,500万澳元heap-leach示范厂→2011年11月Glencore全资收购→近年产量：2022年镍40,400吨/钴3,300吨；2023年31.1kt→2024年34.3kt(+10%，因2023年检修延长)→2025年32.1kt(因检修下滑)",Glencore plc 100%（通过全资子公司Murrin Murrin Holdings/Minara Resources）,高,R1-区域普查,https://www.glencore.com.au/operations-and-projects/minara/who-we-are/murrin-murrin,"https://www.glencore.com.au/operations-and-projects/minara/who-we-are/murrin-murrin
https://www.glencore.com/.rest/api/v1/documents/static/a8114247-02e8-4bd8-bc04-81f411ba631c/GLEN_2025-FY-Production-Report.pdf
https://en.wikipedia.org/wiki/Murrin_Murrin_Mine
https://news.smm.cn/live/detail/103760192
https://www.glencore.com.au/operations-and-projects/minara/who-we-are/producing-nickel-and-cobalt-at-murrin-murrin
https://www.mining-technology.com/projects/murrin/
https://www.glencore.com/.rest/api/v1/documents/339ef1dcf7760cd324177d077d342bb6/GLEN_2022-FY_ProductionReport.pdf
https://www.glencore.com/.rest/api/v1/documents/static/f2f3f568-9437-4c55-bcb6-49d2fc96d305/GLEN_2023-FY_ProductionReport.pdf
https://www.glencore.com/.rest/api/v1/documents/static/437c6cdb-dbfb-4e61-a769-18655951cee2/Glencore+production+report_FY2024.pdf
https://www.glencore.com/.rest/api/v1/documents/static/e44bf57f-8768-4b27-8a33-39087d02d00a/GLEN_2026-H1ProductionReport.pdf"
NI-084,MHP036,大洋洲,澳大利亚,Australia,西澳大利亚州(Western Australia) — 雷文斯索普(Ravensthorpe，南海岸),雷文斯索普镍项目,Ravensthorpe Nickel Operation,First Quantum Minerals 70% / POSCO 30%（保养维护中）,BHP Billiton建设(2004年动工)并运营(2007年10月首产-2009年1月) → 2009年12月售予First Quantum Minerals(70%权益) → 2011年12月First Quantum改造后复产 → 2017年10月保养维护 → 2020年1月复产 → 2021年5月POSCO以现金入股获得30%股权 → 2024年4月宣布、7月起再度进入保养维护,常压浸出(AL)+HPAL,红土矿(混合;含2021年新增Shoemaker-Levy矿床),混合氢氧化镍钴中间品MHP(约45%Ni、1.4%Co，干基),30000,First Quantum官网标注'C&M前年产能3万吨镍'；早年BHP Billiton设计产能为5万吨/年，First Quantum前5年目标3.9万吨/年、寿命期平均2.8万吨/年——各口径不一，均列出供参考。,2008,保养维护(C&M),2024,2026,镍价持续低迷、运营成本高企，导致经济性不佳。2024年1月先减少30%采矿人力，4月29日宣布进入保养维护(裁员330人)，7月起矿山停采；处理现有库存矿石预计维持约2年后计划恢复采矿(未见具体复产年份公告)。,5000,2024,21529,21725,5000,,,"厂级：First Quantum官方季度/年度业绩公告镍金属产量。2022=21,529t，2024=5,000t(2024年5月起转入保养维护状态后大幅下降)。2023年数(21,725t)沿用目标文件基线。2025年及以后公司产量指引仅覆盖Enterprise矿，Ravensthorpe保持C&M状态，未见2025年实际产量数字发布，视为接近于零但未经公司明确确认，故记为空值。",自有矿床：Ravensthorpe五个矿体(含Shoemaker-Levy等)，矿山寿命约30年(2021年评估),"BHP Billiton于2004年动工建设，2007年10月首次投产，2008年正式开业运营，投产仅9个月即遇全球金融危机导致的镍价暴跌，2009年1月关停。2009年12月BHP以70%权益售予First Quantum Minerals；后者于2011年12月改造复产。2012年(复产后首个完整年度)产量32,884吨。2017年10月因镍价再度低迷进入保养维护，2020年1月复产。2021年5月POSCO入股30%，为其国内电池供应链保障原料。2023年产量21,725吨含镍金属。2024年因西澳镍产业全面危机(与BHP Nickel West、IGO Cosmos同期)再度进入保养维护。","多次检索“Ravensthorpe 镍矿 First Quantum POSCO”等关键词均未返回相关结果（仅返回First Quantum巴拿马Cobre Panama铜矿的大量不相关报道）。round-1记录（保养维护，2024年）未获证实或推翻。 【R3-未能核实】本轮检索（'Ravensthorpe nickel First Quantum 2026 restart'）未获得2025-2026年度新证据，仅返回2019年及2024年的历史文章。历史参考：该矿此前已有过一次C&M-复产循环——2017年10月因镍价低迷停产，2019年5月首次成功复产（彼时称'初步复产筹备已启动'，重启成本约1,000万美元），其后又于2024年4月29日因经济性再次决定停产/裁员进入保养维护（即master记录当前状态'C&M since 2024'的直接来源）。截至本轮未查到2024年之后是否有第二次复产计划的公开报道。 【R4】First Quantum官网Ravensthorpe业务页面(页面标注更新于2026年1月19日)明确写明：'2024年7月，RNO因镍价低迷及运营成本高企进入保养维护流程'，未给出任何复产时间表。直接证实该C&M状态持续至2026年初，未发生第二次复产。",确认,R5冲突：MHP品位——公司2022年NI 43-101称约23% Ni/1% Co，R1记录为约45% Ni，未调和。,,,双流程配置：经选矿富集的褐铁矿(limonite)走HPAL路线；经选矿富集的皂石矿(saprolite)先经浓硫酸预浸出后走常压浸出(AL)路线；两路产品合并处理。选矿环节剔除约60-70%给料质量、回收60-65%给料镍金属量，使入选品位提升约1倍、体积降至约1/3(2022年NI 43-101技术报告),混合氢氧化镍钴中间品(MHP)：2022年NI 43-101技术报告披露约含镍23%、含钴1%(干基)——与原始情报JSON记载的'约45%Ni、1.4%Co'存在显著冲突(前者仅为后者的约一半)，两个数字均予保留，建议报告撰写者以NI 43-101技术报告(公司自身披露的正式技术文件)为准，但需注意此冲突未经调和,自有矿床：Ravensthorpe五个矿体(Halleys、Hale-Bopp、Shoemaker-Levy[占储量88%]、Nindilbillup、Shoemaker-Levy North)；储量197.2百万吨@0.6%Ni/0.03%Co(2017年12月)；2021年月均采矿约65万吨，其中至少6个月超80万吨/月,"主要电力来源为硫磺燃烧制酸装置产生的蒸汽驱动汽轮机发电，配柴油备用发电；该模式相对全柴油发电每年节省约2,200万-3,000万美元",,420,"2004年BHP Billiton动工建设→2007年10月首次投产→2008年正式开业运营(投产仅9个月即遇全球金融危机导致镍价暴跌)→2009年1月关停→2009年12月BHP以70%权益售予First Quantum Minerals→2011年12月FQM改造复产→2012年(复产后首个完整年度)产量32,884吨→2017年10月因镍价再度低迷进入保养维护→2020年1月复产→2021年5月POSCO入股30%→2021年6月Shoemaker-Levy矿区开始开采→2023年产量21,725吨含镍金属→2024年1-4月西澳镍业危机下两轮裁员(1月降30%人力、4月再裁330人)，随后进入保养维护",First Quantum Minerals 70% / POSCO 30%（保养维护中）,高,R1-区域普查,https://en.wikipedia.org/wiki/Ravensthorpe_Nickel_Mine,"https://en.wikipedia.org/wiki/Ravensthorpe_Nickel_Mine
https://www.abc.net.au/news/2024-04-29/ravensthorpe-nickel-mine-to-close/103781186
https://www.first-quantum.com/operations/ravensthorpe/
https://www.mining.com/wp-content/uploads/2024/04/Ravensthorpe-Nickel-Operation-Media-Statement-20240429.pdf
https://www.mining.com/first-quantum-signals-potential-restart-ravensthorpe-mine/
https://s24.q4cdn.com/821689673/files/doc_downloads/2022/Ravensthorpe-NI-43-101-Technical-Report.pdf
https://www.globenewswire.com/en/news-release/2023/02/14/2608201/0/en/First-Quantum-Minerals-Reports-Fourth-Quarter-and-Year-End-2022-Results.html
https://www.globenewswire.com/news-release/2025/01/15/3010475/0/en/First-Quantum-Minerals-Announces-2024-Preliminary-Production-and-2025-2027-Guidance.html"
NI-085,GL085,大洋洲,澳大利亚,Australia,西澳大利亚州 Kwinana / East Rockingham,Cobalt Blue Kwinana钴镍精炼厂,Cobalt Blue Kwinana Cobalt-Nickel Refinery,Cobalt Blue Holdings + Iwatani Australia(合作伙伴，具体股比未披露),2025年9月披露获得建设与运营许可；此前沿革未详,其它(说明: 硫酸钴/钴镍金属精炼，工艺路线未详),不详,电池级硫酸钴、钴金属(国防/高性能合金用)、镍金属,500,"R4：Mining Weekly(2025-06-06)披露：一期(Stage 1)设计年产约500吨镍金属，同时年产约3,000吨钴(硫酸钴/钴金属，为主产品)；二期(Stage 2，原计划2028年建设、2029年投产)将使产能翻倍。镍在该项目中为次要副产品，主产品为钴。 | 产能未披露",,规划中或可研,2025,2026,,,,,,,,,,不详,2025年9月16日，Cobalt Blue Holdings获得Kwinana钴精炼厂的建设和运营许可，被称为与合作伙伴Iwatani Australia推进FID的重要里程碑。项目拟建于IWA位于西澳East Rockingham的现有熔融氧化锆生产厂区内，利用修改后的许可证在现有基础上扩建，用于生产电池级硫酸钴、国防及高性能合金用钴金属及镍金属。截至2026年9月未见更详细的产能、投资额或投产时间表披露，也未见FID正式公告的独立确认，故本记录整体置信度较低，建议后续研究员补充核实。,新发现的项目，低置信度，未列入round-1索引。2025年9月16日SMM报道：Cobalt Blue Holdings获得Kwinana钴精炼厂建设与运营许可，与合作伙伴Iwatani Australia(IWA)推进FID相关里程碑；项目拟在IWA位于East Rockingham的现有熔融氧化锆生产基地内，利用修改后的许可证扩建精炼设施，除电池级硫酸钴外，亦规划生产国防/高性能合金用钴金属及镍金属。产能、投产时间等细节未披露，是否已做出FID也未明确说明，故整体列为低置信度的新发现记录，供后续研究员核实。 【R4】发现关键信息冲突，予以并列并调整status：(a) SMM 2025-09-16报道(已在库)称Cobalt Blue已'获得建设与运营许可'，此前被R2研究员解读为接近FID/'在建'；(b) Mining Weekly 2025-06-06报道仅称一期建设'预计2025上半年开工'（属计划性表述，非已开工确认），并披露与嘉能可(Glencore)签订为期3年的原料供应协议(覆盖一期最高50%所需原料，属原料采购安排而非股权变更)；(c) 更新的行业分析文章(discoveryalert.com，发布于2026-04-29、更新于2026-08-24)明确指出截至2026年8月FID仍未做出——非约束性意向书(LOI)仅覆盖一期钴产能约70%，并列出三种情景：加速路径(2026下半年FID，2026年底/2027年初开工)、稳健路径(2027年一/二季度FID，2028-29年投产)、延后路径(2027年后重组)。鉴于该2026年信源时间更近、表述更具体，本轮将status由此前记录的'在建'调整回'规划中或可研'，置信度定为'可能'，待未来核实Cobalt Blue自身ASX公告(本轮官网因robots/DNS错误未能访问)后再做最终判定。,可能,"存疑：R2新增，单一来源；以钴为主、副产少量镍金属，可按需剔除。R4核实：状态由「在建」更新为「规划中或可研」；R4：2026年8月来源显示尚未FID(一期包销仅70%意向)，状态回调为规划；一期产能约500t Ni+3,000t Co。",,,,,,,,,,,,R2-状态核实新增,https://news.smm.cn/live/detail/103533578,"https://news.smm.cn/live/detail/103533578
https://newsletter.mw.creamermedia.com/article/kwinana-cobalt-refinery-australia-update-2025-06-06
https://discoveryalert.com/cobalt-blue-kwinana-cobalt-refinery-fid-2026-offtake/"
NI-086,GL086,大洋洲,澳大利亚,Australia,西澳大利亚州(Western Australia) — 贡加里/卡尔皮尼(Goongarrie/Kalpini)，卡尔古利东北约70公里,卡尔古利镍项目—贡加里枢纽,Kalgoorlie Nickel Project – Goongarrie Hub,Ardea Resources 65% / Sumitomo Metal Mining+Mitsubishi Corp财团 35%（FID时可增至50%）；公司官网2026年口径（此前记录82.5%/17.5%为早期口径）,"Ardea Resources Limited(ASX:ARL)勘探开发 → 2021年起与住友金属矿业(Sumitomo Metal Mining)、三菱商事(Mitsubishi Corporation)组成的日本财团合作，财团出资9,850万澳元开展Goongarrie Hub确定性可行性研究(DFS)",HPAL,红土矿,混合硫化物沉淀MSP(规划；2025年12月DFS更新前原计划为混合氢氧化物沉淀MHP),30000,"2025年12月DFS进展公告表述为'30,000+吨/年'镍(即至少3万吨)，具体设计产能数字待2026年上半年DFS完成后公布。工艺流程已简化为单一HPAL路线(处理能力3.5百万吨矿石/年)，相较2023年PFS的HPAL+常压浸出双线路方案。",,规划中或可研,2025,2026,,,,,,,,,,Goongarrie矿区：5.84亿吨@0.69%Ni+0.043%Co(含镍400万吨、含钴25万吨)；Kalpini矿区(Ardea 100%持有)；整个KNP合计8.54亿吨@0.71%Ni+0.045%Co(含镍610万吨、含钴38.6万吨),"Ardea Resources位于卡尔古利东北约70公里的大型红土镍钴资源项目，交通与电力等基础设施条件良好。2021年引入住友金属矿业与三菱商事组成的日本财团合作开发Goongarrie Hub子项目，财团全额出资9,850万澳元用于DFS，体现日本企业对锁定电池金属供应链的战略需求。2023年PFS方案原采用HPAL+常压浸出双线路、产出MHP；2025年12月最新DFS进展公告确认简化为单一HPAL路线(3.5Mtpa矿石处理量)，产品调整为混合硫化物沉淀(MSP)，反映行业对更简化、更低成本流程的追求。Ardea享有该项目25%的产品包销权。DFS预计2026年上半年完成，尚未见FID或开工时间表。项目获澳大利亚政府认定为关键矿产项目。","2026年8月3日（Diggers & Dealers矿业大会）Ardea Resources披露：Goongarrie Hub可行性研究（DFS）已获全额资金支持（预算9,850万澳元），资金方为住友金属矿山+三菱商事财团（合资中日方占35%，Ardea占65%，FID后Ardea降至50%）；项目获澳大利亚联邦“重大项目地位”续期3年（2025年10月）及澳大利亚出口金融局(EFA)、美国进出口银行(EXIM)的支持函（潜在合计约10亿澳元融资）；资源量更新为8.54亿吨（0.71%Ni/0.045%Co，含镍610万吨），号称“澳大利亚最大镍钴资源”。尚未见FID公告。",确认,,,,规划中：2025年12月DFS更新前为HPAL+常压浸出(AL)双线路方案(2023年PFS)；2025年12月最新DFS进展简化为单一HPAL路线，目标矿石处理量3.5Mtpa(较此前3.0Mtpa方案提升)；具体高压釜数量未披露，仅提及'厂址可运抵的最大规格高压釜'表述,混合硫化物沉淀(MSP，2025年12月DFS更新后的新方案)；此前2023年PFS方案产品为混合氢氧化物沉淀(MHP),Goongarrie矿区：5.84亿吨@0.69%Ni+0.043%Co(含镍400万吨、含钴25万吨)；另有Kalpini Hub矿区(Ardea 100%持有，含Kalpini及Bulong项目)：1.295亿吨(Indicated+Inferred合计)，含镍102.8万吨、含钴6.2万吨；工艺号称采用'矿化中和剂'(mineralized neutralizer)技术降低酸耗及能耗，力图与印尼RKEF产品竞争成本,,,,2021年引入住友金属矿业与三菱商事组成的日本财团，出资A$98.5百万全额支持Goongarrie Hub子项目DFS→2023年PFS方案(HPAL+AL双线路，MHP产品)→2025年12月最新公告确认简化为单一HPAL路线、MSP产品、3.5Mtpa处理量→DFS预计2026年上半年完成，尚未见FID,股权披露存在冲突：Ardea Resources官网(ardearesources.com.au)称目前Goongarrie Hub为'Ardea 65% / 住友金属矿业+三菱商事财团35%(FID后增至50%)'；而本次普查底册(源JSON)记载为'Ardea 82.5%(FID后降至50%) / 财团17.5%(可增至50%)'。两者对当前(非FID后)阶段的股比表述明显不同(65/35 vs 82.5/17.5)，推测可能反映2021年初始协议后财团通过追加出资(如资助DFS的A$98.5M)逐步增持所致，但未找到明确的时间线文件调和两个数字，列为重大冲突并列存档。Ardea对该项目享有25%产品包销权；Kalpini Hub由Ardea 100%持有,中,R1-区域普查,https://ardearesources.com.au/projects-knp,"https://ardearesources.com.au/projects-knp
https://ardearesources.com.au/downloads/announcements/arl_2025120801.pdf
https://news.smm.cn/live/detail/104039635"
NI-087,GL087,大洋洲,澳大利亚,Australia,西澳大利亚州(Western Australia) — 卡尔古利(Kalgoorlie，具体厂址未定),卡尔古利前驱体正极材料(pCAM)电池材料枢纽,Kalgoorlie pCAM Battery Materials Hub (Poseidon Nickel / Pure Battery Technologies),Poseidon Nickel Limited / Pure Battery Technologies（合作意向阶段，未成立正式合资实体；2023年5月联邦资助落空后进展不详）,2021年10月Poseidon Nickel Limited与Pure Battery Technologies(PBT，昆士兰/德国)签署合作意向备忘录(MoU) → 2022年3月PBT在联邦'现代制造业倡议(MMI)'下获1.196亿澳元有条件资助内定 → 2023年5月联邦工业部终止与PBT的资助谈判，项目失去关键资金，此后进展不详,"常压浸出(AL，PBT专有'选择性酸浸(Selective Acid Leaching, SAL)'工艺)",硫化矿精矿,前驱体正极材料pCAM(规划，含镍锰钴),,规划年产5万吨pCAM(前驱体正极材料，产品实物吨，非折合含镍金属吨；具体镍含量比例未公开)，可满足约100万辆电动车电池的年需求。,,不详,2023,2023,2023年5月，联邦工业、科学与资源部以'项目合作方与政府时间表不一致'为由终止与PBT的关键资助(1.196亿澳元MMI资助)谈判，PBT失去这笔资金支持。此后未找到任何公开的项目最新进展报道，很可能已实质性停滞，但未见正式取消/终止声明，故状态标记为'不详'而非'项目中止(未建成)'，供撰写者进一步核实2024-2026年是否有更新。,,,,,,,,,拟采购Poseidon Nickel旗下Black Swan及/或Lake Johnston项目的硫化镍精矿作为原料(两者均为选矿厂，未单独收录),Poseidon Nickel与总部位于昆士兰(在德国设有镍钴精炼业务)的Pure Battery Technologies(PBT)于2021年10月签署MoU，评估在卡尔古利建设整合式电池材料精炼中心，采用PBT专有的'选择性酸浸(SAL)'工艺处理硫化镍精矿——这是西澳少见的以硫化矿(而非红土矿)为原料的湿法电池材料项目路线。原计划创造380个建设期岗位、175个永久岗位，2025年投产。2022年3月获联邦MMI资助内定(1.196亿澳元，有条件)，但2023年5月联邦终止资助谈判，PBT失去该笔关键资金。Poseidon表示此事对其自身Black Swan复产计划影响有限，将继续为PBT提供矿石/精矿样品供冶金测试。本研究未找到2023年5月之后的任何公开项目进展，现状不明。,未直接找到该西澳Kalgoorlie pCAM项目的2025-2026年度更新；但检索到项目参与方之一Pure Battery Technologies(PBT)转而在印尼中爪哇Batang推进一个规模相近（约3.5亿美元）的pCAM工厂项目（2026年9月，工程设计阶段），尚不清楚这是否代表原西澳Kalgoorlie方案被平行推进、搁置或转移。 【R4-未能核实】本轮未对该项目开展新一轮独立检索，维持R1记录'不详'不变；R1已发现的PBT印尼中爪哇Batang平行pCAM项目与本项目关系仍未厘清。,未能核实,,,,,,,,,,,,,R1-区域普查,https://www.miningweekly.com/article/wa-pcam-project-misses-out-on-a119m-gov-funding-2023-05-26,"https://www.miningweekly.com/article/wa-pcam-project-misses-out-on-a119m-gov-funding-2023-05-26
https://stockhead.com.au/resources/poseidon-strikes-potential-nickel-supply-deal-to-proposed-kalgoorlie-battery-materials-refinery/
https://news.smm.cn/live/detail/104099337"
NI-088,GL088,大洋洲,澳大利亚,Australia,西澳大利亚州(Western Australia) — 奎纳纳-罗金厄姆战略工业区(Kwinana-Rockingham Strategic Industrial Area，珀斯以南),奎纳纳一体化电池材料设施(IGO/Wyloo下游镍项目),Kwinana Integrated Battery Material Facility (IGO / Wyloo Downstream Nickel Project),项目已搁置(2024年7月)；此前为IGO Limited与Wyloo Metals(Tattarang集团旗下，现称Wyloo)战略合作，正式股权结构未公开,2022年IGO Limited与Wyloo Metals宣布战略合作，拟联合开发下游镍加工设施 → 2023年4月13日宣布已在Kwinana-Rockingham工业区获得约30公顷土地 → 计划2024下半年完成可行性研究 → 2024年7月因市场环境恶化，据报道已搁置该项目,硫酸镍精炼(中间品/高冰镍)+其它(下游延伸至pCAM前驱体正极材料合成),混合(IGO自有镍钴精矿+第三方中间品，规划),电池级硫酸镍(规划)、高镍三元前驱体正极材料PCAM(规划),,未找到任何吨位产能数字。已知投资规模区间为6亿-10亿美元(2023年4月披露)。,,项目中止(未建成),2024,2024,2023-24年镍价大幅下跌(较峰值跌约40%，主因印尼供应冲击)，导致IGO自有Cosmos镍矿于2024年1月进入保养维护(原料来源萎缩)，Wyloo旗下Kambalda(Cassini、北部矿区)镍矿也于2024年5-6月间关闭。据Sound Telegraph(2024年7月)报道，IGO与Wyloo已'因市场环境'搁置了Kwinana加工厂计划；同期Wyloo将其加拿大首座下游电池材料厂选址在安大略萨德伯里而非西澳，进一步印证Kwinana项目优先级下降/搁置。注：本研究未找到使用'cancelled'等措辞的官方正式声明，结论部分基于时间线推断。,,,,,,,,,原计划使用IGO自有镍钴精矿(Nova、Forrestania/Cosmic Boy等选矿厂产出，均未单独收录)及第三方中间品；Wyloo旗下Kambalda(Cassini/北部矿区)镍矿已于2024年5-6月关闭，未能成为原料来源,2022年IGO Limited与Andrew Forrest旗下Wyloo Metals(Tattarang集团，现称Wyloo)宣布战略合作，拟在毗邻既有Kwinana锂氢氧化物精炼厂的地块建设澳大利亚首座'一体化电池材料设施(IBMF)'，将镍钴精矿精炼为电池级硫酸镍并下游延伸至高镍三元前驱体正极材料(PCAM)，目标服务高端电动车电池市场。2023年4月13日宣布已获得约30公顷工业用地，计划投资6亿-10亿美元，2024下半年完成可行性研究。但2023-24年镍价崩盘使项目经济性和原料保障均遭受冲击：IGO自有Cosmos镍矿2024年1月进入保养维护，Wyloo的Kambalda镍矿2024年5-6月关闭。2024年7月，据当地媒体报道，双方已搁置该Kwinana加工厂计划；同月Wyloo宣布将在加拿大萨德伯里而非西澳建设其首座下游电池材料厂，进一步佐证Kwinana项目被搁置或降低优先级。,,,,,,,,,,,,,,,R1-区域普查,https://www.mining.com/wyloo-metals-igo-secure-land-for-first-integrated-battery-material-facility-in-western-australia/,"https://www.mining.com/wyloo-metals-igo-secure-land-for-first-integrated-battery-material-facility-in-western-australia/
https://www.igo.com.au/site/file/282/view/IGODownstreamNickelProjectAugust2023.pdf
https://www.soundtelegraph.com.au/news/wa/green-energy-tipped-as-kwinana-industrys-saviour-after-closures-of-bhp-alcoa-igo-and-wyloo-c-15467885
https://www.mining.com/web/igo-puts-cosmos-nickel-mine-on-care-and-maintenance/"
NI-089,GL089,大洋洲,澳大利亚,Australia,西澳大利亚州(Western Australia) — Leonora附近(紧邻Murrin Murrin矿区),NiWest镍钴项目,NiWest Nickel-Cobalt Project,Alliance Nickel Limited（ASX:AXN，前身GME Resources Limited）100%,GME Resources Limited开发(勘探及PFS阶段) → 约2023年更名为Alliance Nickel Limited(ASX代码AXN) → 100%自有；2022年10月与Stellantis签署非约束性包销意向书，2025年11月Stellantis终止该协议,堆浸/生物堆浸(2022年PFS原方案)+常压浸出(AL，2025财年起测试的'槽浸(vat leach)'替代方案),红土矿,硫酸镍(规划，99.95%纯度)、硫酸钴(规划，99.95%纯度),20000,"R4：Alliance Nickel 2024年11月确定性可行性研究(DFS，经公司官网DFS专页核实)：项目寿命前12年(35年矿山寿命)平均产能为硫酸镍9万吨/年(含镍金属2万吨/年)，另产硫酸钴7,700吨/年(含钴1,600吨/年)。该数字取代此前因'产品吨/金属吨'表述不清而留空的capacity_t_ni_pa字段。 | 2022年12月PFS更新方案规划年产硫酸镍9万吨、硫酸钴6,700吨(均为项目前15年平均值，矿山寿命27年)，但未能确认该'9万吨'表述是硫酸镍产品实物吨还是折合含镍金属吨，故capacity_t_ni_pa留空。2024年11月完成的DFS改为处理8,470万吨矿石(品位0.94%Ni、0.06%Co)、矿山寿命35年，未见DFS阶段的具体年度硫酸镍/硫酸钴产能数字。",,规划中或可研,2026,2026,,,,,,,,,,NiWest自有红土矿床，毗邻Glencore Murrin Murrin矿区，距开放铁路线约30公里,由GME Resources Limited(后更名Alliance Nickel)开发的红土镍钴项目，早期方案(2022年PFS更新)拟采用堆浸工艺，2022年10月与汽车制造商Stellantis签署非约束性包销意向书。2024年11月完成确定性可行性研究(DFS)。为降低资本开支，2025财年起公司启动'槽浸(vat leach)'工艺测试，作为替代堆浸/常压浸出方案，2吨级散装样品测试于2026财年开展，初步结果预计2026年第三季度末公布。融资方面依赖股权配售及Zeta Resources、董事等提供的无抵押贷款(展期至2027年6月30日)，2026财年共筹得约320万澳元。2025年11月Stellantis终止此前的包销协议，但仍表示有兴趣按新时间表重新谈判。截至研究时项目尚未FID，无开工时间表。,"未找到2025-2026年度相关更新。 2025年11月7日，Stellantis宣布将于同年12月3日终止其与Alliance Nickel就NiWest项目约40%产量(原协议为5年期，约17万吨硫酸镍、1.2万吨硫酸钴)签订的包销协议，原因是项目未能按期完成关键里程碑；Alliance称全球镍价持续疲软导致融资困难是项目延迟的主因，Stellantis表示仍愿就新条款重新谈判(同期Stellantis也取消了与另一供应商Novonix的合成石墨供应协议)。此前2025年10月末，Alliance曾探索在纳斯达克上市(含SPAC路径)以为其16.5亿美元的NiWest项目寻求更高估值。截至2026年6月季度(2026年7月28日披露)，与Stellantis的包销协议仍处于重新谈判阶段，未披露具体条款或时间安排；公司现金仅230万澳元，无抵押贷款额度520万澳元已全额提取并展期至2027年6月30日，相较于约3.1亿澳元的2024年11月DFS资本开支估算存在巨大融资缺口；当期支出主要集中于槽浸(vat leach)工艺优化试验(拟替代原DFS采用的堆浸工艺以降低水利基建资本开支)及地下水取水许可申请，尚未进入工程建设阶段。 【R3】补充确认(kalkine.com.au, 2026年FY26业绩公告)：Stellantis已于2025年11月终止其与NiWest项目的包销协议(原协议覆盖约40%产量，5年期约17万吨硫酸镍+1.2万吨硫酸钴)，理由为项目未达关键里程碑；Alliance Nickel FY2026内两轮募资合计仅约320万澳元(2025年12月配售77万澳元+2026年5月配股240万澳元)，并将Zeta Resources及董事提供的无抵押贷款展期至2027年6月30日。2024年11月完成的确定性可行性研究(DFS)显示35年矿山寿命、税后NPV约15亿澳元，但当前正以槽浸(vat leach)工艺测试(替代原堆浸工艺)寻求降低资本开支，初步结果预计2026年三季度末公布，尚无具体施工时间表。 【R4】capacity缺口已通过公司官方DFS页面解决。本轮未针对status开展新检索(R3已充分核实Stellantis包销协议终止、融资缺口、槽浸工艺测试等最新进展，此处不再重复)。",确认,,,,非HPAL路线：2022年PFS方案采用堆浸(heap leach)/生物堆浸；2025财年起测试'槽浸(vat leach)'作为替代方案(降低资本开支)；配套酸厂及处理厂(具体设备配置未披露),"规划硫酸镍90,000吨/年(纯度99.95%) + 硫酸钴6,700吨/年(纯度99.95%)",NiWest自有红土矿床，毗邻Glencore Murrin Murrin矿区，距开放铁路线约30公里；目标平均入选品位1.05%Ni/0.06%Co(前15年)，PFS高品位区域平均1.17%Ni/0.08%Co；矿山寿命27年,,AISC(扣除钴副产品抵扣后) US$4.15/lb镍，公司PFS/DFS披露,,由GME Resources Limited(后更名Alliance Nickel)开发，早期方案(2022年PFS更新)拟采用堆浸工艺→2022年10月与Stellantis签署非约束性包销意向书→2024年11月完成确定性可行性研究(DFS)→2025财年起启动'槽浸'工艺测试作为替代方案，2吨级散装样品测试于2026财年开展，初步结果预计2026年第三季度末公布→融资依赖股权配售及Zeta Resources、董事等提供的无抵押贷款(展期至2027年6月30日)，2026财年共筹得约320万澳元,Alliance Nickel Limited（ASX:AXN，前身GME Resources Limited）100%,中,R1-区域普查,https://alliancenickel.au/wp-content/uploads/2023/01/GME-Investor-Presentation-Website.pdf,"https://alliancenickel.au/wp-content/uploads/2023/01/GME-Investor-Presentation-Website.pdf
https://kalkinemedia.com/au/news/announcements/alliance-nickel-announces-fy2026-results-featuring-vat-leach-testing-and-32m-capital-raise
https://news.smm.cn/live/detail/103611114
https://news.smm.cn/live/detail/104026919
https://news.smm.cn/live/detail/104026922
https://news.smm.cn/live/detail/103599593
https://alliancenickel.au/definitive-feasibility-study/"
NI-090,GL090,大洋洲,澳大利亚,Australia,昆士兰州 格林维尔(Greenvale)地区，汤斯维尔西北约220公里,斯科尼(Sconi)钴镍钪项目,Sconi Cobalt-Nickel-Scandium Project,Australian Mines Limited 100%（通过全资子公司Sconi Mining Operations运营）,项目最初由Australian Mines与Metallica Minerals合资勘探 → 2017年12月Australian Mines完全收购 → 持续保有至今（2023年7月获采矿租约，本轮检索未发现2024-2026年股权变更报道）,精矿加压浸出+MHP/MSP中间品,红土矿(褐铁矿),混合镍钴氢氧化物沉淀(MHP)、钪产品,11800,"推算值：公司称投产前6年合计产出71,000吨镍(MHP形式)→年均约11,800吨镍；官网表述前后矛盾，未经第三方核实。| 公司官网称投产前6年年均产出干态71,000吨镍+7,000吨钴（MHP形式）；官网另一处文本称'处理厂年处理能力200万吨MHP'，疑为矿石处理量表述有误，与前一数字明显矛盾，两者均未见第三方核实，请合并时核查一手可行性研究报告原始数据",,规划中或可研,2023,2023,,,,,,,,,,自有Sconi红土镍钴矿床（格林维尔），2023年7月获得25年采矿租约,项目已与LG Energy Solution签订MHP包销协议（6+5年、100%产量）。公司网站（约2023年资料）称预计2028年建成投产，但截至本轮检索未发现2024-2026年的最新进展报道（如最终投资决定FID、开工建设等），需要进一步核实项目是否仍按计划推进、已推迟，或已停滞。Australian Mines在2020年前后曾因与合作方的包销/融资谈判受挫而备受市场关注（'Sconi offtake deal crashes'等报道标题），但未查实是否发生过正式破产管理/接管程序，需核实。,未找到2025-2026年度关于Sconi项目的SMM新闻更新，round-1记录（规划中或可研，Australian Mines Limited 100%）未见推翻或证实的新证据。 【R4-未能核实】Australian Mines官网Sconi项目页面及新闻页(部分链接404)、公开检索均未发现2025-2026年度FID、融资或开工的新消息，仅能查到2018-2023年间的历史资料。维持'规划中或可研'，2025-2026年现状仍未核实。,未能核实,"产能口径：公司称投产前6年合计产出71,000吨镍(MHP形式)，已按年均约11,800吨镍录入；官网表述前后矛盾，未经第三方核实。",,,,,,,,,,,,R1-区域普查,https://sconi.com.au/project,"https://sconi.com.au/project
https://www.mining-technology.com/projects/sconi-cobalt-nickel-scandium-project-australia/
https://australianmines.com.au/projects/sconi
https://australianmines.com.au/"
NI-091,GL091,大洋洲,澳大利亚,Australia,新南威尔士州 中部Fifield地区（Parkes附近）,日出(Sunrise)镍钴项目（原Clean TeQ Sunrise项目，与Syerston钪项目同一矿区）,Sunrise Nickel-Cobalt Project (formerly Clean TeQ Sunrise),Sunrise Energy Metals Limited（原Clean TeQ Holdings，公司已更名）100%,2014年11月Clean TeQ从Ivanhoe Mines收购该多金属矿床 → 2018年完成可行性研究(DFS) → 后续多次因融资及镍钴市场低迷推迟最终投资决定 → 公司更名为Sunrise Energy Metals，近年将开发重心转向同一矿区的Syerston钪项目（已获与美国相关方债务融资意向支持）,HPAL+MHP/MSP中间品,红土矿(褐铁矿),硫酸镍、硫酸钴、氧化钪（副产铂族金属）,20000,2018年DFS称'前25年累计产出硫酸镍200万吨、硫酸钴40万吨'，按镍金属含量折算年均约2万吨镍（本研究推算值，公司未直接公布年化设计产能，需核实）；矿产资源量含镍94万吨、钴17万吨（1.8亿吨@0.53%Ni、0.10%Co）,,规划中或可研,2026,2026,,,,,,,,,,自有Sunrise红土镍钴钪矿床（Syerston）,项目原名Clean TeQ Sunrise，是全球少数同时富含镍、钴、钪的红土矿项目之一，采用Clean TeQ专利连续离子交换(CIF)技术分离钪，规划两条HPAL浸出线。2018年完成DFS，原计划2019年FID、2021年投产，但因融资与金属价格环境反复推迟。近年公司更名为Sunrise Energy Metals，并将Syerston钪项目（同一矿区的钪专项开发）作为优先推进项目，2025-2026年在钪项目上获得大额意向融资（含美方相关资金支持），股价因钪业务大幅上涨，但镍钴主项目的开发决定仍'待镍钴市场条件改善'（公司官网2026年表述），尚未确定最终投产时间表，实质上处于长期搁置状态。,未找到2025-2026年度关于Sunrise项目的SMM新闻更新。 【R3】补充说明(kalkine.com.au，2026-09-08发布)：Sunrise Energy Metals同址(Syerston)另有Sunrise Nickel-Cobalt Project(即本记录)。公司近期资源投入的重心已转向同址的Syerston钪(scandium)项目——可行性研究已于2026年初完成，目标2028年上半年投产，初始产能60吨钪/年，并已获得最高达4.67亿美元的有条件债务融资。该公告仅将镍钴项目描述为'相邻的'资产、'全球最具钴富集度的红土镍矿床之一'，未披露镍钴项目本身是否已作出最终投资决定或有具体开发时间表，暗示公司当前优先发展钪项目，镍钴项目开发节奏可能滞后。,可能,,,,规划HPAL(高压釜需从南澳大利亚Port Pirie港运输至厂址，运输规划已完成)；具体产线/高压釜数量未披露；配套连续离子交换(CIF)技术分离钪,规划硫酸镍、硫酸钴、氧化钪（副产铂族金属）,自有Sunrise红土镍钴钪矿床(Syerston)；资源量超90万吨镍、17万吨钴,已完成与新南威尔士州电网运营商Essential Energy的输电线路连接协议相关电力系统研究，具体电力规模未披露,,,项目原名Clean TeQ Sunrise，2018年完成DFS，原计划2019年FID、2021年投产，因融资与金属价格环境反复推迟→公司更名为Sunrise Energy Metals，并将Syerston钪项目(同一矿区钪专项开发)列为优先推进项目→2025-2026年在钪项目上获得大额意向融资(含美方相关资金支持)，股价因钪业务大幅上涨→镍钴主项目开发决定仍'待镍钴市场条件改善'(公司官网2026年表述)，尚未确定最终投产时间表,Sunrise Energy Metals Limited（原Clean TeQ Holdings，公司已更名）100%,低,R1-区域普查,https://sunriseem.com/,"https://sunriseem.com/
https://sunriseem.com/our-projects/sunrise-nickel-cobalt-project/
https://www.nsenergybusiness.com/projects/clean-teq-sunrise-project-new-south-wales/
https://www.ibtimes.com.au/sunrise-energy-metals-syerston-scandium-project-decision-1875179
https://kalkine.com.au/news/announcements/sunrise-energy-metals-completes-syerston-scandium-feasibility-study-secures-up-to-us467-million-in-conditional-debt-financing"
NI-092,GL092,大洋洲,澳大利亚,Australia,昆士兰州 汤斯维尔(Townsville),昆士兰太平洋金属公司(QPM) TECH项目（汤斯维尔能源化工枢纽）,TECH Project (Townsville Energy Chemicals Hub),Queensland Pacific Metals Ltd（现更名QPM Energy Limited）主导开发；通用汽车(General Motors)、LG Energy Solution、POSCO为战略股权投资方及承购方,由Queensland Pacific Metals Limited自主开发（非既有矿山转型项目）→ 近年引入General Motors、LG Energy Solution、POSCO作为股权投资人及承购方 → 公司近期改名为QPM Energy Limited,精矿加压浸出+硫酸镍精炼(中间品/高冰镍),红土矿(褐铁矿),"硫酸镍(16,000吨镍金属/年)、硫酸钴(1,850吨钴金属/年)、高纯氧化铝(HPA，4,000吨/年，4N5级)，副产赤铁矿颗粒/氧化镁/硫酸锌",16000,"官网数据：硫酸镍折合镍金属16,000吨/年；使用Kellogg Brown & Root等技术供应商专利加压酸浸工艺",,规划中或可研,2025,2026,,,,,,,,,,不依赖自有矿山，原料为进口新喀里多尼亚高品位红土镍矿,该项目是昆士兰规划中的电池材料/化工枢纽，选址汤斯维尔，特点是完全依赖进口新喀里多尼亚红土矿而非本地矿源。已获一级(Tier 1)选址及港口审批，可行性研究推进中，尚有环保豁免、运营许可、重大危险设施审批等二级审批待完成，出口信贷机构债务融资谈判仍在进行。截至2026年未见开工建设或最终投资决定(FID)的公开报道。,未找到2025-2026年度关于QPM TECH项目FID或建设进展的SMM新闻更新。 【R4】QPM Energy官网techproject.com.au现有页面内容确认项目仍处于可研/审批阶段：一级(Tier 1)选址及港口审批(含EPBC 2021/9033)已完成，但二级(Tier 2)审批——废弃物豁免代码(End of Waste Code)、运营许可(Operational Works Permit)、重大危险设施(Major Hazard Facility)认定——仍在推进中；出口信贷机构(Export Finance Australia)、北澳基础设施基金(NAIF)及商业银行的债务融资谈判仍在进行；通用汽车、LG新能源、POSCO对镍钴产品100%承购的股权/包销安排维持不变。未发现最终投资决定(FID)已做出、项目中止或公司战略转向的证据(尽管公司已更名为QPM Energy Limited)。,确认,,,,,,,,,,,,,R1-区域普查,https://techproject.com.au/tech-project/project-overview/,"https://techproject.com.au/tech-project/project-overview/
https://statements.qld.gov.au/statements/100808
https://techproject.com.au/"
NI-093,GL093,大洋洲,澳大利亚,Australia,西澳大利亚州/南澳/北领地交界 — 温杰利纳(Wingellina/Irrunytju)，Musgrave山脉,温杰利纳(中马斯格雷夫)镍钴项目,Wingellina Nickel-Cobalt Project (Central Musgrave Project),NiCo Resources Limited 100%（前身Metals X Ltd）,International Nickel Company(INCO)持有(1956-1970) → Nickel Mines of Australia(NMA)参与(1965-1974) → Acclaim Exploration持有(2001-2006) → Metals X Ltd持有(2006-2021，2008年完成一期可行性研究，其后持续冶金/工程研究至2018年) → NiCo Resources持有并推进PFS(2021年至今),HPAL,红土矿(褐铁矿，高铁低镁),混合氢氧化镍钴中间品MHP(规划),40000,"2008年可行性研究规划年产4万吨镍+3,000吨钴(MHP形式)，矿山寿命40年以上。该方案为2008年历史研究结论，NiCo Resources现阶段PFS的最新产能设计本研究未获取到更新数字。",,规划中或可研,2024,2026,,,,,,,,,,Wingellina/Central Musgrave红土矿床群，矿石储量对应约200万吨镍、15.4万吨钴(其中Wingellina矿床占约156万吨镍、12.3万吨钴),"全球罕见的'长期研究但从未建成'型镍钴红土矿项目，自1956年INCO首次持有权益算起已近70年未能建成投产，历经至少五任业主。2008年Metals X完成第一阶段可行性研究，提出年产4万吨镍+3,000吨钴的HPAL方案，其后持续开展冶金和工程优化研究至2018年，但因资本开支巨大、地处偏远(三州交界Musgrave山脉，基础设施匮乏)等原因始终未能推进至建设阶段。2021年由NiCo Resources接手并推进预可行性研究(PFS)，管理层表示完成后将启动招商引资及包销伙伴推广工作。项目与BHP旗下(原OZ Minerals)West Musgrave铜镍精矿项目地理相邻但无股权关系，BHP改善区域基础设施(如封闭Great Central Road路段)间接利好本项目。","未找到2025-2026年度相关更新。 【R3】补充确认(discoveryalert.com，2026-08-30/31发布)：NiCo Resources已启动94孔、6,062米反循环(RC)加密钻探计划，聚焦南矿域(South Domain)，目标将1.64亿吨指示资源量升级为探明资源量以支撑最终投资决定(FID)，全矿床完全升级尚需约20万米钻探。该源未提及与Pure Battery Technologies的精炼合作细节（此前kalkine等报道提及的'电池精炼合作伙伴关系'未在本源获得独立证实，两则报道的具体合作范围存在信息不完全一致，需留意）。2022年12月PFS确认1.684亿吨概略储量，可支撑约40,000吨/年镍+3,000吨/年钴、矿山寿命42年以上。项目仍处于加密钻探/资源升级阶段，未进入建设。",确认,,,,规划HPAL：矿石经破碎、筛分后在厂内加工成MHP；具体高压釜数量未在2022/2023年PFS阶段文件中披露(缺口),规划混合氢氧化镍钴中间品(MHP)，品位约33%镍+3%钴+4.5%锰(2022/2023年PFS概览披露),Wingellina/Central Musgrave红土矿床群；矿石储量对应约156万吨镍、12.3万吨钴(2022年PFS储量口径，与源JSON'约200万吨镍、15.4万吨钴'的资源量口径不同，前者为储量、后者为资源量，非直接冲突而是统计口径差异)；铁品位47% Fe2O3、镁1.6%；酸耗约300kg/吨矿；镍钴浸出回收率均可达94%以上,规划95%可再生能源供电(风电+太阳能光伏+电池储能)，为PFS阶段设计目标,,,"1956年INCO首次持有权益，至今近70年未能建成投产，历经至少五任业主→2008年Metals X完成第一阶段可行性研究(4万吨镍+3,000吨钴HPAL方案)→其后持续开展冶金和工程优化研究至2018年→2021年由NiCo Resources接手推进PFS→2022年12月PFS确认'Tier 1'项目潜力，资本开支估算A$29亿，NPV(8%) US$34亿→2024-2026年持续钻探及DFS推进工作，2026年探讨电池精炼合作伙伴关系",NiCo Resources Limited 100%（前身Metals X Ltd）,中,R1-区域普查,https://nicoresources.com.au/wingellina/,"https://nicoresources.com.au/wingellina/
https://smallcaps.com.au/bhp-lights-road-back-wingellina-nico-resources/
https://discoveryalert.com/asx-stock-news/mining/nc1-nico-resources-wingellina-infill-drilling-august-2026/
https://kalkine.com.au/news/announcements/nico-resources-advances-wingellina-nickel-cobalt-project-with-infill-drilling-campaign-and-battery-refining-partnership
https://nicoresources.com.au/nico/wp-content/uploads/2023/09/20230121-Wingellina-Project-PFS-Overview.pdf
https://mining.com.au/nico-resources-pfs-shows-wingellina-nickel-cobalt-project-could-generate-up-to-80-billion-in-revenues/"
NI-094,GL094,北美,加拿大,Canada,"安大略省 萨德伯里 科珀克利夫(Copper Cliff, Sudbury, Ontario)","加拿大铜业公司科珀克利夫冶炼厂(1888年原始厂,萨德伯里首座冶炼厂)",Canadian Copper Company Copper Cliff Smelter (1888 original plant),"1888年原始厂设施已历经数代重建,不再以原貌存在;厂址现由Vale经营(现状见本普查『Copper Cliff Smelter Complex (Vale Sudbury Complex)』现行记录,与本记录非同一设施)","1886年Samuel J. Ritchie创立加拿大铜业公司(Canadian Copper Company) → 1888年建成科珀克利夫冶炼厂,是萨德伯里盆地首座镍铜冶炼厂,配备13座125吨容量赫雷肖夫(Herreshoff)焙烧/熔炼炉 → 1893年与奥福德铜业公司(Orford Copper Company)联合开发""上下层分离法""(Orford process)实现镍铜经济分离 → 1902年加拿大铜业公司与奥福德铜业公司、美国镍业公司(American Nickel Works)等合并组建国际镍公司(International Nickel Company, INCO) → 此后原始厂房设备历经INCO及2006年后Vale历代技术改造与重建(如1948-1963年运营的烧结厂等),延续至今成为Vale旗下现代化科珀克利夫冶炼厂",硫化矿熔炼-反射炉/鼓风炉(历史),硫化矿精矿,镍铜锍(matte);矿石平均品位铜4.5%、镍2.5%,,"1890年代拥有13座125吨容量赫雷肖夫炉(矿石处理容量,非精炼镍金属吨位);无法折算为年化含镍金属产能,列为研究缺口",1888,已拆除,1902,1902,"1902年加拿大铜业公司、奥福德铜业公司与美国镍业公司合并组建国际镍公司(INCO)后,原始19世纪厂房设备历经INCO及后续Vale历代技术改造与重建(如1948-1963年运营的烧结厂、历次现代化熔炼技术更新等),1888年原始设施本身已不复存在;本记录状态年份(1902)仅标志加拿大铜业公司作为独立企业实体及其原始技术阶段的终结,厂址物理生产活动并未真正中断,而是由后继者(INCO、Vale)在同一场地持续经营至今(现状请参见本普查现行『Copper Cliff Smelter Complex』记录)",,,,,,,,,萨德伯里盆地本地矿(加拿大铜业公司自有矿山，1890年代同时开采6座矿山),"本记录专门回应研究清单'加拿大铜业公司科珀克利夫冶炼厂(1888年,萨德伯里首座冶炼厂——请核实其与今日综合体是否为同一设施)'的核实要求。研究结论是:从法律实体与物理厂房两个角度看,1888年的原始设施与今日Vale运营的现代化科珀克利夫冶炼厂并非同一设施,但两者位于同一地点(Copper Cliff)且经营活动连续未中断——1888年由加拿大铜业公司建成的原始厂房(13座赫雷肖夫炉)在1902年三家公司合并组建INCO后,历经INCO及Vale(2006年收购INCO)近140年的持续技术改造、扩建与重建(包括著名的1948-1963年运行的烧结厂、多次现代化熔炼工艺更新等),原始19世纪设备与建筑早已不存,但选址与企业血脉一直延续至今。为避免与本普查现行『Copper Cliff Smelter Complex (Vale Sudbury Complex)』记录(描述现状在产设施)重复,本记录仅聚焦1886-1902年加拿大铜业公司独立经营阶段的历史事实,供报告撰写者理解萨德伯里冶炼工业的源头。",,,,Vale-CopperCliff-Sudbury,冶炼,,,,,,,,,,R2-历史补漏,https://en.wikipedia.org/wiki/Canadian_Copper_Company,"https://en.wikipedia.org/wiki/Canadian_Copper_Company
https://en.wikipedia.org/wiki/Copper_Cliff"
NI-095,GL095,北美,加拿大,Canada,"安大略省 萨德伯里 (Copper Cliff, Sudbury, Ontario)",铜崖冶炼厂综合体（萨德伯里）,Copper Cliff Smelter Complex (Vale Sudbury Complex),Vale Base Metals (Vale S.A. 控股；Manara Minerals 10%、沙特PIF 10%、Engine No.1 3% 于2023年入股Vale Base Metals母体),"1886-1902 加拿大铜业公司(Canadian Copper Co.)在Copper Cliff建炉，矿砂/锍另运往美国新泽西Bayonne由Orford Copper Co.提炼 → 1902 Orford与Canadian Copper合并成立国际镍公司(International Nickel Co.) → 1916 加拿大国际镍公司(International Nickel Co. of Canada, Inco)在Copper Cliff注册 → 1929 Mond Nickel并入Inco → 2006 Vale(原CVRD)以170亿美元收购Inco → 2023 Vale分拆成立Vale Base Metals(独立董事会)，Manara Minerals(沙特)等入股",硫化矿熔炼-闪速炉+转炉吹炼,硫化矿精矿,高冰镍(镍铜锍)、阳极铜、硫酸,,未在本次可查阅资料中找到经核实的当前镍冶炼产能(吨镍/年)数字；Vale官方Sudbury页面(2026)仅确认该综合体仍在运行，未列具体产能。据USGS Minerals Yearbook历年记载(1994-2021多个年份版本均有提及)，1994年版曾提及新建羰基法电极基材(镍泡沫)车间；2015/2017年版提及公司因SO2排放新规考虑逐步淘汰部分产能，但未给出具体吨位数字。Clean AER项目(2014-2018完工，耗资约10亿加元)将SO2排放削减约85%/每年减排约10万吨SO2；旧Superstack(1972年建，381米)已于2020年7月停用，2025年9月起开始拆除，预计拆除工程持续约5年，由两座新的、较矮的烟囱取代。,1888,在产,2026,2026,,59400,2025,39000,57600,50500,59400,25100,"Vale官方《生产与销售报告》Annex 1“Finished Production by Site”口径(镍金属finished production，按产出厂址统计)；该口径同时涵盖Sudbury Smelter/Refinery与Port Colborne(镍钴贵金属精炼)，故Copper Cliff Smelter Complex/Copper Cliff Nickel Refinery/Port Colborne三条记录共用同一数字。2022年数(39,000t)取自另一张“Finished Production by Source”表的Sudbury-sourced ore口径(按矿石来源，非按厂址)，与2023年后数字统计口径不完全可比，仅供趋势参考。",Vale自有Sudbury盆地矿山群(Coleman、Copper Cliff、Garson、Totten、Creighton等)；矿石经Clarabelle选矿厂(仅选矿，未单独收录)选出精矿供给本冶炼厂,Copper Cliff冶炼厂是萨德伯里地区历史最悠久、持续运行至今的镍铜冶炼场址，其前身可追溯至1886-1888年加拿大铜业公司(Canadian Copper Co.)建立的初期焙烧/熔炼作业；早期锍需运往美国新泽西Bayonne的Orford Copper Co.用'Tops and Bottoms'工艺分离镍铜(该工艺1893年获认可)，直至1902年两公司合并、1918年Port Colborne电解精炼厂建成后逐步转移到加拿大本土精炼。1916年Inco在Copper Cliff注册。历史上厂区曾有1928-29年和1936年建造的两座150米烟囱，因扩散能力不足造成严重环境损害(周边形成'月球地貌'式贫瘠地带)；1948-1963年运行的烧结厂(sintering plant)产生的镍硫化物和SO2排放对工人和社区健康构成风险。1970-1972年建成381米高的Superstack后成为标志性建筑；1990年代初再投资加装洗涤系统(1994年完工)。2006年Vale收购Inco。2014-2018年'Clean AER'(清洁大气排放削减)项目以两座新炉/新脱硫系统和两座较矮烟囱取代旧系统，实现深度减排；Superstack于2020年退役，2024-2025年启动拆除(先拆Copperstack，预计2025年完成，随后Superstack拆除工程约需5年)。截至2026年，冶炼厂仍在运行，为Vale全球镍网络提供高冰镍原料。,"淡水河谷（Vale Base Metals）2025年三季度报告指出，Copper Cliff冶炼厂表现拖累产量，而同期Long Harbour精炼厂创产量纪录；2026年一季度报告显示Sudbury矿区产量环比稳定在10,600吨，公司同时推进Thompson矿带（马尼托巴）的战略重组（已签署协议成立新财团，VBM保留18.9%股权，预计2026年底前完成交割）。未见Copper Cliff冶炼厂本身2025全年独立产量数据。 【R4-未能核实】多渠道核实：Vale官网及历年USGS Minerals Yearbook均未公布Copper Cliff冶炼厂的镍产能数字，仅有按厂址统计的成品镍产量(与NI-106/NI-100共用)。产能缺口予以确认为客观数据空白，非检索能力不足。",确认,,Vale-CopperCliff-Sudbury,冶炼,冶炼厂始建于1930年(前身可追溯至1886-88年)。2012-2018年实施'Clean AER'环保改造项目(总投资C$10亿/约US$7.92亿)：新建2座转炉(转炉总数未披露)、湿法烟气净化装置、二次除尘Baghouse及配套风机楼、重建转炉烟道系统，并以2座137米(450英尺)新烟囱取代1972年建成的380米Superstack(2020年停用，钢内衬已拆除，整体拆除工程预计耗时约5年)；配套Copperstack已于2025年前后拆除。公开资料未能确认现役闪速炉(奥托昆普型)的具体台数——目标线索称'2座闪速炉(一座因Clean AER关停？)'，本研究检索im-mining.com、northernontariobusiness、mining.com等多篇Clean AER报道及Vale官网均未给出闪速炉台数或是否有炉体关停/合并的确认信息，列为研究缺口。冶炼厂配套硫酸装置。,高冰镍(镍铜锍，Bessemer matte)供Copper Cliff Nickel Refinery(CCNR)及历史上Clydach(英国)精炼；阳极铜；硫酸(酸厂副产)。,原料由Clarabelle选矿厂(1971年投产，SAG/球磨-浮选工艺)处理Vale自有Sudbury矿山群精矿供给：5座地下矿(Totten 1883年、Creighton 1901年、Copper Cliff Mine 1904年、Garson 1908年、Coleman 1970年投产)及1座露天矿(Stobie，2024年恢复开采)。未查到本冶炼厂单独的年处理矿量或入炉品位数据。,安大略电网供电；厂区自设硫酸装置回收烟气SO2；具体自备电厂装机、燃料结构及单位能耗未见公开披露。,"Vale按'Sudbury镍业务单元'(含矿山+选矿+冶炼，非本厂单独口径)披露现金成本：2025年二季度US$10,511/吨镍(约合US$4.77/磅)，同比下降31% (来源：mining.com引述Vale季报, 2025Q2)。该数字为Sudbury整体口径，非Copper Cliff冶炼厂单独C1成本。",,"1886-1888年加拿大铜业公司(Canadian Copper Co.)在此建焙烧/熔炼场址→1902年与Orford合并、1916年Inco注册→1930年现址冶炼厂建成→1971年Clarabelle选矿厂投产→1972年380米Superstack建成投用→2012年启动Clean AER项目(总投资约C$10亿)：新建2座转炉、湿法烟气净化、二次Baghouse、重建转炉烟道→2018年9月Clean AER项目完工，SO2减排85%、金属颗粒物减排40%、冶炼环节温室气体减排约40%→2020年Superstack停用→2024年Stobie露天矿复产为选矿厂供矿→2025年前后Copperstack拆除，Superstack进入约5年的整体拆除周期(mining.com, 2025)。Sudbury整体(矿山+选矿+冶炼+精炼)2025年官网披露直接员工超4,000人、承包商超1,000人，但未按冶炼厂单独列示(2020年Vale Ontario工厂说明书披露全省直接员工4,420人)。",Vale Base Metals(Vale S.A.控股；2023年Manara Minerals 10%、沙特PIF 10%、Engine No.1 3%入股Vale Base Metals母体)。高冰镍供内部CCNR加工，历史上亦运往Clydach(英国，Vale已出售/关闭动态需另行核实)。,中,R1-区域普查,https://en.wikipedia.org/wiki/International_Nickel_Company,"https://en.wikipedia.org/wiki/International_Nickel_Company
https://en.wikipedia.org/wiki/Inco_Superstack
https://www.mining.com/vale-base-metals-begins-dismantling-structures-at-copper-cliff-smelter-complex-in-sudbury/
https://www.northernontariobusiness.com/regional-news/sudbury/vale-marks-completion-of-1-billion-clean-aer-project-in-sudbury-1048430
https://en.wikipedia.org/wiki/Copper_Cliff,_Ontario
https://en.wikipedia.org/wiki/Vale_Base_Metals
https://news.smm.cn/live/detail/103881691
https://news.smm.cn/live/detail/103760207
https://www.vale.com/4q23-sales-and-production-report%E2%80%8B
https://api.mziq.com/mzfilemanager/v2/d/53207d1c-63b4-48f1-96b7-19869fae19fe/950b8306-d6c0-497c-ce27-6aa7d0f08b49?origin=1
https://api.mziq.com/mzfilemanager/v2/d/53207d1c-63b4-48f1-96b7-19869fae19fe/4588c428-e2bc-d57a-9544-935f8716805c?origin=1
https://filemanager-cdn.mziq.com/published/53207d1c-63b4-48f1-96b7-19869fae19fe/c4dceca9-6ed8-408a-8065-b6f7e86810da_0127_relatorio_de_producao_i.pdf
https://www.vale.com/check-out-the-production-and-sales-results-for-4q25
https://api.mziq.com/mzfilemanager/v2/d/53207d1c-63b4-48f1-96b7-19869fae19fe/3504ebb3-c840-f0e9-aaff-0ff96c7b8222?origin=2
https://im-mining.com/2018/09/20/vale-canada-cut-sudbury-emissions-clean-aer-project/
https://valebasemetals.com/our-operations/sudbury-complex/
https://www.mining.com/canadas-sudbury-voiseys-bay-expansions-boost-vale-nickel-copper-output/
https://vale.com/documents/d/guest/web-on-factsheet"
NI-096,GL096,北美,加拿大,Canada,"安大略省 萨德伯里 维多利亚矿区(Victoria Mines,今属大萨德伯里市)",蒙德镍业公司维多利亚矿区冶炼厂,Mond Nickel Company Victoria Mines Smelter,已永久关闭并大部拆除(部分建筑迁至Coniston/Worthington);末代业主Mond Nickel Company,"1899年蒙德镍业公司前身自Rinaldo McConnell处购得维多利亚矿,1900年起开发 → 1900年蒙德镍业公司正式成立(Ludwig Mond创立) → 矿区1901年投产,配套冶炼厂/焙烧场投运 → 1909年由蒸汽动力改为电力(Wabageshik水电站建成) → 1913年因加尔森(Garson)矿产量超越维多利亚矿,冶炼厂关闭,产能迁至新建的科尼斯顿(Coniston)冶炼厂",硫化矿熔炼-反射炉/鼓风炉(历史),硫化矿精矿,镍铜锍(matte),,"1909年电气化后矿石处理能力由每年6万吨提升至14万吨(矿石实物吨,非精炼镍金属吨位);未见镍金属年化产能数据",1901,已拆除,1913,1913,"加尔森(Garson)矿产量超过维多利亚矿,冶炼厂选址距新主力矿区过远,蒙德镍业公司决定在科尼斯顿新建冶炼厂承接产能;维多利亚矿区厂大部分建筑物被拆除并迁至科尼斯顿或沃辛顿(Worthington)",,,,,,,,,"维多利亚矿、加尔森矿、沃辛顿矿(安大略省萨德伯里盆地,均为蒙德镍业公司自有矿山)","本记录填补研究清单'蒙德镍业公司维多利亚矿区冶炼厂(1901-1913)'的空白——该厂是萨德伯里盆地已在产的科尼斯顿冶炼厂(1913年建成,已收录于本普查现行『Coniston Smelter』记录)的直接前身与产能来源。据英文维基百科『Victoria Mines, Ontario』及『Mond Nickel Company』条目记载,该厂由蒙德镍业公司建设运营,厂区位于维多利亚矿以南约2英里处,同时接收维多利亚矿、加尔森矿、沃辛顿矿三处矿石;1909年由蒸汽动力升级为电力后处理能力显著提升,但因加尔森矿后来居上、原厂选址不再具优势,该厂于1913年关闭,产能与部分建筑物一并迁往新建的科尼斯顿厂,形成萨德伯里盆地镍冶炼史上一次典型的""产能迁移""案例。本记录的资料来源与本普查现行『Coniston Smelter』记录相互印证(后者ownership_history部分同样提及'1911年Mond Nickel Company开始在Coniston建厂'),两条记录共同完整呈现了蒙德镍业公司在萨德伯里盆地1901-1972年的冶炼厂沿革全貌。",,,,,,,,,,,,,,,R2-历史补漏,https://en.wikipedia.org/wiki/Mond_Nickel_Company,https://en.wikipedia.org/wiki/Mond_Nickel_Company
NI-097,GL097,北美,加拿大,Canada,安大略省 Deloro,德洛罗冶炼精炼公司（钴/银/砷为主，镍为伴生，存疑收录）,Deloro Smelting and Refining Company,已永久关闭；末代业主Deloro Smelting and Refining Company Limited；场址现由安大略省环境部管理(污染场地),1906年成立Deloro Mining and Reduction Company → 1915年更名为Deloro Smelting and Refining Company Limited(因开发出世界首个商业化司太立特Stellite合金) → 1956年司太立特业务迁往Belleville → 1961年3月工厂关闭 → 1979年安大略省环境部接管污染场地,其它(说明：主要处理钴-银-砷(镍)砷化物矿石，产品以司太立特合金、砷、银、钴为主，镍仅为矿石中伴生元素，是否构成独立'镍冶炼'环节存疑),不详,司太立特合金(Stellite)、砷、银、钴；镍仅作为副产/伴生元素混于废渣中(未见镍金属或镍化合物作为正式商业产品的确凿记录),,本研究未查得该厂镍产量或产能的任何数字；场址遗留污染物中检出钴、铜、镍等重金属及低放射性废物，表明矿石中确含镍，但镍是否曾作为独立产品产出未获证实，收录存疑，仅供进一步核实参考。,1906,已拆除,1961,1961,1956年主营的司太立特合金业务迁往Belleville后，Deloro厂区业务萎缩，1961年3月关闭。,,,,,,,,,安大略省Cobalt-Gowganda银钴砷化物矿带来源的矿石(通过1904年建成的铁路运入),Deloro Smelting and Refining Co.源于1906年成立的Deloro Mining and Reduction Company，因Dr. Haynes在此研发出世界首个商业化钴基硬质合金'司太立特(Stellite)'而在1915年更名。该厂主要处理安大略省Cobalt-Gowganda地区银-钴-镍砷化物矿石(此类矿床天然共生镍、钴、银、砷)，产出司太立特合金、精炼砷、银及钴产品；1956年司太立特生产线迁至Belleville后，德洛罗厂区于1961年3月关闭。厂区遗留约百年历史的有毒副产品与残渣，含钴、铜、镍及低放射性物质，主要环境关切集中在砷污染，1979年安大略省环境部接管场地，1998-1999年健康调查认为居住/饮水安全但矿区本身仍受污染。鉴于该厂产品记录以钴/银/砷/合金为主，未见镍作为独立商业产品的确凿证据，本记录按'存疑'收录，供后续研究进一步核实是否应计入镍冶炼厂普查范围。,,,,,,,,,,,,,,,R1-区域普查,"https://en.wikipedia.org/wiki/Deloro,_Ontario","https://en.wikipedia.org/wiki/Deloro,_Ontario"
NI-098,GL098,北美,加拿大,Canada,安大略省 萨德伯里 Coniston (今属大萨德伯里市),科尼斯顿冶炼厂,Coniston Smelter,已永久关闭并拆除；末代业主为Inco Limited,1911年Mond Nickel Company开始在Coniston建厂(约1913年建成投产) → 1929年Mond Nickel并入International Nickel Co.(Inco) → Inco运营至1972年关闭,硫化矿熔炼-反射炉/鼓风炉(历史),硫化矿精矿,镍铜锍(matte),,未查得具体产能数字；已知该厂设有1954年和1959年建造的烟囱(关闭时仍存)。,1913,已拆除,1976,1976,1972年1月28日Inco宣布因安大略省政府环保排放限制趋严、且老厂效率低于Copper Cliff新厂而关闭；1972年4月16日完成末班生产。厂区曾作为'备用'冶炼厂保留一段时间，1976年被拆除，部分建筑(更衣室、办公室、动力房、1954/1959年烟囱、仓库等)被保留改造为工业园区。,,1972,,,,,,,原Mond Nickel/Inco在Sudbury盆地的矿山(含Victoria Mine、Garson Mine、Frood Extension等),Coniston冶炼厂由Mond Nickel Company于1911年动工兴建(通常记载1913年投产)，处理其在萨德伯里盆地的镍铜矿石。1929年Mond Nickel通过换股并入International Nickel Co.(Inco)，Coniston厂由此转为Inco资产并持续运营超过40年。1972年因安大略省日趋严格的环保法规及相对Copper Cliff新厂效率较低，Inco宣布关闭该厂，同年4月完成最后生产班次。关闭后厂区一度作为备用设施保留，1976年正式拆除，部分建筑物改造为工业园区，原厂址所在的Coniston镇于1972年并入Nickel Centre镇，2001年并入大萨德伯里市。,,,,,,,,,,,,,,,R1-区域普查,https://sudburymuseums.ca/index.cfm?app=w_vmuseum&currID=2176&lang=en,"https://sudburymuseums.ca/index.cfm?app=w_vmuseum&currID=2176&lang=en
https://en.wikipedia.org/wiki/Mond_Nickel_Company
https://en.wikipedia.org/wiki/Inco_Superstack"
NI-099,GL099,北美,加拿大,Canada,"魁北克省 德申(Deschênes,今属加蒂诺市Gatineau,渥太华河对岸)",英美镍业公司魁北克德申海宾内特法精炼厂,"British America Nickel Corporation – Deschênes, Quebec Hybinette Refinery",已永久关闭并拆除;末代业主英美镍业公司(British America Nickel Corporation),"James Hamet Dunn一战期间取得海宾内特(Hybinette)电解精炼工艺的北美使用权,主导在魁北克德申(渥太华对岸)建设精炼厂,约1916年建成投产 → 处理镍尔顿冶炼厂(本报告同时收录)产出的镍铜锍 → 1923年加拿大总理麦肯齐·金(Mackenzie King)下令关闭该厂 → 1924年母公司英美镍业公司清盘解散 → 厂房废墟保留至1985年方被清除",电解精炼(硫化镍阳极),高冰镍(来自本公司镍尔顿冶炼厂),电解镍,,"未查得产能数据;据来源记载该厂投产后""迅速成为加拿大效率最高的精炼厂""",1916,已拆除,1923,1923,"1923年加拿大总理麦肯齐·金下令关闭该厂,具体政策/经济原因来源未详述(推测与一战后镍价下跌、公司经营困难及国防/产业政策调整有关);翌年母公司清盘,厂房废墟保留至1985年被清除",,,,,,,,,默里矿区(经镍尔顿冶炼厂锍供应),"本记录回应研究清单'英美镍业公司(British America Nickel Corporation)——镍尔顿冶炼厂(默里矿,1920年)与德申(魁北克)海宾内特精炼厂(1920-1924年)'的核实要求,系与上一条'镍尔顿冶炼厂'记录相配套的精炼环节。据英文维基百科『Deschênes, Quebec』及『James Hamet Dunn』条目记载,James Hamet Dunn在一战期间取得海宾内特电解精炼工艺(利用电解法从镍锍中提纯镍)的北美使用权,主导在渥太华对岸的德申建设精炼厂,时间线记载为约1916年建成投产(与研究清单提示的""1920年建成""略有出入,本记录采信具体史料记载的1916年,并在此说明差异);投产后""迅速成为加拿大效率最高的精炼厂""。1923年加拿大总理麦肯齐·金下令关闭该厂(具体原因史料未详述,原文用词为""因某种未知原因""),翌年(1924年7月)母公司英美镍业公司清盘解散,厂房废墟长期留存,直至1985年方被清除。该厂与研究清单中""1920-1924年""的表述相比,实际运营区间(1916-1923年)略有提前,建议报告撰写者以本记录标注的史料时间线为准,或在数据库中并列注明两种时间表述。",,,,BANCo-Nickelton-Deschenes,精炼,,,,,,,,,,R2-历史补漏,"https://en.wikipedia.org/wiki/Desch%C3%AAnes,_Quebec","https://en.wikipedia.org/wiki/Desch%C3%AAnes,_Quebec
https://en.wikipedia.org/wiki/James_Hamet_Dunn"
NI-100,GL100,北美,加拿大,Canada,安大略省 Port Colborne,科尔本港镍精炼厂,Port Colborne Nickel Refinery,Vale Canada Limited (Vale Base Metals)；据2018年前后报道仅余约170名员工的缩减规模运营,1918年International Nickel Co.建成 → 1922年起以电解法生产镍及铂族金属，取代新泽西Bayonne精炼厂 → 1929年后长期由Inco运营主力电解精炼 → 2006年Vale收购Inco → 后续由Vale Canada运营(规模持续缩减),电解精炼(硫化镍阳极)+氧化镍焙烧/烧结(历史)+PGM副产贱金属精炼(晚期),高冰镍,历史上：电解镍、铂族金属；现状(2024-2026，据Vale官网)：电积钴、贵金属及微量金属加工品、镍'成品'(finished nickel products，制造/包装/分销，非原生精炼),,"R4：Vale现役页面显示该厂现仅做电积钴、贵金属及镍成品包装/分销，不再一次精炼镍，含镍产能记为空(不适用)。| R4：Vale Base Metals官网(valebasemetals.com/our-operations/port-colborne/，2026年访问)明确将该厂现有职能描述为'生产电积钴、处理贵金属、以及制造/包装/分销成品镍产品('manufacturing, packaging, and distributing finished nickel products')'——即不再从事原生镍冶炼/精炼，故当前无独立的原生镍产能数字可披露；0为基于官方业务范围表述的合理推断，而非官方直接给出的数字。 | 未查得具体产能数字。员工规模：1950年代峰值超过2000-3000人；2018年降至约170人，反映产能大幅萎缩。",1918,减产或部分停产,1984,2026,多来源存在矛盾：一说'电解精炼于1984年停止'(Smith v. Inco判例文书称'in commission between 1918-1984')。本轮通过Vale官方现役业务页面(valebasemetals.com、vale.com)独立核实2024-2026年该厂当前业务范围，两份官网现均只描述该厂从事：电积钴(electro-cobalt)生产、贵金属及微量金属加工处理、以及镍'成品'的制造/包装/分销——均未提及任何形式的原生电解镍精炼或电积镍生产。这一现状描述与'电解镍精炼已于1984年停止'的判例记载相互印证，支持'该厂已从原生电解镍精炼转型为钴/贵金属精炼+镍产品加工分销'这一结论；但官网本身未直接给出转型的具体年份，故'1984年'仍为间接推断而非官网自证，两类信息未能完全调和，仍建议标注为'较大概率成立但未100%确证'。,,,,,0,0,,"【R4】基于Vale官网(2026年访问)对该厂当前业务范围的明确表述(电积钴+贵金属处理+成品镍包装分销，无原生镍生产)推断2024-2025年原生镍产量为0；Vale官方产销报告未单列该厂产量。 | Vale按厂披露的Sudbury成品镍产量(2024年50,500t、2025年59,400t)记于Copper Cliff冶炼厂/镍精炼厂记录；Port Colborne现主要为电积钴/贵金属/成品包装，不单独计镍产量。",接受萨德伯里Copper Cliff冶炼厂产出的高冰镍/粗镍为原料（历史上）,"该厂1918年因一战期间对镍加工过度依赖美国新泽西Bayonne炼厂而引发的国家安全争议后建成，1922年起利用尼亚加拉瀑布廉价水电投产电解镍及铂族金属生产，取代Bayonne(Orford)炼厂。1950年代雇员超2000人，是加拿大重要的镍精炼中心。该厂长期排放的氧化镍颗粒造成周边约7000户居民土壤污染，引发Smith v. Inco系列诉讼；2010年安大略高等法院一度判决Inco赔偿3600万加元，2012年安大略上诉法院/最高法院终审改判Inco胜诉。判例文书称精炼厂'1918-1984年间运营'，暗示电解精炼已于1984年停止；但另有产业旅游资料显示截至2018年该厂仍在生产镍、铜及计划中的电钴产品，员工约170人，说明可能仅保留了缩减规模的贵金属/钴或镍氧化物相关工序。2016年该厂启动环境行动计划应对历史污染。2026年最新运营状态本次研究未能获得直接确认。 【R3补充】补充：Vale集团官方现役业务页面(2024-2026访问)对该厂当前活动的表述为——'生产电积钴'('Produces electro-cobalt')、'加工贵金属及微量金属'、以及'制造、包装并分销成品镍产品'('Makes, packages and distributes finished nickel products')；官网强调该精炼厂'已运营超过一个世纪，始于1918年'，但未提及当前是否仍进行原生电解镍精炼。结合既有的Smith v. Inco判例文书('1918-1984年间运营'暗示电解精炼于1984年停止)，本轮研究认为该厂现阶段(2024-2026)的核心业务已是钴/贵金属精炼与镍产品加工分销，而非原生电解镍生产，但官网未直接自证'1984年'这一具体转型年份，仍存在推断成分。",未找到2025-2026年度相关更新。 【R3】补充确认(vale.com官网现行页面，未标注具体日期)：Port Colborne目前功能定位为电解钴生产、成品镍产品的制粒/包装/分销，以及贵金属与稀有金属加工，雇员约150人，占地140公顷——与R2记录的'约170名员工缩减规模运营'基本吻合，确认设施仍在运营但已非原有大规模精炼功能。未能获取2025-2026具体年份的产量数字或官网更新时间戳，故置信度仅小幅上调。 【R4】重新核实Vale Base Metals官网Port Colborne专页(2026年现行页面)，确认现有业务仅为电积钴生产、贵金属加工及成品镍产品包装分销，不含原生电解镍精炼，与既有历史推断(1984年后停止电解镍精炼)一致。据此推断2024-2025年原生镍产量为0，但Vale未直接发布'0'这一数字，故置信度为'可能'而非'确认'。,可能,R3修正closure_reason(原:多来源存在矛盾：一说'电解精炼于1984年停止'(Smith v. Inco判例…)；R3修正products(原:历史上：电解镍、铂族金属；晚期/近期：镍、铜及'最终钴'产品（据部分资料称仍处理…)；,,,历史上：电解精炼车间(硫化镍阳极电解槽)+氧化镍焙烧/烧结产线；现状(2024-2026)：无冶炼炉，仅保留电积钴车间(cobalt electrowinning)及贵金属/微量金属处理线；官网披露正在推进'氯气淘汰(chlorine elimination)'技改项目，截至公开报道时详细设计已完成约85%。,现状：电钴(electro-cobalt，阴极)；'成品镍'(finished nickel products——仅为镍产品的制造/包装/分销，非原生电解精炼)；贵金属及微量金属加工品。历史上(1922-1984年前后)：电解镍、铂族金属。,历史上接受Sudbury Copper Cliff冶炼厂高冰镍/粗镍为原料进行电解精炼；现状电钴车间的具体钴原料来源(是否为Sudbury或Long Harbour中间品)未见公开披露，列为缺口。,历史上因尼亚加拉瀑布廉价水电而选址于此(1918年立项、1922年投产即为利用该电力优势)；现状能源结构未见披露。,,200,1918年因一战期间镍加工过度依赖美国新泽西Bayonne(Orford)炼厂引发国家安全争议后立项建设→1922年利用尼亚加拉水电投产电解镍及铂族金属，替代Bayonne炼厂→1950年代雇员一度超2000人→据Smith v. Inco系列诉讼判决书表述，电解精炼作业为'1918-1984年运营'(暗示1984年前后停止电解镍生产)；但另有产业旅游资料称截至2018年该厂仍在产镍，两类信息存在冲突，未能厘清确切转型年份→2023年迎来建厂105周年，官网确认现状业务为电钴+贵金属+成品镍包装分销，并披露在建氯气淘汰技改项目(设计完成度约85%)。员工人数各口径不一：vale.com/port-colborne称约150人(140公顷厂区)；vale.com'Journey Together 2023→2024'社区报告称约160名直接员工；valebasemetals.com官网现称约200人——本档采用官网(valebasemetals.com)现值200人，其余口径列为冲突供参考。,Vale Canada Limited(Vale Base Metals)100%。,中低,R1-区域普查,https://en.wikipedia.org/wiki/Smith_v._Inco_Ltd.,"https://en.wikipedia.org/wiki/Smith_v._Inco_Ltd.
https://www.guidetags.com/friends-of-laura-secord/explore/3349-poi-page-niagara-industrial-tour
https://en.wikipedia.org/wiki/International_Nickel_Company
https://www.vale.com/port-colborne
https://news.smm.cn/live/detail/103760207
https://valebasemetals.com/our-operations/port-colborne/
https://vale.com/documents/d/guest/port-colborne-ontario
https://www.vale.com/4q23-sales-and-production-report%E2%80%8B
https://api.mziq.com/mzfilemanager/v2/d/53207d1c-63b4-48f1-96b7-19869fae19fe/950b8306-d6c0-497c-ce27-6aa7d0f08b49?origin=1
https://api.mziq.com/mzfilemanager/v2/d/53207d1c-63b4-48f1-96b7-19869fae19fe/4588c428-e2bc-d57a-9544-935f8716805c?origin=1
https://filemanager-cdn.mziq.com/published/53207d1c-63b4-48f1-96b7-19869fae19fe/c4dceca9-6ed8-408a-8065-b6f7e86810da_0127_relatorio_de_producao_i.pdf
https://www.vale.com/check-out-the-production-and-sales-results-for-4q25
https://api.mziq.com/mzfilemanager/v2/d/53207d1c-63b4-48f1-96b7-19869fae19fe/3504ebb3-c840-f0e9-aaff-0ff96c7b8222?origin=2"
NI-101,GL101,北美,加拿大,Canada,安大略省 萨德伯里 科珀克利夫附近(Nickelton/Murray矿区),英美镍业公司镍尔顿(Nickelton)冶炼厂(默里矿区),British America Nickel Corporation – Nickelton Smelter,"已永久关闭并拆除;末代业主英美镍业公司(British America Nickel Corporation, BANCo)","1907年Booth与O'Brien相关利益方组建前身企业,开发萨德伯里盆地Murray矿区 → 1913年英美镍业公司(BANCo)收购Dominion Nickel-Copper Company股份 → 一战期间James Hamet Dunn主导公司发展 → 1917年在科珀克利夫破土动工建设冶炼厂 → 1920年1月17日冶炼炉首次出锍投产 → 1924年7月因一战后镍价下跌及国际镍公司(INCO)、蒙德镍业公司的激烈竞争,公司清盘解散",硫化矿熔炼-反射炉/鼓风炉(历史),硫化矿精矿,"镍铜锍(matte),运往魁北克德申(Deschênes)工厂(本报告同时收录)精炼",,未查得产能数据,1920,已拆除,1924,1924,"一战结束后国际镍价大幅下跌,英美镍业公司难以与国际镍公司(INCO)、蒙德镍业公司竞争,1924年7月公司清盘解散",,,,,,,,,"默里矿区(Murray Mine),萨德伯里盆地,安大略省","本记录回应研究清单'英美镍业公司(British America Nickel Corporation)镍尔顿冶炼厂(默里矿,1920年)'的核实要求。据英文维基百科『British American Nickel Corporation』及『James Hamet Dunn』条目记载,该公司源于1907年Booth与O'Brien相关利益方在萨德伯里盆地的早期勘探项目,历经多次重组,1913年由英美镍业公司(BANCo)收购;一战期间企业家James Hamet Dunn主导公司扩张,1917年在科珀克利夫破土建设冶炼厂,1920年1月17日炉体首次出锍,标志正式投产。厂址地处默里矿区一带(研究清单称之为""Nickelton""),处理当地硫化矿,产出的镍铜锍运往公司在魁北克德申新建的海宾内特(Hybinette)法精炼厂(见本报告下一条记录)进行电解精炼,形成英美镍业公司完整的""萨德伯里熔炼-魁北克精炼""垂直一体化产业链。然而好景不长,一战结束后国际镍价大幅回落,该公司难以与实力雄厚的国际镍公司(INCO)及蒙德镍业公司竞争,最终于1924年7月清盘解散,厂房设施其后被拆除。",,,,BANCo-Nickelton-Deschenes,冶炼,,,,,,,,,,R2-历史补漏,https://en.wikipedia.org/wiki/James_Hamet_Dunn,https://en.wikipedia.org/wiki/James_Hamet_Dunn
NI-102,GL102,北美,加拿大,Canada,安大略省 Falconbridge (今属大萨德伯里市),萨德伯里冶炼厂（原Falconbridge，现Glencore萨德伯里一体化镍业务）,Sudbury Smelter (Falconbridge / Glencore Sudbury Integrated Nickel Operations),"Glencore plc (Sudbury Integrated Nickel Operations, 100%)",1928年Falconbridge Nickel Mines Ltd.成立(创办人Thayer Lindsley) → 1930年冶炼厂投产 → 2005年6月与Noranda合并(Noranda持股58.4%) → 2006年8月Xstrata完成收购(每股59加元) → 2013年5月2日Glencore与Xstrata完成合并，成为Glencore Sudbury Integrated Nickel Operations(Glencore INO),硫化矿熔炼-电炉,硫化矿精矿,高冰镍(镍铜钴PGM锍)，粒化后运往挪威精炼,,"据Glencore《2019 SSS年度报告》，冶炼厂锍最大年产能为135,000吨锍(matte)，非直接的'吨镍金属/年'数字；据USGS Minerals Yearbook(经项目参考表核实)，2009年实际产锍65,889吨、2012年实际产锍72,526吨(均运往挪威Nikkelverk精炼)；锍中镍品位通常约40-50%，折算含镍量需以官方成分数据为准，本研究未能取得精确折算系数，暂列capacity_t_ni_pa为空并标注待核实。USGS 2015/2017/2019/2021年版正文未再专门点名该厂，不代表停产，可能仅未被单独叙述。 | R4：Glencore《2019 SSS年度报告》确认Sudbury冶炼厂锍(matte)最大年产能为135,000吨/年；该锍全部外运至挪威Nikkelverk精炼厂精炼。Nikkelverk精炼厂本身设计产能为85,000吨镍/年(USGS Minerals Yearbook 1997年版，含Sudbury+Raglan两处矿源锍原料合计)。因未查得权威的Sudbury锍镍品位(%)换算系数，无法把135,000吨锍产能可靠折算为吨镍/年，故capacity_t_ni_pa仍列空并保留两项原始产能数字于此说明，避免臆测换算。",1930,在产,2026,2026,,39800,2025,46200,39100,42900,39800,19700,"INO口径(Sudbury+Raglan→Nikkelverk)：嘉能可官方《生产报告》“Production from own sources – Nickel assets”表中Integrated Nickel Operations (INO)(Sudbury, Raglan, Nikkelverk) Nickel metal自有原料产量(kt)，Nikkelverk单厂产量未单独披露。注意：本记录此前基线值(2024=82,300t / 2025=71,900t)实为嘉能可“Total Nickel department”(INO+Murrin Murrin+Koniambo)集团口径，而非INO口径，本轮已更正为INO专属数字(2024=42,900t / 2025=39,800t)。",Glencore萨德伯里矿山群(Nickel Rim South、Craig、Fraser、Onaping Depth等)以及Glencore魁北克Raglan矿(仅选矿，精矿外运至此)；亦接受第三方定制原料(custom feed),该冶炼厂由Falconbridge Nickel Mines Ltd.于1930年建成投产(1928年公司成立，1930年地下矿以日处理250吨规模投产，1932年选矿/烧结厂投产)。与Inco不同，Falconbridge自始至终未在萨德伯里本地建设电解精炼厂——其1929年即收购挪威克里斯蒂安桑(Kristiansand)的Nikkelraffineringsverk炼厂并获得Hybinette法专利，萨德伯里所产锍长期运往挪威精炼(即今Glencore Nikkelverk，位于挪威，不在本清单收录范围)。1970年代末该公司新建更高效冶炼厂并配套硫酸装置以推进环保整改。经历2005-2006年Noranda/Xstrata并购及2013年Glencore-Xstrata合并后，现称Glencore Sudbury Integrated Nickel Operations(简称Sudbury INO)，2023年Glencore投资开发Onaping Depth新矿区以延续原料供应。截至2026年该冶炼厂仍在正常运营。,"嘉能可Sudbury综合镍业务(INO) 2025全年产镍39,800吨（同比-7%，受2025年6月一次炉体故障影响），但四季度环比强劲反弹至12,300吨（+124%）。另，嘉能可位于Sudbury的新项目Onaping Depth（与本记录同属Sudbury矿区但为独立矿山开发项目）已于2026年8月27日产出首批矿石并完成竖井贯通（深约2,600米），自2019年累计投资约20亿加元，设计年处理矿石100万吨，全生命周期预计产镍28万吨/铜14.5万吨，目标2027年达产，将Sudbury盆地镍产延续至2040年后。 【R4】厂级产能：确认Sudbury冶炼厂锍产能135,000吨/年(2019 SSS年报)。plant_level_split：核实结论为'不存在可拆分的官方数据'——Glencore仅以INO(Sudbury+Raglan→Nikkelverk)合并口径披露镍金属产量(2024=42,900t、2025=39,800t)，Nikkelverk精炼厂(设计产能85,000吨镍/年，1997年USGS数据，同时处理Sudbury及魁北克Raglan两处矿源来的锍)历年年报均未单独披露来源矿区拆分或单厂产量；本轮通过Glencore Sudbury INO专页(404，链接已失效)、Nikkelverk官网(nikkelverk.no，仅确认'生产高品质精炼镍、铜、钴'，未披露具体产量/产能数字)及2019 SSS年报交叉核实，确认该拆分数据在公开资料中不存在，为真实空白而非本轮遗漏。",确认,,Glencore-Nikkelverk-Feed,冶炼,"1台电弧炉(AC电炉，现役炉体建于1978年，据CBC/Mining Magazine报道为'全球运行时间最长的电炉之一')+转炉(2019年SSS年报提及'hybrid converter vessels'及精炼炉，具体台数未披露)。2011-2014年曾中试DC电弧炉技术但未采用为主力炉型。Glencore已于2022-2023年宣布投资逾C$1亿(约US$4,220万)新建替换炉，目标2026年前投产，宣称建成后将成为'加拿大最大镍冶炼厂'。","高品位镍铜钴PGM锍(nickel-copper-cobalt-PGM matte)。设计最大年产能135,000吨锍(2019年SSS向安大略环境厅提交的年报)；2024年实际产量62,251吨镍(锍中)+13,720吨铜(锍中)。",原料为Strathcona选矿厂精矿(处理Glencore Sudbury矿山群——Nickel Rim South矿、Fraser矿[2024-2025年转入维护保养状态]、在建的Craig矿/Onaping Depth项目)及魁北克Raglan矿精矿，另接受第三方定制原料(custom feed)。,电弧炉依赖安大略电网供电；具体装机MW未见披露。Onaping Depth新矿项目采用全电动采矿设备(all-electric fleet)，通风需求降低40%、制冷降低33%、总体用电降低41%(与冶炼厂本身能耗无直接关系，仅供参考)。,,2400,"1928年Falconbridge Nickel Mines成立→1930年地下矿(250吨/日)及冶炼厂投产→1932年选矿/烧结厂投产→1929年即收购挪威Kristiansand炼厂(今Glencore Nikkelverk)并获Hybinette专利，Sudbury锍自建厂起从未在本地精炼，全部海运挪威→1970年代末新建更高效冶炼厂配套酸厂环保改造→2006年Xstrata收购Falconbridge→2013年前后Glencore-Xstrata合并，资产并入Glencore→2011-2014年DC电弧炉中试→2022-2023年宣布逾C$1亿新炉投资计划，替换1978年老炉，目标2026年前投产→2024-2025年Fraser矿转入维护保养、Craig矿Onaping Depth项目(全电动采矿)推进开发，目标2027年后投产接续矿量。2022/2023年披露Sudbury INO整体(矿山+选矿+冶炼厂)直接员工及承包商合计2,400人，2023年新增员工109人(该数字为INO整体口径，非冶炼厂单独人数)。",Glencore plc 100%(Sudbury Integrated Nickel Operations)。锍经魁北克城港口海运至Glencore自有的Nikkelverk精炼厂(挪威)，为集团内部全资供料关系，非第三方包销。,中,R1-区域普查,https://en.wikipedia.org/wiki/Falconbridge_Nickel_Mines,"https://en.wikipedia.org/wiki/Falconbridge_Nickel_Mines
https://www.glencore.ca/.rest/api/v1/documents/c22fcf66261788fc4cb61cea10cb5a82/2019+SSS+Annual+Report.pdf
https://amp.cbc.ca/news/canada/sudbury/glencore-onaping-depth-sudbury-1.6699855
https://www.glencore.ca/en/who-we-are/our-history
https://news.smm.cn/live/detail/103760192
https://news.smm.cn/live/detail/104086742
https://www.glencore.com/.rest/api/v1/documents/339ef1dcf7760cd324177d077d342bb6/GLEN_2022-FY_ProductionReport.pdf
https://www.glencore.com/.rest/api/v1/documents/static/f2f3f568-9437-4c55-bcb6-49d2fc96d305/GLEN_2023-FY_ProductionReport.pdf
https://www.glencore.com/.rest/api/v1/documents/static/437c6cdb-dbfb-4e61-a769-18655951cee2/Glencore+production+report_FY2024.pdf
https://www.glencore.com/.rest/api/v1/documents/static/a8114247-02e8-4bd8-bc04-81f411ba631c/GLEN_2025-FY-Production-Report.pdf
https://www.glencore.com/.rest/api/v1/documents/static/e44bf57f-8768-4b27-8a33-39087d02d00a/GLEN_2026-H1ProductionReport.pdf
https://www.glencore.ca/en/sudburyino/who-we-are/at-a-glance
https://www.glencore.ca/en/sudburyino/what-we-do/smelting-and-recycling
https://www.glencore.ca/.rest/api/v1/documents/468328ed794e5c511e54a03aeb6f5222/Glencore+Sudbury+INO+-+SPRING+2024+-+OUR+REPORT+TO+THE+COMMUNITY+-+WEB.pdf
https://www.miningmagazine.com/natural-resources/news/1442805/glencore-to-install-new-furnace-at-sudbury-operations
https://www.cbc.ca/news/canada/sudbury/glencore-furnace-sudbury-1.6638318"
NI-103,GL103,北美,加拿大,Canada,阿尔伯塔省 Fort Saskatchewan,谢里特堡萨斯喀彻温精炼厂,Sherritt Fort Saskatchewan Metals Processing Plant,Sherritt International Corporation (通过Moa联合企业50%权益供料；2026年公司控制权发生变化，据报道向前特朗普政府顾问Ray Washburne相关方出售多数股权/或Gillon Capital持有认股权证行权后可获55%股权，具体交易结构本研究未完全厘清),1954年由Sherritt Gordon Mines建成投产，最初处理马尼托巴Lynn Lake矿(1953年投产)精矿 → 1976年Lynn Lake矿枯竭关闭后转型 → 1991年起改用古巴Moa湾联合企业(与古巴国营General Nickel Company合资)的混合硫化物为原料，2000年代初古巴原料占比达95% → 2019年2月产出第三个十亿磅精炼镍里程碑 → 2026年5月因美国扩大对古巴制裁，Sherritt暂停在Moa联合企业的直接参与并撤出古巴运营 → 2026年6月22日因混合硫化物库存耗尽，Fort Saskatchewan炼厂镍钴精炼全面停产,Caron氨浸+氢还原(Sherritt),MSP,电解镍/镍粉、钴产品；同时副产硫酸铵等化肥产品及硫酸(供外销),38200,"公司2026年披露铭牌38,200吨镍/年；官方公布年产能约35,000吨镍、约3,800吨钴(均为Moa合资100%基础口径，Sherritt持股50%)。历史产能变迁：1954年投产当年即达设计产能90%，1955年达满产；1965年通过技改产量提升85%至年产3100万磅镍(约14,000吨)。据USGS Minerals Yearbook(经项目参考表核实)：1994年版设计产能25,000吨/年；1997年实际产量25,600吨(为当时43年历史新高)；2000年28,070吨；2006年30,212吨；此后经进一步扩建达到近年约35,000吨的规模(据Wikipedia)。2009/2012/2015/2017/2019/2021年版USGS正文未再专门点名该厂，不代表停产。",1954,停产(可复产),2026,2026,根本原因是原料链断裂：2026年2月古巴Moa因燃料短缺已暂停部分采选活动；2026年5月7日美国行政令扩大对古巴制裁后，Sherritt宣布暂停在Moa和Energas合资企业的直接参与；随着库存混合硫化物于2026年6月中旬耗尽，Fort Saskatchewan炼厂于2026年6月22日停止镍钴精炼生产。公司表示将保留人员和设施'安全稳定状态'，待Moa采选恢复、原料管道重建后择机复产，但未给出具体复产时间表。停产期间厂区继续利用现有装置对外销售化肥和硫酸维持部分现金流。,1319,2026,32268,28672,30332,25240,6408,"Sherritt-Moa联合企业(Moa JV，Sherritt 50%+古巴国有通用镍业公司50%)成品镍产量，100%基础(company-wide, not attributable share)。该数字为古巴Moa矿产出的混合硫化镍钴中间品(MSP)运至加拿大Fort Saskatchewan精炼厂加工后的成品镍(finished nickel)产量，按任务要求同时归入Moa矿(NI-123，代表其MSP原料贡献)与Fort Saskatchewan精炼厂(NI-103，代表实际成品产出厂址)两条记录。2025年数(25,240t)与既有基线(26,000t)存在约3%的小幅差异，本轮采用公司2025年度业绩公告的官方数字25,240t。2026年6月22日起因古巴国内燃料短缺导致原料库存耗尽，Fort Saskatchewan精炼厂已全面停产(金属精炼业务暂停，化肥/硫酸业务继续)，2026H1产量6,408吨已反映此冲击。",1954-1976年：马尼托巴Lynn Lake镍矿(Sherritt Gordon Mines自有，仅选矿产精矿，未单独收录为冶炼厂)；1991年至2026年5月：古巴Moa湾联合企业(与古巴国营Cubaniquel/General Nickel合资，红土矿常压酸浸产出混合硫化物MSP)——古巴境内设施由另一研究员负责，此处仅作原料链接标注,该厂由Sherritt Gordon Mines于1952年5月动工、1954年建成投产，是全球首批采用加压氨浸-氢还原工艺(即'Sherritt法')从硫化矿精矿中直接提炼高纯镍、铜、钴的工业化项目，1954年7月21日产出首批合格镍金属。初期原料来自马尼托巴Lynn Lake矿(1953年11月开始出矿)，1976年该矿枯竭关闭后，工厂一度面临原料短缺，1991年起转为处理古巴Moa湾联合企业生产的红土矿混合硫化物(MSP)，至2000年代初古巴原料已占精炼原料的95%以上，Fort Saskatchewan因而成为加拿大'唯一的钴精炼厂'及主要镍精炼基地之一，2019年2月达成'历史累计精炼镍三十亿磅'里程碑。然而这一原料结构也使该厂高度依赖古巴地缘政治与美国对古贸易制裁走向：2026年2月Moa因古巴国内燃料危机暂停部分生产，5月美国进一步收紧对古巴制裁后Sherritt主动暂停直接参与Moa/Energas合资运营，6月22日因原料库存耗尽炼厂全面停产镍钴精炼(化肥/硫酸副业维持运转)。截至本研究完成时(2026年9月)，复产时间表未定，凸显'北美本土精炼产能'若原料仍依赖受制裁地区，并不等同于真正的供应链自主。,独立信源交叉印证协调员已确认的结论：因美国2026年5月起对古巴实施的扩大制裁直接针对Moa Nickel S.A.合资企业，Sherritt暂停在古巴的直接运营，导致Moa矿山停产，进而使Fort Saskatchewan精炼厂原料耗尽并于2026年6月停产。2026年5月19-20日Sherritt搁置了此前拟通过阿尔伯塔法院正式解散/放弃古巴JV的计划，转而评估“保值方案”；2026年8月，一家嘉能可支持的财团与特朗普关联的美国家族办公室Gillon Capital竞购Sherritt控制权（至少55%股份），计划注资重启精炼厂并建立符合美国制裁要求的供应链；截至报告时美国政府未反对谈判但也未批准最终交易。 受美国扩大对古巴制裁影响，Sherritt暂停直接参与古巴Moa镍钴合资项目，导致原料输送中断；Fort Saskatchewan精炼厂原料库存于2026年6月中旬耗尽后正式进入停产状态，且无明确复产时间表(取决于Moa采矿/加工活动恢复及原料管道重建)。公司2026年上半年财报显示：合并收入2.387亿加元(同比-9%)，权益口径成品钴产量348吨(同比-51%)、销量370吨(同比-56%)。公司同时陷入控制权与债务危机：2025年5月Sherritt与美国家族办公室Gillon Capital(由特朗普前顾问Ray Washburne掌控)达成定向增发方案，拟使其获得约55%控股权，此举遭第一大股东Kyma Capital及其他债权人质疑，Kyma拟召开股东大会罢免董事长及一名董事。2026年6月26日，嘉能可牵头的竞争性财团(含未具名美国投资方、Trifon Natsis、Kyma Capital及嘉能可)向董事会提交非约束性纾困方案，拟注资取得完全稀释后至少55%股权(老股东可按0.12加元/股认购新股)，计划重启精炼厂并建立符合美国制裁要求的供应渠道。截至2026年8月，美国政府未反对双方谈判但尚未批准任何最终交易；公司此前曾警示若债权人触发违约将面临现金流断裂、持续经营存疑的风险。,确认,,Sherritt-Moa-FortSask,精炼,Sherritt法(氨压力浸出+氢还原)：加压浸出釜(autoclave)用于MSP溶解，另设独立的高压氢还原釜(间歇式操作)分别沉淀钴、镍金属粉末。公开资料(公司2017年技术手册)确认存在压力浸出釜与还原釜两类设备，但未披露具体台数/规格，列为缺口。,电解镍/镍粉(briquette/powder)、钴产品(briquette/powder)；副产硫酸铵化肥、硫酸。,"1954-1976年：马尼托巴Lynn Lake矿(Sherritt Gordon自有)精矿；1991年至2026年：古巴Moa联合企业(Sherritt与古巴General Nickel Company S.A.各50%)混合硫化物(MSP)，2000年代初起占精炼原料95%以上。2026年2月Moa因燃料短缺被迫暂停采矿，5月美国扩大对古巴制裁促使Sherritt暂停直接参与Moa JV运营，MSP库存预计仅能维持到2026年年中，其后本厂镍钴精炼业务暂停(化肥、硫酸产线继续运行)。名义合计产能约38,200吨/年(镍+钴，100%权益基础)。",未见公开披露具体能源结构(如天然气制氢用量、自备电厂等)，列为缺口。,NDCC(Net Direct Cash Cost，公司自定义现金成本口径，每磅镍)：2024年实际US$5.94/磅；2025年实际US$5.96/磅(落在原定US$5.75-6.25/磅指引区间内)；2026年指引US$5.75-6.25/磅(来源：Sherritt 2025年年报及2025Q4/全年业绩公告)。,,1952年5月Sherritt Gordon Mines动工建设→1954年建成投产，为全球首个工业化氨压浸出-氢还原镍钴精炼项目，1954年7月21日产出首批合格镍→1954-1976年由马尼托巴Lynn Lake矿供矿→1976年Lynn Lake矿枯竭关闭，原料一度短缺→1991年起转为古巴Moa联合企业MSP原料→2000年代初古巴原料占比超95%，成为加拿大唯一钴精炼厂→2024年执行10%加拿大员工裁员，高管团队由2024年初7人精简至4人→2025年Moa JV二期扩建进入调试/爬坡阶段→2026年2月Moa因燃料短缺暂停采矿→2026年5月美国扩大对古巴制裁，Sherritt暂停直接参与Moa JV→2026年年中(约6月)MSP库存耗尽，Fort Saskatchewan镍钴精炼暂停，无复产时间表(化肥/硫酸产线维持运行)。2026年公司控制权据报道发生变化(相关方或获约55%股权)，具体交易结构本研究未能完全厘清。,Moa JV：Sherritt International与古巴General Nickel Company S.A.(Cubaniquel下属)各50%，权益法核算；Energas(古巴发电合资)Sherritt持股33⅓%；金属通过Sherritt自有'Metals Marketing'部门销售。2026年公司层面控制权变动细节未完全核实。,中,R1-区域普查,https://www.mining.com/us-sanctions-shut-canadas-only-cobalt-refinery/,"https://www.mining.com/us-sanctions-shut-canadas-only-cobalt-refinery/
https://www.metalnomist.com/2026/09/sherritt-refinery-shutdown-exposes.html
https://www.cbc.ca/news/canada/edmonton/sherritt-fort-sask-refinery-9.7250254
https://sherritt.com/sherritt-reports-second-quarter-2026-results/
https://magazine.cim.org/en/mining-the-archives/pressure-point-en/
https://magazine.cim.org/en/mining-the-archives/a-magnet-for-exploration-en/
https://en.wikipedia.org/wiki/Sherritt_International
https://news.smm.cn/live/detail/103967969
https://news.smm.cn/live/detail/104054057
https://news.smm.cn/live/detail/103772134
https://news.smm.cn/live/detail/103891670
https://news.smm.cn/news/103910713
https://news.smm.cn/live/detail/104052177
https://news.smm.cn/live/detail/104096145
https://news.smm.cn/live/detail/103467004
https://sherritt.com/wp-content/uploads/2025/04/2023-01-23-Sherritt-2022-production-results-2023-Guidance-FINAL.pdf
https://sherritt.com/wp-content/uploads/2024/12/2023-sherritt-_-annual-report.pdf
https://sherritt.com/wp-content/uploads/2025/04/Sherritt-Intl_ANNUAL-REPORT-FINAL.pdf
https://finance.yahoo.com/news/sherritt-reports-2025-production-results-120000430.html
https://sherritt.com/operations/metals/
https://sherritt.com/sherritt-reports-fourth-quarter-and-full-year-2025-results-provides-2026-guidance/
https://sherritt.com/wp-content/uploads/2026/03/2025-Annual-Report-FINAL.pdf
https://s2.q4cdn.com/343762060/files/doc_downloads/How_Sherritt_Refines_Metals_2017.pdf"
NI-104,GL104,北美,加拿大,Canada,"马尼托巴省 汤普森 (Thompson, Manitoba)",汤普森精炼厂,Thompson Refinery,已永久关闭；末代业主Vale Limited,1961年随冶炼厂同期由Inco建成投产 → 2006年随Inco被Vale收购 → 2018年与冶炼厂同步关闭,电解精炼(硫化镍阳极),高冰镍,电解镍(历史),,未查得独立于冶炼厂的精炼产能数字，通常与冶炼厂作为一体化设施统计。,1961,永久关闭,2018,2018,与同址冶炼厂同步于2018年关闭，原因相同(设施老旧、环保改造成本高、集团加工网络整合至萨德伯里/Long Harbour)。,,2017,,,,,,,接受同址Thompson冶炼厂产出的高冰镍为原料,与Thompson冶炼厂同期(1961年)投产、同步于2018年关闭，构成同一园区内'矿山-冶炼-精炼'一体化体系的电解精炼环节。关闭后汤普森原精矿改为外运精炼，本地仅保留采选功能。,,,,Vale-Thompson,精炼,,,,,,,,,,R1-区域普查,https://www.cbc.ca/news/canada/manitoba/vale-to-shut-manitoba-nickel-smelting-refining-in-2018-1.3327579,"https://www.cbc.ca/news/canada/manitoba/vale-to-shut-manitoba-nickel-smelting-refining-in-2018-1.3327579
https://www.gov.mb.ca/sd/eal/registries/557.1/notice_of_alteration_smelter_refinery_closure_final.pdf"
NI-105,GL105,北美,加拿大,Canada,"马尼托巴省 汤普森 (Thompson, Manitoba)",汤普森冶炼厂,Thompson Smelter,已永久关闭；末代业主Vale Limited,1961年由International Nickel Co.(Inco)建成投产 → 2006年随Inco被Vale收购 → 2018年Vale关闭冶炼与精炼环节,其它(硫化矿熔炼，闪速炉或电炉，具体炉型本研究未确证)+转炉吹炼,硫化矿精矿,高冰镍(历史),,"汤普森矿+冶炼+精炼一体化运营巅峰(1970-1971年)镍产量超60,000吨/年(为当时仅次于萨德伯里的全球第二大镍产地)；到2017年(即关闭前一年)降至约23,000吨/年——该数字为矿山精矿产量口径，是否等同冶炼厂处理量存在不确定性，列为缺口。",1961,永久关闭,2018,2018,Vale于2015年宣布计划关闭汤普森冶炼和精炼环节(仅保留采选)；据USGS Minerals Yearbook记载，因加拿大新颁布的SO2排放法规，Vale已于2017年关闭厂内第一台熔炼炉，并计划于2018年下半年关闭剩余熔炼/精炼产能，2018年正式全面停产；官方及媒体报道原因主要为该冶炼/精炼设施老旧、环保合规(SO2新规)成本过高、以及Vale集团调整加工网络(改为将精矿外运至萨德伯里和纽芬兰Long Harbour加工)。,23000,2017,,,,,,,Vale自有汤普森矿区(地下矿)；矿山本身2018年后继续运营采选，精矿外运,1956年在马尼托巴北部发现汤普森镍矿床后，Inco投资约1.75亿美元建设一体化矿山-冶炼-精炼-城镇-铁路项目，1961年3月25日正式投产，一度成为仅次于萨德伯里的全球第二大产镍地，1970-1971年产量峰值超6万吨/年。2006年Vale收购Inco后延续运营。2015年Vale宣布关闭冶炼与精炼业务的计划(仅保留矿山与选矿)，因老旧设施环保改造成本过高、且集团决定将汤普森精矿转运至萨德伯里和2014年投产的纽芬兰Long Harbour水冶厂集中加工。2018年冶炼厂和精炼厂正式关闭并进行环境评估备案（Manitoba Sustainable Development备案文件记录了拆除/改造相关的Notice of Alteration）。此后汤普森继续作为矿山+选矿基地运营，精矿通过铁路/海运送往萨德伯里及Long Harbour。,,,,Vale-Thompson,冶炼,,,,,,,,,,R1-区域普查,https://www.cbc.ca/news/canada/manitoba/vale-to-shut-manitoba-nickel-smelting-refining-in-2018-1.3327579,"https://www.cbc.ca/news/canada/manitoba/vale-to-shut-manitoba-nickel-smelting-refining-in-2018-1.3327579
https://www.gov.mb.ca/sd/eal/registries/557.1/notice_of_alteration_smelter_refinery_closure_final.pdf
https://en.wikipedia.org/wiki/Thompson,_Manitoba
https://www.canadianminingjournal.com/news/nickel-potash-vale-to-close-thompson-smelter-stalls-kronau-project/"
NI-106,GL106,北美,加拿大,Canada,安大略省 萨德伯里 Copper Cliff,铜崖镍精炼厂（羰基法）,Copper Cliff Nickel Refinery (CCNR),Vale Base Metals,1973年由Inco建成投产 → 2006年随Inco被Vale收购 → 2023年划入Vale Base Metals,羰基法,高冰镍,镍粉/镍粒(carbonyl nickel pellets & powder)、含贵金属和钴的羰基化残渣(供下游回收),,未查得权威、经核实的当前镍精炼产能吨位数字；据OneMine摘要，该厂采用Inco加压羰基法(IPC工艺)，以顶吹旋转转炉(TBRC)配套处理Bessemer锍，羰基化残渣是回收贵金属和钴的重要中间产品。,1973,在产,2026,2026,,59400,2025,39000,57600,50500,59400,25100,"Vale官方《生产与销售报告》Annex 1“Finished Production by Site”口径(镍金属finished production，按产出厂址统计)；该口径同时涵盖Sudbury Smelter/Refinery与Port Colborne(镍钴贵金属精炼)，故Copper Cliff Smelter Complex/Copper Cliff Nickel Refinery/Port Colborne三条记录共用同一数字。2022年数(39,000t)取自另一张“Finished Production by Source”表的Sudbury-sourced ore口径(按矿石来源，非按厂址)，与2023年后数字统计口径不完全可比，仅供趋势参考。",接受Copper Cliff Smelter Complex产出的高冰镍/Bessemer锍为原料,"该精炼厂1973年投产，是Inco/Vale在萨德伯里的主要镍精炼设施，采用其专有的加压羰基法(Inco Pressure Carbonyl, IPC)从锍/粗镍中提取高纯度镍，产出镍粉、镍粒等产品，同时富集钴和铂族金属的残渣送往下游回收。该工艺与Port Colborne历史上的电解精炼路线不同。截至本次研究，未找到该厂已关闭或大幅缩减的公开报道，Vale官网仍将其列为Sudbury Complex运营设施之一，但2025-2026年度的具体产量/开工率数据未能在可查阅资料中确认，列为研究缺口。",与Copper Cliff冶炼厂同属Vale Sudbury综合体，2025-2026年度未见独立产量披露；总体产销数据参见Copper Cliff冶炼厂记录。 【R4-未能核实】与NI-095情况相同：多方检索(Vale官网各子页面、USGS历年年鉴、OneMine工艺文献)均未找到CCNR独立的镍精炼产能数字，仅确认其采用Inco加压羰基法(IPC)工艺，产品为镍粉/镍粒及回收贵金属钴的羰基化残渣。,确认,,Vale-CopperCliff-Sudbury,精炼,"Inco加压羰基法(Inco Pressure Carbonyl, IPC)：Mond型羰基反应器提取高纯镍(具体反应器台数/规模未见公开披露，列为缺口)。",高纯羰基镍粒/镍粉(carbonyl nickel pellets & powder)；含贵金属和钴的羰基化残渣供下游回收；1994年起在本厂开始商业化开发'Incofoam'(镍泡沫特种产品)。,接受Copper Cliff Smelter Complex产出的Bessemer锍/粗镍氧化物为原料；具体入炉品位及年处理量未见披露，列为缺口。,据行业文献(Clydach carbonyl工艺对比)，羰基法相对于电解法'能耗较低'，但未见CCNR本身的具体能耗/装机数据。,,,1973年投产，为Inco/Vale在Sudbury的主要镍精炼设施→1994年开始商业化开发Incofoam镍泡沫产品→截至2025-2026年度，Vale官网仍将其列为Sudbury Complex运营设施之一，但未查到近年产量/开工率的独立确认数据。,Vale Base Metals 100%。,低,R1-区域普查,https://www.onemine.org/documents/inco-apos-s-copper-cliff-nickel-refinery,"https://www.onemine.org/documents/inco-apos-s-copper-cliff-nickel-refinery
https://www.sciencedirect.com/topics/engineering/nickel-refining
https://valebasemetals.com/map-our-operations/sudbury/
https://news.smm.cn/live/detail/103881691
https://valebasemetals.com/our-operations/copper-cliff/
https://valebasemetals.com/our-operations/sudbury-complex/
https://www.canadianminingjournal.com/featured-article/operations-special-products/
https://coppermark.org/wp-content/uploads/2023/04/CopperMark_SummaryReport_CopperCliff_revAPR2023.pdf
https://news.smm.cn/live/detail/103760207
https://www.vale.com/4q23-sales-and-production-report%E2%80%8B
https://api.mziq.com/mzfilemanager/v2/d/53207d1c-63b4-48f1-96b7-19869fae19fe/950b8306-d6c0-497c-ce27-6aa7d0f08b49?origin=1
https://api.mziq.com/mzfilemanager/v2/d/53207d1c-63b4-48f1-96b7-19869fae19fe/4588c428-e2bc-d57a-9544-935f8716805c?origin=1
https://filemanager-cdn.mziq.com/published/53207d1c-63b4-48f1-96b7-19869fae19fe/c4dceca9-6ed8-408a-8065-b6f7e86810da_0127_relatorio_de_producao_i.pdf
https://www.vale.com/check-out-the-production-and-sales-results-for-4q25
https://api.mziq.com/mzfilemanager/v2/d/53207d1c-63b4-48f1-96b7-19869fae19fe/3504ebb3-c840-f0e9-aaff-0ff96c7b8222?origin=2"
NI-107,GL107,北美,加拿大,Canada,纽芬兰与拉布拉多省 Long Harbour,朗哈伯（长港）湿法冶炼厂,Long Harbour Processing Plant,Vale Base Metals (Vale Newfoundland and Labrador Limited),2008年11月纽芬兰与拉布拉多省政府与Vale达成协议，要求Voisey's Bay矿石在省内加工 → 2009年动工建设(耗资约28亿加元) → 2014年投产 → 2023年起随Vale Base Metals重组划入该实体,氯化浸出-电积,硫化矿精矿,电解镍(Plating Rounds™、高纯镍熔铸圆片)、电解铜阴极、电解钴圆片,50000,"官方铭牌产能为50,000吨精炼镍/年(名义设计产能)；本研究未取得2024-2025年度实际产量数据。工艺路线存在表述差异：Wikipedia等资料描述为'酸性介质加压浸出'，而USGS Minerals Yearbook(经项目参考表核实)将其描述为'湿法冶炼(氯化物冶金工艺)'，两者未能调和，此处采用USGS表述作为process_route枚举取值，两种表述均在此注明供核实。据USGS 2009/2012年版记载，该项目2009年4月开工建设，2012年版称计划2013年投产(实际2014年投产)。",2014,在产,2026,2026,,40300,2025,24400,27700,30500,40300,23400,"Vale官方《生产与销售报告》Annex 1“Voisey's Bay & Long Harbour”合并口径(Voisey's Bay矿产出的精矿在Long Harbour精炼厂加工为成品镍，Vale未单独拆分精炼厂自身产量)。2022年数(24,400t)取自“Finished Production by Source”表Voisey's Bay-sourced ore口径，与2023年后按厂址口径不完全可比，仅供趋势参考。",拉布拉多Voisey's Bay镍-铜-钴矿(Vale所有，1996年以43亿加元从Diamond Fields Resources收购)；矿石先在当地选矿后精矿海运至Long Harbour；早期(投产初期至2016年前后)曾以印尼镍矿石作补充原料，2016年起目标实现100%由Voisey's Bay供矿,纽芬兰与拉布拉多省政府长期要求境内镍矿加工留在本省，2008年促成Vale同意投资建设该水冶厂；工程于2009年4月动工，历时约5年、耗资约22-28亿加元，2014年7月正式投产(11月官方通车/首船发运)。该厂采用加压浸出(酸性介质)工艺将Voisey's Bay精矿中的铁、硫等杂质与镍铜钴分离，是Vale在北美的旗舰湿法冶炼项目，主打'低碳镍'定位。2015年Voisey's Bay转入地下开采(2020年前后投产地下矿)，进一步延长原料供应年限。截至2026年该厂仍正常运营，约有员工900人(含直接与间接)。,"淡水河谷2026年一季度（自然年）业绩显示，由Voisey's Bay精矿供料的Long Harbour精炼厂当季产镍10,500吨，创历史单季新高（巴西Onça Puma同期产量8,900吨同样创纪录）。全年数据未披露。",确认,,,,"无冶炼炉，采用氯化浸出-电积湿法冶金工艺(chlorine leach / electrowinning)，为'全球首座以氢冶金工艺从硬岩硫化矿精矿生产Plating Rounds™的镍加工厂'。设计年产能50,000吨镍。",Plating Rounds™(高纯镍熔铸圆片)、电解铜阴极、电解钴圆片。,"拉布拉多Voisey's Bay镍-铜-钴矿(Vale自有)精矿海运至此；2016年起目标实现100%由Voisey's Bay供矿(此前曾以印尼矿石补充)；Voisey's Bay已于2015-2020年前后转为地下开采，2025年地下矿产能强劲爬坡，二季度镍产量同比+44%至40,000吨，矿山寿命延长至2034年。",未见公开披露具体能源结构，列为缺口。,"Vale按'Voisey's Bay+Long Harbour'合并口径披露现金成本：2025年二季度US$13,236/吨镍(约合US$6.00/磅)，同比下降57%(来源：mining.com引述Vale季报, 2025Q2)。该数字为矿山+加工厂合并口径，非Long Harbour单独成本。",900,2008年纽芬兰与拉布拉多省政府促成Vale同意省内建厂→2009年4月动工→历时约5年、耗资约C$22-28亿(各口径不一)→2014年7月正式投产、11月官方通车首船发运→2015年前后Voisey's Bay转入地下开采(2020年前后地下矿投产)→2025年二季度地下矿产能强劲爬坡带动镍产量同比+44%，矿山寿命延长至2034年。,Vale Base Metals(Vale Newfoundland and Labrador Limited)100%；未发现第三方包销安排，为Voisey's Bay→Long Harbour全资内部供应链，产品由Vale自主销售。,中高,R1-区域普查,https://en.wikipedia.org/wiki/Long_Harbour_Nickel_Processing_Plant,"https://en.wikipedia.org/wiki/Long_Harbour_Nickel_Processing_Plant
https://www.cbc.ca/news/canada/newfoundland-labrador/vale-province-celebrate-first-production-at-new-nickel-plant-in-long-harbour-1.2840691
https://en.wikipedia.org/wiki/Voisey%27s_Bay_Mine
https://valebasemetals.com/our-operations/long-harbour/
https://news.smm.cn/live/detail/103881691
https://news.smm.cn/live/detail/103760207
https://www.vale.com/4q23-sales-and-production-report%E2%80%8B
https://api.mziq.com/mzfilemanager/v2/d/53207d1c-63b4-48f1-96b7-19869fae19fe/950b8306-d6c0-497c-ce27-6aa7d0f08b49?origin=1
https://api.mziq.com/mzfilemanager/v2/d/53207d1c-63b4-48f1-96b7-19869fae19fe/4588c428-e2bc-d57a-9544-935f8716805c?origin=1
https://filemanager-cdn.mziq.com/published/53207d1c-63b4-48f1-96b7-19869fae19fe/c4dceca9-6ed8-408a-8065-b6f7e86810da_0127_relatorio_de_producao_i.pdf
https://www.vale.com/check-out-the-production-and-sales-results-for-4q25
https://api.mziq.com/mzfilemanager/v2/d/53207d1c-63b4-48f1-96b7-19869fae19fe/3504ebb3-c840-f0e9-aaff-0ff96c7b8222?origin=2
https://www.mining.com/canadas-sudbury-voiseys-bay-expansions-boost-vale-nickel-copper-output/"
NI-108,GL108,北美,加拿大,Canada,纽芬兰与拉布拉多省 Argentia,阿金夏（阿真蒂亚）湿法冶炼示范/商业化项目（未按原计划建成，后被Long Harbour取代）,Argentia Hydrometallurgical Demonstration/Commercial Plant (proposed; superseded by Long Harbour),项目未按原设计建成；原提议方Inco Limited / Voisey's Bay Nickel Company Ltd. (VBNC),1996年Inco/VBNC提出在纽芬兰Argentia建设商业规模湿法冶炼厂，处理Voisey's Bay精矿 → 2000年代初方案调整为改在萨德伯里/汤普森熔炼、仅在Argentia建示范装置(demonstration plant) → 2003年前后示范厂方案本身也未继续推进 → 该商业规模氯浸电积方案最终被纽芬兰政府力推、2014年投产的Long Harbour水冶厂取代,硫化矿熔炼-闪速炉+氯化浸出-电积,硫化矿精矿,规划：电解镍、钴产品(原设计),122000,"据USGS Minerals Yearbook(经项目参考表核实)，1996年最初方案设计年产能高达122,000吨精炼镍+3,000吨钴，规模远超后来实际建成的Long Harbour(5万吨/年)；2003年版显示方案已缩减为仅在Argentia建一座耗资1.34亿美元的示范装置(而非全尺寸商业厂)，原料改为在萨德伯里/汤普森熔炼后再运至Argentia做湿法示范。",,项目中止(未建成),2003,2003,该商业规模方案(闪速熔炼+MCLE氯浸电积法)因故未按1996年原设计建成；2000年代初已缩减为示范装置方案，最终该示范方案本身似乎也未继续推进(2003年后USGS Minerals Yearbook不再提及)，纽芬兰与拉布拉多省转而与Vale谈判达成在Long Harbour建设全尺寸商业水冶厂的协议(2008年宣布，2014年投产)，Argentia方案被彻底取代。,,,,,,,,,拉布拉多Voisey's Bay镍-铜-钴矿(与Long Harbour共用同一矿源),"Argentia项目是Inco/Voisey's Bay Nickel Company在1996年首次公开的Voisey's Bay精矿加工方案，原设计为一座采用闪速熔炼配合MCLE(锍氯浸电积法)工艺的商业规模湿法冶炼厂，设计年产能高达122,000吨精炼镍及3,000吨钴——规模远超后来实际建成的Long Harbour厂(5万吨/年)。据USGS Minerals Yearbook历年记载，到2000年代初该方案已发生重大调整：改为在现有的萨德伯里和汤普森厂区熔炼粗炼，仅在纽芬兰Argentia建设一座耗资约1.34亿美元的示范性装置，规模大幅缩水。2003年后USGS Minerals Yearbook不再提及该项目，表明其可能已被搁置。最终，纽芬兰与拉布拉多省政府基于'矿石加工必须留在本省'的立场，与Vale(2006年收购Inco后)重新谈判，2008年11月宣布转而在Long Harbour建设一座全新的、采用不同工艺路线(据USGS为氯化物冶金工艺)的商业规模水冶厂，2014年投产。Argentia项目因此是一个典型的'规划-缩水-被替代'案例，本记录按'项目中止(未建成)'状态收录，是本次研究应答核查清单'Argentia planned demonstration plant'问题的重要发现，填补了此前的研究缺口。",,,,,,,,,,,,,,,R1-区域普查,https://en.wikipedia.org/wiki/Voisey%27s_Bay_Mine,"https://en.wikipedia.org/wiki/Voisey%27s_Bay_Mine
https://en.wikipedia.org/wiki/Long_Harbour_Nickel_Processing_Plant"
NI-109,GL109,北美,加拿大,Canada,"安大略省 蒂明斯地区 (Timmins, Ontario) — Crawford项目",克劳福德镍钴项目及NetZero Metals下游加工厂（规划中）,Crawford Nickel-Cobalt Project & NetZero Metals Downstream Processing (planned),Canada Nickel Company Inc. (100%，NetZero Metals Inc.为其子公司负责下游深加工),"Canada Nickel Company自2019年前后勘探开发该项目 → 2023年11月发布可行性研究(Feasibility Study) → 2024年获安大略省关键矿产创新基金50万加元支持NetZero Metals子公司 → 2024年4月启动前端工程设计(FEED) → 2024年SGS Lakefield中试装置(130吨规模)投运 → 2025年11月成为加拿大首个在修订版《影响评估法》下提交影响声明的矿业项目 → 2025年11月移交联邦重大项目办公室 → 2026年1月被纳入安大略省'一个项目、一个流程'(One Project, One Process)框架，公司称目标为2026年底前开工建设",其它(说明：矿石为超基性岩中天然镍铁合金(awaruite)，拟采用磁选+浮选生产精矿；下游NetZero Metals计划在蒂明斯地区建设硫酸镍/不锈钢原料深加工设施，具体化学冶炼工艺细节及是否属于本清单严格定义的'冶炼/精炼'环节尚待可行性研究文件进一步确认),混合,规划：镍铁合金精矿(可直接供不锈钢原料)、硫酸镍(NetZero Metals下游规划)、钴副产品,48000,"R4：Canada Nickel官网(canadanickel.com/project/crawford/)确认2023年可行性研究(Feasibility Study)规划的镍产能为48,000吨/年(峰值，对应27年峰值生产阶段)；矿山全周期(41年以上)累计产镍约160万吨，隐含全周期年均产能约39,000吨/年(1.6Mt/41yr)，低于27年峰值阶段的48,000吨/年。NetZero Metals下游深加工厂具体产能数字未见披露。 | 本研究未能在可查阅的公开资料中取得经核实的规划年镍产能(吨镍/年)具体数字；公司材料称矿区资源量大(仅Crawford一处钻探超17万米)、矿山寿命长达数十年，2023年11月可行性研究含产能测算但本次未直接获取原文数据，列为缺口，建议后续核对Canada Nickel 2023年11月Feasibility Study原文。",,规划中或可研,2026,2026,,,,,,,,,,Crawford矿床(蒂明斯地区超基性岩镍铁合金矿床，公司自有),Crawford项目地处安大略省蒂明斯以北，矿石类型较为特殊——并非典型硫化矿或红土矿，而是产于蛇纹岩化超基性岩中的天然镍铁合金(awaruite)矿化，计划通过磁选和浮选生产精矿，该矿石类型在USGS/行业通用分类中较少见。母公司Canada Nickel定位其为'净零碳排放'镍项目，配套设立NetZero Metals子公司，计划在蒂明斯地区建设服务电池级硫酸镍及不锈钢原料的下游深加工设施(属于本清单意义上的精炼环节)。项目已完成2023年11月可行性研究，2024年启动前端工程设计并在SGS Lakefield开展规模化中试(130吨级，是2022年中试装置的4倍以上)，2024-2025年密集推进联邦与省级监管许可(加拿大首个依修订版影响评估法提交声明的矿业项目、移交联邦重大项目办公室、纳入安省'一个项目一个流程'快速通道)。公司公开表态目标2026年底前开工建设，但截至本研究完成(2026年9月)项目仍处于规划/许可阶段，尚未确认开工，故状态标记为'规划中或可研'；后续应持续跟踪其2026年底是否如期动工及可行性研究中的具体产能数字。,"2026年是Crawford项目审批与融资的关键年份，但FID仍未做出（目标2027年）：1月12日安大略省能源与矿业部批准项目；6月25-26日公司委任SB1 Markets安排最高6亿美元的税收抵免(ITC)债务融资，用于FID前的过桥资金；7月31日获加拿大联邦“决定声明”正面批复（为2019年《影响评价法》修订后首个获批的重大资源项目）；8月私募配售上调至2,100万加元用于工程与许可；9月14-15日确定Komatsu及SMS Equipment为矿山设备供应商（矿山寿命内采购约300台设备，价值约15亿加元，最终协议目标2027年一季度前签署）；同时Timmins矿区总资源量（含Deloro、Nesbitt）更新至43.6亿吨。子公司NetZero Metals于2026年6月与RWE Supply & Trading签署合作备忘录，推进低碳中间不锈钢/合金钢产品商业化。项目高度推进但仍处于规划/工程阶段，未达FID。 【R4】官网直接确认2023年可行性研究的规划镍产能为48,000吨/年(27年峰值生产阶段)，全周期(41+年)累计产镍约160万吨。该数字来自公司官方项目页面，为一手可行性研究口径。",确认,"R5：NetZero Metals下游规划>80,000 t Ni/年(三期)远超Crawford矿峰值48,000t，公司称2027年先用第三方原料起步。",,,"选矿厂(矿区现场)：破碎+SAG/球磨-脱泥-镍浮选-磁选(2023年可研BFS工艺流程)；矿山计划日采矿24万吨、日处理原矿12万吨(2026年7月联邦环评批复文件披露的规模数据)。下游NetZero Metals(蒂明斯地区，与矿区分离的独立深加工厂)规划采用两条技术路线并行：①火法——焙烧/硫酸化焙烧+电弧炉还原(以天然气替代焦炭/煤作还原剂)；②湿法——Albion法或类似工艺(以减少废气排放)；两条路线均整合IPT碳矿化技术用于CO2永久封存。NetZero设计分三期建成，总规划产能超80,000吨镍/年，宣称建成后或为'北美最大镍加工设施'。",镍精矿(BFS：Ni 34%、Co 0.7%、Pd+Pt合计4.1g/t)；铁精矿(Fe 55%、Ni 0.3%、Cr 2.6%，可作不锈钢原料)；NetZero下游规划产出电池级硫酸镍及不锈钢原料级镍产品、钴副产品。,"Crawford矿床(蒂明斯以北42公里，超基性岩中天然镍铁合金awaruite矿化，Canada Nickel全资自有)：BFS设计寿命内平均年产镍38,000吨，高峰期48,000吨；钴LOM平均600吨/年、峰值800吨/年；矿山总寿命41年(其中采矿30年，两个露天采坑)。",NetZero下游电弧炉还原环节选用天然气(而非焦炭/煤)作还原剂以降低碳排放；具体装机MW及单位能耗未见披露。,"2023年可研(BFS)：副产品抵扣后net C1现金成本US$0.39/磅镍；net AISC US$1.21/磅镍(Canada Nickel BFS新闻稿, 2023-2024)。为可研阶段测算数字，非实际运营成本。",,"2023年10月12日公布正面可行性研究(BFS)结果并随后完成备案→2024年启动前端工程设计，在SGS Lakefield开展130吨级规模化中试(为2022年中试装置4倍以上)→2024-2025年NetZero Metals为蒂明斯地区镍深加工及不锈钢原料厂授出关键工程合同、推进可行性研究→2025年1月安大略省向NetZero Metals关键矿产创新基金申请提供C$50万资助→2025年11月Crawford项目被列入加拿大联邦'One Project One Process'特别快速审批清单(应对美国贸易紧张局势背景)→2026年7月31日联邦环境部长发布决定声明，正式批准项目环评，预计带动加拿大GDP增长700亿加元、直接投资50亿加元，项目预计创造约4,000个就业岗位；尚未公布开工日期，公司需落实约20亿加元以上后续融资→NetZero Metals目标2027年投产(初期以第三方原料为主，后续随Crawford矿山投产逐步转为自有精矿)。",Canada Nickel Company Inc. 100%持股(NetZero Metals Inc.为其全资子公司)；未查到第三方合资方或包销协议，安大略省政府仅提供少量创新基金资助(非股权投资)。,中,R1-区域普查,https://www.prnewswire.com/news-releases/crawford-nickel-project-named-under-ontarios-one-project-one-process-framework-302659859.html,"https://www.prnewswire.com/news-releases/crawford-nickel-project-named-under-ontarios-one-project-one-process-framework-302659859.html
https://www.prnewswire.com/news-releases/canada-nickel-provides-update-on-crawford-project-optimization-and-commencement-of-pilot-plant-operation-302208204.html
https://www.prnewswire.com/news-releases/canada-nickel-is-awarded-500-000-from-ontarios-critical-minerals-innovation-fund-to-advance-netzero-metals-inc-302351806.html
https://canadanickel.com/projects/
https://www.cbc.ca/news/canada/sudbury/mining-timmins-net-zero-1.5734450
https://news.smm.cn/live/detail/103739779
https://news.smm.cn/live/detail/104037250
https://news.smm.cn/live/detail/104042116
https://news.smm.cn/live/detail/104086740
https://news.smm.cn/live/detail/104115681
https://news.smm.cn/live/detail/103994870
https://news.smm.cn/live/detail/104028014
https://canadanickel.com/project/crawford/
https://www.newswire.ca/news-releases/canada-nickel-announces-positive-bankable-feasibility-study-for-its-crawford-nickel-sulphide-project-845691383.html
https://www.bnnbloomberg.ca/business/company-news/2026/07/31/federal-government-approves-crawford-nickel-project/
https://canadanickel.com/netzero-metals/
https://www.mining-technology.com/news/netzero-processing-facilities-canada/"
NI-110,GL110,北美,美国,United States,新泽西州 卡姆登市(Camden),美国镍业公司(卡姆登镍厂，约瑟夫·沃顿创办),"American Nickel Works, Camden, New Jersey",已永久关闭(并入其它公司);创办人Joseph Wharton,"1863年Joseph Wharton在新泽西卡姆登创办美国镍业公司(American Nickel Works),原料来自其控股的宾夕法尼亚兰开斯特县Gap矿(Gap Mining Company/Nickel Mines) → 1868年7月原厂房因火灾焚毁,以砖石重建 → 1893年Gap矿因加拿大萨德伯里新矿竞争而枯竭关闭,此后转为进口加拿大矿石/锍原料继续精炼 → 1902年Wharton与其他美国、加拿大镍业者共同组建国际镍公司(International Nickel Company, INCO) → 1905年美国镍业公司正式并入奥福德铜业公司(Orford Copper Company，已收录于本普查现行『Orford Copper Company Refinery』记录)",硫化矿熔炼-反射炉/鼓风炉(历史)+电解精炼(硫化镍阳极),硫化矿精矿(1863-1893年为宾夕法尼亚Gap矿镍黄铁矿(以针镍矿millerite为主);1893年后转为进口加拿大萨德伯里矿石/锍),世界首例工业化锻造镍(malleable nickel)、镍磁体、精炼镍;为美国镍币(始于1866年)提供原料,,"1862-1893年从Gap矿累计产出约450万磅(约合2041吨)镍,系31年累计数字而非年化产能;鼎盛时期(约19世纪70-80年代)一度占世界镍供应量的17%,是当时美国最大的镍生产商;无法折算为可靠的年化产能字段,列为研究缺口",1863,永久关闭,1905,1905,"1902年参与组建国际镍公司(INCO);1905年美国镍业公司正式并入奥福德铜业公司(Orford Copper Company),独立品牌与经营主体不再存续",,,,,,,,,"Gap矿/Nickel Mines村(宾夕法尼亚州兰开斯特县);该矿本身仅为采矿设施,现场未见冶炼记录,矿石全部运至卡姆登精炼,故按本普查规范不单独立项,仅在此作为原料矿山备注。Gap矿由Gap Mining Company于1849年开始开采(初为铜矿,1852-1853年发现镍矿),Wharton于1862年取得控股权并持续经营至1893年因萨德伯里新矿竞争而关闭","本记录完整回应研究清单'美国镍业公司(卡姆登，约瑟夫·沃顿创办,1860s-1890s，精炼Gap矿石及后期进口锍);Gap矿(宾夕法尼亚兰开斯特县)冶炼厂'的核实要求。据英文维基百科『Joseph Wharton』『American Nickel Works』『Nickel Mines, Pennsylvania』三条互相印证的条目记载:沃顿1863年响应美国铸币局寻求本土镍源的号召,在卡姆登创办美国镍业公司,与化学家Theodor Fleitmann合作改进工艺,生产出世界首例锻造镍及镍磁体,1878年巴黎世博会获金奖;鼎盛时期为美国最大镍生产商,一度占世界镍供应17%。原料矿山为宾夕法尼亚兰开斯特县的Gap矿(村落今名""Nickel Mines"",2006年因校园枪击案""Nickel Mines Amish School Shooting""而广为人知),沃顿1862年取得该矿控股权,持续开采至1893年因加拿大萨德伯里新矿竞争、成本优势不再而关闭矿山,期间累计产出约450万磅(约2041吨)镍。矿石全部运往卡姆登精炼,Gap矿现场本身未见独立冶炼设施的记载,故依本普查""不收录纯采矿""规范,仅作为原料矿山在mine_link中说明,而不单独立项。1902年沃顿参与组建国际镍公司,1905年美国镍业公司正式并入奥福德铜业公司,结束了独立经营历史。",,,,,,,,,,,,,,,R2-历史补漏,https://en.wikipedia.org/wiki/Joseph_Wharton,"https://en.wikipedia.org/wiki/Joseph_Wharton
https://en.wikipedia.org/wiki/American_Nickel_Works
https://en.wikipedia.org/wiki/Nickel_Mines,_Pennsylvania"
NI-111,GL111,北美,美国,United States,新泽西州 Bayonne (Constable Hook),奥福德铜业公司炼厂（新泽西州贝永市）,"Orford Copper Company Refinery (Constable Hook, Bayonne, NJ)",已永久关闭；末代业主International Nickel Company,1892年前后由Orford Copper Company在Constable Hook建成 → 处理加拿大萨德伯里Canadian Copper Co.运来的镍铜锍 → 1902年Orford与Canadian Copper合并成立International Nickel Company(总部纽约) → 1916年加拿大子公司International Nickel Co. of Canada成立 → 1918年加拿大Port Colborne电解精炼厂建成 → 1922年Robert Crooks Stanley决定关闭Bayonne炼厂、转由Port Colborne承担电解镍生产,硫化矿熔炼-反射炉/鼓风炉(历史)+其它(说明：Orford'Tops and Bottoms'镍铜分离工艺，1893年确立为首个具商业可行性的镍铜分离法),硫化矿精矿,电解镍、精炼铜(历史),,未查得具体产能数字；该厂是19世纪末至20世纪初全球镍精炼的重要中心之一，处理几乎全部萨德伯里出产的镍原料。,1892,永久关闭,1922,1922,1918年加拿大Port Colborne电解精炼厂建成后，出于产业本土化(避免一战式对美依赖的重演)及成本考虑，Inco决定将电解镍生产集中至加拿大，1922年正式关闭Bayonne(Orford)炼厂。,,1922,,,,,,,加拿大安大略省萨德伯里Canadian Copper Company矿山(锍经海运/铁路运至新泽西Bayonne精炼),Orford Copper Company是19世纪末美国最重要的镍精炼企业之一，其化学家Robert M. Thompson等人开发的'Tops and Bottoms'工艺(1893年确立)首次实现了镍与铜的经济分离，使萨德伯里镍铜混合矿得以规模化利用，奠定了现代镍工业基础。该厂长期接收加拿大Canadian Copper Company运来的镍铜锍进行精炼，1902年两公司合并成立International Nickel Company(总部纽约)，标志着镍行业首次实现跨国垂直整合。一战期间因镍供应过度集中于美国本土加工引发争议(涉及对德输出风险等国家安全担忧)，促使公司决定在加拿大本土建设电解精炼产能。1918年Port Colborne炼厂建成，经数年过渡，1922年在总裁Robert Crooks Stanley主导下正式关闭Bayonne炼厂，镍精炼业务完全转移至加拿大，Constable Hook厂址退出镍工业历史舞台。,,,,,,,,,,,,,,,R1-区域普查,https://en.wikipedia.org/wiki/International_Nickel_Company,https://en.wikipedia.org/wiki/International_Nickel_Company
NI-112,GL112,北美,美国,United States,俄勒冈州 Riddle (Douglas County),汉纳镍冶炼公司/格伦布鲁克镍业公司里德尔冶炼厂（俄勒冈州镍山）,"Hanna Nickel Smelting Co. / Glenbrook Nickel Co. Smelter (Riddle, Oregon / Nickel Mountain)",已关闭；末代运营方Glenbrook Nickel Company(股东含Cominco Ltd.等，具体2026年产权归属本研究未核实),"1953年1月16日Hanna Coal & Ore Co.与美国政府签订DMP-49/DMP-50合同 → 1954年7月建成投产 → 1961年3月Hanna行使期权买断政府权益,成立Hanna Nickel Smelting Company → 1987年1月因矿石枯竭/经济性下降关闭 → Glenbrook Nickel Company收购/重启冶炼厂处理约600万短吨库存低品位(约0.7% Ni)红土矿,据Western Mining History记录该公司对该矿点的所有权登记年份为1992年(与此前采用的'1990年收购/重启'说法存在1-2年出入，均予保留) → 最终关闭的确切年份本研究仍未能核实(任务简报提示的1998年，本轮多次检索仍未获得可独立核实、附一手来源的确认)",电炉镍铁(非RKEF)+其它(说明：早期采用法国Ugine冶炼工艺试验，先在法国中试后于Riddle建设首套生产装置),红土矿(褐铁矿),镍铁(含镍约50%的Ferronickel，铸成约28磅/块的'猪铁'，4000磅/托盘打包),,"1953年政府合同约定最高交付量为1.25亿磅镍(约合56,700吨镍，为合同总量而非年产能)；1970年记录显示常年雇员超450人；未查得具体年化吨镍产能数字。Glenbrook重启后处理的库存矿石约600万短吨(品位约0.7%Ni)。",1954,永久关闭,1998,1998,1987年首次关闭：红土矿资源枯竭及经济性下降。Glenbrook Nickel Co.其后收购该矿点(所有权登记年份，据Western Mining History为1992年；此前记录采用1990年，两者并列保留)，以消化约600万短吨库存低品位矿石为主。经本轮再次检索，1998年最终关闭年份(核查清单曾提示)仍未获得独立可核实来源确认，continues to be一个明确研究缺口——本研究未能推翻也未能证实这一年份，故按任务要求'两者皆保留'处理：一说该厂1998年前后最终停产(业内常见引用但缺乏一手来源)，另一说其停产时间与Glenbrook的矿石消化周期相关、未见明确终止年份的官方记录。,,,,,,,,,俄勒冈州Nickel Mountain红土镍矿(Hanna Coal & Ore Company自有矿权)，为美国境内少数得到工业化开采的红土镍矿之一,该厂是美国历史上唯一实现工业化规模生产的红土镍矿-冶炼一体化项目，也是美国本土镍铁的首次商业化生产。项目源于朝鲜战争期间美国政府为保障战略镍供应，于1953年与Hanna Coal & Ore Company签订两份合同(DMP-49采矿、DMP-50冶炼)，由政府承担资本开支和技术试验风险，公司提供地产。工厂测试了引进的法国Ugine冶炼工艺，1954年7月建成投产，是'美国本土矿石产出的首个镍铁产品'。1961年3月Hanna行使购买期权，正式转为商业化的Hanna Nickel Smelting Company运营至1987年1月，因矿石枯竭及经济性问题关闭，彼时厂区仍堆存约600万短吨品位约0.7%Ni的低品位矿石。1990年Glenbrook Nickel Company收购并重启冶炼厂以消化这批库存矿石，此后的运营细节及最终关闭时间在本次研究可查阅的资料中未能确证(需要进一步查阅USGS Minerals Yearbook 1990年代俄勒冈/镍章节予以核实)，暂列为美国境内已永久关闭设施，供后续研究补充确切终止年份与原因。,,,关闭年份：Hanna 1987年停产，Glenbrook Nickel 1990年复产后于1998年前后最终停产（业内常引用1998年，未在本次抓取到原始来源）。R3修正ownership_history(原:1953年1月16日Hanna Coal & Ore Co.(Hanna Min…)；R3修正closure_reason(原:1987年首次关闭：红土矿资源枯竭及经济性下降(具体二手资料提及国际镍价下跌影响…)；,,,,,,,,,,,,R1-区域普查,https://law.justia.com/cases/federal/district-courts/FSupp/253/784/1874968/,"https://law.justia.com/cases/federal/district-courts/FSupp/253/784/1874968/
https://westernmininghistory.com/mine-detail/10128836/
https://en.wikipedia.org/wiki/Riddle,_Oregon
https://www.oregon.gov/dogami/milo/archive/HistoricalSociety/Josephine/TheHannaNickelOperation.pdf
https://westernmininghistory.com/mine-detail/10067833/"
NI-113,GL113,北美,美国,United States,"俄克拉荷马州 劳顿 (Lawton, Oklahoma)",西温元素公司劳顿镍钴精炼厂（中试/示范装置）,Westwin Elements Lawton Nickel-Cobalt Refinery (Pilot/Demonstration Plant),"Westwin Elements, Inc. (私营，CEO KaLeigh Long)；据报道公司在俄克拉荷马州涉及与前合作方/投资人的法律纠纷",2022年前后Westwin Elements成立并选址劳顿 → 2024年建成'美国唯一'的镍钴精炼中试装置并产出美国首批羰基镍粉 → 2025年12月宣布暂不在劳顿建设大规模商业化炼厂，中试装置继续运营 → 2026年公司转向评估佐治亚州Bryan County等其它选址的商业化规模项目,羰基法,混合,羰基镍粉(nickel powder)、少量钴产品(用于客户送样及研发),200,中试/示范装置年处理能力约200公吨(metric tons)，为产品级小规模装置，非商业化量产规模；公司原计划的劳顿大规模商业化炼厂产能数字未公开确认。,2024,在产,2026,2026,,,,,,,,,,未见其在美国境内拥有自有镍矿的公开信息；据报道原料涉及回收/多元来源(具体供应链细节本研究未核实),"Westwin Elements宣称建成'美国唯一'投入运营的镍精炼设施，采用蒙德法(Mond process，即羰基法)在劳顿经济开发区(Lawton Economic Development Authority, LEDA)园区建设中试/示范装置，2024年产出美国首批羰基镍粉产品，用于向潜在客户送样和工艺研发。2025年12月，因'物流/工艺可行性研究中遇到问题'及镍价下跌导致经济性变差，公司宣布放弃在劳顿建设大规模商业化炼厂的原计划，LEDA随即通过决议确认此变更，Westwin需向LEDA偿还270万美元并归还此前授予的4000股普通股。中试装置本身继续运营，用于产品研发与客户样品生产。CEO KaLeigh Long表示公司正评估其它更具竞争力的选址以推进商业化规模项目，包括2026年初在佐治亚州Bryan County(见下条记录)提出的新选址方案。公司在俄克拉荷马州还卷入与前合作伙伴/投资人的诉讼，为其财务与运营稳定性带来不确定性。",2026年1月，巴西镍业(Brazilian Nickel Limited/BRN)与Westwin Elements签署非约束性承购谅解备忘录：BRN将从其Piauí红土堆浸项目向Westwin供应最高每年1万吨镍(MHP形式)及240-400吨钴，由Westwin通过羰基法精炼为一号镍粉/镍豆供美国市场——显示截至2026年1月Westwin的商业化精炼野心仍在推进，而非完全放弃，与协调员提及的“商业化工厂计划于2025年12月被放弃”的说法存在张力，但该协议为非约束性，未直接证实Lawton厂本身的产能状态。 【R4-未能核实】2024年12月KSWO报道确认该厂当时用于镍粉生产的单条产线设计能力为20吨/年(与既有记录200吨/年'中试厂整体产能'并不矛盾，可能为分阶段扩产的初始产线规模)，并实现'首次成功产出镍粉'，但未披露具体产量吨位。2025年6月KSWO后续报道及discoveryalert.com关于Traxys 14亿美元承购协议的报道均未给出Lawton厂已实现的具体年度产量数字，仅涉及未来商业化产能规划及承购安排。多方检索(公司官网、公司新闻页均404或未含数据、行业媒体)均未获得2024-2025年确切产量吨位，确认此为该公司未公开披露的真实缺口。,可能,,,,,,,,,,,,,R1-区域普查,https://www.kosu.org/energy-environment/2025-12-18/westwin-elements-will-not-build-a-large-scale-commercial-facility-in-lawton-for-now,"https://www.kosu.org/energy-environment/2025-12-18/westwin-elements-will-not-build-a-large-scale-commercial-facility-in-lawton-for-now
https://www.expansionsolutionsmagazine.com/westwin-elements-nickel-carbonyl/
https://www.okcommerce.gov/westwin-elements-breaks-ground-on-americas-only-critical-minerals-pilot-plant/
https://thecurrentga.org/2026/01/30/nickel-refinery-seeks-bryan-support/
https://news.smm.cn/live/detail/103732371
https://news.smm.cn/news/103734394
https://www.kswo.com/2024/12/17/westwin-elements-make-strides-nickel-powder-production/
https://www.kswo.com/2025/06/19/westwin-facility-lawton-aims-boost-us-nickel-supply/"
NI-114,GL114,北美,美国,United States,美国东南部（具体州/城镇未定；2026年9月公告改用“北美”表述，选址仍未最终确定）,Electra电池材料公司硫酸镍精炼厂（拟建）,Electra Battery Materials Nickel Sulphate Refinery (proposed),Electra Battery Materials Corp. 100%（拟建，尚未成立独立运营主体或选定厂址）,Electra Battery Materials是一家在加拿大安大略省Temiskaming Shores运营/建设硫酸钴精炼厂的电池材料公司（原First Cobalt）→ 2026年6月宣布启动美国东南部电池级镍精炼厂工程研究 → 2026年9月改以“北美镍精炼及电池回收项目”名义发布初步工程研究结果,硫酸镍精炼(中间品/高冰镍),MHP,电池级硫酸镍、镍金属、氢氧化钴（副产，拟供公司安大略省钴精炼厂作原料）,20000,"R5：2026-09-16新闻稿一期约20,000 t Ni/年（2026-06为15,000t，三个月内上调）。| 存在两版不一致的产能表述，均予保留而不自行调和：(1) 2026-06公告：目标年产约1.5万吨硫酸镍及镍金属＋1000吨金属钴；(2) 2026-09公告：一期目标建设年产约2万吨金属量镍的电池级硫酸镍精炼能力，二期再增约2万吨/年（处理废旧电池黑粉），一期初步资本开支预计5.3亿至6.75亿美元。两次表述的选址描述也不同（“美国东南部” vs “北美”），不确定是同一项目的规划演进还是范围调整。",,规划中或可研,2026,2026,,,,,,,,,,拟采购全球MHP/MSP原料，后续拟引入北美矿山原料及电池回收黑粉料,Electra Battery Materials公司主营业务是安大略省Temiskaming Shores的电池级硫酸钴精炼厂（北美首个此类项目，设计年产6500吨钴金属，预计2027年投产/爬坡）。2026年6月，公司宣布启动一项针对美国东南部的电池级镍精炼厂工程研究，拟借鉴其钴精炼厂建设经验，采用湿法冶金工艺处理进口MHP/MSP原料。2026年9月16日，公司发布“北美镍精炼及电池回收项目”初步工程研究结果：一期规划年产约2万吨金属量镍的电池级硫酸镍精炼能力，镍钴回收率均可达97%以上，回收所得氢氧化钴可作为其安大略钴精炼厂的潜在原料；一期初步资本开支5.3-6.75亿美元；二期计划引入废旧电池黑粉处理能力（增约2万吨/年镍当量），并回收钴、锂、石墨副产品。公司明确表示当前首要任务仍是完成并投产安大略省钴精炼厂，镍项目仍处于工程研究/概念阶段，未见最终选址、环评或最终投资决定（FID）的报道。存疑：项目选址前后表述不一致（美国东南部 vs 北美），产能目标也从1.5万吨上调至2万吨，需后续官方公告澄清是否为同一项目。,新发现的规划阶段项目，尚未列入round-1索引。2026年6月8日Electra宣布启动美国东南部电池级镍精炼厂工程研究（目标年产约1.5万吨硫酸镍/镍金属+1000吨金属钴），并强调其安大略硫酸钴精炼厂（在建，目标2027年二季度调试）仍为首要项目。2026年9月16-17日发布新一轮预可行性研究，选址表述扩展为更宽泛的“北美”（不再限定美国东南部），一期产能上调至约2万吨/年硫酸镍，镍钴回收率均超97%，一期预估资本开支5.3-6.75亿美元；二期拟增加电池黑粉回收产能约2万吨镍当量并回收钴锂石墨副产品。尚未做出FID。,确认,,,,无冶炼炉，规划采用'常规湿法冶金工艺'(conventional hydrometallurgical processes)处理进口MHP/MSP中间品；具体浸出-净化-结晶工序及设备规模未披露(仍处FEL-1初步工程阶段)。,电池级硫酸镍及镍金属；副产氢氧化钴(拟供公司安大略省钴精炼厂原料)。,初期：全球采购的MHP/MSP镍中间品；远期规划：引入北美自有矿山原料及电池回收黑粉料(二期)。镍、钴回收率均可达97%以上。,未披露，列为缺口。,,,"2026年6月8日：Electra宣布启动针对美国东南部电池级镍精炼厂的工程研究，初步设想一期规模约15,000吨/年镍(硫酸镍+金属)及约1,000吨/年钴金属→2026年9月16日：发布'北美镍精炼及电池回收项目'初步工程研究(FEL-1)结果，一期规划上调至约20,000吨金属量镍/年(镍钴回收率均97%以上)，一期初步资本开支US$5.3-6.75亿；二期规划再增20,000吨镍/年(依托电池黑粉回收)；下一步为选址、许可规划及融资/包销谈判，目标推进至FEL-3工程阶段。**注**：一期产能目标在3个月内由15,000吨上调至20,000吨，反映该项目仍处于早期且规模仍在变动中，两版本数字互相冲突，本研究以最新(2026年9月)披露为准。",Electra Battery Materials Corp. 100%(拟建，尚未成立独立项目公司或选定厂址)；公司称正与政府及潜在商业伙伴洽谈融资与包销安排，截至2026年9月尚无已披露的具体协议。,低,R2-新项目扫描,https://news.smm.cn/live/detail/103992212,"https://news.smm.cn/live/detail/103992212
https://news.smm.cn/live/detail/104120038
https://news.smm.cn/live/detail/104092051
https://www.globenewswire.com/news-release/2026/09/16/3363036/0/en/electra-advances-phased-nickel-refining-and-battery-recycling-strategy-for-north-america.html
https://www.stocktitan.net/news/ELBM/electra-advances-engineering-study-for-battery-grade-nickel-refinery-5erj6t594ir3.html
https://www.globenewswire.com/news-release/2026/06/08/3307955/0/en/electra-advances-engineering-study-for-battery-grade-nickel-refinery-in-the-united-states.html"
NI-115,GL115,北美,美国,United States,密苏里州 Fredericktown (Madison County),密苏里钴业/美国战略金属公司电池活性材料厂（含镍）,Missouri Cobalt / US Strategic Metals Battery Active Materials Plant,"US Strategic Metals, LLC (通过其子公司Missouri Cobalt运营)",US Strategic Metals于2021年秋启动在Fredericktown原Madison矿(1800英亩老铅矿尾矿场址)建设电池活性材料厂 → 计划分阶段建设(一期含湿法冶炼车间、结晶车间、电积车间，二期拟增建现场选矿设施处理地下矿) → 一期原定2023年一季度完工,常压浸出(AL)+硫酸体系电积(具体工艺细节及是否含结晶/沉淀MHP/MSP中间体环节本研究未完全核实),混合,钴、镍、铜相关材料(具体化学形态——硫酸盐/氧化物/金属——本研究未获确认),2722,"R4：公司2024年2月PR Newswire官方新闻稿披露原定目标产能为'至少500万磅/年钴 + 600万磅/年镍'(6 Mlbs/yr Ni ≈ 2,722吨镍/年，按1磅=0.45359237千克换算)，原计划2023年前后达到该规模的'大批量'生产。该数字为公司官方目标产能，而非已实现的实际产能；截至本轮研究(2026年9月)，该项目仍处于建设/工程阶段(2026年8月Worley获聘提供工程采购支持)，尚未确认是否已达到或调整此目标产能。 | 未查得具体镍产能数字；项目宣称将处理'大量钴镍铜物料'，规划创造250个永久性岗位，2025年前后临时+永久用工规模预计达600-700人。",,在建,2026,2026,,,,,,,,,,密苏里州Fredericktown采矿区历史铅锌尾矿及Madison矿(拟二期开发地下矿供矿),该项目由美国战略金属公司(US Strategic Metals)在密苏里州Fredericktown一处1800英亩的历史铅矿尾矿场址上建设，旨在从当地历史尾矿及未来自有地下矿中回收钴、镍、铜，产出电池级活性材料，是美国为数不多聚焦钴镍协同回收的湿法冶炼项目之一，工程总承包商Clayco/Worley参与建设。项目自2021年秋开工，一期(含湿法冶炼、结晶、电积车间)原计划2023年一季度完工投产，官方材料预计到2025年将带来600-700个临时及永久岗位。但本研究未能取得该厂2024-2026年是否已实际投产、达产、或存在延期/停滞的独立确认信息，也未查得其具体镍产能吨位数字，故状态标记为'不详'，列为重点待核实缺口——建议后续通过公司官网最新公告、密苏里州环境厅备案文件或行业媒体(如Mining.com、Fastmarkets)专项核实其2026年实际运营状态。,"未找到2025-2026年度相关更新。 【R3】新证据：Worley已获聘为Fredericktown(密苏里)项目提供工程设计与采购支持服务(2026年8月披露)，USSM保留项目整体控制权，表明项目已从纯规划阶段进入实质工程推进阶段。此前2023年12月披露信息显示已获得约5亿美元资金承诺(含Appian Capital 1.2亿美元定期贷款+7,000万美元特许权使用费融资)，主要处理设施已具备全部许可，并已运营中试装置(自2020年)，原目标2024年底投产商业化调试；本轮未查到2024年底是否已实际实现调试/投产的确认，2026年8月的报道亦提示'水法冶金厂调试时间表往往较最初预期大幅延后'的行业普遍风险，暗示原定时间表可能已推迟。综合Worley工程采购合同的新进展，将状态由'不详'上调为'在建'，但确切的建设/调试进度及新的投产时间表仍待进一步核实。 【R4】通过公司官方PR Newswire新闻稿找到原定目标产能数字(6 Mlbs/yr镍≈2,722吨镍/年)，但该目标基于2022-2023年规划，其后项目多次延期(2026年8月Worley工程采购合同为最新已知进展)，实际建成产能是否与原目标一致未获独立确认，故置信度为'可能'。",可能,R3核实：状态由「不详」更新为「在建」；,,,无冶炼炉，湿法冶金产线：一期含湿法浸出车间(hydromet processing facility)、结晶车间(crystallization building)、电积车间(electrowinning building)；后续规划自建选矿厂(处理地下矿矿石)及电池回收车间。公司称采用'专有环保工艺'，但具体浸出/沉淀参数未公开。,钴、镍、铜相关材料；具体化学形态(硫酸盐/金属/氧化物)未见公开确认，列为缺口。,"密苏里州Fredericktown历史铅矿尾矿(1,800英亩场址)及Madison矿(拟自有地下矿，据称为北美最大钴储量之一)：矿区估算可回收钴7,200万磅、镍1.05亿磅、铜1.03亿磅。据2021年公司披露的达产run-rate目标：钴≥500万磅/年(约2,268吨)、镍600万磅/年(约2,722吨，与本清单原capacity字段2,722吨一致)、铜2,200万磅/年(约9,979吨)。",未披露，列为缺口。,,,该场址原为历史铅矿尾矿地(Madison Mine)→2019年Missouri Cobalt LLC成立开展尾矿钴回收，同年7月获EPA超级基金再开发倡议20周年表彰(彼时仅30个全职岗位)→2021年秋，一期(湿法冶金+结晶+电积车间)开工建设(总承包商Clayco)→原计划2023年一季度完工投产→2023年6月公司发布'即将完工'新闻稿，宣称达产后年产量将达此前中试规模的4倍→本研究未能找到2024-2026年度确认实际投产、达产或存在延期的独立报道，公司此前多年反复发布'即将完工'类通稿但缺乏第三方核实的运营数据，状态标记为'在建'存疑，列为重大研究缺口。,"US Strategic Metals, LLC通过其子公司Missouri Cobalt运营，100%控股；Appian Capital Advisory提供'最后一公里'建设资金(具体持股比例未披露)；据Appian官网，Glencore及前Glencore CEO Willy Strothotte作为战略伙伴/背景人物参与，但股权/包销关系细节未厘清。",低,R1-区域普查,https://claycorp.com/project/missouri-cobalt,"https://claycorp.com/project/missouri-cobalt
https://www.prnewswire.com/news-releases/missouri-cobalt-nears-completion-of-key-facility-advancing-its-leadership-goal-in-domestic-battery-grade-cobalt-and-nickel-301323342.html
https://www.usstrategicmetals.com/about/
https://www.mining.com/u-s-strategic-metals-secures-500-million-in-funding-for-missouri-based-cobalt-nickel-mine/
https://discoveryalert.com/worley-build-ussm-missouri-cobalt-plant-processing/
https://appiancapitaladvisory.com/portfolio/ussm/
https://www.epa.gov/newsreleases/cobalt-mine-fredericktown-missouri-focus-epa-administrator-and-rep-jason-smith"
NI-116,GL116,北美,美国,United States,明尼苏达州 Hoyt Lakes / Babbitt 附近 (NorthMet项目),北金属(NorthMet)项目湿法冶炼厂（PolyMet/新域铜镍，规划中）,NorthMet Project Hydrometallurgical Plant (PolyMet / NewRange Copper Nickel),NewRange Copper Nickel LLC (Glencore旗下PolyMet Mining Corp.与Teck Resources各50%合资，2023年成立),2005年前后PolyMet Mining Corporation(Glencore子公司)提出NorthMet项目 → 历经近20年环评与许可反复(含2019年许可被撤销) → 2023年PolyMet与Teck Resources成立50-50合资企业NewRange Copper Nickel，接手项目 → 2024-2026年持续推进技术研究与监管审批(尚未开工建设),精矿加压浸出+其它(说明：采用浮选+加压浸出湿法工艺，以铜回收为主，镍、铂族金属为副产),硫化矿精矿,规划：电解铜(主产品)、镍(副产)、铂族金属及少量金银,3600,据行业数据库，规划年均产能约镍3.6千吨(kt)/年、铜5400万磅/年；矿山全周期(LOM)预计累计产镍约8.1万吨、铜约11.94亿磅。该数字来自2022年可行性研究口径，可能随NewRange后续优化调整而变化。,,规划中或可研,2025,2025,,,,,,,,,,NorthMet矿床(明尼苏达州Duluth杂岩体内，铜镍铂族元素共生矿，储量约2.75亿短吨，铜品位约0.79%)及邻近Mesaba矿床(未纳入2022年可行性研究范围),NorthMet项目位于明尼苏达州东北部苏必利尔国家森林附近，矿体产于Duluth杂岩体，属铜镍铂族元素共生的岩浆型矿床，以铜为主产品、镍和铂族金属为副产。项目由PolyMet Mining Corporation(Glencore子公司)自2005年起持续推进，拟建三个露天矿坑(最深约700英尺)及配套选矿-加压浸出湿法冶炼设施，但因环保许可持续遭遇挑战——包括Fond du Lac苏必利尔湖奥吉布瓦band等原住民团体的坚决反对，2019年一项关键许可被联邦法院裁定撤销/存在瑕疵，明尼苏达州自然资源部亦指出项目将造成912.5英亩永久性湿地影响及4016英亩加拿大猞猁栖息地减少等环境关切。2023年PolyMet与Teck Resources组建对等合资企业NewRange Copper Nickel，重新推进项目，包括着手将原选矿厂部分建筑改造用于铜加工。截至2025-2026年，项目仍处于技术研究与监管审批阶段，尚未开工建设，2026年7月NewRange向监管机构提交了对NorthMet项目的变更方案。,未找到2025-2026年度关于NorthMet/NewRange Copper Nickel项目的SMM新闻更新。 【R4】核实结论：截至2026年7月29日，NorthMet/NewRange项目仍处于许可审批阶段，尚未开工建设，与既有'规划中或可研'状态一致。2026年7月29日NewRange向明尼苏达州自然资源部(DNR)提交项目设计变更方案：矿石开采能力拟从每日3.2万吨提高到4万吨，矿山寿命从20年缩短至16年，并计划以传送带系统替代铁路运输；DNR正评估是否需要补充环境影响声明，预计约一个月内决定。该变更涉及矿石处理量而非镍金属产能数字，不改变'规划中或可研'的状态判断，故status字段留空(不变)，仅提升verify_confidence为'确认'并记录最新细节。,确认,,,,,,,,,,,,,R1-区域普查,https://en.wikipedia.org/wiki/PolyMet_Mine,"https://en.wikipedia.org/wiki/PolyMet_Mine
https://miningdataonline.com/property/1868/NorthMet-Project.aspx
https://www.dnr.state.mn.us/lands_minerals/new-range/index.html
https://www.northernnewsnow.com/2026/07/29/newrange-submits-proposed-changes-northmet-copper-nickel-mine-near-hoyt-lakes/
https://newrangecoppernickel.com"
NI-117,GL117,北美,美国,United States,佛罗里达州中部（Central Florida），具体厂址尚未落实,Precision Periodic佛罗里达中部镍钴锰精炼厂（拟建）,Precision Periodic Central Florida Nickel-Cobalt-Manganese Refinery (proposed),Precision Periodic 100%（拟建）,2026年7月，美国关键矿产精炼企业Precision Periodic宣布该建厂计划，称将是美国首座采用“模块化清洁工艺”的电池级镍钴锰精炼厂,硫酸镍精炼(中间品/高冰镍),MHP,电池级硫酸镍、硫酸钴、硫酸锰,10000,公司目标为全面投产后年处理镍(金属量)约1万吨；公司称厂址落实后数月内即可投产首批模块，12-18个月内达到设计产能，建设周期与投资成本据称显著低于传统精炼厂，但截至2026年9月未见后续厂址确定、资本开支金额或开工的报道。,,规划中或可研,2026,2026,,,,,,,,,,以进口混合氢氧化物沉淀(MHP)为原料，具体来源国未披露,Precision Periodic于2026年7月宣布计划在佛罗里达州中部建设一座采用模块化设计、宣称为“清洁工艺”的电池级镍、钴、锰精炼厂，以MHP为原料生产电池级硫酸镍、硫酸钴、硫酸锰，目标为填补美国本土电池级镍钴锰精炼能力空白、降低对海外精炼产能依赖。项目仍处于早期规划/宣布阶段，公开信息有限（未见资本开支金额、环评进展、具体厂址或最终投资决定的报道），需持续关注后续是否有实质性进展；本记录按“规划中或可研”状态收录，并在此明确标注信息尚不完整。,新发现的规划阶段项目，尚未列入round-1索引，与协调员提供的信源(news.smm.cn/live/detail/103994665)一致。2026年7月7日，美国关键矿产精炼企业Precision Periodic宣布计划在佛罗里达州中部建设美国首座采用“模块化清洁工艺”的电池级镍钴锰精炼厂，以MHP为原料，目标年处理镍(金属量)1万吨；公司称将于厂址落实后数月内投产首批模块，12-18个月内达设计产能，建设周期与投资成本显著低于传统精炼厂。截至2026年9月未见后续选址落地或融资进展的报道。,确认,,,,,,,,,,,,,R2-新项目扫描,https://news.smm.cn/live/detail/103994665,https://news.smm.cn/live/detail/103994665
NI-118,GL118,北美,美国,United States,蒙大拿州 Columbus,斯蒂尔沃特/西班牙优山比耶-斯蒂尔沃特哥伦布贱金属精炼厂（铂族金属副产镍）,Stillwater/Sibanye-Stillwater Columbus Base Metal Refinery (PGM by-product nickel),Sibanye Stillwater Limited(2017年5月以22亿美元收购Stillwater Mining Company),Stillwater Mining Company在蒙大拿州Columbus建设冶炼厂及贱金属精炼厂(BMR)，配套其Stillwater/East Boulder铂钯矿 → 2017年5月Sibanye Gold Limited完成对Stillwater Mining的收购，更名Sibanye-Stillwater,PGM副产贱金属精炼,硫化矿精矿,铂族金属富集滤饼(主产品，外运第三方精炼)；副产少量金、银、镍、铜,,本研究未查得该厂镍副产品的具体产能或产量数字，仅确认镍为其'少量副产金属'之一；且截至2024年Sibanye-Stillwater因铂族金属价格低迷已将East Boulder矿转入维护保养状态，Columbus冶炼/精炼厂当前实际开工率及是否仍处理镍副产品的最新状态本研究未能核实。,,减产或部分停产,2026,2026,,,,,,,,,,蒙大拿州Stillwater矿、East Boulder矿(Sibanye-Stillwater自有铂钯矿，2024年前后因价格因素East Boulder矿传出减产/维护保养消息，具体对Columbus精炼厂影响本研究未核实),"Stillwater Mining Company在蒙大拿州Columbus运营冶炼厂及贱金属精炼厂(Base Metal Refinery, BMR)，其核心业务是从自有Stillwater/East Boulder矿的铂钯矿石中富集提炼出'铂族金属富集滤饼'，再外运第三方专业炼厂做最终精炼；该过程中金、银、镍、铜作为少量副产金属被同步回收，属于本清单纳入范围内的'PGM副产贱金属精炼厂'类型。2017年5月南非Sibanye Gold Limited以22亿美元完成对Stillwater Mining的收购，公司更名Sibanye Stillwater并承诺延续原'睦邻协议'(Good Neighbor Agreement)。近年北美铂族金属价格持续低迷，促使Sibanye-Stillwater对蒙大拿业务进行结构性调整(公开报道显示2024年前后East Boulder矿一度转入保养维护状态)，但本研究未能取得Columbus冶炼/精炼厂本身在2024-2026年是否同步减产、其镍副产品具体产量及最新运营状态的独立确认信息，状态标记为'不详'，列为需要进一步核实的缺口。","未找到2025-2026年度相关更新。 【R3】重要更新：Sibanye-Stillwater美国蒙大拿业务(含Columbus冶炼-精炼联合体，为PGM副产镍来源)截至2026年9月处于'盈亏平衡'边缘的低利润率运行状态(公司自述'best, operating at break-even')；美国钢铁工人联合会(USW)11-0001分会代表约420名员工，已于2026年9月3日起对Stillwater/East Boulder地下矿及配套Columbus冶炼-精炼联合体(smelter and refinery)同步发起罢工，核心争议为医疗福利削减及安全事故报告激励机制。罢工同时影响采矿与冶炼精炼环节(因共用同一工会/劳动力)。此前2024年9月因金属价格低迷已裁员700人并削减产量。结论：由此前'不详'更正为'减产或部分停产'，反映其截至本轮核实时点(2026年9月)因罢工及低价环境导致的实际减产状态。 【R4-未能核实】多渠道核实(Sibanye-Stillwater官网US PGM operations页面、公司主页、SEC EDGAR全文检索Sibanye 20-F年报清单、Wikipedia Stillwater Mining Company条目)均未披露Columbus贱金属精炼厂(BMR)镍副产品的具体产能或产量吨位数字——各来源仅确认镍为该厂'少量副产金属'之一，未见量化。SEC EDGAR检索到11份2016-2025年20-F年报，但WebFetch未能获取全文内容以定位具体数字，为工具限制而非确认无此数据；建议后续通过SEC全文检索工具直接调取PDF/HTML正文核实。维持既有'减产或部分停产'状态判断不变(2026年9月罢工等既有证据已充分)。",确认,R3核实：状态由「不详」更新为「减产或部分停产」；,,,蒙大拿州Columbus冶炼厂+贱金属精炼厂(BMR)；具体炉型/台数未见公开披露(列为缺口)。工艺为将Stillwater/East Boulder矿PGM精矿富集提纯为'2E(Pt+Pd)富集滤饼'，再外运第三方专业炼厂做最终精炼；同一冶炼-精炼流程亦处理回收的报废汽车催化剂(PGM二次资源回收)。,2E PGM富集滤饼(主产品，外运第三方精炼)；副产少量金、银、镍、铜(具体镍品位/吨位未披露)。,蒙大拿州Stillwater矿、East Boulder矿(均为Sibanye-Stillwater自有，J-M Reef铂钯矿脉)精矿/矿石；另接收第三方报废催化剂作为PGM二次原料。,未披露，列为缺口。,,,Stillwater Mining Company建设Columbus冶炼厂及BMR(具体建厂年份本研究未查得)→2017年5月南非Sibanye Gold Limited以US$22亿完成对Stillwater Mining的收购，更名Sibanye Stillwater→2024年前后East Boulder矿因PGM价格低迷传出减产/维护保养消息(对Columbus精炼厂影响未核实)→2026年9月，公司发言人称PGM业务'最好情况是打平，某些日子甚至亏损'(缘于钯价低迷)→2026年9月3日美国钢铁工人联合会(USW)在Stillwater矿及Columbus冶金综合体发起罢工，双方(矿山+冶炼/精炼厂)合计约420名工会代表员工参与，具体对BMR镍产量的影响未见披露。,Sibanye Stillwater Limited(南非上市公司)100%控股。2E PGM滤饼售予/委托第三方定制炼厂加工，产品未在厂内完成最终精炼——供料/销售结构较为特殊，值得关注。,低,R1-区域普查,https://en.wikipedia.org/wiki/Stillwater_Mining_Company,"https://en.wikipedia.org/wiki/Stillwater_Mining_Company
https://montanafreepress.org/2026/09/02/stillwater-mine-strike/
https://www.mining.com/strike-to-begin-at-sibanye-stillwaters-us-operations/
https://www.northernminer.com/news/strike-to-begin-at-sibanye-stillwaters-us-operations/1003894589/
https://montanafreepress.org/2024/09/12/stillwater-mine-cut-production-lay-off-700-workers-low-metal-prices-losses/
https://www.sibanyestillwater.com/
https://www.sec.gov/Archives/edgar/data/1786909/000178690924000033/form6-kq3.htm
https://www.sibanyestillwater.com/business/pgm-operations-americas/stillwater-east-boulder/"
NI-119,GL119,北美,美国,United States,北达科他州 (拟议site，具体郡未确认) — Talon Metals Tamarack项目配套加工厂,塔隆金属公司北达科他州比尤拉矿物加工厂（塔马拉克项目配套设施，已放弃）,"Talon Metals Beulah Minerals Processing Facility (Tamarack Project processing plant, North Dakota) — CANCELLED",项目已放弃；原提议方Talon Metals Corp.,Talon Metals提出在北达科他州建设总投资约4.33亿美元的Beulah Minerals Processing Facility(BMPF)，用于加工明尼苏达州Tamarack镍-铜-钴项目矿石 → 2023年获美国能源部(DOE)1.148亿美元《两党基础设施法》资金支持 → 2026年9月11日Talon宣布放弃在北达科他州建设该加工厂的计划,其它(工艺路线未公开),硫化矿精矿,规划：镍精矿深加工产品(具体工艺未公开确认前项目已取消),,未查得具体设计产能数字；仅知总投资规划约4.33亿美元。,,项目中止(未建成),2026,2026,2026年9月Talon宣布转而利用其2026年1月从Lundin Mining收购的密歇根州Humboldt Mill(原Eagle矿选矿厂)现有基础设施加工Tamarack矿石，以'大幅降低前期资本开支和融资需求'，故放弃在北达科他州新建独立加工厂的原计划；公司称将于2026年底完成利用Humboldt Mill方案的可行性研究，原1.148亿美元DOE拨款能否转用于Humboldt方案尚存不确定性。,,,,,,,,,明尼苏达州Tamarack镍-铜-钴项目(Talon Metals与力拓Rio Tinto合资勘探，具体权益结构本研究未详细核实),该项目原计划为Talon Metals明尼苏达州Tamarack镍矿(尚处环评许可阶段，未获采矿许可)配套建设专用矿物加工厂，选址北达科他州，总投资约4.33亿美元，2023年获美国能源部1.148亿美元资金支持，被视为拜登政府关键矿产供应链本土化战略的代表性项目之一。2026年1月Talon以约合理价格从Lundin Mining收购密歇根州Eagle矿及配套Humboldt Mill(原铁矿选矿厂，现为Eagle矿硫化镍铜精矿加工设施)，形成'一个美国镍铜多资产平台'。基于Humboldt Mill已具备成熟运营团队、环保合规记录及现成基础设施，2026年9月11日Talon宣布放弃北达科他州新建加工厂的计划，转而评估将Tamarack矿石运至Humboldt Mill加工的可行性(研究预计2026年底完成)，若采用该方案预计2029年前后开工、2031年前后投产。原北达科他项目正式列为'项目中止(未建成)'；需注意：Humboldt Mill本身目前仅承担选矿(浮选精矿)功能，是否会同步新建化学冶炼/湿法精炼环节尚未公开确认，属于本清单收录标准('纯选矿'不收录)的边界情形，建议后续跟踪其可行性研究结果。,,确认,R3已核实：northernminer.com 2026年9月报道确认Talon放弃北达科他Beulah选冶厂计划，改用2026年1月自Lundin收购的密歇根Humboldt选厂处理Tamarack矿石。,,,,,,,,,,,,R1-区域普查,https://www.northernminer.com/news/talon-drops-plan-to-build-north-dakota-mill-for-tamarack/1003894791/,"https://www.northernminer.com/news/talon-drops-plan-to-build-north-dakota-mill-for-tamarack/1003894791/
https://www.mesabitribune.com/news/local/talon-metals-shifts-minerals-processing-to-u-p/article_680c2e24-2c50-4bae-aa0e-dea5d7e00796.html
https://talonmetals.com/talon-metals-battery-minerals-processing-facility-selected-by-us-department-of-energy-for-114-million-in-bipartisan-infrastructure-law-funding/
https://talonmetals.com/talon-metals-to-acquire-lundin-minings-eagle-mine-humboldt-mill-operations-creating-a-multi-asset-u-s-nickel-copper-company/
https://www.northernminer.com/"
NI-120,GL120,北美,美国,United States,佐治亚州 Bryan County (Richmond Hill / Belfast Commerce Park),西温元素公司佐治亚州布莱恩县镍精炼厂（拟议中）,Westwin Elements Bryan County Nickel Refinery (proposed),"Westwin Elements, Inc.(拟议中，尚未落地)","2026年1月Westwin Elements向佐治亚州Bryan County发展管理局(Development Authority of Bryan County, DABC)提出在Belfast Commerce Park建设商业化规模镍精炼厂，申请通过发展管理局发行2.3亿美元债券融资 → 原定3月10日的债券表决因公众强烈反对被移出2月议程，截至本研究完成尚未获批",羰基法,混合,规划：羰基镍(及可能的钴产品),,公开报道仅称规模'显著大于俄克拉荷马州劳顿中试厂(200吨/年)'，未披露具体设计产能数字。,,规划中或可研,2026,2026,,,,,,,,,,不详(未见具体原料矿山/供应来源的公开确认信息),继俄克拉荷马州劳顿大规模商业化炼厂计划受挫后，Westwin Elements于2026年1月转向佐治亚州Bryan County提出新的选址方案，拟在Belfast Commerce Park建设采用相同羰基法工艺的商业化规模镍(钴)精炼厂，并寻求通过当地发展管理局发行总额2.3亿美元的债券融资。该提案自公布后引发当地居民对羰基镍毒性(镍羰基液体接触空气即转化为剧毒气体)及公司在俄克拉荷马州运营记录与诉讼纠纷的强烈担忧，原定2026年3月10日的债券表决被移出2月议程，1月底公司召开镇民大会解释项目。截至本研究完成(2026年9月)，该项目仍处于早期争议阶段，尚未获得最终审批或开工，其未来走向存在较大不确定性。,未能找到直接证实或证伪协调员所述“商业化工厂计划于2025年12月被放弃”这一具体说法的报道。2026年1月的BRN-Westwin承购协议（见Lawton记录）显示Westwin仍在积极锁定原料供应以支持其精炼产能扩张，但该协议未点名Bryan County选址，无法确认该特定选址计划是否仍然有效。 【R3】补充确认(thecurrentga.org，2026-01-30更新)：项目仍处于规划阶段但遭遇重大阻力——布莱恩县发展管理局(DABC)原定就2.3亿美元债券发行进行表决，在公众强烈反对后，DABC主席明确表态'不在2月议程上'且当前不适合就该激励措施进行表决；县级专员已与项目保持距离并公开表达环境风险担忧；Westwin对县专员会主席Carter Infinger发出法律威胁(县法律顾问以言论自由权反驳)；另有多起涉及Westwin的俄克拉荷马州联邦法院诉讼未决；环保团体对选址临近水道及使用剧毒羰基镍工艺表示担忧。结论：项目'搁置待社区与政府进一步审查'，既未正式取消也未获批准推进，未能证实协调员所称'2025年12月被放弃'的具体说法(本轮未查到该说法的原始出处，也未查到2026年中至9月的更新)。 【R4-未能核实】公司及媒体报道(thecurrentga.org)仅称拟建产能'显著大于俄克拉荷马州劳顿中试厂(200吨/年)'，未披露具体设计产能吨位数字；公司官网新闻页面(westwinelements.com/press-releases、/news)均返回404，无法直接核实最新进展。截至本轮研究，该项目仍处于债券审批受阻的早期争议阶段，未获得新的产能披露。,可能,,,,,,,,,,,,,R1-区域普查,https://thecurrentga.org/2026/01/30/nickel-refinery-seeks-bryan-support/,"https://thecurrentga.org/2026/01/30/nickel-refinery-seeks-bryan-support/
https://news.smm.cn/live/detail/103732371"
NI-121,GL121,拉美与加勒比,危地马拉,Guatemala,"伊萨瓦尔省埃尔埃斯托尔 (El Estor, Izabal)",菲尼克斯镍项目（普罗尼科镍铁厂，原EXMIBAL/Inco矿）,"Fenix Nickel Project (Pronico ferronickel plant / CGN mine, formerly Exmibal/Inco)",Fenix Nickel Company LLC（纽约，2025-26年重组后母公司）；矿山运营主体Fenix Minerales S.A.（原CGN），冶炼主体Fenix Metales S.A.（原Pronico）,"1960年代Inco勘探/1954年美国支持政变后取得矿权 → 通过子公司Eximbal于1977年投产 → 1980年停产进入保养维护(24年)→ 2004年加拿大Skye Resources收购 → 2008年Hudbay Minerals收购Skye,更名CGN → 2011年瑞士/俄资Solway Investment Group以约1.7亿美元收购,矿山CGN+冶炼Pronico → 2014年Pronico镍铁厂投产 → 2022年11月遭美国OFAC制裁 → 2024年1月制裁解除 → 2025-26年重组为Fenix Nickel Company LLC(纽约总部),CGN更名Fenix Minerales,Pronico更名Fenix Metales",RKEF镍铁,红土矿(腐殖土),镍铁,25000,"多来源一致：INSG 2021、危地马拉本地媒体、Solway官网均给出25,000吨镍/年铭牌产能（2011年Solway收购后按此规模改造，原计划2014年中投产）。USGS Minerals Yearbook交叉确认：1977年EXMIBAL原始投产时设计产能仅11,300吨/年（约75%为镍锍形态，而非纯镍铁），远低于现规模，说明2011年后的Solway改造是产能大幅跃升而非简单复产。",1977,在产,2026,2026,,17000,2026,,,0,0,17000,【R4】Prensa Libre(2026年5月19日报道)及Fenix Nickel Company自身表述确认：受2022年11月美国OFAC制裁影响，该厂已于2023年3月起暂停运营('suspended temporarily their operations in March 2023')，此后母公司(原Solway)投入约7000万美元用于设施保养维护(preservation)，直至2026年3-5月熔炉重启、投料生产。据此，2024年及2025年全年镍铁产量为0。 | 厂级（沿用目标文件基线2026年数据；本轮未查到新数据）,自有伊萨瓦尔省矿区，矿石储量3610万吨（品位1.86%），另有7000万吨额外资源量,"1977年由加拿大Inco通过Eximbal子公司投产（设计产能仅11,300吨/年，约75%为镍锍形态；1977-1980年实际处理腐殖土矿约60.4万吨/年，品位2.12%），**1980年11月因国际油价高企叠加镍价低迷、经济性丧失而停产封存，进入长达24年的保养维护状态**（USGS Minerals Yearbook交叉确认关闭具体原因）。2004-2011年间历经Skye Resources、Hudbay Minerals两任加拿大业主，期间发生2006-2007年强制驱逐原住民（含性暴力指控）及2009年9月保安枪杀社区领袖Adolfo Ich Chamán等严重人权事件。2011年Solway Investment Group收购后大幅改造升级设计产能至25,000吨/年镍铁，原计划2014年中投产，实际2014年建成投产。2019年危地马拉宪法法院曾以未履行原住民协商程序为由裁定暂停采矿许可证，后被能矿部/上级程序推翻裁决允许复产。2022年11月因人权/环境问题遭美国OFAC制裁（CGN、Pronico两子公司），2024年1月解除制裁，2025-2026年斥资约8500万美元推进设备现代化与电力基础设施改造（含2400万美元新建230千伏变电站，从自备电源转为接入国家电网），2026年3-5月熔炼炉重新点火恢复生产，5月15日实现制裁解除后首船镍铁出口（约1200吨，发往台湾）。因电力供应仍未达标（现有50兆瓦/目标120兆瓦），2026年全年产量预计约1.7万吨镍（镍铁形态），对应约160万吨矿石处理量；现雇员1400人（80%本地），满产目标1800人。母公司架构已从瑞士Solway Investment GmbH转为纽约总部Fenix Nickel Company LLC，CGN、Pronico分别更名为Fenix Minerales S.A.、Fenix Metales S.A.，统一以""Fenix Nickel""品牌运营。危地马拉境内另有Cunico Resources（Guaxilan子公司）持牌的Sechol/Montufar及Cerro Colorado两个矿权项目，仅产矿石未见冶炼设施，按普查规则排除；""Mayaníquel""出口型企业具体运营状态未能核实，存疑。","两次专门检索均未能找到危地马拉Fenix/Pronico镍铁项目的相关报道，搜索结果被同名但无关的澳大利亚铁矿石上市公司Fenix Resources Limited（西澳Beebyn-W11/Iron Ridge/Shine项目）持续挤占。协调员提出的“2026年5月复产”说法未能核实，也未能证伪。 【R3】重要更新（Prensa Libre原文核实）：熔炉已于2026年3月下旬重启，5月起投料生产，2026年5月15日在新公司架构下完成首批出口(约1,200吨镍铁运往中国台湾)，采矿作业于2026年6月恢复。目前受限于电力供应(现有50兆瓦，目标近期提升至75兆瓦，满负荷需120兆瓦)，产能利用率不足。公司预计2026年全年处理矿石约160万吨、产出含镍量约17,000吨，2027年后目标年产25,000吨。 【R4】补充确认停产区间：2022年制裁前该厂年化产出约2.2万-2.5万吨含镍量(prensacomunitaria.org 2026年5月报道口径，为历史运营速率描述，非单一确切数字，未计入prod_2022字段)；2023年3月起完全停产，2024-2025年全年产量为0，2026年3月底重启熔炉、5月正式投料并完成首船对台出口(与既有master记录一致，本轮进一步确认停产的确切起始月份为2023年3月)。危地马拉能矿部官网(mem.gob.gt及/estadisticas/子页面)本轮均返回403错误无法访问，未能取得官方矿业统计口径的交叉验证，但不影响基于Prensa Libre一手报道的结论。",确认,"R3定案：确认：危地马拉Fenix/Pronico镍铁厂已于2026年3月底重启熔炼、5月投料生产并完成首批对台出口，目前受电力瓶颈制约产能利用率，预计2027年后达到25,000吨/年满产目标——协调员提出的'2026年5月复产'说法基本属实（准确时点为3月底重启熔炉、5月正式投料/首次出口）。；",,,"RKEF镍铁产线，具体炉数/单炉MW未在公开资料中独立核实；配套自备电厂初期限值75MW（""新建电厂，计划提升至设计产能""），2018年K-8、K-2锅炉进行升级改造（Solway官网披露，未注明发电机组台数）。",镍铁（现代化RKEF产出，具体品位未独立核实；1977年Inco/Eximbal原始设计约75%为镍锍形态，与现行RKEF镍铁工艺不可比）。,自有伊萨瓦尔省矿区，证实储量3610万吨（品位1.86% Ni），另有7000万吨许可区内额外资源量；现行处理品位下限（cut-off）约1.6% Ni（Solway官网）；历史上1977-1980年实际处理腐殖土矿约60.4万吨/年，入炉品位2.12% Ni。,"自备电厂，初期功率限值75MW（Solway称""新建""，暗示尚未达设计产能）；2018年K-8/K-2锅炉升级；任务简报提及2026年电力瓶颈，本次研究未能独立核实该具体说法。",,1936,"1977年Inco通过Eximbal投产（设计11,300吨/年，~75%镍锍）→1980年11月停产（油价高企+镍价低迷）→2004-2011年Skye Resources/Hudbay Minerals两任加拿大业主（期间发生严重人权事件）→2011年后Solway/CGN-Pronico体系接手→2014年5月现代化RKEF复产→2018年电厂/锅炉升级→2025-2026年重组为Fenix Nickel Company LLC并据简报报道于2026年重启运营。",Fenix Nickel Company LLC（纽约，2025-26年重组后母公司）；矿山运营主体Fenix Minerales S.A.（原CGN）；冶炼主体Fenix Metales S.A.（原Pronico）；持股细节未披露。,中,R1-区域普查,https://en.wikipedia.org/wiki/Fenix_Nickel_Project,"https://en.wikipedia.org/wiki/Fenix_Nickel_Project
https://www.prensalibre.com/economia/fenix-nickel-reinicia-operaciones-en-izabal-inversiones-produccion-y-exportaciones-definen-ruta/
https://prensacomunitaria.org/2026/05/fenix-nickel-reactiva-operaciones-en-el-estor-pese-a-consultas-comunitarias-pendientes/
https://www.miningreporters.com/noticia/news/2026/01/solway-restart-guatemala-nickel-pronico-cgn-price-surge-2026
https://www.guatemalasolidarityproject.org/resistance-to-fenix-mine/
https://solwaygroup.com/our-business/fenix-project-guatemala/
https://insg.org/wp-content/uploads/2021/04/INSG_Insight_35_Nickel_in_Latin_America_and_the_Caribbean_2021.pdf
https://pronico.gt/nosotros/
https://mineriaenlinea.com/2026/01/solway-reactivara-planta-de-ferroniquel-en-guatemala-tras-repunte-del-niquel/"
NI-122,GL122,拉美与加勒比,古巴,Cuba,"奥尔金省尼卡罗 (Nicaro, Holguín)",尼卡罗镍厂（雷内·拉莫斯·拉图尔镍厂）,Nicaro Nickel Plant (Comandante René Ramos Latour),Cubaníquel（古巴国营企业）100%（末任业主，已关闭）,1943年美国政府/Nicaro Nickel Company（Freeport Sulphur运营）建设 → 1960年古巴革命政府国有化，并入国营Cubaníquel体系,Caron氨浸+氧化镍焙烧/烧结,红土矿(腐殖土),氧化镍,15000,"INSG统计给出15,000吨镍/年铭牌产能；USGS 2005年鉴给出约12,400吨镍/年（不同年份/口径，两者均保留，未调和）。",1943,永久关闭,2012,2012,设备老化、能耗过高、经济性差；运营超70年后于2012年底关闭,,,,,,,,,自有红土矿区（奥尔金省尼卡罗-摩阿地区）,"古巴（及拉美）最早的红土镍处理厂，1943年为美国二战军工镍供应项目而建；1960年古巴政府将外资资产国有化，长期由苏联/东欧技术援助维持运营；2012年底因老化和经济性问题永久关闭，是古巴最老的镍厂（运营超70年）。 补充：USGS Minerals Yearbook 1994年版仅提及该厂为古巴另两座""不属于Sherritt合资""的加工厂之一（与Punta Gorda并列），未给出产能数字；1997年及以后版本均未再提及，说明该厂在国际统计口径中长期处于""背景信息不足""状态，与其2012年关闭前逐步边缘化的实际情况相符。",,,,,,,,,,,,,,,R1-区域普查,https://www.woodmac.com/reports/metals-nicaro-closed-nickel-operation-15929805/,"https://www.woodmac.com/reports/metals-nicaro-closed-nickel-operation-15929805/
https://d9-wret.s3.us-west-2.amazonaws.com/assets/palladium/production/mineral-pubs/country/2005/cumyb05.pdf
https://insg.org/wp-content/uploads/2021/04/INSG_Insight_35_Nickel_in_Latin_America_and_the_Caribbean_2021.pdf"
NI-123,GL123,拉美与加勒比,古巴,Cuba,"奥尔金省摩阿 (Moa, Holguín)",莫阿镍厂（佩德罗·索托·阿尔瓦厂）,Moa Nickel S.A. – Pedro Sotto Alba Plant,Moa Nickel S.A.（Cubaníquel/通用镍业公司50% + Sherritt International 50%，Sherritt 2026年陷入财务重组，最终控制权待定）,1959年老厂初建 → 1994年起Sherritt International与古巴政府合资运营（各50%）→ 2025年完成第二期扩建（第6条浸出线）→ 2026年Sherritt财务危机中，Gillon Capital认股权证方案与债券持有人重组方案竞争，尚无定论,HPAL,红土矿(褐铁矿),混合硫化物(MSP，镍钴中间品，运往加拿大Fort Saskatchewan精炼为电解镍/钴),35000,"INSG 2020年铭牌35,000吨/年，当年产量34,100吨（近满产）；USGS 2005年数据约33,000吨/年，另有2005年提出的扩建计划（+16,000吨/年，目标2008年建成）。**USGS Minerals Yearbook交叉确认另一显著更高口径：1997年产26,512吨，到2006年版设计产能已升至49,000吨/年**——该49,000吨口径远高于INSG 2020年的35,000吨铭牌，两者相差约40%，可能反映（a）2006年为纸面/规划设计产能而非实际达产水平，或（b）2008年金融危机后镍价暴跌导致产能利用率长期低于设计值，或（c）统计口径差异（如是否含Sherritt及古巴双方各自权益）。本记录未能进一步调和，两口径均列出供报告撰写人交叉核实。2025年10月完成的第二期扩建（第6条浸出线）预计再提升合资公司镍钴产量约20%，但2025年实际因古巴能源危机等因素下调至25,000-26,000吨（Sherritt报告口径，可能为权益/合并口径不完全清晰，见备注）。",1959,停产(可复产),2026,2026,,26000,2025,32268,28672,30332,25240,6408,"Sherritt-Moa联合企业(Moa JV，Sherritt 50%+古巴国有通用镍业公司50%)成品镍产量，100%基础(company-wide, not attributable share)。该数字为古巴Moa矿产出的混合硫化镍钴中间品(MSP)运至加拿大Fort Saskatchewan精炼厂加工后的成品镍(finished nickel)产量，按任务要求同时归入Moa矿(NI-123，代表其MSP原料贡献)与Fort Saskatchewan精炼厂(NI-103，代表实际成品产出厂址)两条记录。2025年数(25,240t)与既有基线(26,000t)存在约3%的小幅差异，本轮采用公司2025年度业绩公告的官方数字25,240t。2026年6月22日起因古巴国内燃料短缺导致原料库存耗尽，Fort Saskatchewan精炼厂已全面停产(金属精炼业务暂停，化肥/硫酸业务继续)，2026H1产量6,408吨已反映此冲击。",自有摩阿地区红土矿（占全球镍钴储量约34%的摩阿-巴拉科阿地区一部分）,"1959年建成，是古巴最重要的在产镍厂之一；产出的混合硫化物需海运至加拿大Sherritt旗下Fort Saskatchewan精炼厂（不在拉美，未单列记录）精炼。USGS Minerals Yearbook显示设计产能历年大幅调整：1997年产26,512吨，2006年版设计产能已达49,000吨/年（与INSG 2020年35,000吨铭牌存在显著差异，详见capacity_note）。2025年完成新一轮扩建（第6条浸出线），但同年因古巴全国电力危机、飓风Melissa、氢气供应中断等多重冲击被迫下调产量指引；2026年2月因燃油短缺一度计划暂停采矿加工；2026年8月美国OFAC对古巴国营镍企加码制裁；同期Sherritt自身陷入债务重组困境（Gillon Capital vs 债券持有人两套方案竞争），截至2026年7月尚无一方正式接管Moa运营，中国技术设备（如增稠器）2026年4月起开始进入古巴镍产业链。",较round-1的“减产或部分停产”进一步恶化：2025年7月Sherritt因古巴营商环境恶化下调2025年精镍指引至2.7-2.9万吨（原3.1-3.3万吨），但Moa二期扩建（新增第6条浸出线）进入最终调试；2026年2月古巴燃料短缺迫使Sherritt缩减/暂停Moa采矿与加工作业；2026年5月美国扩大对古巴制裁并直接点名Moa Nickel S.A.合资企业（认定其“为政权利益开发古巴自然资源”），Sherritt随即暂停在古巴的直接运营并开始撤离外籍员工；5月19-20日Sherritt搁置此前拟正式解散/放弃该JV的计划，转为评估“保值方案”；截至8月，嘉能可支持的财团正竞购Sherritt控制权以图重启Moa并建立合规供应链，尚无最终交易获批。,确认,状态由「减产或部分停产」更新为「停产(可复产)」（R2核实）；,Sherritt-Moa-FortSask,中间品,HPAL：1961年建成世界第一座商业化HPAL工厂，至今仍在运营；主要工序为矿浆制备→高压酸浸→逆流倾析洗涤→中和→硫化沉淀（NI 43-101技术报告，2019）。具体高压釜/浸出线数量公开资料未披露；原JSON记录称2025年新增第6条浸出线（引自Sherritt 2025Q3报告，本次未独立复核）。,混合硫化物(MSP)，镍钴中间品，以粉末或压块形态运往加拿大Fort Saskatchewan精炼。,摩阿地区自有红土矿，露天开采，矿山寿命约25年（Sherritt官网）；50/50合资General Nickel Company (GNC，古巴国企)。任务简报所提1.1-1.3% Ni入选品位本次未独立核实。,未在可获取公开资料中找到具体自备电厂/电网构成数据；2025-2026年古巴全国电力危机、飓风Melissa、氢气供应中断等因素冲击运营（原JSON已引用信源）。,"Sherritt集团""Metals""板块（Moa+Fort Saskatchewan合并口径，非Moa单体）净直接现金成本(NDCC)：2024年Q3 US$5.16/lb（同比2023Q3的US$7.24/lb改善29%）；2024年前三季度US$6.10/lb；2024全年指引US$5.50-6.00/lb（Sherritt 2024Q3业绩公告）。注：该口径包含Fort Saskatchewan精炼环节，不可直接等同于Moa矿山/HPAL环节单体成本。",,1959年建成；1961年建成世界首座HPAL厂；50/50合资架构长期维持（Sherritt/GNC）；2025年据Sherritt披露完成新一轮浸出线扩建（第6条线）；2025-2026年受古巴电力/燃油危机、飓风冲击被迫下调产量指引；2026年8月美国OFAC制裁。,"Moa Nickel S.A. = Sherritt International 50% + General Nickel Company S.A.(Cubaniquel) 50%；下游Fort Saskatchewan精炼厂100%归Sherritt所有，合计设计产能约38,200吨/年镍+钴(100%基础)，配套硫酸铵化肥厂产能约190,000吨/年（Sherritt官网）。",中,R1-区域普查,https://sherritt.com/sherritt-reports-third-quarter-2025-results-moa-jv-expansion-complete-phase-two-ramp-up-advancing/,"https://sherritt.com/sherritt-reports-third-quarter-2025-results-moa-jv-expansion-complete-phase-two-ramp-up-advancing/
https://www.bloomberg.com/news/articles/2026-02-17/cuba-fuel-squeeze-to-shutter-nickel-cobalt-mining-sherritt-says
https://discoveryalert.com/sherritt-rival-rescue-plan-cuba-nickel-cobalt-debt-2026/
https://d9-wret.s3.us-west-2.amazonaws.com/assets/palladium/production/mineral-pubs/country/2005/cumyb05.pdf
https://insg.org/wp-content/uploads/2021/04/INSG_Insight_35_Nickel_in_Latin_America_and_the_Caribbean_2021.pdf
https://dialogo-americas.com/articles/china-strengthens-its-influence-in-cubas-strategic-nickel-sector/
https://news.smm.cn/live/detail/103772134
https://news.smm.cn/live/detail/103891670
https://news.smm.cn/news/103910713
https://news.smm.cn/live/detail/104054057
https://sherritt.com/wp-content/uploads/2025/04/Sherritt-Intl_ANNUAL-REPORT-FINAL.pdf
https://sherritt.com/wp-content/uploads/2024/12/2023-sherritt-_-annual-report.pdf
https://sherritt.com/wp-content/uploads/2025/04/2023-01-23-Sherritt-2022-production-results-2023-Guidance-FINAL.pdf
https://finance.yahoo.com/news/sherritt-reports-2025-production-results-120000430.html
https://sherritt.com/sherritt-reports-second-quarter-2026-results/
https://sherritt.com/operations/metals/
https://s2.q4cdn.com/343762060/files/doc_downloads/2019/Sherritt-Moa-43-101-Technical-Report-Final.pdf
https://www.businesswire.com/news/home/20241029102650/en/Sherritt-Reports-Third-Quarter-2024-Results-Strong-Operational-Performance-at-Metals-with-Significant-Improvements-to-Net-Direct-Cash-Costs-Increased-Available-Liquidity-in-Canada"
NI-124,GL124,拉美与加勒比,古巴,Cuba,"奥尔金省蓬塔戈尔达 (Punta Gorda, Holguín)",蓬塔戈尔达镍厂（切·格瓦拉镍厂）,Ernesto Che Guevara Nickel Plant (Punta Gorda),"Empresa Niquelífera ""Comandante Ernesto Che Guevara""（古巴国营）100%",1986年苏联援建投产，始终由古巴国营企业运营；2026年8月被美国OFAC列入制裁名单,Caron氨浸+氧化镍焙烧/烧结,红土矿(腐殖土),氧化镍,31000,"R4：USGS Minerals Yearbook 2023年版(Cuba chapter)Table 2独立交叉确认：Punta Gorda(Ernesto Che Guevara)镍冶炼厂设计产能31,000吨镍/年、钴冶炼产能600吨钴/年，与既有记录(31,000吨镍/年)完全一致，产能数字予以重新确认(未变化)。 | USGS 2005年数据31,500吨/年；INSG 2020年铭牌31,000吨/年（当年产量14,800吨，产能利用率不足50%）；另有信源称设计产能""超过3万吨""。",1986,减产或部分停产,2026,2026,,20000,2025,,,,20000,,"ONEI/USGS Minerals Yearbook仅披露古巴全国镍(+钴)矿山产量合计，未按Moa Nickel S.A.与Ernesto Che Guevara(Punta Gorda)拆分。全国镍矿产量(Ni content)：2021=46,800t，2022=46,200t，2023=43,000t(USGS Minerals Yearbook)。已知2022年Sherritt-Moa JV对应的加拿大精炼成品镍为32,268吨(100%基础，见NI-123)，隐含Punta Gorda及其他份额约为全国总量与之差额，但因原料/成品口径不同，无法精确反推单厂数字，故未拆分填入。",自有奥尔金省红土矿区,"苏联援建的第二代古巴镍厂，约占古巴镍钴总产量25%。2025年产量已降至""不足2万吨""（原设计产能超3万吨）；2026年8月20日被美国财政部OFAC列入制裁名单（""entidad íntegramente gestionada por el Estado cubano""）；经济学家Ricardo Torres认为随两大在产古巴镍厂（本厂+摩阿）均遭制裁，古巴镍工业已""完全瘫痪""，复产依赖美方批准；2026年4月起厂内开始安装中国供应的浓缩增稠器等设备以提升浸出回收效率。同样受2025-26年古巴全国电力/燃油危机冲击，未见2026年内官方宣布永久关闭的报道，故按""减产""而非""关闭""处理。 补充：USGS Minerals Yearbook 1994年版同样仅提及厂名，未给出工艺细节或产能数字。","未找到Punta Gorda厂本身2025-2026年度的具体经营数据；仅确认更广泛的古巴能源危机背景（如2026年8月3日24小时内两次全国停电）及古巴镍/高冰镍出口收入从2021年7.88亿美元降至2024年8,860万美元。round-1记录（减产或部分停产）未获厂级证实或推翻。 【R4】本轮尝试通过古巴国家统计局ONEI(onei.gob.cu，矿业与能源统计年鉴2024版)获取Punta Gorda厂级2024-2025年产量拆分数据，但该网站在代理环境下多次连接超时(ConnectTimeout)，未能访问其PDF文件，为网络可达性限制而非搜索遗漏。USGS 2023年版Cuba章节亦确认：ONEI/USGS口径均只披露古巴全国镍矿产量(2021=46,800t、2022=46,200t、2023=43,000t)，未按Moa Nickel与Ernesto Che Guevara两厂拆分，与既有记录结论一致。厂级产能数字(31,000吨镍/年)已通过USGS 2023版独立重新验证确认，但2024-2025年度厂级产量拆分仍是行业公开数据的真实空白，未获额外突破。 【R5-未能核实】确认古巴两家运营实体为'Pedro Sotto Alba'(与加拿大Sherritt International合资)及'Ernesto Che Guevara'(古巴国有独资)，但检索到的中文/西语来源均未使用'Punta Gorda'这一名称拆分产量(该名称疑为Che Guevara联合企业内部子厂区)；ONEI《2024年古巴统计年鉴》制造业章节PDF已定位但受预算限制未深入抓取，建议下一轮直接解析该PDF获取分厂数据。",可能,,,,Caron法：还原焙烧回转窑（数量未能在公开可及资料中核实，Wood Mackenzie付费报告涉及但内容受限）+ 氨浸车间。,氧化镍（原JSON口径）。,自有奥尔金省红土矿区，未查到具体品位/年处理量数据。,未查到具体信息；同样受2025-2026年古巴全国电力/燃油危机冲击。,,,"苏联援建的古巴第二代镍厂；2025年产量降至""不足2万吨""（原设计产能超3万吨）；2026年8月20日列入美国OFAC制裁名单；2026年4月起安装中国供应浓缩增稠器等设备以提升浸出回收效率（原JSON信源）。本次研究未能找到关于还原窑具体数量、氨浸系统规模的独立技术文献，为明确缺口。","Empresa Niquelífera ""Comandante Ernesto Che Guevara""（古巴国营）100%。",低,R1-区域普查,https://diariodecuba.com/economia/1787397937_68577.html,"https://diariodecuba.com/economia/1787397937_68577.html
https://d9-wret.s3.us-west-2.amazonaws.com/assets/palladium/production/mineral-pubs/country/2005/cumyb05.pdf
https://insg.org/wp-content/uploads/2021/04/INSG_Insight_35_Nickel_in_Latin_America_and_the_Caribbean_2021.pdf
https://www.woodmac.com/reports/metals-punta-gorda-nickel-operation-15920389/
https://dialogo-americas.com/articles/china-strengthens-its-influence-in-cubas-strategic-nickel-sector/
https://news.smm.cn/live/detail/104056569
https://pubs.usgs.gov/myb/vol3/2023/myb3-2023-cuba.pdf
https://pubs.usgs.gov/myb/vol3/2022/myb3-2022-cuba.pdf
https://oncubanews.com/cuba/economia/industria-cubana-del-niquel-cerro-a-media-maquina-2024/
https://www.onei.gob.cu/sites/default/files/publicaciones/2025-07/11-industria-manufacturera_aec2024_0.pdf"
NI-125,GL125,拉美与加勒比,古巴,Cuba,马坦萨斯省 (Matanzas),拉斯卡马里奥卡斯镍厂（卡米洛·西恩富戈斯镍厂，未完工）,"Las Camariocas Plant (Comandante Camilo Cienfuegos, unfinished)",古巴国营（未完工，2004年曾拟与中国五矿组建51%/49%合资公司改造续建，项目未完成，现状不明）,苏联时期规划/部分建设，苏联解体后资金中断长期未完工 → 2004年中古宣布拟合资（中国五矿49%）改造续建，计划投资逾5亿美元，该项目此后未见完工报道,其它(工艺路线未公开),红土矿,无（未建成投产）,22500,"2004年中古合资计划的目标产能为22,500吨镍/年（未实现）。",,项目中止(未建成),2005,2005,苏联解体导致原始建设资金中断；2004年中国五矿合资改造计划亦未完工（具体终止原因及是否正式终止未见披露）,,,,,,,,,马坦萨斯省红土矿（具体矿区名称未确认）,"古巴计划中的第四座国家级镍厂，苏联时期开工建设但未完工，遗留半成品厂房。2004年中国与古巴签署联合投资协议（逾5亿美元，五矿49%股权，15年偿还期），拟利用既有（""老旧苏联式技术""）厂房续建，但该项目从未完工。截至2026年未发现该项目复工或建成投产的确凿证据，2026年4月的中国对古镍业设备供应新闻仅涉及切·格瓦拉厂，未提及本厂复工，2004年中方JV是否已正式终止亦不明确，存疑。",,,,,,,,,,,,,,,R1-区域普查,https://dialogo-americas.com/articles/china-strengthens-its-influence-in-cubas-strategic-nickel-sector/,"https://dialogo-americas.com/articles/china-strengthens-its-influence-in-cubas-strategic-nickel-sector/
https://d9-wret.s3.us-west-2.amazonaws.com/assets/palladium/production/mineral-pubs/country/2005/cumyb05.pdf"
NI-126,GL126,拉美与加勒比,古巴,Cuba,卡马圭省 (Camagüey),圣费利佩镍项目（规划，卡马圭省）,San Felipe Nickel Project (planned),不详（2005年计划中的中古合资项目，此后无进展报道）,2005年USGS年鉴记载的中古合资规划项目，此后20年未见任何公开进展,其它(工艺路线未公开),红土矿,无（未见建成证据）,50000,"2005年规划目标产能50,000吨镍/年，计划投资13亿美元；此后未见任何更新，产能数字仅为2005年时点的规划设想，极可能已长期搁置。",,不详,2005,2005,,,,,,,,,,卡马圭省红土镍矿（具体矿区名称未确认）,"2005年USGS《Cuba Minerals Yearbook》记载的中古合资规划项目，计划产能5万吨镍/年、投资13亿美元。本轮研究未找到2006年之后关于该项目任何进展的公开报道，很可能已长期搁置或从未真正启动建设，按普查""宁可多收、不要漏""原则保留为存疑记录。",未找到2025-2026年度相关更新。 【R4-未能核实】该项目位于古巴卡马圭省(Camagüey)。本轮尝试通过古巴国家统计局ONEI核实(与NI-124共用同一尝试：onei.gob.cu矿业与能源统计年鉴PDF因网络连接超时未能读取)，一般检索亦未找到2006年USGS记载之后任何关于San Felipe镍项目的公开进展报道，与既有记录结论一致，维持'不详'状态不变，未做推测性更新。,未能核实,,,,,,,,,,,,,R1-区域普查,https://d9-wret.s3.us-west-2.amazonaws.com/assets/palladium/production/mineral-pubs/country/2005/cumyb05.pdf,"https://d9-wret.s3.us-west-2.amazonaws.com/assets/palladium/production/mineral-pubs/country/2005/cumyb05.pdf
https://www.onei.gob.cu (尝试访问，2025-07发布矿业与能源统计年鉴PDF，ConnectTimeout未能读取)"
NI-127,GL127,拉美与加勒比,哥伦比亚,Colombia,"科尔多瓦省蒙特利巴诺 (Montelíbano, Córdoba Department)",塞罗马托索镍铁厂,Cerro Matoso Ferronickel Mine and Smelter,CoreX Holding (Yildirim Group),1940年矿床发现，1980年开始采矿 → 1982年由哥伦比亚政府+BHP+Hanna Mining Company联合体投产 → 历经Shell、Billiton阶段性参股 → BHP Billiton长期控股 → 2015年5月BHP分拆独立上市为South32 → 2025年7月7日South32与CoreX Holding达成协议出售，交易已完成,RKEF镍铁,红土矿,镍铁,55000,"INSG 2020年数据铭牌55,000吨镍/年；USGS Minerals Yearbook交叉确认：1997年产25,171吨（第一条线），**2001年第二条生产线投产，两线合计设计产能达55,000吨/年**（与INSG口径吻合，确认55,000吨为两线合计铭牌）；Wikipedia引用的历史实际产量为2008财年41,800吨、2014年41,000吨，低于两线合计铭牌（推测反映矿石品位下降/产能利用率不足）。",1982,减产或部分停产,2026,2026,,40185,2024,,40800,40185,,,"【R4】哥伦比亚国家矿业局(Agencia Nacional de Minería, ANM/SIMCO)官方《镍情况说明书》(Fact Sheet Nickel, 2025年12月版)：2023年产88,591,964磅≈40,185吨镍(注：此处经核对为2024年数字，见下)。原文表格：2023年=85,336,638磅≈38,708吨镍；2024年=88,591,964磅≈40,185吨镍(均为日历年、按磅换算吨，1磅=0.45359237千克)。该口径与South32财年口径(FY2023=40,800吨)存在方法论差异(日历年vs财年七月制)，两者量级接近但不完全可比，均予保留。2025年数据該情况说明书未披露(数据截止2025年9月30日，为初步/待定数字，未含全年)。 | Payable Ni, South32 fiscal year (FY2023 = Jul2022-Jun2023, ending-year label). FY2023 actual confirmed as a comparator figure inside South32's Dec-2023 quarterly report; that same report shows Q2 FY2024 (Oct-Dec 2023) = 10.0kt and H1 FY2024 cumulative = 18.3kt (context, not entered as annual figures). FY2025 had only a company GUIDANCE of 35,000t (reaffirmed mid-year; actual not confirmed) -- not entered as prod_2025 since it is not a confirmed actual. South32 sold Cerro Matoso to CoreX Holding (Yildirim Group) in a deal signed July 2025, completion expected late H1 FY2026. In July 2026, gas supplier Canacol Energy cut contracted supply 55%, forcing a 25% production cut on 1 July 2026 and suspension of one of two lines by 9 July 2026 (~50% capacity), matching/confirming the existing baseline note.",自有矿区（白垩纪橄榄岩型矿床，约4平方公里），2013年数据储量约1.08亿吨、品位0.57%，估算矿山寿命约42年，另有7.7万公顷勘探权（含Queresas & Porvenir North项目）,"哥伦比亚唯一的镍铁生产设施，1982年投产（第一条线，1997年产25,171吨）。**2001年第二条生产线投产，两线合计设计产能达55,000吨/年**（USGS Minerals Yearbook交叉确认）。2025年7月7日South32宣布将其出售给CoreX Holding子公司：名义对价加最高1亿美元或有对价（其中最高8000万美元与未来镍价（高于每吨1.5万美元触发）及产量挂钩，自完成后满一年或2027年1月起分期支付3.5年；另最高2000万美元与Queresas & Porvenir North项目未来5年许可里程碑挂钩，分四期支付）。CoreX承接几乎全部现有及未来负债（South32保留一项不重大历史索赔）。South32公告页面标题确认""Sale of Cerro Matoso complete""，交易已完成，现由CoreX运营。","2025年7月14日South32与CoreX Holding（Yildirim集团）签署具约束力协议，以最高1亿美元（含或有对价）出售Cerro Matoso，交易已完成，确认round-1记录中的股权变更；但2026年7月因供气方Canacol Energy将合同天然气供应量削减55%（至7,000 MMBtu/日），Cerro Matoso于7月1日被迫减产25%，7月9日进一步恶化——两条生产线中一条暂停，整体产能降至约50%（此前一周为75%），逾220个岗位受影响，若限气持续或全线停产。Canacol已于5月向加拿大法院申请终止包括本合同在内的多份哥伦比亚供气合同（原合同期至2029年）。此为对round-1“在产”状态的重要更新/修正。 【R4】通过哥伦比亚国家矿业局(ANM)官方情况说明书獲得2024日历年镍产量约40,185吨(88,591,964磅)，为官方统计数据，成功填补prod_2024缺口。2025年全年数据尚未发布(该情况说明书为2025年12月版但仅覆盖至2025年9月30日的初步数字，未见完整2025年度总量)，加之2026年7月因Canacol天然气供应削减导致的减产发生在2026年而非2025年，故2025年产量仍未能核实，留空。",确认,状态由「在产」更新为「减产或部分停产」（R2核实）；,,,"2条产线，各1台回转窑+1台电炉（较早期技术文献口径，标称合计产能60,000t/y、43.5%Ni镍铁，与当前55,000t铭牌存在差异，可能为历史/理论设计值）。电炉：2台圆形三电极Söderberg自焙电极炉，炉壳直径22.15m，电极直径1.8m，运行功率75MW，二次电压1080V。回转窑：1号窑6.1m×185m（进料约175干吨/小时），2号窑6.1m×135m（约165干吨/小时），均天然气加热。熔炼段能耗约420 kWh/t熟料。第二条线于2001年1月投产（Mining-Technology.com确认，产能提升至约50,000-55,000t/y）。",高纯低碳镍铁颗粒，专供不锈钢生产；品位数据来源差异：技术文献称43.5% Ni（历史/理论值），当前实际品位未独立核实。,"自有矿区（白垩纪橄榄岩型红土矿，蒙特利班诺/科尔多瓦省），矿石品位截止值(cut-off)历经从1.0%降至0.6% Ni的调整；2013年数据储量约1.08亿吨、品位0.57%，矿山寿命约42年；Wood Mackenzie摘要称其面临""矿石品位下降推高运营成本""的结构性挑战。",天然气管道供应干燥/回转窑用气（国内管道气）；电力此前通过五年期合同从国家电网采购（一份合同已于2010年底到期）；**2026年8月4日起因天然气供应持续受限，运营被压缩至约50%产能**（miningdataonline.com，2026年9月数据，为本次研究重要新发现）。,"Wood Mackenzie摘要定性表述：""历史上曾是全球成本最低的镍铁生产商""，但未给出具体数值；南32/CoreX未公开具体C1现金成本数字（相关PDF/Excel报告为付费内容，未能获取）。",,1980年开始采矿→1982年第一条线投产→2001年1月第二条线投产（产能提至50-55kt/y）→约2009年曾研究拟建第三、四条线及堆浸项目（未见后续实施证据）→2025年7月南32宣布出售给CoreX Holding（Yildirim集团）：名义对价+最高1亿美元或有对价（最高8000万美元与镍价\>1.5万美元/吨及产量挂钩，完成后满一年或2027年1月起分3.5年支付；最高2000万美元与Queresas & Porvenir North项目未来5年许可里程碑挂钩）→2025年交割完成→2026年8月起天然气供应受限，产能降至约50%。,CoreX Holding（Yildirim Group）100%（2025年自South32收购完成后）。,中,R1-区域普查,https://www.south32.net/news-media/latest-news/agreement-to-sell-cerro-matoso,"https://www.south32.net/news-media/latest-news/agreement-to-sell-cerro-matoso
https://www.south32.net/news-media/latest-news/sale-of-cerro-matoso-complete
https://www.mining.com/south32-sells-cerro-matoso-nickel-mine-as-it-looks-to-copper-and-zinc/
https://im-mining.com/2025/07/07/south32-to-sell-cerro-matoso-ferronickel-operation-to-corex-holding/
https://en.wikipedia.org/wiki/Cerro_Matoso_mine
https://insg.org/wp-content/uploads/2021/04/INSG_Insight_35_Nickel_in_Latin_America_and_the_Caribbean_2021.pdf
https://news.smm.cn/live/detail/103426451
https://news.smm.cn/news/103983112
https://news.smm.cn/news/103994958
https://www.south32.net/docs/default-source/exchange-releases/quarterly-report-december-2023-0x92c825404ffe5c37.pdf?sfvrsn=fd183dad_0
https://www.mysteel.net/news/5098735-flash-south32-reports-16-yoy-decline-in-feni-production-for-q2-2025
https://www.miningweekly.com/article/south32-sharpens-focus-on-critical-minerals-as-profit-lifts-legacy-assets-fall-away-2025-08-28
https://pdfcoffee.com/nickel-production-from-low-iron-laterite-ores-process-descriptions-4-pdf-free.html
https://www.mining-technology.com/projects/cerro-matoso/
https://miningdataonline.com/property/336/Cerro-Matoso-Mine.aspx
https://www.woodmac.com/reports/metals-cerro-matoso-nickel-operation-15922958/
https://saportalanm.blob.core.windows.net/public-files/2025-12/Fact%20Sheet%20Nickel%2011%202025.pdf"
NI-128,GL128,拉美与加勒比,多米尼加共和国,Dominican Republic,"蒙塞尼奥尔·努埃尔省博纳奥 (Bonao, Monseñor Nouel Province)",法尔康多镍铁厂（博纳奥）,Falcondo (Falconbridge Dominicana) Ferronickel Plant,"Americano Nickel Limited（Global Special Opportunities Ltd, GSOL旗下）约85.26%，Corporación Dominicana de Empresas Estatales约9.98%，其余少数股东约4.76%（末任业主，2023年起停产，处于破产清算程序）",1971年Falconbridge Ltd（加拿大）建厂商业投产 → 2006年Xstrata收购Falconbridge → 2008年金融危机镍价暴跌，2008-2011年停产保养维护 → 复产后2013年Glencore-Xstrata合并，2013-2016年再次停产 → 2015年Glencore出售给Americano Nickel Limited → 2016年复产 → 2023年骤然停产 → 2026年处于破产清算/劳资纠纷程序中,RKEF镍铁,红土矿,镍铁,32000,"INSG 2020年数据铭牌32,000吨镍/年，当年产量24,000吨。USGS Minerals Yearbook交叉确认历史产量峰值：1994年产30,800吨，1997年产32,425吨（创纪录）。",1971,停产(可复产),2023,2026,2023年骤然停产，具体直接诱因未在信源中明确说明（推测与长期镍价低迷、企业财务/破产程序相关），目前处于破产清算及劳资遣散费追讨程序中,24000,2020,,,,,,,自有博纳奥地区红土镍矿；另涉及存在争议的Loma Miranda矿权（因环保争议长期未获准开采，属矿权层面争议，本记录未单列）,"多米尼加唯一的镍铁生产设施，1971年商业投产，1994年产30,800吨、1997年产32,425吨（历史纪录产量,USGS MYB交叉确认）。历经Falconbridge→Xstrata→Glencore→Americano Nickel多轮易主，两度因镍价周期陷入停产（2008-2011、2013-2016，其中2013年由Glencore置于保养维护状态）。2023年再度""骤然停产""运营五十余年的商业生产终止，截至2026年9月仍处于破产清算程序：88名直接员工及约50名承包商工人合计追讨超9.5亿多米尼加比索遣散费，法院已授权国家基金Fonper垫付，政府作为债权人将来自资产清算中追偿。当地媒体将此形容为跨国资本""盈利期获利、转手后将环境与劳工负担转嫁给东道国政府""的模式。矿权方面，Loma Miranda矿区因环保争议（是否应划为国家公园）长期存在开发权争议，未获准开采。",两次专门检索（含破产/重组关键词）均未返回相关结果，round-1记录（停产可复产，Americano Nickel/GSOL自2023年破产重组中）未获证实或推翻。 【R3】2026年9月14日dr1.com原文核实：Falcondo仍处于破产/无力偿债程序中，自2023年骤然停产以来未见任何复产计划的公开报道。财务状况严峻：88名直接员工及约50名承包商工人被拖欠遣散费/福利合计超9.5亿多米尼加比索，多米尼加法院近期批准由国家通过代位求偿方式先行垫付，使多米尼加政府成为对Falcondo的债权人（追偿目的）。未查到任何出售、注资或复产的实质性进展。,确认,,,,"历史技术文献（描述1971年投产状态）：2台在线式六电极矩形电炉，尺寸8.8m宽×24.3m长×7.3m高，六根直径1.0m预焙碳电极，额定80MVA；12台立式还原竖炉（Shell反应器技术，1300-1380°C）处理团矿。**另一份较新的自动化控制技术论文（INFACON/SIPS会议）提及编号""1号炉、3号炉""（EAF#1、EAF#3），暗示历史上曾建有多达4台电炉（与任务简报""originally 4×?MW""线索吻合），2015年前后运行功率上限约63MW（低于80MVA铭牌值，可能受电网/运营约束）**。当前(2023年停产前)实际在运炉数未独立核实。",镍铁38% Ni（1971年投产时技术文献口径；现阶段品位未独立重新核实）。,自有博纳奥地区红土镍矿；另有存在环保争议、长期未获准开采的Loma Miranda矿权（未计入本冶炼设施）。,轻质低硫燃料油/原油为主要燃料；厂区自建180MW燃油电厂（历史技术文献口径，现状未重新核实）。,,88,"1971年商业投产（30,000t/y，38% Ni）→历经Falconbridge→Xstrata→Glencore→Americano Nickel多轮易主→2008-2011年、2013-2016年两度因镍价周期停产→2023年""骤然停产""，运营逾50年的商业生产终止→截至2026年9月仍处于破产清算程序，88名直接员工+约50名承包商工人合计追讨超9.5亿多米尼加比索遣散费。",Americano Nickel Limited(GSOL旗下)约85.26%，Corporación Dominicana de Empresas Estatales约9.98%，其余少数股东约4.76%（2023年停产前最后股权结构）。,中,R1-区域普查,https://dr1.com/news/2026/09/14/the-covert-cost-of-mining-again-revealed-in-falcondo-case/,"https://dr1.com/news/2026/09/14/the-covert-cost-of-mining-again-revealed-in-falcondo-case/
https://insg.org/wp-content/uploads/2021/04/INSG_Insight_35_Nickel_in_Latin_America_and_the_Caribbean_2021.pdf
https://americanonickel.com/falcondo.html
https://www.bnamericas.com/en/company-profile/falconbridge-dominicana-sa-falcondo
https://listindiario.com/economia/industria/20240129/exportaciones-ferroniquel-cae-40-6-cierre-2023_793068.html
https://pdfcoffee.com/nickel-production-from-low-iron-laterite-ores-process-descriptions-4-pdf-free.html
https://www.academia.edu/95826941/Automatic_Control_Development_for_the_Falcondo_Ferronickel_Electric_Arc_Smelting_Furnaces
https://www.flogen.org/sips2019/paper-2-482.html"
NI-129,GL129,拉美与加勒比,委内瑞拉,Venezuela,米兰达/阿拉瓜州交界Tiara地区 (Miranda/Aragua States),洛马德尼克尔镍铁厂,Loma de Níquel Ferronickel Plant,委内瑞拉政府（国有化后）；2024年12月16日与一家未点名的'跨国公司'(自称在采矿与金融领域拥有25年经验，由知名银行集团支撑)签署复产合同（新增细节，仍未获悉具体公司名称）,"1996-1997年立项，英美资源集团（Anglo American，通过Minorco S.A./AMSA子公司持股85%）主导建设，1997年动工（设计16,000吨/年）→ 2000年12月投产（设计17,500吨/年）（其余股权：Corporación Caracas 7.5%、Jordex Resources Inc. 7.5%、IFC 3.5%）→ **2012年11月，委内瑞拉政府拒绝续签采矿特许权并接管资产，移交PDVSA（国有化，年份经USGS Minerals Yearbook 2012版交叉确认）** → 2015年9月停产 → 2019年建成炉渣镍回收辅助设施 → 2024-2026年政府拟与跨国公司合作复产",RKEF镍铁,红土矿,镍铁,16000,"IFC项目文件：矿石储量3400万吨，矿山寿命27年，平均年产镍铁含镍量约16,000吨，峰值可达18,800吨/年；USGS Minerals Yearbook交叉确认设计产能：1997年动工时设计16,000吨/年，2000年12月投产时上调设计至17,500吨/年（与INSG较早口径一致）。2012年（国有化/停产当年）实际产量仅8,100吨（USGS MYB 2012），远低于2010年约12,000吨的产量水平，表明停产前已现下滑趋势。2024-2026年复产计划中委内瑞拉当地媒体提及目标""135万吨""镍铁产量，与历史规模严重不符（很可能是原文数字错误/单位混淆），本记录不采信该数字，仅存疑保留。",2000,停产(可复产),2015,2026,2015年9月停产，具体直接原因未在信源中充分说明（委内瑞拉经济危机、外汇管制、国有化后管理问题等因素可能相关，但未见确切归因表述）,8100,2012,,,,,,,自有米兰达/阿拉瓜州交界Tiara地区红土矿（委内瑞拉最大镍矿床所在地）,"委内瑞拉唯一的镍铁生产设施。1996-1997年由英美资源集团主导立项，1997年动工（设计16,000吨/年），2000年12月建成投产（设计上调至17,500吨/年），设计为""零排放""设施（炉渣收集、水回用）。**根据USGS Minerals Yearbook 2012版交叉确认：2012年11月，委内瑞拉政府拒绝续签采矿特许权并直接接管资产（移交国家石油公司PDVSA），构成正式国有化，当年停产前产量仅8,100吨镍（较2010年约12,000吨已明显下滑）**。2015年9月起完全停产，此后再未恢复商业化镍生产；2019年另建一座利用历史炉渣回收镍的辅助设施投产。2024-2026年，委内瑞拉政府与一家""经验丰富的跨国公司""（具体名称未披露）签署特许权协议，拟通过国际银行支持重启并现代化改造：第一阶段（2025年）投资3200万美元用于设备与技术升级；第二、三阶段（2025-2026年）投资1.15亿美元用于工业扩产及三条生产线全面投产；厂区计划配备两台80兆瓦涡轮发电机组实现电网独立供电。当地媒体报道的复产目标产量数字（""135万吨""）与该矿历史规模量级严重不符，极可能是原文误植或翻译/编辑错误，本记录不采信该数字。截至研究完成，该厂仍处于合同签署/前期投资阶段，尚未恢复商业化生产。","未找到2025-2026年度相关更新。 【R3-未能核实】补充确认(ultimasnoticias.com.ve, 2024年12月16日发布；同一事件另见aporrea.org、fuerzaguaiqueri.com.ve等多家委内瑞拉媒体转载，但部分源站本轮WebFetch遇403/robots屏蔽未能直接抓取，以ultimasnoticias.com.ve版本为准)：委内瑞拉政府(执行副总统府、生态矿业发展部、委内瑞拉矿业公司)于2024年12月与一家'在采矿及金融领域有25年经验'的跨国公司(报道未点名)签署合同，分三阶段重启/升级Loma de Níquel镍铁厂：第一阶段(2025年)投资3200万美元用于技术设备更新；第二、三阶段(2025-2026年)投资1.15亿美元用于工业园区扩建及生产线全面激活。报道称目标满产后年产'135万吨'镍铁(原文如此，单位/口径存疑，可能指矿石或合金总量而非金属镍含量，未独立核实)。该文措辞明确为'未来规划'性质，即截至2024年12月尚未恢复实际生产。本轮以西班牙语('Loma de Níquel reactivación 2025''Loma de Níquel 2026 producción ferroníquel'等)多次检索，未找到2025-2026年确认该三阶段计划已实际执行或恢复批量生产的独立后续报道，故2025-2026年实际运营状态仍未能核实，维持既有'不详/未能核实'判定，但补充记录此重要的2024年末重启计划线索供后续追踪。 【R4-未能核实】本轮尝试通过多个委内瑞拉媒体来源(venezuela-news.com、equipo-minero.com、cvg.gob.ve)核实2025-2026年是否已实际恢复生产，但venezuela-news.com因网站超时(HTTP 503)未能访问，equipo-minero.com与cvg.gob.ve均仅含2014年的历史报道(彼时曾短暂小规模复产，月产200-300吨，全年不足3000吨，'远低于设计产能')，未找到2025-2026年新证据。维持既有'停产(可复产)/未能核实'结论不变——即2024年12月签署的三阶段复产合同(投资1.47亿美元)截至本轮研究(2026年9月)仍未见任何公开证据表明已实际执行或恢复批量生产。 【R5】复产分三阶段：一期(2024年)投资3,200万美元用于设备与培训，二三期(2025-2026年)投资1.15亿美元用于工业扩建及三条产线全面投产；截至本轮检索(2026年9月)，二三期投资期尚未结束，未找到该厂已恢复实际生产/出货的独立报道，跨国合作方身份在西语公开报道中均未披露。",可能,,,,"RKEF；干燥环节采用天然气加热回转干燥机(直径4.8m×长34m)，将矿石水分从25-30%降至15%以下后送锥形破碎机；技术文献（可能为投产前设计文档）标注设计产能16,000t/y Ni、矿山寿命约28年，与2000年投产时上调后的17,500t/y铭牌存在差异；具体电炉数量/单炉MW未能在可获取文献片段中核实(原文档在此处被截断)。",镍铁（具体品位本次未独立核实）。,自有米兰达/阿拉瓜州交界Tiara地区红土矿，为委内瑞拉最大镍矿床。,天然气加热回转干燥机；其余能源结构未查到公开数据。,,,"1996-1997年英美资源主导立项(设计16,000t/y)→2000年12月建成投产(设计上调至17,500t/y)→2012年11月委内瑞拉政府拒绝续签特许权并直接接管（当年产量仅8,100t）→2015年9月完全停产→2019年另建炉渣回收辅助设施→2024-2026年据委媒体报道正就特许权协议与""经验丰富的跨国公司""（未披露名称）洽谈复产。",委内瑞拉政府（国有化后运营主体未完全确认，疑似PDVSA/CVG关联实体）。,低,R1-区域普查,https://disclosures.ifc.org/project-detail/SPI/7343/loma-de-niquel-nickel-project,"https://disclosures.ifc.org/project-detail/SPI/7343/loma-de-niquel-nickel-project
https://insg.org/wp-content/uploads/2021/04/INSG_Insight_35_Nickel_in_Latin_America_and_the_Caribbean_2021.pdf
https://globaltradealert.org/state-act/6357
https://ultimasnoticias.com.ve/economia/planta-loma-de-niquel-suscribe-contrato-con-multinacional-para-elevar-niveles-de-produccion/
https://mundo-oriental.com/reactivaci-n-de-loma-de-n-quel-inversi-n-de-147-millones-de-d-lares-y-generaci-n-de-empleos-en-el-sector-minero-id11619/
https://www.equipo-minero.com/noticias/venezuela-reinicia-produccion-en-loma-de-niquel/
https://www.aporrea.org/economia/n399453.html
https://pdfcoffee.com/nickel-production-from-low-iron-laterite-ores-process-descriptions-4-pdf-free.html
https://www.fuerzaguaiqueri.com.ve/2024/12/planta-loma-de-niquel-firma-contrato.html"
NI-130,GL130,拉美与加勒比,巴西,Brazil,"米纳斯吉拉斯州普拉塔波利斯 (Pratápolis, MG)",莫罗-多-尼克尔镍厂,Morro do Níquel Plant,历史后期股东：Anglo American（1978年收购）,Morro do Níquel于1962年已投产；Anglo American于1978年收购；1998年关闭。,回转窑焙烧—电炉还原熔炼—脱硫—LD转炉精炼镍铁,当地含镍硅酸盐矿石（风化型镍矿）,镍铁，含粗镍铁与精炼镍铁牌号,,,1962,永久关闭,1998,2026,1998年关闭；关闭决定的具体原因继续查档。,,,,,,,,,Pratápolis地区Morro do Níquel镍矿,"1964年ABM论文及讨论记录了工厂向巴西钢厂供货的早期情况。当时钢厂仍需要进口纯镍；本地镍铁增加供应后，部分炉料可由国产镍铁替代。买方同时取得镍和铁，也减少了进口采购所需的资金占用和等待时间。讨论中，Aços Villares工程师明确介绍了采用Morro产品的情况。

历史技术论文记载两台回转窑分别长56米、66米，直径2.5米、3米，负责脱水、焙烧和预热。热矿随后分别进入两台圆形三相电炉，额定容量为4,800和13,500 kVA，采用Söderberg自焙电极，以木炭作还原剂。

电炉把矿中的镍和部分铁还原，形成粗镍铁，并与炉渣分离。kVA是电气设备的额定视在功率单位，不能直接改写成相同数值的kW。

部分粗镍铁直接铸成相应牌号出售；另一部分进入精炼。出铁过程中使用脱硫剂，随后以LD转炉吹氧，降低硅、碳、磷等杂质，得到适合不同钢种要求的精炼镍铁。这里的转炉服务于镍铁质量调整，不能据此将该厂登记为高冰镍项目。

1964年已有厂方关于生产和应用的论文，讨论记录还提到1962年开始向钢厂交货，说明工厂投产早于原表所写的1966年。

Anglo American自己的历史回顾把收购Morro列在1978年。投产与股东进入是两个时间节点。巴西行业回顾记录工厂于1998年关闭；该历史设施与Anglo后来发展的其他巴西镍铁基地分别登记。","进一步补充投产时股权结构、各次扩建设备安装年份和关闭决定原件。；原表的年产2,500—3,000镍吨是历史概述，未绑定明确年份和设计口径，暂不作为当前产能或1998年实际产量。",,,,,"历史论文：2台回转窑（56m×2.5m、66m×3m）；2台三相Söderberg电极电炉（4,800kVA、13,500kVA）；后续LD转炉",粗镍铁与精炼镍铁按钢厂要求分牌号供应,,回转窑燃油加热；电炉用电，木炭还原,,,,巴西炼钢客户，1964年技术讨论明确包括Aços Villares的使用情况。,,R1-区域普查,https://sites.poli.usp.br/geologiaemetalurgia/Revistas/Edi%C3%A7%C3%A3o%2040/artigo40.6.pdf,"https://sites.poli.usp.br/geologiaemetalurgia/Revistas/Edi%C3%A7%C3%A3o%2040/artigo40.6.pdf
https://abmproceedings.com.br/ptbr/article/download-pdf/produo-e-aplicao-do-ferro-nquel-no-brasil
https://brasil.angloamerican.com/pt-pt/imprensa/noticias/year2013/04-11-2013
https://www.inthemine.com.br/site/estrutura-produtiva-do-niquel-no-brasil/"
NI-131,GL131,拉美与加勒比,巴西,Brazil,"戈亚斯州尼克兰迪亚 (Niquelândia, GO)",托坎廷斯镍公司（尼克兰迪亚Caron氨浸厂）,Companhia Níquel Tocantins (CNT) Caron Plant,已关闭；末任业主Votorantim集团（后归入Nexa Resources板块），2019年剥离予Jervois Mining,"1942年前身""Comercial de Goiaz""成立 → 1957年Votorantim集团收购并更名为CNT → 1981/82年正式投产 → 2016年停产 → 2019年Nexa Resources（Votorantim旗下上市平台）将相关资产及配套的圣米格尔保利斯塔精炼厂一并剥离予Jervois Mining",Caron氨浸,红土矿,镍精矿/碳酸镍中间品（外运圣米格尔保利斯塔精炼厂）,17500,"初始产能5,000吨/年，后扩产至17,500吨/年（inthemine.com汇总巴西官方矿业登记资料）。",1981,永久关闭,2016,2016,2015年镍价年内下跌约40%，公司评估各情景均不具备中短期经济可行性；2016年2月1日起停止尼克兰迪亚端采矿，5月起停止选矿及圣保罗端精炼作业，直接裁员约800人（不含分包商）,,,,,,,,,自有尼克兰迪亚地区红土矿（与Codemin/Anglo American矿区相邻但不同）,"Votorantim集团在戈亚斯州尼克兰迪亚经营的Caron氨浸法镍处理设施，前身可追溯至1942年，1981/82年正式投产，产出的镍精矿/碳酸镍中间品运往圣保罗São Miguel Paulista精炼厂进一步加工为电解镍。2016年因镍价暴跌全面停产，2019年随圣米格尔保利斯塔精炼厂一并剥离予Jervois Mining。与同城的安格鲁美洲Codemin厂（RKEF工艺）为完全不同的公司与厂区，仅共享""尼克兰迪亚""地名。",,,,,,,,,,,,,,,R1-区域普查,https://www.inthemine.com.br/site/estrutura-produtiva-do-niquel-no-brasil/,"https://www.inthemine.com.br/site/estrutura-produtiva-do-niquel-no-brasil/
https://www.correiobraziliense.com.br/app/noticia/cidades/2016/01/19/interna_cidadesdf,514443/votorantim-fecha-usina-em-niquelandia-ao-menos-800-desempregados.shtml"
NI-132,GL132,拉美与加勒比,巴西,Brazil,"戈亚斯州尼克兰迪亚 (Niquelândia, GO)",科德明镍铁厂（尼克兰迪亚）,Codemin Ferronickel Plant (Niquelândia),Anglo American 100%（同Barro Alto，MMG收购交易尚未完成交割）,矿床1960年代发现，本土企业运营 → 1982年8月一号线、1983年二号线投产 → 2002年安格鲁美洲以约3500万美元收购 → 2011年以其为基础新建相邻Barro Alto项目 → 2025年起同Barro Alto一并列入对MMG的出售交易（未完成）,RKEF镍铁,红土矿,镍铁,9000,"INSG 2020年数据9,000吨镍/年，当年产量8,600吨（接近满产）。注意：MMG交易公告将本厂与Barro Alto合并披露为约4万吨/年，未单独拆分Codemin口径。",1982,在产,2026,2026,,7100,2024,7100,,7100,,,"Contained Ni, calendar year, from Anglo American's own quarterly Production Reports. IMPORTANT CORRECTION: the existing baseline shows IDENTICAL prod_2023=40,000 and prod_2024=39,400 on both the Codemin and Barro Alto records -- these are the Barro Alto+Codemin COMBINED totals, mistakenly duplicated onto both individual plant records. This round found the true per-plant split for FY2022 (Codemin=7,100) and FY2024 (Codemin=7,100); the FY2023 split was not found (combined FY2023 total remains 40,000, unsplit). FY2025 combined total (Barro Alto+Codemin)=39,700, no split found. | 2023年Anglo仅披露Barro Alto+Codemin合计约40,000吨，未拆分，故留空。",自有尼克兰迪亚地区红土矿,"戈亚斯州尼克兰迪亚地区历史最早的镍铁生产设施之一，1982-1983年分两条线建成投产，2002年被安格鲁美洲收购后成为2011年新建Barro Alto项目的技术/资源协同基础。2012年产量9,600吨（USGS Minerals Yearbook交叉确认，与INSG口径基本一致）。USGS Minerals Yearbook 2006年版另提及Votorantim曾计划在""Acampamento Macedo""新建10,600吨/年镍铁产线，后续版本显示该厂即为""Codemin""（安格鲁美洲子公司）——两者关系（是否为同一项目更名，或Votorantim计划从未实现而Codemin系另立项目）在信源中未完全厘清，列为存疑。**特别注意**：同一尼克兰迪亚镇内还存在另一家完全独立的历史设施——Votorantim集团旗下Companhia Níquel Tocantins（CNT，见另一条记录），采用Caron氨浸工艺，与本厂（RKEF电炉镍铁工艺）为不同公司、不同厂区，仅共享地名，极易混淆。2025年本厂随Barro Alto一并被列入安格鲁美洲对MMG的出售交易，截至2026年9月交割尚未完成。",与Barro Alto同属英美资源-MMG交易范围，详见Barro Alto记录；交易截至2026年9月仍待欧盟批准，欧盟据报正准备发出正式反对声明。,确认,,,,"2条小型电炉产线，分别于1982年8月、1983年投产；单炉MW、炉型细节未查到公开资料。2024年Anglo American Q3生产报告提及""Codemin当季精炼环节问题(refinery issues)""影响产量，暗示该厂除熔炼外还涉及精炼工序，具体流程未核实。",镍铁（具体品位未独立核实）。,自有尼克兰迪亚地区红土矿；2024年Q3实际入炉矿石品位1.42% Ni（Anglo American 2024Q3生产报告）。,未查到具体数据。,与Barro Alto合并披露：Anglo American 2024年镍业务(巴西，Barro Alto+Codemin合并口径)单位成本指引下修至约530美分/磅(此前550美分/磅指引)，因产量提升；指引基于约5.0雷亚尔兑1美元汇率假设(2024年)。,,"1982-1983年两条线建成投产(初始产能5,000t/y，经两阶段扩建至17,500t/y，初始投资约1亿美元，累计投资约5亿美元——该投资数字来源于巴西行业媒体，可能与Barro Alto投资存在混淆，需谨慎对待)→2002年被Anglo American收购→成为2011年Barro Alto项目技术/资源协同基础→2025年2月Anglo American宣布将巴西镍业务(Barro Alto+Codemin运营资产+Jacaré、Morro Sem Boné两个开发项目)出售给中国五矿旗下MMG，总对价最高5亿美元(预付3.5亿+最高1.5亿或有)→截至2026年9月16日欧盟反垄断审查尚未放行，交割未完成，Anglo American仍为现任业主。",Anglo American 100%（MMG收购交易尚未完成交割）。,中,R1-区域普查,https://www.inthemine.com.br/site/estrutura-produtiva-do-niquel-no-brasil/,"https://www.inthemine.com.br/site/estrutura-produtiva-do-niquel-no-brasil/
https://insg.org/wp-content/uploads/2021/04/INSG_Insight_35_Nickel_in_Latin_America_and_the_Caribbean_2021.pdf
https://www.mmg.com/investors/news-centre/mmg-to-acquire-anglo-americans-nickel-business/
https://news.smm.cn/live/detail/104111576
https://news.smm.cn/live/detail/104026675
https://news.smm.cn/news/103240137
https://www.angloamerican.com/~/media/Files/A/Anglo-American-Group-v5/PLC/media/press-release/releases/2023pr/q4-2022-production-report.pdf
https://www.angloamerican.com/~/media/Files/A/Anglo-American-Group-v9/PLC/media/press-release/releases/2025pr/q4-2024-production-report.pdf
https://www.angloamerican.com/~/media/Files/A/Anglo-American-Group-v9/PLC/media/press-release/releases/2024pr/q3-2024-production-report.pdf"
NI-133,GL133,拉美与加勒比,巴西,Brazil,"米纳斯吉拉斯州福塔莱萨-德米纳斯 (Fortaleza de Minas, MG)",福塔莱萨-德米纳斯镍厂（塞拉福塔莱萨矿业）,Mineração Serra da Fortaleza (Fortaleza de Minas Nickel Matte Smelter),末任业主Votorantim集团/Nexa Resources(2019年剥离)；厂区尾矿坝现由Extrativa Metalúrgica负责管理(自2018年5月起)，该公司未按期完成拆除工作,1998年力拓（Rio Tinto）建成投产 → 2003年Votorantim集团以7700万美元收购 → 2013年因镍价暴跌全面停产 → 2019年Nexa Resources（Votorantim旗下上市平台）剥离相关资产（受让方未确认）,硫化矿熔炼-电炉,硫化矿精矿,镍锍(镍冰铜),10000,"力拓时期铭牌产能10,000吨镍/年（镍锍形态）；2012年（停产前峰值年份之一）实际产量约12,800吨镍（据In The Mine杂志），超过铭牌；**USGS Minerals Yearbook给出略有差异的口径：1997年12月投产（而非1998年，两口径存在1年差异，均列出），2009年产9,500吨，2012年产14,345吨**（高于In The Mine的12,800吨，两者均列出未调和）。",1997,永久关闭,2013,2025,2013年镍价暴跌，公司评估各情景均不具备短中期经济可行性，宣布不可抗力并全面停产,14345,2012,,,,,,,自有福塔莱萨-德米纳斯地下硫化矿,"1997年12月（另一口径称1998年）由力拓投资2.33亿美元建成投产的地下硫化矿+选矿+冶炼一体化项目（Outokumpu闪速熔炼技术），产出的镍锍原计划主要外运至Norilsk旗下芬兰哈尔亚瓦尔塔（Harjavalta）精炼厂精炼。2003年被Votorantim集团收购，2009年产量9,500吨，2012年产量达14,345吨（或12,800吨，两口径均列出，超铭牌产能），但2013年镍价暴跌后Votorantim宣布不可抗力全面停产。**USGS Minerals Yearbook 2015年版已将该厂（及配套的尼克兰迪亚选矿）列为""保养维护（care-and-maintenance）""状态**，2019年Nexa Resources对外剥离相关资产。本轮研究未找到2019年之后关于该厂复产、拆除或最终处置的最新公开信息，2017-2026年最新状态为明确的研究缺口，建议后续核实是否已彻底废弃拆除或仍存在重启可能性。status_year暂按最后确认信息（2016年前后停产延续状态）标注。",未找到2025-2026年度相关更新。 【R4】重要更新(Novo Jornal，2025年10月3日报道)：该厂尾矿坝(高46.8米，库容325万立方米，采用巴西自2020年起禁止的上游法建造)因未达安全标准，已于2023年8月被巴西国家矿业局列为'紧急一级(Emergency Level 1)'并被查封(embargoed)；现负责管理的Extrativa Metalúrgica公司(自2018年5月接手)未能在2022年2月的法定期限内完成2020年提交的拆除方案；2025年，巴西联邦检察院(MPF)已正式起诉，要求在提交更新拆除方案后60天内彻底拆除该尾矿坝，另加设独立技术监督团队及1000万雷亚尔环境补偿金。报道明确指出该厂'重启前景极不可能(extremely unlikely)'。鉴于该厂自2013年停产至今已逾12年、现阶段核心动作是尾矿坝的法定强制拆除而非任何复产准备，本轮将状态由'停产(可复产)'上调修正为'永久关闭'；但该报道聚焦尾矿坝本身而非直接声明'冶炼厂已正式永久关闭'，故置信度为'可能'而非'确认'。,可能,R4核实：状态由「停产(可复产)」更新为「永久关闭」；R4：状态改为永久关闭(尾矿坝2023年起一级应急、MPF诉讼要求拆除，复产极不可能)；停产年份存在2013(R4)与2016(USGS维护状态)两说。,,,,,,,,,,,,R1-区域普查,https://www.inthemine.com.br/site/estrutura-produtiva-do-niquel-no-brasil/,"https://www.inthemine.com.br/site/estrutura-produtiva-do-niquel-no-brasil/
https://www.hojeemdia.com.br/primeiro-plano/economia/fortaleza-de-minas-sofre-com-a-falta-de-um-plano-b-para-o-n%C3%ADquel-1.219885
https://exame.com/negocios/votorantim-declara-forca-maior-em-operacao-de-niquel-em-mg/
https://www.almg.gov.br/acompanhe/noticias/arquivos/2013/11/26_audiencia_votorantim.html"
NI-134,GL134,拉美与加勒比,巴西,Brazil,戈亚斯州 (State of Goiás),巴罗阿尔托镍铁厂,Barro Alto Ferronickel Plant,Anglo American 100%（2025年2月宣布将出售给MMG，但截至2026年9月16日欧盟正式反对该交易，交割尚未完成，安格鲁美洲仍为现任业主）,2011年安格鲁美洲基于Codemin协同效应新建投产 → 2025年2月18日安格鲁美洲宣布将Barro Alto、Codemin及Jacaré、Morro Sem Boné开发项目整体出售予中国五矿旗下MMG（最高5亿美元）→ 原计划2025年三季度完成交割，但截至2026年9月16日欧盟委员会正式反对该交易，交割尚未完成,RKEF镍铁,红土矿,镍铁,45000,"INSG 2020年数据45,000吨镍/年（当年产量35,000吨）；MMG交易公告将Barro Alto+Codemin合计描述为约4万吨/年镍（镍铁形态），两口径存在矛盾。**USGS Minerals Yearbook交叉确认另一权威口径：2006年获批建设时设计产能为36,000吨/年**（低于INSG的45,000吨），2012年实际产量仅21,600吨（远低于两种设计产能口径），反映该厂投产初期即遭遇严重的产能爬坡问题（详见history_notes的2013年双电炉损坏事件）。",2011,在产,2026,2026,,32300,2024,32700,,32300,,14800,"Contained Ni, calendar year, from Anglo American's own quarterly Production Reports. IMPORTANT CORRECTION: the existing baseline shows IDENTICAL prod_2023=40,000 and prod_2024=39,400 on both the Barro Alto and Codemin records -- these are the COMBINED totals, mistakenly duplicated onto both individual plant records. This round found the true per-plant split for FY2022 (Barro Alto=32,700) and FY2024 (Barro Alto=32,300); FY2023 split not found. FY2025 combined total (Barro Alto+Codemin)=39,700, no split found. prod_2026H1 = H1 2026 (Jan-Jun 2026) actual = 14,800t (Barro Alto only); Q2 2026 alone = 7,300t (-4% y/y on planned maintenance). Nickel classified by Anglo American as an 'exiting business' -- sale to MMG Singapore Resources announced Feb 2025 (up to $500m), still not completed as of Sep 2026 per background research (EU reportedly preparing formal objections on competition grounds). | 2023年Anglo仅披露Barro Alto+Codemin合计约40,000吨，未拆分，故留空。",自有戈亚斯州红土矿（与Codemin共享区域资源禀赋）,"安格鲁美洲2006年获批建设、2011年3月投产的镍铁项目，与相邻的Codemin厂协同运营。**USGS Minerals Yearbook记载重大技术事故：2013年该厂两台电炉均因设计缺陷受损停产，2014-2015年重建，2015年9月恢复第二台电炉运行**，2012年实际产量仅21,600吨，远低于设计产能，是该项目投产初期长期未达产的关键原因。2025年2月18日安格鲁美洲宣布将整个巴西镍业务（Barro Alto+Codemin运营资产，加上Jacaré、Morro Sem Boné两个开发项目）出售给中国五矿旗下MMG，总对价最高5亿美元（预付3.5亿美元+最高1.5亿美元或有对价：1亿美元与镍价高于7.10美元/磅挂钩，5000万美元与Jacaré/Morro Sem Boné开发决策挂钩）。原计划2025年三季度完成交割，但该交易因涉及""中国资本控制关键矿产供应链""的地缘政治顾虑成为欧盟审查焦点：欧盟委员会担忧MMG可能将巴西镍铁供应从欧洲不锈钢生产商处转移，截至2026年9月16日已正式对该交易提出反对，交割仍未完成，安格鲁美洲仍为现任业主。","独立证实协调员提出的关键待核实事项：2025年2月英美资源宣布以最高5亿美元将Barro Alto+Codemin（及两个绿地项目）出售给MMG Singapore Resources（3.5亿首付+至多1亿价格挂钩+至多5千万FID挂钩）；2025年8月巴西反垄断机构Cade应竞标失利方CoreX/Yildirim（自称报价9亿美元更高但遭拒）投诉启动调查，美国钢铁协会(AISI)也曾呼吁特朗普政府以中国五矿关联方(MMG)控制关键镍资源为由阻止交易；2025年10-11月欧盟委员会启动第二阶段深入调查；截至2026年9月14日，据报道欧盟正准备就该交易发出正式反对声明(Statement of Objections)——此为对协调员所提“欧盟反对”说法的确认。交易截至2026年9月仍未完成，英美资源二季度镍产量同比降4%至9,100吨（Barro Alto+Codemin合计），主因两厂将下半年计划检修提前至二季度，Barro Alto单厂二季度产7,300吨，全年指引维持不变。",确认,,,,2台矩形电炉，各81MW（Hatch技术升级项目披露的铭牌功率）。原始设计存在缺陷，2013年两台炉均受损停产；2013-2015年由Hatch主导重建/升级：采用Hatch授权技术改造炉体绑扎系统、铜质炉壁冷却系统、炉壳板增设风冷（降低耐火材料水化风险）、更高功率密度设计（降低单位镍产量耗电）。项目较预算节省约3000万美元，提前约1个月完工，140万工时零LTI。2号炉于2015年9月恢复运行。,"镍铁（具体品位本次未独立核实）。升级后按Anglo American CEO表述""高于铭牌产能运行，单位成本降低40%""。",自有戈亚斯州红土矿（与Codemin共享区域资源）；2024年Q3实际入炉矿石品位1.50% Ni（Anglo American 2024Q3生产报告）。,未查到具体能源结构数据（巴西戈亚斯州电网水电占比较高，但本次未独立核实该厂具体电力来源）。,"2015年升级完成后：""高于铭牌产能运行，单位成本降低40%""（Anglo American CEO表述，Hatch案例研究引用，未给出具体$/lb数值）；2024年与Codemin合并单位成本指引约530美分/磅（见Codemin条目）。",,"2006年项目获批→2011年3月首次产出→2012年实际产量仅21,600吨(远低于铭牌，因设计缺陷)→2013年两台电炉均因设计缺陷受损停产→2013-2015年Hatch主导重建升级(2×81MW)→2015年9月2号炉恢复运行，升级后产能/成本显著改善→2025年2月Anglo American宣布连同Codemin一并出售给MMG(五矿)，总对价最高5亿美元→截至2026年9月欧盟反垄断审查未放行，交割未完成。",Anglo American 100%（MMG收购尚未完成交割）。,中,R1-区域普查,https://www.angloamerican.com/media/press-releases/2025/18-02-2025a,"https://www.angloamerican.com/media/press-releases/2025/18-02-2025a
https://www.mmg.com/investors/news-centre/mmg-to-acquire-anglo-americans-nickel-business/
https://www.mining.com/eu-scrutiny-of-anglo-mmg-nickel-deal-tests-china-stance
https://insg.org/wp-content/uploads/2021/04/INSG_Insight_35_Nickel_in_Latin_America_and_the_Caribbean_2021.pdf
https://www.miningweekly.com/article/mmg-to-acquire-anglo-americans-nickel-business-for-500m-2025-02-18
https://news.smm.cn/live/detail/104111576
https://news.smm.cn/live/detail/104026675
https://news.smm.cn/news/103240137
https://news.smm.cn/news/103297501
https://www.angloamerican.com/~/media/Files/A/Anglo-American-Group-v5/PLC/media/press-release/releases/2023pr/q4-2022-production-report.pdf
https://www.angloamerican.com/~/media/Files/A/Anglo-American-Group-v9/PLC/media/press-release/releases/2025pr/q4-2024-production-report.pdf
https://www.angloamerican.com/~/media/Files/A/Anglo-American-Group-v9/PLC/media/press-release/releases/2026pr/q2-2026-production-report.pdf
https://www.hatch.com/Projects/Metals-And-Minerals/Barro-Alto
https://www.angloamerican.com/media/press-releases/archive/2011/barro_alto
https://www.angloamerican.com/~/media/Files/A/Anglo-American-Group-v9/PLC/media/press-release/releases/2024pr/q3-2024-production-report.pdf"
NI-135,GL135,拉美与加勒比,巴西,Brazil,"帕拉州奥里兰迪亚-杜诺尔特 (Ourilândia do Norte, Pará)",翁萨普马镍铁厂,Onça Puma Ferronickel Plant,Vale Base Metals 90% + Manara Minerals Investment Company（沙特）10%,1970年代Minerosul勘探 → 2002年Canico Resource Corp接手 → 2006年淡水河谷（Vale）以17.82亿雷亚尔收购Canico → 2011年建成投产1号炉（期间历经法院环保/原住民诉讼阶段性停产）→ 2025年Manara Minerals（沙特）入股10% → 2025年9月30日2号炉投产,RKEF镍铁,红土矿,镍铁,40000,"2025年9月30日2号炉投产后铭牌产能达40,000吨镍/年（1号炉约25,000吨+2号炉新增15,000吨）；INSG 2020年数据给出53,000吨设计产能口径（当年因阶段性停产实际产量仅5,000吨）。**USGS Minerals Yearbook交叉确认更早的原始设计：2003/2006年CVRD/Canico时期设计产能为57,000吨/年（两台电炉）；2011年3月投产后，2012年6月两台电炉均损坏停产，此后仅重建一台并额定为25,000吨/年**——这解释了为何2025年新建的""2号炉""实质是2012年被毁后长期未重建的产能缺口，历经13年后才补齐。2019年6月因法院环保禁令解除而恢复运营，当年产量仅11,600吨（同比降49%）。",2011,在产,2025,2026,,26100,2025,23600,17000,14000,26100,18300,Vale官方《生产与销售报告》Onça Puma镍金属(ferronickel中镍含量)产量；因该厂矿山与冶炼一体化，“按矿石来源”与“按厂址”两种口径数值一致，故2022年数可直接采用。2025年11月2号炉达产。,自有帕拉州红土矿区,"1970年代由Minerosul最早勘探，2002年转由Canico Resource Corp开发（原始设计两台电炉合计57,000吨/年），2006年淡水河谷收购Canico后于2011年3月建成投产。**2012年6月两台电炉均因技术问题损坏停产，此后长期仅重建一台并额定为25,000吨/年**（USGS Minerals Yearbook交叉确认，解释了本厂长期实际产能远低于原始设计的历史原因）。2017年因原住民污染诉讼被法院勒令停产，2019年6月恢复运营，当年产量仅11,600吨（同比降49%）。2025年沙特Manara Minerals入股10%，同年9月30日""2号炉""投产（实质是弥补2012年损坏后长期空缺的第二台电炉产能），新增15,000吨镍/年产能，全厂铭牌达到40,000吨镍/年，成为巴西最大镍铁生产设施，项目历时三年建设、较预算低约13%、零工伤，创造2500个建设期就业岗位；扩建后跻身全球镍成本曲线较低半区。厂区现有员工及承包商超1800人。Vale Base Metals展望2030年前公司整体（含加拿大Voisey's Bay）镍产量达21-25万吨。","淡水河谷2026年一季度（自然年）业绩显示Onça Puma当季产镍8,900吨，创历史单季新高。",确认,,,,"2台电炉(RKEF)。1号炉：原由外部供应商建造的两台炉于2012年6月同时损坏停产，Hatch主导重建，创纪录44周完成至首次进料(原始建设耗时约3年)，额定85MW最大持续平均运行功率；另据Hatch""1号炉重建""项目页，标注总体规划产能220,000t/y镍铁、含镍量53,000吨(该数字与2006-2010年时间标注存疑，可能指原始两炉合计设计目标而非2013-2014年重建本身，存在信源歧义)。2号炉：全新建设，实际投资约4.80亿美元(原预算5.55亿美元，节省约13%)，历时3年建设，2025年9月30日投产，新增15,000吨镍/年产能，总铭牌产能提升至40,000吨镍/年，成为巴西最大镍铁生产设施。",镍铁（原JSON口径约35% Ni，本次未独立重新核实）。,"自有帕拉州(奥里兰迪亚北部)红土矿，蛇纹石化橄榄岩型；2019-2020年单炉时期年均产量约27,000吨镍。",任务简报提及水电供应，本次研究未能独立核实具体电力来源/装机数据。,"未披露具体$/lb数值；Vale官方表述2号炉投产后""使该项目进入全球镍成本曲线下半段(lower half of the global nickel cost curve)""（定性表述）。",1800,"1970年代Minerosul最早勘探→2002年Canico Resource Corp开发(原始两炉设计约57,000t/y)→2006年淡水河谷以R$17.82亿收购Canico→2011年3月投产→2012年6月两台电炉均损坏停产→2013-2014年Hatch主导1号炉重建，复产后额定降至约25,000t/y→2017年因原住民污染诉讼被法院勒令停产→2019年6月恢复运营(当年产量仅11,600吨)→2025年沙特Manara Minerals入股10%→2025年9月30日2号炉投产，总产能达40,000t/y镍，创造施工期2,500个岗位，现有1,800余名固定员工及承包商。",Vale Base Metals 90% + Manara Minerals Investment Company(沙特)10%（2025年起）。,高,R1-区域普查,https://vale.com/w/vale-base-metals-announces-start-up-of-furnace-2-at-onca-puma-1,"https://vale.com/w/vale-base-metals-announces-start-up-of-furnace-2-at-onca-puma-1
https://www.mining.com/vale-expands-onca-puma-capacity-by-60-with-new-furnace/
https://www.inthemine.com.br/site/estrutura-produtiva-do-niquel-no-brasil/
https://insg.org/wp-content/uploads/2021/04/INSG_Insight_35_Nickel_in_Latin_America_and_the_Caribbean_2021.pdf
https://en.clickpetroleoegas.com.br/after-a-court-ordered-shutdown-years-ago-onca-puma-nickel-mine-in-brazils-para-region-restarts-boosting-production-from-25000-to-40000-tons-mhbb01/
https://news.smm.cn/live/detail/103881691
https://news.smm.cn/news/103359350
https://news.smm.cn/news/103202750
https://news.smm.cn/live/detail/103760207
https://www.vale.com/w/vale-informs-on-on%C3%A7a-puma
https://www.vale.com/4q23-sales-and-production-report%E2%80%8B
https://vale.com/w/vales-production-and-sales-in-4q24-and-2024
https://vale.com/check-out-the-production-and-sales-results-for-4q25
https://vale.com/check-out-the-production-and-sales-results-for-2q26
https://api.mziq.com/mzfilemanager/v2/d/53207d1c-63b4-48f1-96b7-19869fae19fe/950b8306-d6c0-497c-ce27-6aa7d0f08b49?origin=1
https://api.mziq.com/mzfilemanager/v2/d/53207d1c-63b4-48f1-96b7-19869fae19fe/4588c428-e2bc-d57a-9544-935f8716805c?origin=1
https://filemanager-cdn.mziq.com/published/53207d1c-63b4-48f1-96b7-19869fae19fe/c4dceca9-6ed8-408a-8065-b6f7e86810da_0127_relatorio_de_producao_i.pdf
https://www.vale.com/check-out-the-production-and-sales-results-for-4q25
https://api.mziq.com/mzfilemanager/v2/d/53207d1c-63b4-48f1-96b7-19869fae19fe/3504ebb3-c840-f0e9-aaff-0ff96c7b8222?origin=2
https://www.hatch.com/en/Projects/Metals-And-Minerals/Onca-Puma-Furnace-1-Rebuild"
NI-136,GL136,拉美与加勒比,巴西,Brazil,"帕拉州孔塞桑-杜阿拉瓜亚 (Conceição do Araguaia, Pará)",阿拉瓜亚镍铁项目,Araguaia Ferronickel Project (Horizonte Minerals),Horizonte Minerals plc（2024年5月起进入英国破产管理程序[administration]；巴西子公司已于2025年1月24日提交司法外重整计划[recuperação extrajudicial]并获债权人支持，正尝试重组债务、保全项目；截至2025年8月尚无新投资人接盘）,2010年开发启动 → 2015年整合收购嘉能可(Glencore)持有的Araguaia项目 → 2019年1月获建设许可，资本开支预算持续上调（从约5.37亿美元增至10亿美元，涨幅约87%）→ 2024年4月接触150余方潜在投资人、签署39份保密协议后仍未能获得项目融资，探讨出售/清算等选项，最新归属未确认,RKEF镍铁,红土矿,镍铁(规划中，尚未投产),29000,"早期方案约14,500吨镍/年（对应约52,000吨镍铁实物量）；2019年获建设许可后公司将设计产能上调至约29,000吨镍/年（INSG 2021口径，称""较此前方案翻倍""）。两者均为公司不同阶段的规划方案，非实际投产产能。",,保养维护(C&M),2024,2026,2024年4月融资失败（接触150余方潜在投资者未果），资本开支较原预算上涨约87%（5.37亿→10亿美元），管理层认为印尼镍供应格局下市场对镍铁行业复苏缺乏信心,,,,,,,,,自有帕拉州红土矿（2015年整合自嘉能可Araguaia项目）,"Horizonte Minerals旗下拟建的巴西第三代大型镍铁项目，2019年获建设许可后启动建设，但资本开支预算大幅上调（+87%），2024年4月公司在接触150余方潜在投资人、签署39份保密协议后仍未能获得所需项目融资，临时CEO Karim Nasr将原因归结为""印尼镍供应格局下市场对镍铁行业复苏缺乏信心""；截至2024年4月10日公司现金仅1620万美元（不含Vermelho项目专项资金），正在探讨子公司层面融资、项目出售（处于保养维护状态下）、资产清算等选项。**本轮研究因WebSearch配额耗尽，未能获取2025-2026年最新进展，列为明确的研究缺口**，不确定该项目是否已被出售、彻底放弃或已有新投资方接手继续建设，建议后续专项核实Horizonte Minerals 2025-2026年年报/公告。","未找到2025-2026年度相关更新（是否被出售或重启均未获证实）。 【R3】葡语财经媒体(clickpetroleoegas.com.br)核实：截至2025年8月，Araguaia项目仍处保养维护状态，未有新买家接盘。母公司Horizonte Minerals已于2024年5月进入英国破产管理程序；巴西子公司于2025年1月24日提交司法外重整计划(获债权人支持)，试图重组约10亿美元的相关债务负担并保全项目。文章列出三种可能路径：(1)在保养维护状态下出售资产；(2)子公司层面独立融资；(3)依巴西法律清算。镍价持续低迷(约14,700-15,000美元/吨)是交易达成的主要障碍。该文未提供Vermelho项目的最新信息。",确认,,,,"规划RKEF，2条产线(Line 1 + Line 2)满产合计设计产能29,000吨镍/年(Horizonte 2024年3月项目更新公告确认，澄清原任务简报""1条线14.5kt phase 1""的推测——实为两条线各约14.5kt的分期设计)。尚未建成投产。",镍铁（规划中，尚未投产）。,自有帕拉州红土矿(2015年自嘉能可Araguaia项目整合)。,未查到具体数据。,不适用(未投产)；资本开支已大幅上调至约10亿美元量级(mining-technology.com标题口径，较原始预算上涨约87%，与原JSON数据一致)。,,"2015年自嘉能可收购项目→2019年获建设许可(Installation License)→2021-2023年资本开支预算大幅上调(+87%，总额约10亿美元)→2024年3月14日巴西子公司ANML获法院60天临时保护令(Medida Cautelar)，寻求""2024年Q2末完成全面融资方案""(未能如期实现)→2024年4月公司(英国母公司Horizonte Minerals plc，据报道由嘉能可支持)因未能获得所需融资，进入英国破产管理程序(administration)，任命Geoff Rowley为管理人→2025年1月24日巴西子公司提交司法外重整计划(recuperação extrajudicial)并获债权人支持→截至本次研究(2026年9月)未发现新投资人接盘或融资方案落地的独立信源，项目状态仍未解决(与原JSON记录缺口一致)。",Horizonte Minerals plc(英国破产管理程序中)；嘉能可(Glencore)历史上为主要股东/支持方；巴西子公司ANML处于司法外重整程序。,中,R1-区域普查,https://www.mining-technology.com/news/horizonte-araguaiaproject-sale/,"https://www.mining-technology.com/news/horizonte-araguaiaproject-sale/
https://www.mining-technology.com/news/horizontes-araguaia-nickel-project/
https://www.inthemine.com.br/site/estrutura-produtiva-do-niquel-no-brasil/
https://insg.org/wp-content/uploads/2021/04/INSG_Insight_35_Nickel_in_Latin_America_and_the_Caribbean_2021.pdf
https://horizonteminerals.com/uk/en/araguaia_project/
https://en.clickpetroleoegas.com.br/implosao-financeira-do-araguaia-travou-mais-de-us-1-bilhao-no-niquel-brasileiro-e-acelerou-a-corrida-por-minas-que-ja-produzem/
https://horizonteminerals.com/news/en_20240314-araguaia-project-update.pdf
https://www.northernminer.com/news/horizonte-minerals-enters-administration-amid-funding-woes/1003867550/"
NI-137,MHP043,拉美与加勒比,巴西,Brazil,"皮奥伊州卡皮唐-热尔瓦西奥-德奥利维拉 (Capitão Gervásio de Oliveira, Piauí)",巴西镍业皮奥伊堆浸项目（布雷茹塞科矿床）,Brazilian Nickel Piauí Heap Leach Project (Brejo Seco deposit),TechMet Ltd（爱尔兰都柏林）通过其子公司Brazilian Nickel,项目地块2014年自淡水河谷（Vale）收购；由TechMet Ltd旗下Brazilian Nickel开发,堆浸/生物堆浸,红土矿,MHP(镍钴氢氧化物中间品，电池级),27000,"TechMet官方口径约27,000吨镍/年+900吨钴/年；另有资料提及25,000吨/年处理规模（矿石处理量口径，非含镍金属量，口径不同，均列出）。",,规划中或可研,2026,2026,,,2022,,,,,,,自有皮奥伊州布雷茹塞科红土矿,TechMet旗下采用专有堆浸/生物堆浸技术处理红土矿的项目，声称具备低碳强度（常温常压、零湿法尾矿排放）优势，产出电池级镍钴氢氧化物（MHP）中间品。项目地块2014年自淡水河谷收购，2022年年中商业规模示范工厂实现首次产出，验证工艺可行性。2026年1月与美国Westwin Elements签署供货意向协议（MoU），面向美国市场供应。商业化投产目标为2028年，截至研究完成尚未进入正式建设阶段。,2026年1月，巴西镍业(Brazilian Nickel Limited/BRN)与美国Westwin Elements签署非约束性承购谅解备忘录，约定从Piauí堆浸项目每年供应最高1万吨镍(MHP)及240-400吨钴，BRN称此举验证其量产能力并强化Piauí旗舰项目的融资结构；尚未见FID确认。,确认,,,,不适用——堆浸/生物堆浸工艺，非炉窑体系；2022年年中商业规模示范工厂实现首次产出，验证工艺可行性。,MHP(镍钴氢氧化物中间品，电池级)。,自有皮奥伊州布雷茹塞科红土矿，2014年自淡水河谷收购。,公司宣称常温常压工艺(零湿法尾矿排放)，能耗强度低于常规HPAL/RKEF，但未查到具体能耗数值。,,,2014年地块自淡水河谷收购→2022年年中示范工厂首次产出→2026年1月与美国Westwin Elements签署供货意向协议(MoU)→商业化投产目标2028年，截至研究完成尚未进入正式建设阶段。,TechMet Ltd(爱尔兰都柏林)通过其子公司Brazilian Nickel持有；对美Westwin Elements签署非约束性MoU意向包销。,中,R1-区域普查,https://www.techmet.com/assets/brazilian-nickel/,"https://www.techmet.com/assets/brazilian-nickel/
https://www.mining.com/brazilian-nickel-westwin-ink-offtake-mou-on-piaui-project-for-us-market/
https://www.fastmarkets.com/insights/heap-leach-tech-to-boost-laterite-supply-ex-indonesia-brazilian-nickel-andrea-hotter/
https://link.springer.com/chapter/10.1007/978-3-032-00167-2_24
https://news.smm.cn/live/detail/103732371
https://news.smm.cn/news/103734394"
NI-138,GL138,拉美与加勒比,巴西,Brazil,"圣保罗市圣米格尔保利斯塔区 (São Miguel Paulista, São Paulo)",圣米格尔保利斯塔电解镍精炼厂,São Miguel Paulista Electrolytic Nickel Refinery,Jervois（原Jervois Mining，2019年自Companhia Brasileira de Alumínio/CBA收购）,早年由Votorantim集团（通过CBA子公司）配套CNT厂建设运营 → 2016年5月停产（随CNT厂一并停运）→ 2019年出售予Jervois Mining,电解精炼(硫化镍阳极)+硫酸体系电积,混合,电解镍(阴极)、硫酸镍(可选)、钴阴极,25000,"历史铭牌25,000吨镍/年；INSG 2020年数据显示（停产状态下）当年产量16,000吨（疑似为停产前末期产量口径，存疑）。**USGS Minerals Yearbook给出更精确的设计口径：23,000吨/年电解镍+1,420吨/年电解钴；2012年实际产量21,437吨（接近满产）；2015年版起因原料端（尼克兰迪亚CNT厂）转入保养维护而同步停产**（与巴西本地媒体报道的""2016年5月停产""存在约1年的时间差异，两口径均列出未调和）。Jervois复产计划首期目标年产电解镍1万吨+钴2千吨（阴极形态），为分阶段、资本节约型重启方案，非满产铭牌。",,停产(可复产),2016,2026,随原料供应厂CNT厂（尼克兰迪亚）因镍价暴跌转入保养维护/停产而同步停运（USGS给出2015年版即已停产，巴西本地媒体给出2016年5月停产，两口径均列出）,21437,2012,,,,,,,历史原料来自Votorantim/CNT厂（尼克兰迪亚）镍精矿；现复产计划原料改为进口MHP（镍钴氢氧化物中间品），已与Traxys Europe S.A.签约由其土耳其Gordes精炼厂供应，覆盖复产前三年约25%原料需求,"巴西唯一的电解镍精炼厂，历史上依托Votorantim集团旗下CNT厂（尼克兰迪亚）供应的镍精矿/碳酸镍中间品进行电解精炼，设计产能23,000吨/年电解镍+1,420吨/年电解钴，2012年产量21,437吨（接近满产）。随CNT厂停产而同步停运（USGS Minerals Yearbook 2015年版即已列为保养维护状态，巴西本地媒体报道为2016年5月停产，两口径存在约1年差异）。2019年被Jervois Mining收购，公司维持6500万美元投资承诺（短期支出已压缩），正在推进以进口MHP为原料的分阶段复产计划：首期目标年产电解镍1万吨+钴2千吨（阴极形态），正式启动后预计12个月内实现首批产品下线；已与Traxys Europe签约获取土耳其Gordes精炼厂供应的MHP原料。厂址距桑托斯港约120公里，兼顾内销与出口。截至研究完成，该厂仍处于工程设计/融资谈判阶段，尚未复产。具体投产年份未在本轮信源中确认。",2026年3月，欧盟根据其《关键原材料法案》将该已关停的SMP镍精炼厂列为“战略项目”，引发外界质疑：业主Jervois Global仍处于破产重组阶段（美国Millstreet Capital主导约10亿元人民币重组方案的一部分），复产计划最快2027/2028年，且届时年产仅1万吨金属镍（远低于round-1记录的2.5万吨产能），初期主要供应本土不锈钢市场而非电池级硫酸镍；复产预计耗资约4.82亿元人民币，且大概率仍需进口印尼MHP原料，被批评为难以真正实现“供应链脱钩”。批评者还将此与巴西环保监管放松及五矿旗下MMG同期收购英美资源巴西镍资产（约34.46亿元人民币）相提并论，质疑欧盟“战略项目”认定的经济合理性与ESG审查严谨性。,确认,,,,不适用——电解精炼(硫化镍阳极)工艺，非炉窑体系；复产后定位为拉美唯一的Class 1级精炼厂。,"复产首期目标：电解镍阴极12,000吨/年 + 钴金属2,000吨/年(Jervois官网复产项目页，与原JSON ""首期1万吨镍+2千吨钴""口径基本吻合)。",历史原料来自Votorantim/CNT厂(尼克兰迪亚)镍精矿；复产计划改为进口MHP，已与Traxys Europe S.A.签约，由其土耳其Gördes精炼厂供应，覆盖复产前三年约25%原料需求。,未查到具体数据。,,,"运营历史超35年(Jervois官网表述)；随CNT尼克兰迪亚原料矿停产而同步停运(巴西本地媒体称2016年5月，USGS 2015年版已列为保养维护，存在约1年口径差异)→2019年被Jervois Mining收购→2026-2027年推进复产项目，2026年已列入欧盟《关键原材料法案》""战略项目""名录，招聘工作已启动。",Jervois Global 100%；原料端与Traxys Europe S.A.(土耳其Gördes精炼厂)签约供应部分MHP原料。,中,R1-区域普查,https://www.brasilmineral.com.br/noticias/jervois-mantem-investimento-em-sao-miguel-paulista,"https://www.brasilmineral.com.br/noticias/jervois-mantem-investimento-em-sao-miguel-paulista
https://www.inthemine.com.br/site/estrutura-produtiva-do-niquel-no-brasil/
https://insg.org/wp-content/uploads/2021/04/INSG_Insight_35_Nickel_in_Latin_America_and_the_Caribbean_2021.pdf
https://news.smm.cn/live/detail/103825716
https://jervoisglobal.com/assets/sao-miguel-paulista-refinery/"
NI-139,GL139,拉美与加勒比,巴西,Brazil,"帕拉州卡纳昂杜斯卡拉雅斯 (Canaã dos Carajás, Pará)",维尔梅柳镍钴项目,Vermelho Nickel-Cobalt Project (Horizonte Minerals),Horizonte Minerals plc(2024年5月16日起进入破产托管Administration，Chad Griffin与Geoff Rowley[FRP Advisory]任联合托管人，公司正清盘停业),"**该项目址存在两个历史上不相关的开发阶段**：(1) Companhia Vale do Rio Doce/CVRD于2002年立项可行性研究，2003年设计产能45,000吨/年，2006年委托GRD Minproc管理，此后未见后续版本USGS年鉴提及，该阶段项目长期未建成投产、疑似已被搁置放弃；(2) 2017年Horizonte Minerals以约800万美元自淡水河谷（Vale）收购该项目地块，重新开展可行性研究，2019年10月发布规模显著缩小的预可行性研究方案（镍25,000吨/年+钴1,250吨/年），为现阶段项目的直接依据。",HPAL,红土矿(褐铁矿),硫酸镍、硫酸钴(规划中),25000,"2019年10月Horizonte Minerals预可行性研究(PFS)方案：镍25,000吨/年+钴1,250吨/年（INSG 2021口径，本记录采信此口径）。**USGS Minerals Yearbook记载了更早、规模更大的Vale/CVRD原始方案：2003年设计产能45,000吨/年（远高于Horizonte现方案），该方案已随2006年之后项目搁置而失效，与现阶段规划非同一版本，仅供历史参照**。另有中文/葡语二手资料提及""47,000吨镍铁+2,500吨钴""口径，与HPAL工艺产出硫酸盐（而非镍铁）的产品定位相矛盾，疑似信息混淆或与Vale原始方案/Araguaia项目数据错置，列为存疑，不予采信。",,项目中止(未建成),2024,2024,,,,,,,,,,自有帕拉州红土矿（2017年收购自淡水河谷）,"该项目址历史上存在两个互不相关的开发阶段：(1) 2002年由淡水河谷前身Companhia Vale do Rio Doce（CVRD）立项可行性研究，2003年设计产能高达45,000吨/年，2006年委托GRD Minproc管理，此后该方案未见于后续USGS年鉴版本，推测已被搁置放弃（原因未披露）；(2) 2017年Horizonte Minerals以约800万美元重新自淡水河谷收购该项目地块，2019年10月发布规模显著缩小的预可行性研究，规划年产硫酸镍（含镍2.5万吨）+硫酸钴（含钴1250吨），面向电池级市场，为HPAL湿法冶炼工艺。项目专项资金独立于Horizonte公司主账，但整体开发进度受母公司Araguaia项目2024年融资危机拖累，本轮研究未能获取2025-2026年独立最新进展，列为研究缺口。",未找到2025-2026年度相关更新。 【R4】重要更新：Horizonte Minerals plc已于2024年5月16日正式进入破产托管(Administration)程序，联合托管人为FRP Advisory的Chad Griffin与Geoff Rowley，公司官网(horizonteminerals.com)确认托管人正'逐步关停公司运营，此后将停止交易'。托管人就其姊妹项目Araguaia明确列出的处置选项包括：子公司层面融资、在保养维护状态下出售Araguaia项目、清算项目资产，或依英国/巴西法律采取其它措施——表明公司整体资产正处于处置/清算评估阶段。Vermelho项目本身的具体处置结果(是否已被出售、由谁接手)本轮未查得专项确认(horizonteminerals.com 2025年新闻页仅显示2024年4-5月的托管公告，未见2025年更新)，但鉴于唯一开发主体已破产托管并清盘，原'规划中或可研'状态已不能反映实情，本轮上调为'项目中止(未建成)'；因缺乏Vermelho资产处置结果的直接确认，置信度为'可能'。,可能,R4核实：状态由「规划中或可研」更新为「项目中止(未建成)」；,,,,,,,,,,,,R1-区域普查,https://horizonteminerals.com/br/pt/projeto_vermelho/,"https://horizonteminerals.com/br/pt/projeto_vermelho/
https://www.inthemine.com.br/site/estrutura-produtiva-do-niquel-no-brasil/
https://insg.org/wp-content/uploads/2021/04/INSG_Insight_35_Nickel_in_Latin_America_and_the_Caribbean_2021.pdf"
NI-140,GL140,非洲与中东,南非,South Africa,豪登省(Gauteng)，斯普林斯(Springs),英帕拉铂业斯普林斯贱金属精炼厂,Impala Refining Services Base Metals Refinery (Springs),Impala Platinum Holdings (Implats) 100%,Impala Platinum成立于1960年代末(1968-1969年)并在1970年代建成鲁斯滕堡矿区及配套斯普林斯冶炼/精炼设施；此后一直由Impala Platinum Holdings独家控股运营，未发生外部股权变更。旗下'Impala Refining Services (IRS)'部门代第三方(含津巴布韦Zimplats、Marula矿及外部矿商)提供来料熔炼/精炼服务。,PGM副产贱金属精炼,混合,镍硫酸盐结晶(副产)、硫酸铜、钴副产品,20000,行业估算Implats斯普林斯贱金属精炼镍产能量级约1.5万-2万吨镍/年，具体铭牌数字本次调研未能在线核实，标记存疑，需以公司年报核实。,1974,在产,2025,2025,,15693,2025,16500,,16155,15693,,"【R4】Implats FY2025年度综合报告(业务模式/产出部分)一手数据：集团口径精炼镍产量 FY2024=16,155t、FY2025=15,693t(原文单位标注疑似排印为'kt'，经与历史基线FY2022约16.5kt比对，判断实际为吨)。Springs BMR是Implats集团唯一镍精炼厂(接收自有Rustenburg矿区、Marula及Zimplats来料锍)，该集团数字大概率约等于该厂物理产出总量，但年报未明确排除极小比例的第三方调整，口径与既往Fact Sheet相同的模糊性依然存在。 | Ambiguous scope, flagged explicitly: Implats' 2023 Fact Sheet (covering FY2022, year ended 30 June 2022) states Group 'gross refined [nickel] production' of approx. 16.5kt (unit inferred from adjacent 13.1kt sales-volume figure) -- it is not fully clear whether this is the whole Springs BMR (the physical plant this record refers to) or a wider Implats-group figure. The SAME source separately states nickel metal 'returned via toll refining' (the narrower, third-party/IRS-specific slice) = 3.7kt for FY2022 -- reported here as prod_2022 since it best matches this record's 'Refining Services' scope, but the 16.5kt group figure is flagged as an alternative reading. No FY2023-FY2025 data found.",Impala Rustenburg矿区(南非)自有精矿；并通过IRS来料加工协议接收Marula矿及津巴布韦Zimplats公司Selous冶炼厂产出的PGM锍(matte)进行贱金属分离精炼,斯普林斯精炼厂是Implats集团贱金属回收链条的核心环节，接收自有鲁斯滕堡矿区精矿(经冶炼后)及第三方来料锍进行分离精炼，镍以硫酸镍结晶形式产出并对外销售。该厂长期是津巴布韦Zimplats公司PGM锍的下游精炼目的地——Zimplats自建Selous冶炼厂产出锍后运至南非在此精炼为终端产品，本质上使津巴布韦不具备完整的本土镍精炼能力。具体启用年份、扩建历史及精确产能数字本次调研未能通过在线检索独立核实，建议以Implats年报/可持续发展报告进一步核实。,"No plant-specific 2024-2026 update found this round; status retained unchanged from the index. 【R4】一手确认FY2024/FY2025集团精炼镍产量(16,155t/15,693t)，FY2025年报未见Springs/IRS关停或减产迹象，支持'在产'状态延续。厂级(Springs)与Zimplats来料的精确拆分仍未获得。",可能,,Impala-Zimplats,精炼,不适用——仅为精炼/电积环节，厂内不设熔炼炉；接收Implats自有鲁斯滕堡冶炼后精矿及第三方来料锍进行分离精炼。,镍硫酸盐结晶(副产)、硫酸铜、钴副产品。,自有鲁斯滕堡精矿(经冶炼后) + 来自Marula、Mimosa、Two Rivers等第三方浮选精矿的来料加工 + 津巴布韦Zimplats公司Selous冶炼厂产出的炉锍 + 其他小型合同矿商精矿及二次残渣(Implats IRS 2016年11月事实清单)。,未查到具体数据。,,,"FY2016精炼镍产量13,670吨，销量10,377吨(Implats 2016年11月事实清单)；具体启用/扩建年份未能独立核实；据Implats年报(2024/2025)持续在产。IRS业务模式为利用Implats富余熔炼/精炼产能，通过金属购买协议或来料加工协议为第三方(含Zimplats)提供服务，客观上使津巴布韦不具备完整本土镍精炼能力。",Impala Platinum Holdings 100%。,中,R1-区域普查,https://en.wikipedia.org/wiki/Impala_Platinum,"https://en.wikipedia.org/wiki/Impala_Platinum
https://implats.co.za/pdf/annual-reports/annual-integrated-report/2025/integrated-report-2025.pdf
https://implats.co.za/pdf/annual-reports/annual-integrated-report/2024/integrated-report-2024.pdf
https://implats.co.za/corporate-reports-results-and-presentations.php
https://www.implats.co.za/pdf/fact-sheets/irs-fact-sheet-nov-2016.pdf
https://www.implats.co.za/pdf/operations/fact-sheets/2023/implats-fact-sheet-2023.pdf"
NI-141,GL141,非洲与中东,南非,South Africa,姆普马兰加省(Mpumalanga)，马查多多普(Machadodorp)/埃马卡兹尼(eMakhazeni)附近,恩科马蒂镍矿选矿厂,Nkomati Nickel Mine (MMZ & PCMZ concentrators),African Rainbow Minerals (ARM) 100%（2023-2025年分阶段收购Nornickel剩余50%权益后）,1990年代初 Anglovaal(Avmin)勘探发现块状硫化物矿体 → 2004年ARM从英美资源(Anglo American)手中收购相关权益 → 2005年ARM与LionOre组建50/50合资企业开发MMZ扩建项目 → 2007年Norilsk Nickel(诺里尔斯克镍业/Nornickel)收购LionOre，承接其50%权益 → 2023年11月至2025年，ARM分阶段收购Nornickel剩余50%股权，实现100%控股并承接全部环境修复责任。,其它(仅浮选选矿产出硫化镍精矿；未确认现场是否曾配套熔炼工序，故此条目是否严格符合本普查'一次冶炼设施'收录标准存疑，应协调人明确要求予以保留并标注),不详,镍-铜硫化物精矿(含钴、铂族金属副产价值),40000,MMZ选矿厂设计处理能力约37.5万吨矿石/月(自磨+球磨)，PCMZ选矿厂约30万吨矿石/月(含铬回收螺旋选矿)；MMZ扩建项目(约2011-2013年达产)后精矿含镍名义年产能常被行业资料引用为约4万吨镍/年，但该数字本次调研未能逐一在线核实，标记存疑；实际产量长期低于名义产能，停产前地下矿已减产多年。,1998,保养维护(C&M),2021,2026,镍价低迷叠加成本上升：地下矿已于2015年停产转入保养维护；2019年8月ARM即已公开宣布拟于2020年9月前将全矿转入保养维护状态(据USGS MYB 2019)；露天矿(MMZ/PCMZ)可采资源采竭，实际已于2021年2月停止露天开采，2021年3月正式转入保养维护状态为关闭做准备(据USGS MYB 2021)，未见2022-2026年间复产报道。,,,,,,,,,自有矿山：MMZ(Main Mineralised Zone，露天+地下)、PCMZ(Peridotite Chromitite Mineralised Zone，露天)，均位于乌伊特科姆斯特杂岩体(Uitkomst Complex，布什维尔德杂岩体的卫星岩体),该矿床属乌伊特科姆斯特杂岩体(约20.5亿年前)的块状硫化物矿体，1990年代初由Anglovaal识别。2004年ARM收购英美资源权益，2005年与LionOre组建合资企业推进MMZ扩建，2007年Nornickel通过收购LionOre进入该项目，此后长期与ARM各持50%。经营中，地下矿于2015年因成本问题停产，露天开采延续到2021年2月因资源采竭而停止，全矿转入保养维护状态。2023-2025年ARM分阶段买断Nornickel权益，实现100%控股，同时承接了矿区环境修复责任，这也被视为Nornickel退出非洲/南部非洲资产的一部分。截至本次调研未发现2022-2026年复产计划的公开报道；矿区是否曾配套熔炼环节（部分行业资料提及过一座配套熔炼炉，但未获独立信源证实）仍存疑，请报告撰写人视情况进一步核实或按纯选矿资产处理。 【补充，USGS核实】USGS Minerals Yearbook确认该矿1994、2019、2021年版持续列示；2019年版明确记载ARM已宣布拟于2020年9月前将矿山转入保养维护，2021年版确认已于当年3月正式转入该状态，为USGS独立信源，置信度较高。,"African Rainbow Minerals' board approved (23 July 2026) a phased 15.2 billion rand investment plan that includes restarting Nkomati nickel mine's mining operations, alongside a Bokoni PGM investment. As of the approval date, actual production resumption had reportedly not yet commenced, so status is retained as 保养维护(C&M) with the restart plan noted.",确认,,,,"不适用——仅浮选选矿，厂区不设熔炼炉。MMZ选矿厂设计处理能力375,000吨/月(自磨+球磨配置)；PCMZ选矿厂300,000吨/月(另配螺旋选矿回收铬)。",镍-铜硫化物精矿(含钴、铂族金属副产价值)。,自有矿山，乌伊特科姆斯特杂岩体(布什维尔德杂岩体卫星岩体)：MMZ(主矿化带，露天+地下)、PCMZ(橄榄岩铬铁矿矿化带，露天)；矿石品位0.33% Ni，储量408.6百万吨，折合镍金属量135万吨。,未查到具体数据。,,,1990年代初Anglovaal识别矿床→2004年ARM收购英美资源权益→2005年ARM与LionOre组建50/50合资推进MMZ扩建→2007年Nornickel通过收购LionOre进入该项目→2015年地下矿因成本问题停产→2021年2月露天开采因资源采竭停止，全矿转入保养维护→2025年7月ARM分阶段完成对Nornickel 50%权益的买断，实现100%控股，同时承接矿区环境修复责任。,African Rainbow Minerals(ARM) 100%(2025年7月完成对Nornickel剩余50%权益收购后)。,中,R1-区域普查,https://en.wikipedia.org/wiki/Nkomati_mine,"https://en.wikipedia.org/wiki/Nkomati_mine
https://news.smm.cn/news/104021386"
NI-142,GL142,非洲与中东,南非,South Africa,林波波省(Limpopo)，桑德雷恩德(Zondereinde)，诺瑟姆(Northam)附近,诺瑟姆铂业桑德雷恩德冶炼厂及贱金属精炼厂,Northam Platinum Zondereinde Smelter & Base Metals Refinery,Northam Platinum Holdings 100%,Zondereinde矿山及配套冶炼设施长期由Northam Platinum独家控股运营，未发生外部股权变更；此前该矿山产出的PGM锍主要委托Implats斯普林斯精炼厂进行来料加工(toll refining)，后续自建贱金属精炼产能以减少对第三方精炼的依赖。,硫化矿熔炼-电炉+PGM副产贱金属精炼,混合,镍硫酸盐(副产),3000,规模为南非四家PGM副产镍精炼厂中最小的一家，行业估算镍硫酸盐产能量级约2000-4000吨镍/年，具体数字本次调研未能在线核实，标记存疑。,2005,在产,2025,2025,,,,,,,,,,Zondereinde矿山(Northam Platinum自有，林波波省布什维尔德杂岩体西翼),Northam于2005年前后自建Zondereinde冶炼厂以替代此前将精矿外运南非其它冶炼厂加工的模式；据行业公开资料，公司其后新增了贱金属精炼(BMR)产能以自行产出硫酸镍等贱金属产品，而非继续依赖Implats来料加工，具体BMR建成/投产年份本次调研未能独立核实(据一般行业认知约在2018-2021年间)，列为待核实事项。,No plant-specific 2024-2026 update found this round; status retained unchanged from the index. 【R4-未能核实】遍历Northam FY2023-FY2025年报、业绩演示文稿(FY2025结果发布会PDF)及'冶金操作'专页，均未见镍产量吨位或BMR硫酸镍铭牌产能的独立披露，判断该公司系统性不单独披露镍产量吨位(仅在财务报表中作为贱金属副产品收入体现)。FY2025年报确认贱金属提取厂新增第二台硫酸镍结晶器并调试成功，表明该设施FY2025仍在扩产运营，支持'在产'状态延续。prod_2024_2025需求本轮未能填补。,未能核实,,,,"常规冶炼炉，15MW，1993年投产；另有""第二座/新炉""在建/已建(miningreview.com标题""second furnace comes into play"")，设计为纯UG2专用炉(区别于原有Merensky+UG2混合炉)，具体投产年份本次未能独立核实(据公开检索线索""R900m platinum smelter expansion""约2018年，内容未及核实)。贱金属精炼厂(BMR)采用常压浸出+加压酸浸+硒脱除+铜电积工艺，PGM回收率98.5%。",镍硫酸盐(副产)。,自有Zondereinde矿(布什维尔德杂岩体西翼，林波波省)精矿 + 富余产能来料加工第三方精矿，另有Booysendal矿扩产后计划增加的来料量。,未查到具体数据。,,,"1993年原始冶炼厂投产(15MW)；""第二座炉""建设/投产的具体年份及BMR镍硫酸盐产能投产年份本次未能独立核实，列为缺口。",Northam Platinum Holdings 100%。,低,R1-区域普查,https://en.wikipedia.org/wiki/Northam_Platinum,"https://en.wikipedia.org/wiki/Northam_Platinum
https://www.northam.co.za/investors-and-media/publications/annual-reports
https://www.northam.co.za/about-northam/metallurgical-operations
https://www.miningweekly.com/article/northam-reports-solid-operational-performance-at-zondereinde-and-booysendal-2025-07-24
https://www.miningreview.com/precious-metals/second-furnace-comes-play-zondereinde-northam/"
NI-143,GL143,非洲与中东,南非,South Africa,西北省(North West)，马里卡纳(Marikana),萨卡杜硫酸镍厂(马里卡纳),"Thakadu Nickel Sulfate Plant, Marikana",Thakadu Battery Materials (Pty) Ltd.（Sibanye-Stillwater旗下，原Lonmin plc资产）,作为Lonmin plc马里卡纳贱金属精炼厂(BMR)的下游二次精炼延伸项目于2019年建成投产 → 2019年6月Sibanye-Stillwater完成对Lonmin plc的收购后，该厂随之并入Sibanye-Stillwater集团，由其子公司Thakadu Battery Materials (Pty) Ltd运营。,硫酸镍精炼(中间品/高冰镍),混合,电池级硫酸镍(粗硫酸镍二次精炼产品),5500,"据USGS Minerals Yearbook 2019/2021年版，该厂目标硫酸镍产能为25,000吨/年(以硫酸镍产品计)，折合含镍量约5,500吨镍/年；2021年初实际产量爬坡至约16,000吨硫酸镍(折合约3,520吨镍)，目标仍为25,000吨/年硫酸镍。此为USGS独立核实数据，置信度较高。",2019,在产,2021,2021,,3520,2021,,,,,,,以马里卡纳贱金属精炼厂(原Lonmin BMR，见'Lonmin (Sibanye-Stillwater) Base Metals Refinery'条目)产出的粗硫酸镍为原料进行二次精炼提纯,"该厂是南非PGM生产商中少有的、专门面向电池材料市场建设的硫酸镍二次精炼项目，以马里卡纳贱金属精炼厂产出的粗硫酸镍为原料，通过进一步提纯生产电池级硫酸镍，是南非探索电池金属产业链延伸的代表性案例。2019年建成投产，2019年被Sibanye-Stillwater收购Lonmin后并入集团旗下。截至2021年产量仍在向25,000吨/年硫酸镍设计产能爬坡。本条目回应了任务简报关于'南非是否有规划中的电池级硫酸镍项目'的提问——该项目已实际建成投产(而非仅规划阶段)，是本次调研的重要新发现。2022-2026年间的最新产量及运营状态本次调研未能进一步核实，列为缺口。",No plant-specific 2025-2026 update found beyond general Sibanye-Stillwater group financial results (not facility-specific); status retained unchanged from the index. 【R4-未能核实】本轮未获得2024/2025年度产量数字。Sibanye-Stillwater 2026年提交美国SEC的SK-1300技术报告摘要(Marikana作业)确认该厂截至2026年仍纳入集团资产技术报告体系(含'Table 62: Base Metals Refinery Production Forecast and Operational Data 2022-2032'预测表)，支持'在产'状态延续，status_verified_year更新至2026；但该表具体数字因文档过大未能提取，为后续重点线索。,未能核实,,,,不适用——硫酸镍二次精炼(提纯)装置，非炉窑体系。,电池级硫酸镍结晶。,以马里卡纳贱金属精炼厂(Sibanye-Stillwater，原Lonmin BMR)产出的粗硫酸镍为原料，双方签有长期供料协议，另有补充原料来源。,未查到具体数据。,,,"2019年建成→2021年3月投产(2021年目标产量16,000吨)→设计稳态产能30,000吨/年硫酸镍(""常态化""运行水平约25,000吨/年)→初始资本投入约2000万美元。",Thakadu Battery Materials (Pty) Ltd.，Sibanye-Stillwater子公司。,高,R1-区域普查,USGS Minerals Yearbook 2019/2021 (Nickel chapter) — 见 _checklist_reference_tables.json,"USGS Minerals Yearbook 2019/2021 (Nickel chapter) — 见 _checklist_reference_tables.json
https://www.sec.gov/Archives/edgar/data/1786909/000162828026026991/ssw_marikanaxoperationsx.htm
https://www.miningmx.com/news/markets/45513-thakadu-begins-nickel-production-from-20m-marikana-facilities-ahead-of-ev-demand-growth/"
NI-144,GL144,非洲与中东,南非,South Africa,豪登省(Gauteng)，布拉克潘(Brakpan)（冶炼环节位于西北省马里卡纳Marikana）,隆明(西班尼-思达伟)贱金属精炼厂,Lonmin (Sibanye-Stillwater) Base Metals Refinery,Sibanye-Stillwater 100%（2019年收购Lonmin plc后并入）,原Lonmin plc(前身Lonrho旗下Western Platinum/Eastern Platinum)在马里卡纳(Marikana)一带布什维尔德杂岩体西翼开采并配套建设冶炼与贱金属精炼设施 → 2019年6月10日Sibanye-Stillwater完成对Lonmin plc的全面收购，相关冶炼/精炼资产并入Sibanye-Stillwater集团SA PGM业务板块。,硫化矿熔炼-电炉+硫化矿熔炼-反射炉/鼓风炉(历史)+PGM副产贱金属精炼,混合,镍硫酸盐(副产)、硫酸铜,9000,行业估算该精炼厂镍产能量级约8000-10000吨镍/年，规模小于Amplats的RBMR和Implats的斯普林斯精炼厂，具体数字本次调研未能在线核实，标记存疑。,,在产,2025,2025,,,,,,,,,,马里卡纳(Marikana)矿区西翼、东翼PGM矿山(原Lonmin，现Sibanye-Stillwater SA PGM板块),"该设施随2019年Sibanye-Stillwater对Lonmin plc的收购交易并入现有股东，继续作为南非西部布什维尔德PGM矿区的配套贱金属回收设施运营，镍作为PGM开采副产品产出硫酸镍对外销售。因Sibanye-Stillwater近年(2023-2025年)面临PGM价格低迷导致的集团性成本削减与部分资产重组，不排除存在减产风险，但本次调研未能找到关于该精炼厂具体减产、检修或产能变化的独立信源，列为待核实事项。设施精确启用年份、历史扩建节点及精确产能数字均未能在线核实。 【关联说明】2019年该厂旁新建了Thakadu硫酸镍厂(Thakadu Battery Materials)，专门对本厂产出的粗硫酸镍进行二次提纯以生产电池级硫酸镍，详见独立条目'Thakadu Nickel Sulfate Plant, Marikana'。","Sibanye-Stillwater reported strong 2026H1 group results (SA PGM realized price +67% YoY, US PGM +70%, gold +35%). Separately, in September 2026 Sibanye began a restructuring consultation over the Kwezi shaft at Rustenburg (affecting <3% of SA PGM output) — it is unclear whether this affects the Lonmin BMR itself, and no BMR-specific nickel output figures were found, so status/status_year are left unchanged at the plant level. 【R4-未能核实】未获得该厂专属的2024/2025镍产量数字。Sibanye集团年报摘要页提及集团镍产量'2024年7.7kt'、'2025年1.1kt'，但该量级与法国Sandouville精炼厂(NI-013，2023年镍产量约7,125吨)高度吻合，判断该数字很可能主要反映Sandouville而非南非PGM副产镍，口径无法可靠拆分，故未采用为本厂产量。SEC 2026年SK-1300技术报告确认该厂截至2026年仍纳入集团资产体系，支持'在产'延续，status_verified_year更新至2026。",未能核实,,,,单座冶炼炉(具体炉型/MW本次未能核实)，处理来自8座选矿厂(合计约60万吨/月处理能力：K3 Mix、K3 UG2、K4、EPL等选矿厂 + 历史/当期尾矿(经BTT、ETTP工厂) + 回收料)的精矿/回收料；BMR处理粒化转炉锍，2026年SEC文件披露BMR处理能力约5-6万吨/月锍进料(2022-2032年运营窗口)。,镍硫酸盐六水合物结晶、阴极铜(BMR产出)；PGM另送贵金属精炼厂。,自有马里卡纳西翼、东翼PGM矿山精矿 + 粒化转炉锍。,未查到具体数据。,,,2019年随Sibanye-Stillwater收购Lonmin plc并入现股东；据2026年SEC文件，冶炼/BMR运营已纳入至2073年的矿山寿命规划；2019年同步建成Thakadu硫酸镍二次精炼装置，进一步提纯BMR产出的粗硫酸镍。,Sibanye-Stillwater 100%(2019年收购Lonmin plc后并入)。,中,R1-区域普查,https://en.wikipedia.org/wiki/Lonmin,"https://en.wikipedia.org/wiki/Lonmin
https://en.wikipedia.org/wiki/Sibanye-Stillwater
https://news.smm.cn/news/104096723
https://news.smm.cn/live/detail/104110813
https://reports.sibanyestillwater.com/2024/
https://reports.sibanyestillwater.com/2025/
https://www.sec.gov/Archives/edgar/data/1786909/000162828026026991/ssw_marikanaxoperationsx.htm"
NI-145,GL145,非洲与中东,南非,South Africa,西北省(North West)，鲁斯滕堡(Rustenburg)，瓦特瓦尔(Waterval),鲁斯滕堡贱金属精炼厂(RBMR，含瓦特瓦尔冶炼厂),Rustenburg Base Metals Refinery (RBMR) / Waterval Smelter Complex,Valterra Platinum 100%（原Anglo American Platinum，2025年5月自Anglo American plc分拆并更名为Valterra Platinum）,该冶炼-精炼体系为Rustenburg Platinum Mines Ltd(RPM，英美资源集团旗下)自20世纪中期起围绕Merensky Reef(1924年发现)铂族金属开采逐步建立的贱金属回收设施演化而来；1995年英美铂业(Amplats，现称Anglo American Platinum)整合为统一上市实体后，Waterval冶炼厂与RBMR一直归属该公司，未发生重大股权变更，为英美资源集团(Anglo American plc)控股子公司。,硫化矿熔炼-闪速炉+转炉吹炼+PGM副产贱金属精炼,混合,镍硫酸盐结晶(副产)、硫酸铜、粗硫酸镍/镍-铜合金中间品(供后续PGM分离),32400,"R5：OneMine技术论文——2011年电解槽满槽改造后镍电积铭牌提高至32,400 t/yr；此前口径约25,000 t/yr(USGS)，FY2025实际产量23,893t。| 行业公开资料常引用Amplats旗下贱金属精炼镍产能约2万-2.5万吨镍/年量级(以硫酸镍结晶计，含镍金属吨)，但具体铭牌数字本次调研未能在线逐一核实，标记为存疑估算，请以公司最新年报/可持续发展报告核实。 | R4：FY2025实际产量(23,893t)与既有产能估算(25,000吨/年)高度吻合，为该产能数字提供间接佐证(未变更数字本身)。",,在产,2025,2026,,23893,2025,,,,23893,12305,"【R4】Valterra Platinum《H1 2026业绩手册》(公司口径)：H1 2026镍产量12,305吨；2025全年镍产量23,893吨。因RBMR为该集团唯一镍副产品精炼厂(旗下各PGM矿山锍料均汇总送RBMR/Waterval精炼)，集团数字应可视为约等于RBMR厂级产出，但公司未明确排除极小比例调整项，置信度为'可能'。FY2024数字本轮未能获取(Anglo American Platinum 2024年度业绩公告页面确认存在完整PDF但未能提取具体数字)。",Anglo American Platinum旗下布什维尔德杂岩体(Bushveld Complex)西部矿区群铂族金属矿山(Mogalakwena、Amandelbult、Der Brochen等)，镍为PGM开采的副产品,南非并无大规模独立原生镍矿冶炼产业，其镍产量绝大部分来自布什维尔德杂岩体铂族金属(PGM)开采的副产品回收体系，起源可追溯至1920年代Merensky Reef发现后铂矿开采规模化。Amplats的瓦特瓦尔冶炼厂通过闪速炉熔炼PGM精矿产出的镍-铜锍经转炉吹炼后，送RBMR进行贱金属分离，产出硫酸镍结晶等中间品，再进一步分离钴、铜，PGM则送贵金属精炼厂(PMR)提纯。该设施长期由英美铂业独家运营，是南非最大的PGM副产镍来源之一。近年有关在Coega等地新建电池级硫酸镍产能的传闻本次调研未能证实，列为待核实事项。,"Confirmed: Anglo American Platinum was spun off from Anglo American plc and renamed Valterra Platinum, effective May 2025 — RBMR's owner field is updated accordingly. Valterra Platinum reported strong 2026H1 results (profit +17x YoY, PGM price +85%, sales volume +18%) with PGM production recovering (Amandelbult flood recovery, Mototolo/Modikwa improvements), though Mogalakwena maintenance and Unki grade decline were drags. No RBMR-specific nickel byproduct tonnage was found. 【R4】确认FY2025全年镍产量23,893吨、2026上半年12,305吨(公司口径)。FY2024数字未能获取，为后续补充重点。",可能,,,,"瓦特瓦尔冶炼厂设一座氧化炉(闪速炉类型)产出转炉锍，配套硫酸厂；RBMR镍电积采用""全沉积""电积新工艺(取代此前劳动密集型的""起始片+分隔电解槽""旧法)，2011年起投运新镍电解厂(Tank House)，为世界首创全沉积电镀技术，同时将镍电积铭牌产能从22,500吨/年提升至32,400吨/年(OneMine技术论文披露)；另一信源(L2B工程数据库)标注同一/相近项目将""镍产量从21,000吨""提升，预算逾2亿南非兰特，2011年Q2完工——两信源基准吨位(21,000 vs 22,500)存在细微差异，可能统计口径不同。",电积镍阴极、阴极铜、硫酸钴、硫酸钠(副产)。,自有布什维尔德杂岩体西部矿区群PGM矿山(Mogalakwena、Amandelbult、Der Brochen等)精矿→熔炼为转炉锍→缓冷后送RBMR分离。,未查到具体数据。,,,"RBMR镍电积扩能改造项目：2011年起投运新镍电解厂，铭牌产能自22,500吨/年提升至32,400吨/年，采用世界首创全沉积电镀工艺(降低劳动强度及气溶胶暴露)。**该32,400吨/年数字与原JSON记录的25,000吨/年现有产能存在显著差异，为本次研究重要发现/待核实事项**。",Valterra Platinum 100%(原Anglo American Platinum，2025年5月自Anglo American plc分拆并更名)。,中,R1-区域普查,https://en.wikipedia.org/wiki/Anglo_American_Platinum,"https://en.wikipedia.org/wiki/Anglo_American_Platinum
https://en.wikipedia.org/wiki/Nickel
https://news.smm.cn/news/104068020
https://news.smm.cn/news/103703044
https://news.smm.cn/news/103447354
https://news.smm.cn/live/detail/104031773
https://news.smm.cn/live/detail/104101932
https://www.valterraplatinum.com/wp-content/uploads/2026/07/Valterra_Platinum_H1-2026_results_booklet-1.pdf
https://www.valterraplatinum.com/media/press-releases/2025/17-02-2025
https://onemine.org/documents/full-deposit-nickel-electrowinning-at-rustenburg-base-metal-refiners
https://www.l2b.co.za/Project/Rustenburg-Base-Metals-Refinery-RBMR-/3327
https://www.valterraplatinum.com/mine-to-market/processing-operations/"
NI-146,GL146,非洲与中东,博茨瓦纳,Botswana,中部区(Central District)，塞莱比皮奎(Selebi-Phikwe),BCL塞莱比皮奎镍铜冶炼厂,BCL Smelter (Selebi-Phikwe Nickel-Copper Smelter),BCL Limited（博茨瓦纳政府全资，已于2016年进入清算程序）；相关矿山资产(Selebi、Selkirk矿)已于2022年被NexMetals Mining Corp(原Premium Nickel Resources)收购，冶炼厂本体归属状态本次调研未能独立核实,1970年代由英美资源集团(Anglo American Corporation Botswana)/美国美驰公司(AMAX)主导开发建成 → 其后逐步转为博茨瓦纳政府全资(BCL Limited) → 2016年9月因持续亏损进入清算程序，公司层面永久停止运营 → 2022年1月/8月，加拿大Premium Nickel Resources公司(2024年后更名为NexMetals Mining Corp)先后收购已停产的Selebi矿与Selkirk矿资产，启动可行性研究以评估矿山复产，但冶炼厂本体的产权归属及是否随矿山一并转让，本次调研未能独立核实。,硫化矿熔炼-电炉+硫化矿熔炼-反射炉/鼓风炉(历史),硫化矿精矿,镍-铜锍(matte)，历史上主要出口至挪威克里斯蒂安桑(Kristiansand)的Falconbridge/Glencore Nikkelverk精炼厂进一步精炼,24000,行业公开资料常引用BCL冶炼厂设计产能量级约2万-2.5万吨镍(锍中所含)/年，具体铭牌数字本次调研未能在线独立核实，标记存疑。,1973,永久关闭,2016,2016,长期亏损：公司原计划运营至2010年，后延至2013年，最终于2016年9月因持续亏损、矿石品位下降及现金流枯竭而全面停产并进入清算，导致大量失业，塞莱比皮奎镇经济受到严重冲击。,,,,,,,,,自有Selebi矿、Selkirk矿(深井+露天开采)，历史上还接收Tati Nickel Mining Company旗下Phoenix矿(此前由LionOre/后由Norilsk Nickel控股)外购精矿,BCL冶炼厂自1973年投产以来是博茨瓦纳镍铜工业的核心，处理自有矿山及外购精矿(含Tati Nickel的Phoenix矿精矿)生产镍-铜锍并外运精炼。2016年因持续亏损进入清算，成为博茨瓦纳历史上最大规模的产业关闭事件之一。2017-2021年间多方投资者曾探讨复产可能性但均未成功。2022年Premium Nickel Resources(2024年更名NexMetals Mining Corp)收购Selebi(2022年1月)与Selkirk(2022年8月)两座矿山，正在推进可行性研究，但截至本次调研未发现关于冶炼厂本体复产、新建选矿/冶炼设施或最终投资决定(FID)的确凿公开信息，是否延续原冶炼厂路线抑或改为精矿出口模式仍不明确，列为重要待核实事项。Tati Nickel(Phoenix矿)本身仅为选矿/精矿生产商，不设独立冶炼环节，未单独收录为本普查条目，仅在此处作为原料来源提及。 【补充，USGS核实】据USGS Minerals Yearbook 1994、1997年版，BCL的Selebi-Phikwe镍-铜锍是挪威Falconbridge Nikkelverk精炼厂(克里斯蒂安桑)锍原料的两大来源之一，另一主要来源为加拿大萨德伯里(Sudbury)，这为该厂锍产品最终精炼去向提供了具体、USGS独立核实的信源(此前仅笼统表述为'外运精炼')。,"No 2025-2026 update found on NexMetals Mining Corp / Premium Nickel Resources' plans for restarting the BCL smelter or the associated Tati assets, despite search attempts; status retained unchanged from the index.",未能核实,,Glencore-Nikkelverk-Feed,冶炼,,,,,,,,,,R1-区域普查,https://en.wikipedia.org/wiki/Selebi-Phikwe,"https://en.wikipedia.org/wiki/Selebi-Phikwe
https://nexmetalsmining.com/projects/
https://en.wikipedia.org/wiki/Mining_in_Botswana"
NI-147,GL147,非洲与中东,博茨瓦纳,Botswana,东北区(North-East District)，皮奎(Phikwe)地区,塔蒂镍业Activox贱金属精炼项目(未建成),Tati Nickel Activox Base-Metals Refinery Project,项目已中止，无运营方（原规划为LionOre Mining International Ltd. 85% / 博茨瓦纳政府 15%）,2006年8月由LionOre Mining International Ltd.(持股85%，博茨瓦纳政府持股15%)提出并获批建设 → 2007年Norilsk Nickel收购LionOre，承接该项目权益 → 此后未见于任何后续USGS Minerals Yearbook版本，项目推断已被搁置/取消，未正式宣布过取消决定的具体信源。,常压浸出(AL)+其它(Activox工艺，专有加压氧化浸出贱金属精炼技术),硫化矿精矿,计划中(未建成)：镍金属/镍中间品,,USGS Minerals Yearbook 2006年版记载该项目设计总投资6.2亿美元(其中Activox精炼厂4.82亿美元，配套密度介质分选厂1.14亿美元)，但未披露具体的镍金属吨/年产能数字。,,项目中止(未建成),2006,2006,2006年8月获批后仅出现于当年USGS Minerals Yearbook记录，此后(2007年及以后)未见于任何后续版本的USGS资料或其它信源，据此推断项目在规划阶段即被搁置或取消，具体原因(资金、镍价周期、Norilsk Nickel收购LionOre后的战略调整等)本次调研未能独立核实。,,,,,,,,,塔蒂镍业(Tati Nickel Mining Company)旗下凤凰矿(Phoenix Mine)，博茨瓦纳东北部，精矿原计划供应本项目及/或BCL塞莱比皮奎冶炼厂,该项目计划在塞莱比皮奎(Phikwe)地区建设一座采用Activox专有加压氧化浸出工艺的贱金属(镍)精炼厂，配套密度介质分选厂，意在为塔蒂镍业凤凰矿精矿提供不依赖BCL冶炼厂的独立湿法冶金加工路线。项目于2006年8月由LionOre Mining International(持股85%)及博茨瓦纳政府(持股15%)联合获批，设计总投资达6.2亿美元。2007年Norilsk Nickel收购LionOre后承接该项目权益，但此后未见于任何公开资料的后续进展报道，据USGS Minerals Yearbook历年记录的缺失，推断该项目从未进入建设阶段即被搁置，是博茨瓦纳镍工业史上一个此前鲜为人知、未被任务简报原始清单提及的'项目中止(未建成)'案例，本次调研通过跨核对USGS历年数据发现并予以补充收录。具体取消/搁置的确切年份及原因仍需进一步核实。,No new evidence found this round regarding NexMetals/Premium Nickel plans for the Tati assets; status retained unchanged from the index.,未能核实,,,,,,,,,,,,,R1-区域普查,USGS Minerals Yearbook 2006 (Nickel chapter) — 见 _checklist_reference_tables.json,USGS Minerals Yearbook 2006 (Nickel chapter) — 见 _checklist_reference_tables.json
NI-148,GL148,非洲与中东,坦桑尼亚,Tanzania,卡盖拉区(Kagera)卡班加(Kabanga，矿山)；计划中的精炼厂位于希尼扬加区(Shinyanga)卡哈马市(Kahama),卡班加镍矿及卡哈马湿法冶金精炼厂(规划中),Kabanga Nickel Project & Kahama Hydrometallurgical Refinery (planned),Lifezone Metals 100%持股Kabanga Nickel Limited (KNL)，并持有运营子公司Tembo Nickel Corporation Limited (TNCL) 84%股权（坦桑尼亚政府持有TNCL剩余16%）；必和必拓(BHP)已出售其在KNL的剩余17%股权予Lifezone Metals，完全退出本项目,2025年7月18日，Lifezone宣布收购BHP所持Kabanga Nickel Limited的剩余17%权益。交易后，Lifezone持有KNL全部股权；KNL持有项目公司Tembo Nickel的84%，坦桑尼亚政府持有16%。Lifezone同时取得项目全部承购安排的控制权。,2025年可研：地下开采与浮选；卡哈马湿法精炼另行规划,硫化矿精矿,2025年可研：镍铜钴精矿；下游精炼产品另行规划,,2025年可研设计处理340万吨矿石/年；全寿命18年累计精矿含镍90.2万吨，年均约5万吨为算术平均值，不是精炼厂铭牌能力。,,规划中或可研,2024,2026,,,,,,,,,,卡班加镍矿(自有，坦桑尼亚西北部卡盖拉区，靠近恩加拉Ngara)，已探明+推断资源量截至2024年12月约58.1百万吨矿石(平均品位约2.09%镍),卡班加是坦桑尼亚西北部的硫化镍矿开发项目，由Lifezone Metals与坦桑尼亚政府参与。2025年可行性研究聚焦地下矿山和选矿厂，计划生产供后续冶炼使用的镍铜钴精矿；卡哈马湿法精炼厂属于另行推进的下游规划。,后续融资与最终投资决定；卡哈马精炼厂的独立工艺、投资及产能方案；具名客户和实际承购合同。,确认,,,,2025年可研为矿山及选矿设施；卡哈马精炼厂单独规划。,2025年可研产品为镍铜钴精矿；湿法精炼产品另行规划。,自有卡班加矿(卡盖拉区)，FS平均入选品位1.98% Ni、0.27% Cu、0.15% Co；金属回收率87.3% Ni、95.6% Cu、89.6% Co；矿石总量5220万吨(100%基础)，矿山寿命18年；全周期精矿含金属量：镍90.2万吨、铜13.4万吨、钴6.9万吨。,未查到具体数据。,全维持成本(AISC) US$3.36/磅镍(精矿口径，2025年FS，不含精炼环节)。,1090,2025年7月公布矿山与选矿厂可研；精炼厂另行规划。,2025年7月18日，Lifezone宣布收购BHP所持Kabanga Nickel Limited的剩余17%权益。交易后，Lifezone持有KNL全部股权；KNL持有项目公司Tembo Nickel的84%，坦桑尼亚政府持有16%。Lifezone同时取得项目全部承购安排的控制权。,高,R1-区域普查,https://www.lifezonemetals.com/kabanga-nickel,"https://www.lifezonemetals.com/kabanga-nickel
http://www.nstl.gov.cn/paper_detail.html?id=cb66ea0eeb972a3459aa1c31caa704a5
http://www.nstl.gov.cn/paper_detail.html?id=3dc138750d3ccf0ee293604db29e2cce
https://ir.lifezonemetals.com/news/press-releases/news-details/2025/Lifezone-Metals-Files-the-Feasibility-Study-Technical-Report-Summary-for-the-Kabanga-Nickel-Project-in-Tanzania/default.aspx
https://s201.q4cdn.com/375092174/files/doc_downloads/2025/C8784-ST-REP-000002-KNP-Feasibility-Study-Technical-Report-Summary-S-K-1300-_RevC-1.pdf
https://www.businesswire.com/news/home/20250718629516/en/Lifezone-Metals-Files-the-Feasibility-Study-Technical-Report-Summary-for-the-Kabanga-Nickel-Project-in-Tanzania
https://ir.lifezonemetals.com/news/press-releases/news-details/2025/Lifezone-Metals-Consolidates-Control-of-the-World-Class-Kabanga-Nickel-Copper-Cobalt-Sulfide-Project/default.aspx"
NI-149,GL149,非洲与中东,坦桑尼亚,Tanzania,鲁伍马区(Ruvuma),恩塔卡山镍钴红土矿项目,Ntaka Hill Nickel-Cobalt Laterite Project,原开发商Indiana Resources Limited（澳大利亚，前身IMX Resources）已于2024年7月29日与坦桑尼亚政府达成全面和解协议并退出该项目，转向澳大利亚Gawler Craton金矿资产；项目后续实际权属/开发方未见公开报道，推定仍处于坦桑尼亚政府管辖下的未开发状态,不详，本次调研未能在线核实具体股权沿革，仅据一般行业认知该项目历史上处于勘探/预可行性阶段，长期未见实质性开发进展。,其它(工艺路线未公开),红土矿(混合),不详（计划中，未投产）,,无可靠产能数据，项目从未进入建设阶段。,,不详,2013,2026,,,,,,,,,,恩塔卡山红土镍钴矿(勘探阶段),该项目为坦桑尼亚南部一处红土型镍钴矿勘探项目，本次调研因WebSearch检索预算耗尽及相关网页无法访问，未能获取任何具体、可独立核实的信息(包括最新股权方、资源量、开发阶段)。列为本报告置信度最低的条目之一，仅根据任务简报提及予以保留，建议报告撰写人对该项目的存在性、最新状态进行独立核实，或考虑从最终数据库中剔除。,No new evidence found this round; status retained unchanged from the index. 【R3】重大背景更新：坦桑尼亚政府此前被国际投资争端解决中心(ICSID)于2024年2月裁定就'非法征收'Ntaka Hill镍矿项目向Indiana Resources赔偿超1.095�億美元(后经上诉程序增至约1.2亿美元)；双方已于2024年7月29日签署全面和解协议(Consent Award)，ICSID同步终止相关撤销程序，和解条款明确Indiana Resources及其关联方在坦桑尼亚不再承担任何税费或其他财务义务。Indiana Resources已公开表态将'转向'其在南澳Gawler Craton的黄金资产，实质上退出镍业务/该项目。未查到和解后项目本身是否有新开发方接手或任何冶炼/加工设施建设的迹象，故运营状态仍维持'不详'，但所有权链条(原开发商已确认退出)较此前更清晰。 【R4-未能核实】本轮因资源有限、优先投向信息可得性更高的记录，未对该项目投入额外检索资源；沿用R3轮结论(原开发商Indiana Resources已于2024年7月与坦桑尼亚政府和解并退出，后续接手方及开发阶段仍不详)。capacity与status_unknown需求本轮均未能填补，仍为未解决缺口。,可能,,,,,,,,,,,,,R1-区域普查,https://en.wikipedia.org/wiki/Nickel,"https://en.wikipedia.org/wiki/Nickel
https://www.tanzaniainvest.com/mining/indiana-resources-ntaka-hill-nickel-settlement
https://www.tanzaniainvest.com/mining/ntaka-hill-nickel-project-icsid-ruling
https://www.tanzaniainvest.com/mining/usd-90-million-settlement-indiana-resources-ntaka-hill
https://www.tanzaniainvest.com/mining/ntaka-hill-nickel-project-icsid-appeal-fails
https://www.accessnewswire.com/newsroom/en/ntaka-hill-nickel-project-update-514652"
NI-150,GL150,非洲与中东,布隆迪,Burundi,鲁塔纳省(Rutana)，穆松加蒂(Musongati),穆松加蒂镍红土矿项目(规划中，从未建成),"Musongati Nickel Laterite Project (planned, never built)",Burundi Musongati Mining (BMM)——Kermas Corporation持股85%，布隆迪政府持股15%,该矿床自1970年代起即被必和必拓、国际镍公司(INCO)等国际矿业公司多次勘探研究，但均未推进至建设阶段 → 2011年前后由Kermas Corporation与布隆迪政府组建公私合营公司Burundi Musongati Mining(BMM，Kermas持股85%、政府持股15%)接手项目，同样长期停留在勘探/可行性研究阶段，未见任何冶炼或精炼设施建成的独立信源。,其它(工艺路线未公开，项目未建成),红土矿(混合),计划中(未投产)：拟产出镍生铁或镍锍/镍中间品，具体工艺路线本次调研未能核实,,从未确定最终铭牌产能，历史上不同阶段的可行性研究曾提出不同规模设想，均未获独立核实。,,项目中止(未建成),2011,2011,项目长期停留在勘探/可行性研究阶段：矿区地处内陆，缺乏配套铁路/港口基础设施(拟议中的坦桑尼亚-布隆迪吉特加铁路线途经该矿区，但该铁路本身亦未建成)，叠加融资困难与布隆迪国内政治经济环境不稳定，导致项目历经数十年(1970年代至今)始终未能进入建设阶段。,,,,,,,,,穆松加蒂红土镍矿(含镍、铂族金属、铜、金、铁伴生资源),穆松加蒂是非洲大陆勘探历史最长的未开发红土镍矿项目之一，历经必和必拓、国际镍公司(INCO)等多家国际矿业巨头数十年勘探研究，均因基础设施缺乏(内陆无铁路直达港口)、融资困难及布隆迪政局不稳等因素而未能推进至建设阶段。2011年前后Kermas Corporation与布隆迪政府组建BMM公私合营公司接手，但截至本次调研仍未发现任何冶炼/精炼设施建成或开工建设的独立信源，与坦桑尼亚-布隆迪拟议铁路(途经该矿区)项目的关联性也表明其开发高度依赖尚未落地的区域基础设施建设。该条目按任务简报要求予以保留并明确标注'项目中止(未建成)'，如后续研究发现2020年代有新动向，应予以更新。,No new evidence of project revival found this round; status retained unchanged from the index.,未能核实,,,,,,,,,,,,,R1-区域普查,https://en.wikipedia.org/wiki/Musongati,https://en.wikipedia.org/wiki/Musongati
NI-151,GL151,非洲与中东,摩洛哥,Morocco,德拉-塔菲拉勒特大区(Drâa-Tafilalet)，瓦尔扎扎特省(Ouarzazate)布阿泽尔(Bou Azzer),布阿泽尔钴镍联合厂(CTT/曼纳吉姆),Bou Azzer Cobalt-Nickel Complex (CTT / Managem),Managem Group（Al Mada控股旗下上市公司，加拿大证券交易所代码CSE: MNG），旗下子公司Compagnie de Tifnout Tighanimine (CTT)运营,1928年在布阿泽尔发现钴矿床 → 长期由摩洛哥王室相关的ONA集团(Omnium Nord-Africain)旗下矿业子公司开发运营 → 2018年后ONA集团重组为Al Mada控股公司，Managem作为其矿业上市平台继续控股运营布阿泽尔资产，未发生外部股权变更。,其它(硫化矿熔炼变体，说明：布阿泽尔矿石为钴-镍砷化物矿(方钴矿系)，以钴回收为主体工艺，镍为潜在副产品，具体是否设有独立镍产品线未获本次调研核实),不详,钴阴极及钴化学品(主产品)；镍作为该矿床伴生元素，是否形成独立商品化镍产品(如镍盐/镍砷化合物)本次调研未能核实,,Managem公开披露的产能数据以钴金属计(据一般行业认知钴阴极产能量级约2000余吨/年)，本次调研未找到独立的镍金属吨/年产能数字，故留空；镍在该矿床中的商业化回收规模需报告撰写人重点核实，任务简报要求核查的'Guemassa'及硫酸镍/电池正极材料(CAM)计划本次调研均未找到独立信源证实，列为缺口。 | R4：一手核查Managem《2025年度财务报告》(Rapport Financier Annuel 2025)全文，未见任何'nickel/镍'相关表述，仅围绕钴业务展开(含刚果金Pumpi矿钴产线)。据此判断该公司未将镍作为独立商品化产品对外披露，镍金属吨位的产能/产量数字持续缺失，可能反映该维度本身不存在独立可统计口径，而非检索遗漏。,1928,在产,2025,2026,,,,,,,,,,布阿泽尔钴-镍砷化物矿(Managem/CTT自有，摩洛哥反地图斯山脉Anti-Atlas),布阿泽尔是非洲历史最悠久的钴生产基地之一，自1928年发现钴矿床以来持续运营近百年，是Managem集团(现属Al Mada控股)的核心资产，主产品为钴阴极及钴化学品。该矿床矿物类型属钴-镍砷化物(方钴矿/斜方钴矿系)，理论上伴生镍元素，但本次调研未能确认Managem是否将镍作为独立商品化产品对外销售、抑或仅作为工艺流程中的伴生副产品处理(如产出'镍speiss'等中间品)。任务简报要求核查的Managem电池材料(硫酸镍/正极材料CAM)扩产计划及'Guemassa'相关信息，本次调研均未能找到独立信源证实其存在或具体细节，列为本报告缺口，需报告撰写人重点补充核实。鉴于该设施是否严格符合本普查'镍冶炼/精炼厂'收录标准存在不确定性(其主体产品并非镍)，予以保留并特别标注存疑，供报告撰写人判断取舍。,No plant-specific 2024-2026 production update found this round despite search attempts; status retained unchanged from the index. 【R4】一手核实Managem 2025年度财务报告全文未提及镍，为该设施是否具备独立商品化镍产品线提供了较强反面证据，建议报告撰写人评估该条目的镍口径适用性(其主体产品为钴)。设施本身(钴业务)截至2026年披露仍在正常运营，status_verified_year更新至2026。capacity/prod_2024_2025需求本轮未能以正向数字填补，但补充了重要的反面证据。,可能,R4：Managem 2025年财报全文无“镍”字样，未见独立镍产品线，属钴为主设施，可按需剔除。,,,,,,,,,,,,R1-区域普查,https://en.wikipedia.org/wiki/Managem,"https://en.wikipedia.org/wiki/Managem
http://www.managemgroup.com/sites/default/files/2026-04/RFA%20Managem%202025%2023H20.pdf
https://www.managemgroup.com/investisseurs/managem/rapports-annuels"
NI-152,GL152,非洲与中东,津巴布韦,Zimbabwe,马绍纳兰中央省(Mashonaland Central)，宾杜拉市(Bindura),宾杜拉镍冶炼及精炼厂(宾杜拉镍业公司/特洛伊矿),Bindura Smelter & Refinery Complex (Bindura Nickel Corporation / Trojan Mine),Kuvimba Mining House（多数股东）持有的Bindura Nickel Corporation Limited(BNC，津巴布韦证交所/VFEX上市)；唯一在产子公司为Trojan Nickel Mine Limited(TNML),1968年前后由英美资源集团(Anglo American Corporation Zimbabwe Ltd.)主导建成，为主要股东 → 1997年后津巴布韦政府增持至约20%权益(据USGS MYB 1997/2000) → 2000年版USGS资料仍列为英美资源集团旗下资产(53.11%权益) → 2003年英美资源将52.9%股权以800万美元出售给Mwana Africa Holdings → 2004年ASA Resource Group取得多数控股权(约75%) → 2012年中国国际矿业集团(CIMGC)投资2100万美元参与再融资 → 2015年ASA在收购Mwana Africa后取得控制权 → 2017年起ASA Resources Group开始逐步出售股份 → 2019年Sotic International收购公司 → 其后据一般行业认知(未在本次调研中独立核实)Kuvimba Mining House取得多数控股权，成为现阶段主要股东。,硫化矿熔炼-电炉+硫化矿熔炼-反射炉/鼓风炉(历史)+电解精炼(硫化镍阳极),硫化矿精矿,电解镍阴极、硫化铜、氢氧化钴,15000,"口径提示：15,000吨/年为冶炼+精炼综合体设计产能(USGS)；R3检索到的5,500吨/年疑为Trojan矿精矿含镍产能。| 原备注：据USGS Minerals Yearbook 1997年版，设计产能为15,000吨电解镍/年，1997年实际产电解镍12,963吨。该数字为USGS核实数据，置信度较高；2008年停产后至2026年的产能状态未见USGS后续版本更新(2003年后USGS版本未再提及该厂，据一般行业认知其冶炼/精炼业务已于2008年前后停产)。",1968,停产(可复产),2008,2026,2008年因镍价暴跌陷入停产并转入保养维护；2011-2020年间多次尝试复产均未能稳定实现；2024年5月2日津巴布韦政府依据国家重组法对公司下达重组令，公司进入管理人接管状态并对运营/财务展开调查，同期VFEX交易所暂停其证券交易——表明截至2024-2025年，公司仍处于严重财务危机与治理不确定性之中，冶炼/精炼环节大概率仍未稳定复产。,12963,1997,,,,,,"冶炼/精炼环节自2008年停产无产量；R3检索到的2023/2024年3,180/1,314吨为Trojan矿精矿含镍口径，未计入。",特洛伊矿(Trojan Mine，BNC自有地下硫化镍矿)；历史上还曾接收Shangani矿、Madziwa矿精矿,"宾杜拉冶炼及精炼厂是津巴布韦(原罗得西亚)镍工业的核心设施之一，1968年前后由英美资源集团主导建成，是'非洲唯一一体化镍生产商'(据2017年信源)的关键资产。历经Mwana Africa、ASA Resource Group、中资(CIMGC)参股、Sotic International等多轮股权变更，冶炼厂自2008年镍价暴跌后长期处于停产-复产尝试循环，多次复产计划因资金短缺而搁置。截至本次调研，未能确认冶炼/精炼环节在2021-2026年间是否已实现稳定复产；据任务简报线索，2024-2025年可能再次面临停产，但缺乏独立信源证实，Kuvimba Mining House的具体股比及最新经营状态均为本报告的重要缺口，请报告撰写人重点核实。 【补充，USGS核实】USGS Minerals Yearbook确认该厂1994、1997、2000年版持续列示，1997年实际产量12,963吨电解镍(设计产能15,000吨/年)，2000年版仍列英美资源集团持股53.11%；2003年及以后的USGS版本未再提及该厂，与其2008年前后停产的一般行业认知相符，但2001-2007年间的过渡细节及2008年后是否曾有任何产量均未获USGS数据佐证，仍为缺口。 【R3补充】补充确认：英文维基百科及The Herald(津巴布韦官方媒体集团旗下)均独立确认宾杜拉冶炼及精炼厂于1968年建成投产('当年即产出首批镍阴极'，采用鼓风炉技术)，与原记录startup_year=1968完全吻合，构成有力的双重来源交叉验证。1976年鼓风炉被'超现代电炉'取代。2024年8月最新报道显示：公司于2024年5月2日被下达重组令，进入管理人接管(administration)状态，管理人正调查公司运营与财务以拟定复苏方案，公司证券在VFEX交易所交易同步暂停——这是本轮研究获得的最新（2024年）独立确认状态节点，晚于原记录的2020年状态节点。","Only historical (2008-2012) restart-financing articles were found (Mwana Africa / China International Mining Group Corp financing, 2012 restart); no information on 2020s (post-Kuvimba-takeover) status was found despite search attempts. Status retained unchanged from the index. 【R3】公司官网(binduranickel.co.zw)确认：特洛伊矿(Trojan Mine)本身仍在正常开采，年产约40万吨矿石、约5,500吨镍精矿(含镍量)，2012年结束4年保养维护后复产；但TNML下属的冶炼厂与精炼厂('smelter and refinery')明确仍处于保养维护(C&M)状态，未恢复金属冶炼/精炼环节。该官网内容未标注更新日期(引用的资本项目最新为2021年竖井延深工程)，故2024-2026年是否有新变化未能进一步证实，但作为公司一手信息来源，可信度较高。",可能,R3修正closure_reason(原:2008年因镍价暴跌陷入停产并转入保养维护；此后2011-2020年间多次尝试复…)；,,,"6合1直列式浸没电弧炉，15MW，设计处理能力150,000吨精矿/年；配套设施：回转煤加热干燥窑(进料预处理)、静电除尘器、3台皮尔斯-史密斯(Peirce-Smith)型转炉(精炼锍升级)。精炼环节为电解法(镍阴极产自硫化镍阳极)，具体电解工艺细节未查到公开资料。",电解镍阴极、硫化铜、氢氧化钴。,自有特洛伊矿地下硫化镍矿；历史上还曾来料加工Shangani矿、Madziwa矿精矿(据Wikipedia，目前基本停产)。,回转干燥窑为燃煤加热(SAIMM技术论文)；其余能源结构未查到数据。,,,"约1968年建成(英美资源集团主导，据原JSON)→历经Mwana Africa、ASA Resource Group、中资(CIMGC)参股、Sotic International等多轮股权变更→2008年镍价暴跌触发停产及大规模裁员(遣散员工获每月50美元补贴)→2012年地下矿复产启动→2015年特洛伊矿复产计划中止(资金问题)，同年宣布拟裁员多达1,150人→2017-2018年冶炼厂复产工程停滞于83%完工进度(公司陷入财务困境，负债3270万美元>资产2800万美元)→截至2026年当前运营状态本次研究未能独立核实(与原JSON记录缺口一致)。",Kuvimba Mining House(多数股东)持有的Bindura Nickel Corporation Limited(BNC，津巴布韦VFEX上市)；目前唯一在产子公司为Trojan Nickel Mine Limited(仅确认矿山环节，冶炼厂状态未确认)。,中,R1-区域普查,https://en.wikipedia.org/wiki/Bindura_Nickel_Corporation,"https://en.wikipedia.org/wiki/Bindura_Nickel_Corporation
https://binduranickel.co.zw/overview/
https://binduranickel.co.zw/
https://www.mining.com/zimbabwe-mwana-africas-bindura-nickel-in-off-take-deal-with-glencore/
https://www.heraldonline.co.zw/did-you-know-bindura-nickels-history/
https://nehandaradio.com/2024/08/02/investigations-underway-at-bindura-nickel-amid-reconstruction-efforts/
https://www.mining.com/web/zimbabwes-sole-nickel-mine-placed-under-administration/
https://www.onemine.org/documents/bindura-nickel-corporation-smelter-operations"
NI-153,GL153,非洲与中东,津巴布韦,Zimbabwe,米德兰兹省(Midlands)，卡多马市(Kadoma)埃菲尔平原(Eiffel Flats),皇后镍精炼厂,Empress Nickel Refinery (ENR),RioZim Limited 100%,公司前身可追溯至1956年8月成立的Rio Tinto Southern Rhodesia Limited(力拓南罗得西亚有限公司)，早期业务即以皇后镍精炼厂(ENR)为核心 → 1965-1979年间成为区域主要镍(及祖母绿、锡)出口商 → 其后公司经多次重组更名为RioZim Limited，长期100%控股运营ENR；2023年公司经历股权/治理危机(具体细节本次调研未能核实)。,Caron氨浸+电解精炼(硫化镍阳极),硫化矿精矿,电解镍阴极,15000,行业公开资料对皇后镍精炼厂历史设计产能引用不一，量级约在1万-1.5万吨镍/年，具体数字本次调研未能在线独立核实，标记存疑；与宾杜拉精炼厂合计，津巴布韦镍精炼总产能历史峰值(1990年代)据一般行业认知约2.5万-3万吨镍/年。,1968,保养维护(C&M),2008,2026,2008年镍价暴跌导致停产；此后长期未见稳定复产报道。据RioZim官网2025年信息，公司陈述'老化的基础设施和设备故障已严重影响Renco(金矿)和皇后精炼厂的运营'，表明该厂近期虽仍被列为集团资产并存在运营尝试，但因设备老化陷入严重减产/间歇性停产状态，这与ENR自2008年后长期停产的一般行业认知存在一定张力，两种信息均列出以供报告撰写人判断。,,,,,,,,,历史上接收津巴布韦'镍带'(Great Dyke以西)多座硫化镍矿精矿，具体矿山名单本次调研未能逐一核实,皇后镍精炼厂是津巴布韦历史最悠久的镍冶炼设施之一，公司渊源可追溯至1956年成立的力拓南罗得西亚公司，精炼厂本身据行业一般认知于1960年代末(约1968年)投产，采用Caron氨浸工艺处理精矿并电解产出镍阴极。1965-1979年为公司黄金时期，此后随镍价周期波动经营。2008年镍价暴跌后停产，此后十余年未见稳定复产的独立信源。RioZim公司2023年经历重大治理/财务危机，2025年官网表述显示该精炼厂仍受基础设施老化困扰，具体当前(2026年)是否有任何生产活动、以及2008年停产与2025年'运营受损'表述之间的具体经营状态演变，均为本报告的重要缺口。,"No plant-specific 2024-2026 update found this round; status retained unchanged from the index. 【R4】确认该厂截至2026年6月处于保养维护(C&M)状态，RioZim正推进战略合作伙伴谈判以求复产(来源:Equity Axis 2026年6月报道，原文:'the Empress Nickel Refinery strategic partner discussions must progress to a conclusion, converting the care and maintenance cost from a cash drain into a revenue source')。结合Herald Online 2017年8月历史报道(该厂曾于停产4年后的2017年8月点火复产，目标当月达全面生产)，推断2017-2026年间该厂经历'复产-再陷困境-转入C&M'的周期性波动，但转入当前C&M状态的确切年份未能核实，status_since_year暂维持不详，不沿用master中与旧状态标签绑定的2008年份(该年份对应最初2008年镍价暴跌停产，非当前C&M起始年)。未获得2024/2025年度产量数字；结合'现金消耗(cash drain)'表述推断该期间实际产量应极低，但公司未披露具体数字，未直接填报为0。",可能,"R4核实：状态由「减产或部分停产」更新为「保养维护(C&M)」；R5冲突：RioZim官网仍称ENR为其最佳资产、现产17,400t/年并拟扩至45,000t（疑为陈旧内容，且所称BCL锍原料来源已于2016年清算）；2026年6月Equity Axis报道为保养维护并寻求合作方——以后者为准。",,,不适用——湿法精炼(据原JSON口径为Caron型氨浸+电解)，具体反应器/窑炉数量未查到公开资料；近期新增20吨/日制氧装置。,电解镍阴极。,"**重要新发现**：据RioZim官网自身介绍，当前原料为通过与博茨瓦纳BCL(Bamangwato Concessions Ltd)的来料加工合同进口的锍(""至今仍在运行"")，而非任务简报假设的津巴布韦本土""镍带""矿山精矿；但需提示：BCL博茨瓦纳已于2016年进入清算程序，该网页表述可能为过时的历史内容留存，此处作为信源可靠性存疑事项标注，而非确认性事实。",未查到具体数据；近期新增20吨/日制氧装置(RioZim官网)。,,,"公司渊源可追溯至1956年力拓南罗得西亚公司；精炼厂约1968年投产(行业一般认知，未独立核实)；1965-1979年为鼎盛期；2008年镍价暴跌后停产→**RioZim官网当前页面自称ENR""是集团表现最佳资产，贡献集团营收的77%(4360万美元)""，当前产能""17,400吨/年""，并计划提升至""45,000吨/年""(三倍)——此表述与原JSON记录的""保养维护(C&M)""状态存在直接冲突，为本次研究最重要的发现/矛盾点之一，需专项核实**；2023年RioZim经历重大治理/财务危机；2025年官网另有表述称精炼厂仍受基础设施老化困扰。两类表述(""最佳资产/在产"" vs ""老化受损"")并存于RioZim不同页面/年份，具体当前经营状态存疑。",RioZim Limited 100%。,低,R1-区域普查,https://en.wikipedia.org/wiki/RioZim,"https://en.wikipedia.org/wiki/RioZim
https://equityaxis.net/post/19127/2026/6/renco-restarts-cam-and-motor-nears-return-as-riozim-repositions
https://www.heraldonline.co.zw/riozim-re-opens-empress-nickel-refinery/
https://www.riozim.co.zw/?page_id=74
https://www.riozim.co.zw/?page_id=231"
NI-154,GL154,非洲与中东,津巴布韦,Zimbabwe,马绍纳兰西省(Mashonaland West)，哈特利(Hartley)/恩杰济(Ngezi)地区,哈特利铂矿铂族金属贱金属精炼厂(副产镍),Hartley Platinum Mine PGM Base-Metals Refinery (byproduct nickel),不详(项目历史股东已退出，现状不明；据一般行业认知该矿区后续演变关系可能与现Zimplats恩杰济矿区存在渊源，但本次调研未能确认两者是否为同一物理场址),"由必和必拓(Broken Hill Proprietary Company Ltd., BHP，持股67%)与Delta Gold NL(持股33%)合资开发 → 1997年10月首次发运铂族金属产品 → 此后仅见于USGS Minerals Yearbook 1997年版，1998-1999年国际镍价及PGM价格低迷叠加运营成本问题，据一般行业认知BHP其后退出津巴布韦铂矿业务(具体年份及退出细节本次调研未能独立核实)，该矿及配套精炼厂现状不详。",PGM副产贱金属精炼,混合,电解镍(副产品),3200,"据USGS Minerals Yearbook 1997年版，设计副产电解镍产能为3,200吨/年，现场精炼(非外运)。该数字为USGS核实数据，但仅出现于1997年单一版本，此后产能是否维持、扩建或已停产均未见后续版本更新。",1997,不详,1997,1997,1997年10月首次发运后，仅见于当年USGS Minerals Yearbook记录，此后未见于任何后续版本，具体停产/退出的年份及原因本次调研未能独立核实，列为重要缺口。,,,,,,,,,哈特利铂矿(Hartley Platinum Mine，大岩墙Great Dyke),"该设施是1990年代BHP在津巴布韦大岩墙(Great Dyke)开发的铂族金属矿山配套贱金属精炼厂，1997年10月首次发运产品，设计副产电解镍3,200吨/年，采用现场精炼模式(与同期津巴布韦其它PGM矿多将精矿外运处理的模式不同)。该设施仅见于USGS Minerals Yearbook 1997年单一版本记录，此后未再出现，据一般行业认知BHP于1990年代末因PGM价格低迷及成本问题退出津巴布韦铂矿业务，该矿区后续经历重组，不排除与现今Impala Platinum旗下Zimplats公司恩杰济(Ngezi)矿区及塞卢斯冶炼厂(见'Zimplats Selous Metallurgical Complex'条目)存在场址/资产渊源关系，但本次调研未能独立核实两者是否为同一物理场址或存在直接资产继承关系，这是本报告新发现但需要重点后续核实的缺口。该条目是本次调研通过跨核对USGS历年数据发现的、未在原始任务简报清单中出现的历史设施。",No new evidence found this round; status retained unchanged from the index. 【R4-未能核实】本轮未找到超越1997年USGS Minerals Yearbook记录的任何新信息；鉴于该设施极端历史性(仅见于1997年单一文献)，本轮判断继续检索边际收益极低，未投入额外资源。status_unverified与status_unknown需求均未能填补，建议报告撰写人评估是否应将其归类为'历史设施'而非独立现状条目。,未能核实,,,,,,,,,,,,,R1-区域普查,USGS Minerals Yearbook 1997 (Nickel chapter) — 见 _checklist_reference_tables.json,USGS Minerals Yearbook 1997 (Nickel chapter) — 见 _checklist_reference_tables.json
NI-155,GL155,非洲与中东,津巴布韦,Zimbabwe,马绍纳兰西省(Mashonaland West)，塞卢斯(Selous)/恩杰济(Ngezi)地区,津巴布韦铂业塞卢斯冶炼厂,Zimplats Selous Metallurgical Complex (Smelter),Zimplats Holdings（Impala Platinum Holdings多数控股子公司）,Zimplats为Impala Platinum Holdings(南非)控股子公司，长期由Implats集团主导运营，未发生独立于Implats的重大股权变更；塞卢斯冶炼厂为Zimplats自建配套设施。,硫化矿熔炼-电炉,硫化矿精矿,PGM-镍-铜-钴锍(matte)，运往南非精炼,,"该厂产出为含镍、铜、钴的PGM锍中间品，并非独立计量的镍终端产品，本次调研未能获得镍金属吨/年口径的独立产能数字，故留空；据一般行业认知，年处理矿石量与南非Implats斯普林斯精炼厂的镍产出规模相关。 | R4：重要发现：塞卢斯冶炼厂(SMC)内存在一座此前'已停用(mothballed)'的贱金属精炼厂(BMR)，Zimplats正以总预算1.9亿美元对其翻新改造，截至2025年9月季度末已支出3,500万美元(另一来源称3,750万美元，约18-20%进度)，尚无完工时间表及改造后设计产能的公开披露。该BMR若建成，将是津巴布韦本土首座具备独立镍精炼能力的设施(现状下当地锍料均需运往南非Implats Springs厂精炼)。冶炼厂主体(锍产出环节)本身的镍产能铭牌数字本轮仍未获取。",2006,在产,2025,2026,,,,,,,,,,Zimplats自有恩杰济(Ngezi)矿区及相关矿山(大岩墙Great Dyke),Zimplats为避免长期将精矿运往南非加工的物流成本与政策风险，于2000年代中期(据一般行业认知约2005-2006年)自建塞卢斯冶炼厂，将本地精矿就地熔炼为PGM-贱金属锍，锍再运往南非Implats斯普林斯精炼厂完成贱金属分离及PGM精炼，因此津巴布韦本土并不掌握完整的镍终端精炼能力，这与安格鲁美铂旗下Unki矿(将精矿直接运往南非Waterval冶炼厂，本地不设冶炼环节)的模式有所不同。本条目具体投产年份、历次扩建及精确规模数字本次调研均未能独立核实，列为待核实事项。,"No plant-specific 2024-2026 update found this round; status retained unchanged from the index. 【R4】获得镍产量的两个单季度数字：Q4 FY2025(2025年4-6月)=1,918吨、Q4 FY2026(2026年4-6月)=2,030吨(同比+6%)，但因缺少同一财年其余季度数据，无法可靠推算FY2024/FY2025全年合计，未填入prod字段以免误导，仅在此说明供参考。最重大发现为塞卢斯冶炼厂内一座停用BMR的翻新改造项目，详见capacity_note，该发现改变了'津巴布韦不具备本土镍精炼能力'的既有认知(未来可能改变)。",可能,R4新发现：Zimplats正以1.9亿美元翻新Selous封存的贱金属精炼厂(BMR)，2025年9月已支出约18-20%，建成后将成为津巴布韦首个本土镍精炼能力，产能/投产时间未披露。,Impala-Zimplats,冶炼,"电弧熔炼炉；2021-2025年重大扩建：新建36MW电炉 + 二氧化硫(SO2)吸收/制酸装置，资本开支5.21亿美元，2021年11月获批，2024年10月(FY2025 Q1)首次产出锍，2025年Q1(FY)制酸装置投运，2025年2月27日确认技术性完工，2025年7月与厂区35-38MW太阳能电站一并举行总统级正式commissioning仪式。贱金属精炼厂(BMR)另行翻新：预算约1.899亿美元(接近任务简报""US$190M""线索)，设计处理能力约5,200吨镍(及相关贱金属，以转炉锍计)/年；截至2022年底仅支出30万美元(预算仅执行约0.15%)，暗示BMR翻新彼时仍处早期阶段，后续进度本次未能进一步核实。",PGM-镍-铜-钴锍(matte)，运往南非Implats斯普林斯精炼厂完成贱金属分离及PGM精炼。,自有恩杰济(Ngezi)矿区(大岩墙Great Dyke)精矿。,厂区太阳能电站一期35-38MW(2024年8月/10月投运)，为规划总装机185MW、总投资约2.01亿美元、分四期(至2027年完工)太阳能项目的第一阶段。,,,约2005-2006年原始塞卢斯冶炼厂建成(据原JSON一般行业认知，未独立核实)→2021年11月批准5.21亿美元新建36MW电炉+SO2吸收装置→2024年10月首次产出锍→2025年2月技术性完工→2025年7月正式commissioning(与太阳能电站同步)；BMR翻新项目(约1.9亿美元预算)截至2022年底进度缓慢，后续完工时间未核实。,Zimplats Holdings，Impala Platinum Holdings多数控股。,中,R1-区域普查,https://en.wikipedia.org/wiki/Impala_Platinum,"https://en.wikipedia.org/wiki/Impala_Platinum
https://zimplats.com/data/2026/05/2025-Integrated-Annual-Report.pdf
https://www.zimplats.com/data/2025/10/Zimplats-Quarterly-Report-Year-End.pdf
https://zimplats.com/data/2026/07/QUARTERLY-REPORT-FOR-THE-PERIOD-ENDED-30-JUNE-2026.pdf
https://newsletter.mw.creamermedia.com/article/selous-metallurgical-complex-expansion-south-africa-update-2025-03-07
https://www.miningweekly.com/article/implats-commissions-35-mw-solar-project-expanded-smelter-at-zimplats-2024-10-30
https://www.heraldonline.co.zw/zimplats-okays-us200m-refinery-upgrade/"
NI-156,GL156,非洲与中东,科特迪瓦,Côte d'Ivoire,西部山地区(Montagnes District)，芒(Man)/比安库马(Biankouma)地区,科特迪瓦西部镍红土矿勘探项目群(西皮鲁/丰古埃索/莫扬戈/比安库马),Western Côte d'Ivoire Nickel Laterite Prospects (Sipilou / Foungouesso / Moyango / Biankouma) — exploration/pre-development stage,不详（据任务简报提及的Sama Nickel及潜在中资合作方，具体股权结构本次调研未能独立核实）,不详，本次调研因WebSearch检索预算耗尽且相关公司/项目网页均无法访问，未能核实具体开发主体、股权结构及历史沿革。,其它(工艺路线未公开),红土矿(褐铁矿),计划中(未投产)：据任务简报推测可能为镍铁(NPI)或精矿出口，具体产品形式及是否配套本土冶炼设施均未获核实,,无可靠产能数据，本次调研未能核实是否已有任何冶炼/精炼设施建成或开工建设。,,不详,2014,2014,,,,,,,,,,西皮鲁(Sipilou)、丰古埃索(Foungouesso)、莫扬戈(Moyango)、比安库马(Biankouma)等红土镍矿勘探区块，均位于科特迪瓦西部近利比里亚/几内亚边境的芒(Man)地区,科特迪瓦西部(芒/比安库马地区)存在多处红土型镍矿勘探项目，任务简报提及可能涉及Sama Nickel及中资合作方推进镍铁(NPI)冶炼设施建设或精矿出口计划。但由于本次调研会话的WebSearch工具预算已被同时段其他研究员耗尽，且相关公司官网、行业媒体页面均无法通过WebFetch访问(遭遇域名限制或404错误)，未能核实任何具体的公司名称、股权结构、开发阶段或是否已有冶炼设施建成。本条目完全依据任务简报线索保留，置信度极低，是本报告中最需要后续独立核实或考虑从最终数据库剔除的条目之一。,"No new evidence found this round; status retained unchanged from the index. 【R4-未能核实】重要区域背景发现(非直接覆盖本记录矿权)：科特迪瓦西部芒(Man)/比安库马(Biankouma)/迪埃奎(Duékoué)一带确认存在Sama Resources Inc.(持股40%)与Ivanhoe Electric(持股60%，任运营方)合资的Samapleu-Grata硫化物镍铜项目；官方新闻稿称其'与世界级Sipilou和Foungouesso红土镍钴矿床相邻，共同构成西非125公里长的新贱金属营地'。该项目已完成2024年3月PEA(预测年均产出精矿中镍金属约7,165吨、铜金属约10,043吨，年处理矿石547.5万吨)，2025年5月起开展4,500米钻探及环境社会基线更新以推进采矿许可证申请。但Samapleu-Grata为硫化物型矿床，与本记录标题所指的Sipilou/Foungouesso/Moyango/Biankouma红土(laterite)矿床属不同矿化类型，本轮未能确认二者是否共享矿权主体或开发实体，故未直接更新本记录的owner/status/capacity字段，仅供报告撰写人参考该区域最新动态。红土矿群本身的矿权归属、开发阶段及是否有中资合作方参与，仍待独立核实(任务简报提及的'中资合作方'线索本轮信源均未提及)。",未能核实,,,,,,,,,,,,,R1-区域普查,https://en.wikipedia.org/wiki/Nickel,"https://en.wikipedia.org/wiki/Nickel
https://samaresources.com/news/sama-resources-announces-results-of-its-new-preliminary-economic-assessment-for-the-samapleu-grata-nickel-copper-project-cote-divoire/
https://samaresources.com/news/sama-resources-and-ivanhoe-electric-commence-2025-exploration-program-at-the-polymetallic-samapleu-grata-nickel-copper-project-in-cote-divoire-west-africa/"
NI-157,MHP048,非洲与中东,马达加斯加,Madagascar,阿齐纳纳纳大区(Atsinanana)，图阿马西纳市(Toamasina)（选矿/开采位于阿拉奥特拉-曼戈罗大区Alaotra-Mangoro，莫拉曼加Moramanga附近）,安巴托维图阿马西纳湿法冶炼及精炼厂,Ambatovy HPAL & Refining Plant (Toamasina),AMRI（Ambatovy Mineral Resources Investment，注册于泽西岛，由Essenwood Partners与Sandile Zungu旗下Zungu Investments Company牵头，前Glencore镍贸易高管Jason Kluk参与）已于2026年5月收购住友商事(Sumitomo Corporation)所持54.17%股权；住友预计2026财年Q1计提约700亿日元（约4.47亿美元）减值，但保留部分包销权；KOMIR仍为股东之一,1995年Phelps Dodge取得勘探许可 → 2004-2005年间加拿大Dynatec Mining Limited收购Phelps Dodge权益 → Sherritt International收购Dynatec，持有约40%权益(2007年) → 2017年Sherritt通过债转股方式将部分权益(约28%)转让给住友商事以抵偿14亿加元债务 → 2020年Sherritt将其剩余约12%权益通过债务抵偿方式转让给合资伙伴，据此该信源显示Sherritt已于2020年完全退出 → 2015年后主要股东为住友商事(54.18%)与韩国矿物资源公社/KOMIR(45.82%)（注：此比例与Sherritt的历史持股表述存在时间线交叉，可能反映不同年份的股权快照，两套数据均列出，请报告撰写人核实并调和） → 2026年5月，据Ambatovy官方网站，'AMRI'已收购公司多数股权，具体交易细节、AMRI身份及对住友商事/KOMIR原有股权结构的影响，本次调研未能进一步核实。,HPAL+氢还原(Sherritt),红土矿(混合，含褐铁矿及腐殖土层),电解镍(LME级)/镍粉、钴金属、硫酸铵(化肥副产品),60000,行业广泛引用的设计(铭牌)产能约为6万吨镍/年及5600吨钴/年(以Sherritt主导设计的HPAL+精炼工艺计)，该数字本次调研未能逐一在线核实，但为业内公开一致引用的口径，置信度中等；2022年实际产量据英文维基百科条目为4万吨镍、3600吨钴。,2012,在产,2026,2026,,29000,2025,40000,,28000,29000,,"2022年数(40,000t)来源于Wikipedia Ambatovy词条转引的行业报道，非公司一手数据，可信度较低，建议进一步用Sumitomo Corporation年报核实；2023年产量本轮未找到可引用数字(已知2024年4-9月同比腰斩，反推2023年同期约2万吨，但为推算非直接披露，未采纳)；2024/2025数沿用目标文件基线。",安巴托维红土镍钴矿(自有，1960年发现，莫拉曼加附近露天开采)，经约220公里矿浆管道输送至图阿马西纳厂区处理,安巴托维项目是马达加斯加历史上最大规模外国投资项目，也是撒哈拉以南非洲最大投资项目之一。矿石在莫拉曼加附近露天开采后经约220公里矿浆管道输送至图阿马西纳沿海厂区，在此完成高压酸浸(HPAL)、净化及Sherritt专利氢还原精炼工艺，产出LME级电解镍、钴金属及硫酸铵副产品。项目2012年投产，2014年达到商业化生产水平。2020年因新冠疫情一度停产，2021年3月复产并实现盈利。股权结构方面，Sherritt International历经2007年首次持股(40%)、2017年债转股稀释、2020年据部分信源已完全退出等多轮变化；但住友商事/KOMIR的54.18%/45.82%股权表述与之存在时间线上的不完全吻合，需报告撰写人进一步调和。任务简报提及的'2024-2026年融资危机、输送管道泄漏事故、Sherritt退出'等具体事件，本次调研未能找到独立信源逐一证实其具体日期与细节；但确认了一项关键新进展——据Ambatovy官网，2026年5月'AMRI'已收购公司多数股权，这很可能正是任务简报所指的'Sherritt退出/股权重组'事件的最新阶段，但AMRI的完整名称、背景、交易对价及其与住友商事/KOMIR原股权的关系均未能核实，是本报告最重要的缺口之一，强烈建议后续研究重点跟进。,"AMRI's identity is resolved: Ambatovy Mineral Resources Investment, a Jersey-registered vehicle led by Essenwood Partners and Sandile Zungu's Zungu Investments Company (with former Glencore nickel-trading executive Jason Kluk), acquired Sumitomo Corporation's 54.17% Ambatovy stake (announced/completed ~May 2026); Sumitomo expects a ~JPY70bn (~$447M) impairment in FY2026 Q1 but retains some offtake rights. Cyclone 'Djoungou' forced a full shutdown in February 2026; acid plant #1 restarted 23 May 2026 and acid plant #2 was targeted for restart by end-June 2026, with a June 2026 output target of 2,500t Ni + ~250t Co. KOMIR and Sumitomo jointly funded post-cyclone reconstruction. 2024 full-year production was approximately 28,000t Ni + 2,500t Co (down from the 40,000t/2022 figure previously in the index). Sumitomo's CEO stated on 31 Oct 2025 (pre-cyclone) that no additional funding was planned and operations were proceeding smoothly. 2026年2月，强气旋袭击马达加斯加，重创图阿马西纳(Toamasina)港口及Ambatovy加工厂，公司被迫暂停镍钴生产并评估资产与运营的全面损失。同年5月23日重启一座酸厂，计划6月底前投产第二座酸厂；6月11日公司宣布已恢复镍钴生产，当月计划产镍约2500吨、产钴约250吨（2025全年镍产量约2.9万吨、钴产量约2700吨）。同期发生重大股权变更：住友商事(Sumitomo Corporation)因项目过去20年累计约30亿美元亏损，于2026年5月将其所持54.17%控股权益出售给南非商人Sandile Zungu牵头的财团(Zungu Investments、Essenwood Partners及前嘉能可镍交易高管Jason Kluk)，预计带来约4.45亿美元一次性损失，但住友保留部分产品包销权。另需注意：2025年10月末住友商事CEO曾表示马达加斯加政局不稳未影响项目运营、且无追加融资计划，该表态早于2026年2月气旋灾害及后续股权出售，反映局势在此期间发生显著变化。",确认,,,,HPAL：高压釜(autoclave)具体数量本次多轮检索均未能核实，为明确研究缺口；配套Sherritt专利氢还原精炼工艺(图阿马西纳厂区)。,LME级电解镍/镍粉、钴金属、硫酸铵(化肥副产品)。,自有安巴托维红土镍钴矿(莫拉曼加附近，1960年代发现，露天开采)，经矿浆管道输送至图阿马西纳厂区处理；管道长度存在信源差异：Wikipedia称约200公里，原JSON记录称约220公里(可能为不同阶段测量口径差异)。,未查到具体数据。,"本次研究未能独立核实Ambatovy专属单位成本数字；Sherritt在其持股期间历史上曾披露相关成本指标，但当前(2026年)Sherritt已非主要股东，未再单独披露该资产成本；仅查得Sherritt集团""Metals""板块(以Moa为主)整体NDCC数据(见NI-123)，不可等同于Ambatovy成本，故此处填null。",10000,1960年代矿床发现→1995年Phelps Dodge最初介入→2004-2005年Dynatec Mining→2007年Sherritt首次入股(40%)→2012年项目投产→2014年达到商业化生产水平→2017年债转股稀释Sherritt股权→2020年新冠疫情一度停产→2021年3月复产并实现盈利→其后股权集中至住友商事(Sumitomo)54.18%/韩国矿物资源公社(KOMIR)45.82%→2026年5月AMRI(Essenwood Partners/Zungu Investments/前嘉能可镍贸易高管Jason Kluk牵头的财团)收购住友所持54.17%股权，住友预计2026财年Q1计提约700亿日元(约4.47亿美元)减值但保留部分包销权，KOMIR仍为股东之一→2026年遭遇气旋Gezani短暂冲击运营后恢复。,AMRI(2026年5月起为主要股东) + KOMIR(历史比例45.82%，交易后具体比例未披露)；住友商事出让股权后仍保留部分包销权。,中,R1-区域普查,https://en.wikipedia.org/wiki/Ambatovy_mine,"https://en.wikipedia.org/wiki/Ambatovy_mine
https://en.wikipedia.org/wiki/Sherritt_International
https://www.ambatovy.com/en/
https://news.smm.cn/live/detail/103885303
https://www.163.com/dy/article/KV4GJL290514AHGG.html
https://stock.finance.sina.com.cn/stock/go.php/vReport_Show/kind/11/rptid/834572709288/index.phtml
https://news.smm.cn/news/103599551
https://news.smm.cn/live/detail/103771957
https://news.smm.cn/news/103951161
https://www.skillings.net/nickel-market-outlook-2026-ambatovy-resumes-operations-after-cyclone/
https://www.kitco.com/news/off-the-wire/2024-10-31/sumitomo-resumes-production-ambatovy-withdraws-nickel-output-outlook"
NI-158,GL158,欧洲,瑞典,Sweden,瑞典延雪平省（Jönköpings län），Vetlanda附近的Kleva；末期加工点为Ädelfors,克莱瓦(Kleva)镍矿及冶炼厂,Kleva Nickel Mine & Smelter (Kleva gruva),历史矿冶业务已关闭；Kleva矿址现作为工业遗产参观地点,铜矿开发起于17世纪末；1838年识别镍；19世纪中叶发展镍提取，1914—1918年复产并在Ädelfors加工，1919年初关闭。,硫化镍铜矿历史火法加工；末期矿石及旧炉渣送Ädelfors冶炼,含镍铜的硫化矿石；末期亦处理旧富集炉渣,冰镍（历史记载45%—54%Ni）、颗粒镍产品（62%—87%Ni）,,,,永久关闭,1919,2026,早期受镍价下跌影响于1889年停产；1914—1918年复产后于1919年初结束。,,,,,,,,,Kleva镍铜矿,"早期工人把克莱瓦作为铜矿开发，但矿石难处理，制得的铜也较脆。1838年Berzelius确认矿石含镍，随后才逐渐转向镍的提取。这一转变解释了铜矿发现年份与镍工业发展时间之间的间隔。

经过早期试验，到19世纪60年代中期，工厂已经能制造含镍45%—54%的冰镍，以及含镍62%—87%的颗粒镍产品。后者仍含有相当比例的其他组分，不能按现代高纯精炼镍登记。

19世纪70年代初经营获利较好，随后新喀里多尼亚镍矿开发带来的价格下跌削弱了经济性，1889年停产。1914—1918年再次开采，矿石和旧富集炉渣由Ädelfors的冶炼设施加工。1919年初，矿山与冶炼厂同时关闭。

本条以Kleva矿山为入口，连接不同时期的加工活动。Ädelfors是最后一轮复产所用的冶炼地点，不能把它自动放在矿井旁。克莱瓦如今也是矿业遗产参观地点，位于Vetlanda以东。",补充19世纪各阶段炉型，以及Ädelfors冶炼厂设备清单；不再沿用鼓风炉或坩埚法的猜测。；各阶段经营公司的股权和产品买方仍需补充。,,,,,,,,,,,,,,R3-历史补漏,https://resource.sgu.se/dokument/publikation/k/k61beskrivning/k61-beskrivning.pdf,"https://resource.sgu.se/dokument/publikation/k/k61beskrivning/k61-beskrivning.pdf
https://www.klevagruva.se/sv/
https://www.sgu.se/mineralnaring/kritiska-ravaror/nickel/"
NI-159,GL159,欧洲,挪威,Norway,挪威泰勒马克郡Bamble，Prisgrunn冶炼点,巴姆布勒(Bamble)镍厂,Bamble Nikkelverk (Bamble Nickel Works),历史后期运营方：A/S Bamle Nikkelkompani,1859—1884年Bamble Nikkelverk经营；1916年起由A/S Bamle Nikkelkompani重新开发。,后期电炉熔炼—冰镍吹炼；1920年另有示范精炼试验,自有Meinkjær、Nysten、Vissestad等矿点的镍铜硫化矿石,镍铜冰镍,,,1859,永久关闭,1920,2026,1919年结束该轮电炉熔炼；1920年示范精炼试验结束，矿山设备拆除。,,,,,,,,,Meinkjær、Nysten、Vissestad矿群,"Bamble Nikkelverk早期于1859—1884年经营，当地多处小型镍矿共同支撑生产。1916年以后，A/S Bamle Nikkelkompani重新开发矿区，并以索道连接矿点与冶炼厂。Meinkjær是这一矿群的组成部分。

挪威统计局的年度矿业报告记载，1918年安装的电炉于1919年3月4日至7月5日运行，处理自有矿山的镍铜矿石。所得冰镍在10月继续吹炼，形成含镍约52.87%、含铜约26.33%的镍铜冰镍，并全部转交示范精炼设施。

该示范设施于1919年建成，1920年1月5日至7月10日运行。因此，这座厂的历史包括采矿、熔炼、吹炼以及后续精炼试验，不能仅按厂名推断为选矿点。

1920年，Prisgrunn冶炼厂已没有正常熔炼生产，现场仍进行精炼试验、维护和看管。Meinkjær矿山拆除了机械及相关线路。1921年，政府准许公司暂时停止矿山经营。这里需要区分最后的熔炼活动、精炼试验和矿山停工手续。",继续查明1920年示范精炼试验的具体方法及最终产品，现有统计报告不能支持将其写成商业化精炼镍产线。；补充早期冶炼炉和1918年电炉的额定容量。,,,,,1918年安装的电炉；1919年用于熔炼，随后吹炼冰镍,,,,,,,1919年吹炼所得镍铜冰镍全部转交示范精炼设施。,,R3-历史补漏,https://www.ssb.no/a/histstat/nos/nos_vii_048.pdf,"https://www.ssb.no/a/histstat/nos/nos_vii_048.pdf
https://aps.ngu.no/pls/oradb/minres_deposit_fakta_NY_KS.Main?p_objid=18912&p_spraak=N
https://snl.no/Bamble_nikkelverk"
NI-160,GL160,北美,加拿大,Canada,安大略省 大萨德伯里市 德鲁里镇(Drury Township),德鲁里镍业公司芝加哥矿冶炼厂,Drury Nickel Company Smelter (Chicago Mine),已永久关闭;末代运营方为Trill Mining and Manufacturing Company(1896-97年接手),"1889年Ben Boyer发现该矿点 → 1890年Drury Nickel Company建成冶炼厂并开始产出矿石 → 1891年特拉弗斯矿(Travers Mine)投产 → 1892年公司正式注册成立,冶炼厂同期(重新)建成 → 1896-97年由Trill Mining and Manufacturing Company接手运营 → 其后停产,具体最终关闭年份及原因未独立查实",硫化矿熔炼-反射炉/鼓风炉(历史),硫化矿精矿,粗镍/镍铜锍(矿石化验含铜0.24%、镍2.50%),,"未查得年化产能数字;1891-1897年运营期间累计产出矿石约3,500吨(实物矿石吨,非含镍金属吨)",1890,已拆除,1897,1897,"存疑;矿床规模有限(安大略省地质调查现将其列为'已勘探但未见公开储量记录的成矿点'),推测因矿石枯竭或经济性不足而停产,具体决策细节及确切最终关闭年份未查实",,,,,,,,,"芝加哥矿(Chicago Mine)、伊内兹矿(Inez Mine)、特拉弗斯矿(Travers Mine),均位于德鲁里镇,为公司自有矿权","本记录回应研究任务'德鲁里镍业公司(Drury Nickel Co.)'线索核实要求,填补了第二轮研究(gap_historical.md)中该线索'未能核实'的空白。安大略省地质局矿产清单(Ontario Mineral Inventory)明确记载:1889年Ben Boyer发现该成矿点,1890年Drury Nickel Company即建成冶炼厂并产出矿石,1892年公司正式注册成立并(重新/扩建)建成冶炼厂,1891年增加特拉弗斯矿,1896-97年由Trill Mining and Manufacturing Company接手运营,1891-1897年间总计产出矿石约3,500吨(含铜0.24%、镍2.50%)。这是萨德伯里盆地19世纪末众多中小型独立镍矿冶炼企业之一,与同期的多米尼恩镍业公司布莱扎德冶炼厂(见另一条新增记录)构成了萨德伯里镍工业早期'多头竞争、快速整合'格局的典型案例。该矿现被2015年安大略省地质调查(OGS)采样复核确认'仍存在异常铜镍矿化',但未见任何后续复采或恢复冶炼的记录。",,,,,,,,,,,,,,,R3-历史补漏,https://www.geologyontario.mndm.gov.on.ca/mndmfiles/mdi/data/records/MDI41I06NW00003.html,"https://www.geologyontario.mndm.gov.on.ca/mndmfiles/mdi/data/records/MDI41I06NW00003.html
https://www.mindat.org/loc-10051.html"
NI-161,GL161,北美,加拿大,Canada,安大略省 大萨德伯里市 布莱扎德山谷(Blezard Valley),多米尼恩镍业公司布莱扎德矿冶炼厂,Dominion Nickel Company Blezard Mine Smelter,已永久关闭;创始股东含铁路承包商詹姆斯·沃辛顿(James Worthington)及后任北贝(North Bay)市长约翰·弗格森(John Ferguson),"1889年Dominion Nickel Company(DNC)由James Worthington、John Ferguson等出资开始开采布莱扎德矿 → 1890年建成竖井、碎矿房、焙烧场及冶炼厂,同期建成含20栋原木屋、招待所、商店、仓库及学校的完整厂区聚落 → 1891年雇员达近300人 → 1893年因财务困难DNC停止运营 → 冶炼炉本身其后转由邻近的沃辛顿矿(Worthington Mine)继续使用一段时间,具体终止使用年份未查实",硫化矿熔炼-反射炉/鼓风炉(历史),硫化矿精矿,粗镍/镍铜锍(具体品位未查实),,未查得产能数据,1890,已拆除,1893,1893,"资金链断裂/财务困难导致DNC公司1893年停止运营(仅维持3年);冶炼炉设施其后转供邻近沃辛顿矿继续使用一段时间,该延续使用阶段的具体终止年份本轮检索未查实",,,,,,,,,"布莱扎德矿(Blezard Mine,DNC自有);冶炼炉后期原料来自邻近的沃辛顿矿(Worthington Mine)","本记录回应研究任务'多米尼恩矿产公司(Dominion Mineral Co.)布莱扎德冶炼厂'线索核实要求,填补了第二轮研究中该线索'未能核实'的空白。地方矿业历史网站ghosttownpix.com(萨德伯里地区已废弃矿业聚落专题记录)提供了详实的一手资料:实际公司名称为'Dominion Nickel Company'(多米尼恩镍业公司,缩写DNC,而非任务简报所称'Dominion Mineral Co.'——两者厂址、年代、创始股东信息高度吻合,判定为同一设施,推测系名称在不同二手文献中的两种转录方式并存,或任务简报存在笔误)。DNC由铁路承包商James Worthington与后任北贝市长John Ferguson等出资,1889年开始开采,1890年建成完整的竖井-碎矿-焙烧-冶炼一体化设施及配套厂区聚落(20栋原木屋、招待所、商店、仓库、学校),雇员一度近300人,但仅运营3年即于1893年因财务困难停产。该冶炼炉停产后并未立即废弃,而是转供邻近的沃辛顿矿继续使用,这一细节说明萨德伯里盆地早期存在'多矿共用一座冶炼炉'的产业组织模式,与同期德鲁里镍业公司(见另一条新增记录)、维维安父子公司(H.H. Vivian,矿石运往威尔士精炼)共同构成19世纪末萨德伯里镍工业'资本分散、快速洗牌'的历史图景。厂区现无地面建筑遗存,仅可见原矿井、冶炼炉及焙烧场遗址与散落残骸。",,,,,,,,,,,,,,,R3-历史补漏,https://ghosttownpix.com/blezard-mine/,https://ghosttownpix.com/blezard-mine/
NI-162,GL162,欧洲,奥地利,Austria,施泰尔马克州(Steiermark) 施拉德明(Schladming)地区 罗尔莫斯-上塔尔(Rohrmoos-Obertal)霍普夫里森(Hopfriesen);二次加工设施位于曼德林(Mandling),施拉德明-霍普夫里森镍冶炼厂(格斯多夫镍业),Schladming-Hopfriesen Nickel Smelter (Gersdorff Nickel Works),已永久关闭;末代业主为约翰·鲁道夫·冯·格斯多夫(Johann Rudolf Ritter von Gersdorff)家族;遗址2004年由地方社团修复为'霍普夫里森镍博物馆'(Nickelmuseum Hopfriesen)对外开放,"1746年Schütz & Kompanion公司获钦克万德(Zinkwand)地区钴矿开采特许 → 1776年'维也纳钴矿开采合作社'(约40家运营商)接手开采,矿石于霍普夫里森分选、破碎、加工后销往中欧多地蓝颜料厂 → 1818年因市场困难钴矿开采终止 → 1824/25年格斯多夫(Johann Rudolf Ritter von Gersdorff)镍提纯研究成功,获得开采特许 → 1832年格斯多夫收购钦克万德及沃特恩施皮策(Vötternspitze)废弃钴矿,转向镍矿开采 → 1840年在霍普夫里森建成镍冶炼炉 → 1847年在曼德林新建二次加工设施(原设于格洛格尼茨Gloggnitz附近塔尔霍夫Thalhof的设施迁移至此) → 1849年格斯多夫去世,经营开始衰落 → 1876年因新喀里多尼亚及加拿大新发现镍矿引发价格崩盘,矿冶全面停产 → 2004年霍普夫里森冶炼遗址修复为镍博物馆",硫化矿熔炼-反射炉/鼓风炉(历史),"硫化矿精矿(推测,钦克万德矿区钴镍砷共生矿)","镍砷速冷合金(Speiss)粗产品,后于曼德林/格洛格尼茨进一步加工精炼(具体最终产品品位未查实)",,"未查得产能数据;史料仅载1840年代为产量峰值期,未给出具体吨位",1840,永久关闭,1876,1876,"1876年因新喀里多尼亚及加拿大萨德伯里新发现的大规模优质镍矿冲击国际市场,镍价格崩盘,施拉德明地区传统硫化矿镍冶炼彻底丧失经济性而全面停产(创办人格斯多夫已于1849年去世,此后经营已趋衰落多年)",,,,,,,,,"钦克万德(Zinkwand)、沃特恩施皮策(Vötternspitze)镍钴矿(格斯多夫自有矿权,原为维也纳钴矿开采合作社的废弃钴矿)","本记录回应研究任务'奥地利施拉德明镍矿(Schladming nickel 1800s)'核实要求,是继瑞典克莱瓦、挪威灵厄里克/巴姆布勒之后,本轮确认的又一处19世纪欧洲早期镍工业设施。施拉德明地区自1746年起即为维也纳蓝颜料产业链上游的钴矿开采地,1818年钴矿因市场原因停产后,当地矿业家族继承人格斯多夫于1824-32年间将同一矿区转型为镍矿开采,1840年在霍普夫里森建成镍冶炼炉,1847年在曼德林增建二次加工设施(由格洛格尼茨附近迁移而来),形成'霍普夫里森粗炼+曼德林精加工'的两段式产业链,产品经欧洲镍价竞争加剧后于1876年——与瑞典克莱瓦矿(1920年关闭,原因相同但时间稍晚)、挪威灵厄里克镍厂(1903/1920年关闭)同属受新喀里多尼亚镍矿冲击的欧洲传统镍冶炼收缩浪潮——全面停产。当地历史地区维基(EnnstalWiki)提供了迄今为止本项目关于19世纪欧洲小型镍冶炼设施最精确、最完整的日期链条,遗址已于2004年由地方社团修复为'霍普夫里森镍博物馆'对外开放,是奥地利镍工业史的重要工业遗产。",,,,,,,,,,,,,,,R3-历史补漏,https://www.ennstalwiki.at/wiki/index.php/Bergbau_in_der_Region_Schladming,"https://www.ennstalwiki.at/wiki/index.php/Bergbau_in_der_Region_Schladming
https://www.wandern.com/oesterreich/steiermark/schladming-dachstein/ausflugsziele/museen/nickelmuseum/"
NI-163,GL163,欧洲,英国,United Kingdom,英格兰 西米德兰兹郡 斯梅斯维克(Smethwick，近伯明翰),蒙德(Mond)斯梅斯维克镍羰基法实验/模型精炼厂,"Mond Nickel Carbonyl Experimental/Model Refinery, Smethwick","已永久关闭;创办人路德维希·蒙德(Ludwig Mond)与卡尔·朗格(Carl Langer)个人经营,厂址租自Henry Wiggin & Co.","1888年前后Henry Wiggin & Co.将其斯梅斯维克厂区部分场地及建筑租予路德维希·蒙德与化学家卡尔·朗格(Carl Langer) → 1890年(据Republic of Mining/Inco Triangle刊物)或1892年(据《英国维多利亚郡史·斯塔福德郡卷》)蒙德在该场地建成实验/模型精炼装置,产出'世界首例工业规模羰基法精炼镍' → 该工艺其后被移植放大,1902年蒙德在威尔士斯旺西附近的克莱达赫(Clydach)建成大规模商业化羰基法精炼厂(现仍在产,已收录于本普查europe.json『Vale Clydach Refinery』记录) → Henry Wiggin & Co.于第一次世界大战后(1919年)成为蒙德镍业公司(Mond Nickel Company)子公司 → 1929年蒙德镍业公司并入国际镍公司(INCO)",羰基法,"不详(实验/中试阶段原料来源未查实,推测为进口自加拿大萨德伯里的粗镍或镍锍)","羰基法精炼镍(世界首例工业规模羰基镍产品,产量规模为实验/中试性质)",,"两份来源均未给出产能吨位数字,明确其性质为'实验/模型装置'(model plant/experimental plant),而非商业化量产设施",1890,永久关闭,1902,1902,"存疑;两份来源均未记载该实验装置的确切关闭年份。本记录status_year(1902)采用的是威尔士克莱达赫大规模商业化羰基精炼厂建成投产、承接该工艺规模化生产职能的年份作为推断性节点,不代表斯梅斯维克装置本身确切的停止运营时间——不排除该装置在1902年后仍以中试/研发用途继续存在一段时间,具体关闭年份为明确研究缺口",,,,,,,,,不详(实验阶段原料来源未查实),"本记录回应研究任务'蒙德镍业公司斯梅斯维克/伯明翰早期厂('Mond Nickel Company Smethwick nickel carbonyl 1900')'核实要求,与第二轮研究(gap_historical.md)已判定'不符合收录标准'的Henry Wiggin & Co.(镍合金加工厂,非原生冶炼)是两个不同的设施——本记录聚焦的是路德维希·蒙德本人在Wiggin公司斯梅斯维克厂区内租地建设的独立羰基法精炼实验装置,二者共享厂址但法律主体、工艺性质(合金加工 vs. 原生羰基法精炼)不同。据《英国维多利亚郡史·斯塔福德郡卷》(British History Online,牛津大学出版的权威地方史百科全书)记载:'1892年蒙德博士在该公司协作下,于厂区另一部分建成实验装置,在此生产出世界首例工业规模羰基法精炼镍';另据加拿大INCO公司刊物《Inco Triangle》历史专栏(Republic of Mining转载)记载,该'模型装置'的年代范围为'1890-1900年',两份来源在具体建成年份上存在1890年与1892年的1-2年出入(已如实并列,未强行调和)。这一发现直接证实了蒙德镍羰基法从伯明翰地区的中试装置逐步放大为1902年威尔士克莱达赫商业化大厂的完整技术演进链条,填补了本普查对Clydach厂'从0到1'关键前史的空白。该装置具体关闭/拆除年份、原料来源、产量规模均为研究缺口,建议后续通过Grace's Guide、Science Museum Group档案(已确认收藏1889年蒙德发现镍羰基的相关文物)或INCO/Mond公司史专著进一步核实。",,,,,,,,,,,,,,,R3-历史补漏,https://www.british-history.ac.uk/vch/staffs/vol17/pp107-118,"https://www.british-history.ac.uk/vch/staffs/vol17/pp107-118
https://republicofmining.com/2015/05/05/incos-roots-how-far-back-by-marty-mcallister-inco-triangle-january-1990/
https://collection.sciencemuseumgroup.org.uk/objects/co12975/monds-discovery-of-nickel-carbonyl-1889"
NI-164,GL164,北美,加拿大,Canada,"魁北克省 贝坎库尔 (Québec, Bécancour)",淡水河谷贝坎库尔硫酸镍厂,Vale Bécancour Nickel Sulphate Plant (Vale Base Metals Nickel Sulphate Project),Vale Base Metals 100%（项目已于2025年10月取消，未建成）,2022年11月 Vale与通用汽车(GM)签署长期硫酸镍供应协议 → 2023-2024年 Vale宣布在魁北克贝坎库尔新建硫酸镍厂 → 2025年10月16日 因下游GM/POSCO的Ultium Cam电池合资项目暂停二期，Vale宣布取消该硫酸镍厂建设计划,硫酸镍精炼(中间品/高冰镍),混合,硫酸镍(电池级),25000,设计产能：折合含镍金属约2.5万吨/年（电池级硫酸镍）；总投资约3.25亿加元(约2.31亿美元)；口径为项目可研/公告阶段设计产能，非实际投产产能（项目已取消，从未投产）,,项目中止(未建成),2025,2025,下游客户通用汽车(GM)与合资伙伴POSCO以'市场动态变化'为由，决定暂停其Ultium Cam电池合资项目二期，导致GM近期不再需要魁北克产的电池级硫酸镍，Vale Base Metals遂于2025年10月16日宣布取消该硫酸镍厂建设计划（未开工即取消）,,,,,,,,,原计划以Vale全球镍业务（加拿大Sudbury/Thompson、印尼、新喀里多尼亚等基地产出的高冰镍/中间品）为原料来源,2022年11月，Vale与通用汽车(GM)签署长期硫酸镍供应协议，支持GM电动车电池供应链本地化；2023-2024年间，Vale正式宣布计划在魁北克贝坎库尔(Bécancour)工业园区新建一座电池级硫酸镍精炼厂，设计产能约2.5万吨镍金属/年，总投资约3.25亿加元，被宣传为'北美首座完全本土化的硫酸镍精炼设施'，是魁北克政府'电池谷(Vallée de la batterie)'战略的旗舰项目之一，项目官网为valebecancour.ca。2025年10月16日，因通用汽车与合资伙伴POSCO决定暂停其Ultium Cam电池材料合资项目二期建设（理由为'市场动态变化'），GM近期不再需要魁北克产的硫酸镍，Vale Base Metals随即宣布正式取消该硫酸镍厂项目。该项目自始至终未开工建设即被取消。此前魁北克电池产业已经历Northvolt破产、损失约2.7亿加元政府融资等挫折，此次取消被媒体视为对魁北克电池产业雄心的又一次打击。,,,,,,,,,,,,,,,R3-查漏扫描,https://www.mining.com/vale-scraps-plans-to-build-quebec-nickel-sulphate-facility/,"https://www.mining.com/vale-scraps-plans-to-build-quebec-nickel-sulphate-facility/
https://www.northernminer.com/news/vale-drops-plan-to-build-quebec-nickel-sulphate-facility/1003883695/
https://valebecancour.ca/en/our-project-in-becancour
https://vale.com/in/nickel-sulphate-project"
NI-165,GL165,北美,加拿大,Canada,"安大略省 萨德伯里 (Ontario, Sudbury)",怀洛(Wyloo)萨德伯里电池材料加工厂,Wyloo Sudbury Battery Materials Processing Facility,Wyloo Metals 100%（澳大利亚Andrew Forrest旗下）,2024年5月29日 Wyloo Metals宣布已在安大略省萨德伯里购得建厂地块，拟建加拿大首座下游电池材料加工厂,硫酸镍精炼(中间品/高冰镍)+其它(拟产镍系前驱体正极材料pCAM，具体工艺路线待可研确定),混合,低碳硫酸镍、镍系前驱体正极材料(pCAM),,官方尚未公布具体设计产能；公司称目标是满足加拿大电动车产业约一半的镍需求；截至披露时厂址已购地但未开工，产能待可研/最终投资决定(FID)后公布 | R4：Wyloo官网(wyloo.com/process/，2026年5月4日快照)确认该项目仍处于'正在完成范围研究(Scoping Study)'阶段，尚未公布具体设计产能数字；公司此前仅表态目标是'满足加拿大电动车产业约一半的镍需求'，未量化为吨/年具体数字。,,规划中或可研,2024,2026,,,,,,,,,,计划以Wyloo旗下Ring of Fire地区Eagle's Nest镍矿（预计2027年前后开工建矿）为主要原料来源，并接收第三方含镍物料及电池回收料,2024年5月29日，澳大利亚矿业大亨Andrew Forrest旗下的Wyloo Metals宣布已在安大略省萨德伯里(Sudbury)购得地块，计划建设加拿大首座下游电池材料加工厂，旨在弥补加拿大本土镍矿开采与电池级化学品生产之间的空白。该厂计划以Wyloo旗下Ring of Fire（'火环'）地区Eagle's Nest镍矿产出为主要原料，辅以第三方含镍物料及电池回收料，生产低碳硫酸镍及镍系前驱体正极材料(pCAM)，公司称目标是满足加拿大电动车产业约一半的镍需求。截至2024-2025年披露信息，项目仍处于选址后的规划/可研阶段，尚未开工建设，加工厂建设进度将与Eagle's Nest矿山开发（预计2027年前后开工采矿）相互衔接，Wyloo CEO Kristan Straub公开表示'北美急需提升镍等金属的加工能力'。,【R4】status_unverified核实结论：截至2026年5月，项目仍处于范围研究(Scoping Study)阶段，尚未开工建设，与既有'规划中或可研'状态一致，故status字段留空(不变)，仅将verify_confidence上调为'确认'并更新verified_year。capacity仍为真实空白——公司在可研/范围研究完成、最终投资决定(FID)前不会披露具体设计产能，与其配套的Eagle's Nest矿山(预计2027年前后开工)的开发节奏挂钩。,确认,,,,,,,,,,,,,R3-查漏扫描,https://investingnews.com/wyloo-battery-materials-processing-facility/,"https://investingnews.com/wyloo-battery-materials-processing-facility/
https://www.mining.com/wyloo-metals-to-build-battery-materials-processing-plant-in-ontario/
https://www.cbc.ca/news/canada/sudbury/wyloo-nickel-processing-sudbury-1.7219627
https://wyloo.com/process/"
NI-166,GL166,俄罗斯与独联体,哈萨克斯坦,Kazakhstan,法人注册地：阿拉木图市；推测依托东哈萨克斯坦州Beskaragay区Gornostayevskoye镍钴矿（同集团Kaznickel项目），具体拟建厂址不详,额尔齐斯(Ertis)铁镍联合企业有限公司（存疑，或为集团内部筹备型壳公司）,Ferronickel Kombinat Ertis LLP (ТОО «Ферроникелевый комбинат «Ертіс»）／ Ferronickel Plant Ertis LLP,Fincraft Resources JSC（原SAT & Company，与Kenes Rakishev关联）持股93.43%,2008年3月20日 在阿拉木图注册成立 → 现为Fincraft Resources JSC（原SAT&Co）旗下子公司，与同集团Kaznickel LLP（Gornostayevskoye镍钴矿ISL项目，即NI-035）同属该集团镍钴板块,其它(工艺路线未公开，注册经营范围登记为镍钴生产，推测拟建RKEF或类似铁镍冶炼产能以承接Kaznickel矿区/ISL浸出后续产品，但未查到实际工艺细节),不详,不详（注册经营范围为'镍钴生产'，OKED 24451）,,未查到公开的设计产能数据；据美国地质调查局(USGS)《2022年哈萨克斯坦矿业年鉴》，Fincraft Resources曾计划'自2024年起建设镍钴生产设施、目标2026年全面达产，年处理矿石160万吨、产出镍1.35万吨、钴约1吨（此为文档原文数字，钴产量疑似笔误但按原文摘录）'，但该产能规划是否对应本实体、是否已开工，均未获独立信源证实,,规划中或可研,2026,2026,,,,,,,,,,推测原料来自同集团Kaznickel LLP的Gornostayevskoye镍钴矿（东哈萨克斯坦州，ISL钻孔浸出工艺）,存疑记录：该公司于2008年3月20日在阿拉木图注册成立，工商登记经营范围为'镍钴生产'(OKED 24451)，登记地址为阿拉木图市麦迪奥区。美国地质调查局(USGS)《2022年哈萨克斯坦矿业年鉴》提到，Fincraft Resources JSC（前身SAT & Company，与哈萨克斯坦富商Kenes Rakishev关联）通过子公司持有'Ferronickel Plant Ertis LLP' 93.43%股权，并计划建设镍钴生产设施、目标2026年达产。但除该年鉴的简短提及外，未能查到该'铁镍联合企业'已实际开工建设、确定厂址或投产的独立公开报道；公司官网(kaznickel.kz)及Fincraft Resources官网均未单独介绍该实体的厂址、工艺路线或产能规划；第三方企业信息平台(statsnet.co、factories.kz)显示该公司仍在存续（俄语标注'действующая'，即活跃状态），但2026财年申报营收仅约1060万坚戈（约合2万美元），规模远低于一座工业级铁镍冶炼厂的正常水平，更可能是集团为未来项目预留的持股/筹备型壳公司，而非已实质推进的建厂项目。鉴于信息高度存疑，暂按'规划中或可研'状态收录并明确标注存疑，建议后续通过Fincraft Resources年报、哈萨克斯坦国家统计局或实地信源进一步核实其真实进展、具体厂址与产能。,【R4-未能核实】本轮受检索预算限制未对该条目开展新一轮专项检索(该记录本身即为集团筹备型壳公司，公开信息极度稀薄，R3已穷尽已知的statsnet.co/factories.kz/USGS哈萨克斯坦年鉴等信源)。capacity与status_unverified两项缺口维持不变。,未能核实,,,,,,,,,,,,,R3-查漏扫描,https://pubs.usgs.gov/myb/vol3/2022/myb3-2022-kazakhstan.pdf,"https://pubs.usgs.gov/myb/vol3/2022/myb3-2022-kazakhstan.pdf
https://statsnet.co/companies/kz/23503695
https://factories.kz/producers/kaznikel
http://reestr.curs.kz/ru/branch/TOO_FERRONIKELEVYY_KOMBINAT_ERTIS_2961/"
