项目ID,项目,日期,事件类型,事件,说明,资料标题,资料链接
MHP044,Moa Joint Venture / Fort Saskatchewan Refinery 莫阿与萨斯喀彻温堡加工链,1959,投产,Moa跨国加工链起源,古巴Moa矿山和湿法设施始于1959年，生产混合硫化物后送往加拿大Fort Saskatchewan精炼，构成跨国镍钴加工链。,Sherritt2026Q2业绩,https://sherritt.com/sherritt-reports-second-quarter-2026-results/
NPI058,PT Aneka Tambang Tbk — Pomalaa 安塔姆波马拉镍铁厂,1976,投产,FeNi I商业投产,"ANTAM官方年报回溯Pomalaa FeNi I于1976年开始商业运营，初始能力为每年4,500镍吨，是该基地镍铁工业化的起点。",ANTAM 2019 Annual Report,https://antam.com/en/downloads/annual-report-2019
P12,PT Vale Indonesia Tbk 淡水河谷索罗瓦科高冰镍项目,1978,投产,Sorowako冶炼厂开始运行,Vale披露Sorowako火法冶炼厂自1978年运行，矿石经电炉和转炉加工为高冰镍；这是老厂投运节点，与后来炉体重建分开记录。,PT Vale Indonesia 2026年第一季度业绩,https://www.vale.com/documents/44618/1438416/2026-4-29%2BPT%2BVale%2BIndonesia%2B1Q%2B2026%2BResults%2BRelease%2B-%2BEnglish.pdf/5e9c91c4-f914-6c3a-6178-6670d5116772?download=false&t=1777465695468&version=1.0
MHP049,Murrin Murrin Operations / Minara Resources 穆林穆林镍钴项目,1990年代,建设,项目建设并投产,Murrin Murrin在1990年代建设，形成四台HPAL釜、混合硫化物中间段和现场镍钴金属精炼的一体化流程；精确首产日期仍待项目档案。,Glencore/Minara工艺全流程,https://www.glencore.com.au/operations-and-projects/minara/who-we-are/producing-nickel-and-cobalt-at-murrin-murrin
NPI060,PT Ceria Nugraha Indotama (CNI) 塞里亚镍铁项目,1991,成立,Ceria公司设立,Ceria官方资料称企业于1991年设立，后续逐步进入镍矿和冶炼业务。公司成立属于主体历史，不能与2025年RKEF首产混为同一节点。,Ceria官方首产回顾,https://www.linkedin.com/posts/ceriacorp_ceriaberpacu-smeltermerahputih-activity-7338792836655476736-WHEm
MHP044,Moa Joint Venture / Fort Saskatchewan Refinery 莫阿与萨斯喀彻温堡加工链,1994,股权,进入Sherritt合资运营时代,1994年后的合资安排把古巴矿山、冶炼和加拿大精炼长期置于同一供应链中；该节点是治理和运营结构变化，不代表新厂首产。,Sherritt2025Q4与2026原指引,https://sherritt.com/sherritt-reports-fourth-quarter-and-full-year-2025-results-provides-2026-guidance/
NPI058,PT Aneka Tambang Tbk — Pomalaa 安塔姆波马拉镍铁厂,1995,扩产,FeNi II商业投产,"Pomalaa FeNi II扩建线于1995年投入商业运营，新增每年5,500镍吨能力，扩大了ANTAM的镍铁生产规模。",ANTAM 2019 Annual Report,https://antam.com/en/downloads/annual-report-2019
MHP041,Norilsk Nickel Avalon Pty Ltd — Bulong 布隆阿瓦隆历史项目,2003,经营,Bulong进入停产维护,Bulong HPAL工厂自2003年起进入停产维护状态，结束连续商业运行。该项目历史上直接精炼金属产品，不应按当代MHP外售项目归类。,Norilsk处置Avalon/Cawse公告（股东Interros转载原发行人声明）,https://interros.ru/en/press/events/21.05.2014/
NPI058,PT Aneka Tambang Tbk — Pomalaa 安塔姆波马拉镍铁厂,2004,扩产,二号电炉现代化后商业运行,"二号电炉完成冷却技术现代化，能力提高到每年6,000镍吨，并于2004年恢复商业运行。",ANTAM 2019 Annual Report,https://antam.com/en/downloads/annual-report-2019
MHP045,Coral Bay Nickel Corporation (CBNC) 珊瑚湾镍业,2005,投产,Coral Bay投入运行,住友金属矿山资料记载Coral Bay于2005年投入运行，以Rio Tuba低品位氧化镍矿生产混合硫化物，并接入日本精炼体系。,住友金属矿山2024综合报告,https://www.smm.co.jp/en/ir/library/integrated_report/pdf/2024/2024_All_EN.pdf
NPI071,PT Growth Java Industry (GJI) 爪哇成长工业,2006,成立,Growth Java成立,项目资料记载PT Growth Java Industry于2006年成立，早期业务与后续镍铁生产阶段不同；法人设立日期不等同于NPI设施投产。,Growth Java完整企业官网,https://www.growthsteelgroup.com/gji/
MHP034,Meta Nikel Kobalt Madencilik Sanayi ve Ticaret A.Ş. 梅塔格尔德斯镍钴项目,2007,股权,进入Zorlu合作体系,Meta Gördes项目于2007年纳入Zorlu合作体系，开始形成土耳其红土镍湿法开发安排；股权和合作节点早于工厂试生产。,Meta企业沿革及HPAL技术,https://www.metanikel.com.tr/en/us/our-story
NPI058,PT Aneka Tambang Tbk — Pomalaa 安塔姆波马拉镍铁厂,2007,扩产,FeNi III商业投产,Pomalaa FeNi III扩建项目于2007年投入商业运营，新增每年1.5万镍吨能力，使基地总能力进一步提升。,ANTAM 2019 Annual Report,https://antam.com/en/downloads/annual-report-2019
MHP040,Norilsk Nickel Cawse Pty Ltd 考斯历史项目,2008,经营,进入停产维护,Cawse自2008年进入停产维护，历史HPAL及氢氧化物中间品路线不再形成现役供应；未取得截至2026年的重启证据。,Nornickel2014审计业绩,https://nornickel.com/upload/iblock/00a/fy2014_ifrs_press_release_ang_final_1_full.pdf
NPI075,PT Century Metalindo 世纪冶金,2008,股权,Century Metalindo成立,ESDM资料记载Century Metalindo于2008年成立，随后在Cikande工业区建设小型铁合金冶炼设施。,ESDM：锰下游化对区域经济影响,https://www.esdm.go.id/assets/media/content/content-kajian-hilirisasi-mineral-mangan-2017.pdf
NPI028,PT Sulawesi Mining Investment (SMI) 苏拉威西矿业投资,2009,股权,项目公司成立,IMIP园区沿革将Sulawesi Mining Investment的设立追溯至2009年，项目属于青山与Bintang Delapan合作体系；当前项目公司直接持股比例仍需同期登记原件。,IMIP Klaster Edisi 12,https://imip.co.id/wp-content/uploads/2024/09/Majalah-Klaster-Edisi-12.pdf
NPI075,PT Century Metalindo 世纪冶金,2009,投产,开始生产硅锰,工厂最初于2009年生产硅锰，尚未进入NPI业务。该节点用于区分原有铁合金设施与后来的镍铁转型。,ESDM：锰下游化对区域经济影响,https://www.esdm.go.id/assets/media/content/content-kajian-hilirisasi-mineral-mangan-2017.pdf
MHP037,Ramu NiCo Management (MCC) Limited 瑞木镍钴,2009—2012,建设,瑞木一体化项目建设,瑞木在2009至2012年间建设矿山、矿浆管线和沿海HPAL工厂，形成一体化矿冶系统；建设期不能直接作为商业生产起点。,Nickel 28 2020年度财务报告,https://nickel28.com/_resources/financials/Nickel-28-FS-December-31-2020-Apr-30.pdf?v=092002
MHP036,Ravensthorpe Nickel Operations (RNO) 雷文斯索普镍业,2010,股权,First Quantum收购项目,First Quantum在2010年购入Ravensthorpe，为后续改造和重启奠定资产基础；收购日不是生产恢复日。,First Quantum Ravensthorpe运营页,https://www.first-quantum.com/operations/ravensthorpe/
MHP036,Ravensthorpe Nickel Operations (RNO) 雷文斯索普镍业,2011,投产,改造后开始出货,项目经改造后于2011年恢复并开始出货，HPAL路线生产MHP；实际运行仍受到镍价、成本和设备条件影响。,First Quantum Ravensthorpe运营页,https://www.first-quantum.com/operations/ravensthorpe/
NPI060,PT Ceria Nugraha Indotama (CNI) 塞里亚镍铁项目,2011,股权,取得Lapaopao矿区,Ceria资料记载2011年取得Lapaopao矿区权益，为后续镍铁项目提供资源基础；矿权节点不代表冶炼厂当时已经建设或投产。,Ceria官方首产回顾,https://www.linkedin.com/posts/ceriacorp_ceriaberpacu-smeltermerahputih-activity-7338792836655476736-WHEm
MHP037,Ramu NiCo Management (MCC) Limited 瑞木镍钴,2012,投产,瑞木开始生产MHP,项目于2012年开始生产混合氢氧化镍钴，确认HPAL工艺进入运营；具体首产月份和当年爬坡曲线未在现有资料中披露。,Nickel 28 2020年度财务报告,https://nickel28.com/_resources/financials/Nickel-28-FS-December-31-2020-Apr-30.pdf?v=092002
MHP048,Ambatovy Minerals S.A. / Dynatec Madagascar S.A. 安巴托维镍钴项目,2012,投产,Ambatovy项目投入运行,住友商事法定报告及项目资料记载Ambatovy于2012年开始运行，海岸HPAL厂进一步精炼为镍、钴金属。,住友商事2025财年法定报告,https://www.sumitomocorp.com/-/media/Files/hq/ir/report/yuho/2025/202603yuho.pdf?sc_lang=en
MHP047,Taganito HPAL Nickel Corporation (THPAL) 塔加尼托高压酸浸项目,2013,投产,Taganito HPAL投入运营,住友金属矿山和Nickel Asia资料记载Taganito HPAL于2013年投入运营，以低品位红土矿生产混合硫化物沉淀，并接入日本精炼体系。,住友金属矿山2026年有价证券报告,https://finance-frontend-pc-dist.west.edge.storage-yahoo.jp/securities-report/20260624/S100YJ6N.pdf
NPI028,PT Sulawesi Mining Investment (SMI) 苏拉威西矿业投资,2013-07,建设,项目奠基,SMI镍铁—不锈钢一体化项目举行奠基，标志园区早期冶炼建设进入实施阶段；奠基仅是开工里程碑，不能作为生产或达产日期。,青山园区2016年度报告,https://decent-china.com/public/uploads/files/20180212/1518414991109735.pdf
MHP034,Meta Nikel Kobalt Madencilik Sanayi ve Ticaret A.Ş. 梅塔格尔德斯镍钴项目,2014,投产,项目进入试生产,Meta官网沿革记载Gördes湿法厂在2014年进入试生产，开始验证HPAL和后续沉淀工序；试产不代表连续稳定商业运行。,Meta企业沿革及HPAL技术,https://www.metanikel.com.tr/en/us/our-story
MHP048,Ambatovy Minerals S.A. / Dynatec Madagascar S.A. 安巴托维镍钴项目,2014,投产,Ambatovy进入商业生产,项目在2014年进入商业生产阶段；该节点晚于2012年初始运行，反映建设调试向商业化的过渡。,住友商事2025财年法定报告,https://www.sumitomocorp.com/-/media/Files/hq/ir/report/yuho/2025/202603yuho.pdf?sc_lang=en
NPI026,PT Indonesia Guang Ching Nickel and Stainless Steel Industry (GCNS) 印尼广青镍业,2014,建设,广青合资项目启动建设,青山园区年度资料记载广青合资项目于2014年启动建设，规划八条RKEF镍铁生产线，并同园区不锈钢环节衔接。建设目标不能提前计作有效产能。,青山园区2016年度报告,https://decent-china.com/public/uploads/files/20180212/1518414991109735.pdf
NPI071,PT Growth Java Industry (GJI) 爪哇成长工业,2014,经营,政策变化后转向NPI/FeNi,2014年印尼原矿出口政策变化后，Growth Java转向NPI或镍铁冶炼业务。现有来源未给出可核实的首炉日期、逐线设备表或连续运行记录。,Growth Java完整企业官网,https://www.growthsteelgroup.com/gji/
NPI028,PT Sulawesi Mining Investment (SMI) 苏拉威西矿业投资,2014年底,投产,完成试产,园区材料回溯SMI在2014年底完成试生产，说明四条RKEF及配套工序已进入运行验证；试产与次年正式生产分开记录。,青山园区2016年度报告,https://decent-china.com/public/uploads/files/20180212/1518414991109735.pdf
MHP040,Norilsk Nickel Cawse Pty Ltd 考斯历史项目,2014-05-21,股权,Nornickel签署资产出售,Nornickel宣布将Cawse连同相关资产出售给Wingstar，购买方承担环境修复义务；出售使旧所有权结构失效。,Norilsk处置Avalon/Cawse公告（股东Interros转载原发行人声明）,https://interros.ru/en/press/events/21.05.2014/
MHP041,Norilsk Nickel Avalon Pty Ltd — Bulong 布隆阿瓦隆历史项目,2014-05-21,合同,签署Avalon与Cawse出售协议,Norilsk宣布分别出售Avalon和Cawse两项西澳镍资产；公告明确Avalon即原Bulong矿床及加工厂，Cawse是另一套矿山和加工厂，二者没有合并为同一项目。,Norilsk处置Avalon/Cawse公告（股东Interros转载原发行人声明）,https://interros.ru/en/press/events/21.05.2014/
NPI042,PT Virtue Dragon Nickel Industry (VDNI) 德龙一期,2014-09-08,成立,VDNI公司成立,中国一重交易文件披露PT Virtue Dragon Nickel Industry于2014年9月8日成立，为德龙一期项目的法律主体。成立日期是法人节点，不代表冶炼设备已经投产。,中国一重2021第一次临时股东大会文件,https://pdf.dfcfw.com/pdf/H2_AN202106301500933050_1.pdf
NPI062,PT Bumi Mineral Sulawesi (BMS) 苏拉威西布米矿业,2014-10-27,股权,项目公司成立,Bumi Mineral Sulawesi在Kalla体系内成立，随后在南苏拉威西Bua推进镍冶炼基地；公司设立是项目起点，不等于设施投产。,I29,https://kalla.co.id/bumimineralsulawesi
MHP041,Norilsk Nickel Avalon Pty Ltd — Bulong 布隆阿瓦隆历史项目,2014-12-17,股权,完成Avalon与Cawse资产出售,Norilsk 2014年审计财务报表记载，集团于12月17日完成Avalon与Cawse镍资产出售。该交易包含两项独立资产，Bulong仅对应Avalon。,Nornickel 2014 audited consolidated financial statements,https://nornickel.com/upload/iblock/94a/2014_Annual_consolidated_financial_statements_of_MMC_Norilsk_Nickel.pdf
MHP034,Meta Nikel Kobalt Madencilik Sanayi ve Ticaret A.Ş. 梅塔格尔德斯镍钴项目,2015,经营,完成首次产品出口,项目在2015年完成首次出口，证明含镍钴产品进入商业物流；首次出口不替代首产日，也不能说明此后生产连续。,Meta企业沿革及HPAL技术,https://www.metanikel.com.tr/en/us/our-story
MHP046,Terrafame Ltd 特拉法姆索特卡莫项目,2015,股权,Terrafame设立并接续资产,Terrafame于2015年设立并接续原Talvivaara矿山和冶金资产，维持生物堆浸与金属回收体系；公司设立不等于电池化学品厂同步建成。,Terrafame2026H1运营报告,https://www.terrafame.com/newsroom/news/terrafames-january-june-2026-strategy-execution-progressed-as-planned-and-profitability-improved.html
NPI048,PT Megah Surya Pertiwi (MSP) 新兴铸管MSP镍铁项目,2015,股权,重组并推进合资投资,Harita与新兴齐云投资平台围绕MSP完成历史重组和合资投资安排，形成后续Obi镍铁项目股权基础；平台持股不能直接等同上市公司最终穿透权益。,新兴铸管2017年公告,https://static.cninfo.com.cn/finalpage/2017-03-29/1203217185.PDF
NPI056,PT COR Industri Indonesia (CORII) 印尼COR冶炼,2015,建设,冶炼项目开工,Central Omega官网回溯CORII镍铁冶炼项目于2015年开建，一期采用高炉路线；后续RKEF属于另一阶段规划，不能混写为同期已建。,Central Omega冶炼业务官网,https://www.central-omega.com/operation/smelter/overview
NPI075,PT Century Metalindo 世纪冶金,2015,建设,增加NPI生产设施,ESDM资料称公司在2015年增加NPI生产；Wood Mackenzie把商业生产起点列为2016年，两者可能分别对应设备增加和稳定运营。,ESDM：锰下游化对区域经济影响,https://www.esdm.go.id/assets/media/content/content-kajian-hilirisasi-mineral-mangan-2017.pdf
NPI028,PT Sulawesi Mining Investment (SMI) 苏拉威西矿业投资,2015-01,投产,正式生产,SMI在2015年1月转入正式生产，历史设计为四条RKEF、约3万镍吨能力，并与园区不锈钢环节热送衔接。,青山园区2016年度报告,https://decent-china.com/public/uploads/files/20180212/1518414991109735.pdf
MHP040,Norilsk Nickel Cawse Pty Ltd 考斯历史项目,2015-03-31,股权,审计结果确认交易完成,Nornickel 2014年度审计业绩确认Cawse处置已经完成；Wingstar之后的产权变化和设备保存状态仍缺公开原件。,Nornickel2014审计业绩,https://nornickel.com/upload/iblock/00a/fy2014_ifrs_press_release_ang_final_1_full.pdf
NPI028,PT Sulawesi Mining Investment (SMI) 苏拉威西矿业投资,2015-05,经营,园区项目揭幕,SMI所在园区举行项目揭幕，属于园区级公共里程碑；该日期晚于本厂试产和正式生产，不能反向用作首产日。,青山园区2016年度报告,https://decent-china.com/public/uploads/files/20180212/1518414991109735.pdf
NPI074,PT Bintang Timur Steel 东方之星钢铁,2015-07,投产,开始调试镍铁生产,Bintang Timur原为锰冶炼设施，2015年7月开始调试镍铁生产。该日期确认工艺转换进入试运行，不代表随后持续商业生产。,研究机构原始行业映射报告,https://doi.org/10.13140/RG.2.2.16235.04645
MHP047,Taganito HPAL Nickel Corporation (THPAL) 塔加尼托高压酸浸项目,2016,股权,Nickel Asia权益降至10%,Nickel Asia在2016年将Taganito历史权益由22.5%降至10%，形成股权比例变化；该交易不影响供矿协议需另行判断。,Nickel Asia2026股东会文件与2025年报/2026Q1,https://nickelasia.com/assets/documents/C2605-NIKL-2026-AGM-Definitive-Information-Statement-with-SEC-17-A-2025-AFS-and-17-Q.pdf
NPI029,PT Tsingshan Steel Indonesia (TSI) 青山钢铁印尼,2016,资料披露,两座高炉低镍铁生产披露,青山园区2016年度报告列示PT TSI配置两座高炉，主要生产低镍铁并衔接园区钢铁工序。该资料支持历史工艺路线，但未提供首产月和当前运行状态。,青山园区2016年度报告,https://decent-china.com/public/uploads/files/20180212/1518414991109735.pdf
NPI075,PT Century Metalindo 世纪冶金,2016,投产,NPI进入商业生产,"Wood Mackenzie将Century Metalindo的NPI商业生产起点记为2016年，工厂配置三座6,300kVA电炉。",Wood Mackenzie Century Metalindo资产摘要,https://www.woodmac.com/reports/metals-pt-century-metalindo-nickel-operation-150094564
NPI026,PT Indonesia Guang Ching Nickel and Stainless Steel Industry (GCNS) 印尼广青镍业,2016Q1,投产,八条RKEF完成试产,园区报告记载广青八条RKEF在2016年第一季度完成试生产，表明设备进入热态验证阶段；试产与同年后续正式运营分别记录。,青山园区2016年度报告,https://decent-china.com/public/uploads/files/20180212/1518414991109735.pdf
NPI027,PT Indonesia Tsingshan Stainless Steel (ITSS) 印尼青山不锈钢,2016年底,建设,八条RKEF基本建成,青山园区年度报告记载ITSS八条RKEF在2016年底基本建成，设计能力合计每年6万镍金属吨；当时部分设备仍受电力不足限制。,青山园区2016年度报告,https://decent-china.com/public/uploads/files/20180212/1518414991109735.pdf
NPI026,PT Indonesia Guang Ching Nickel and Stainless Steel Industry (GCNS) 印尼广青镍业,2016-04,投产,广青投入运营,青山园区2016年度报告将广青正式投入运营的时间列为2016年4月，确认项目从试产进入商业运行；当前逐炉状态仍需较新披露补充。,青山园区2016年度报告,https://decent-china.com/public/uploads/files/20180212/1518414991109735.pdf
NPI049,PT Wanatiara Persada (WP) 金川WP镍铁项目,2016-09,股权,金川收购WP项目权益,金川集团资料记载其于2016年9月收购Wanatiara Persada项目60%权益，合作方RKA持有40%；该交易为后续建设奠定股权基础。,金川国际2024投资者演示中的集团资产介绍,https://www.jinchuan-intl.com/pdf/presentation/2024IRP_TC.pdf
NPI049,PT Wanatiara Persada (WP) 金川WP镍铁项目,2016-11,建设,四线镍铁项目开工,WP项目于2016年11月开工建设四条RKEF生产线，建设期与后续首产、全部建成和出口节点分别记录，避免把工程启动写成投产。,金川国际2024投资者演示中的集团资产介绍,https://www.jinchuan-intl.com/pdf/presentation/2024IRP_TC.pdf
MHP036,Ravensthorpe Nickel Operations (RNO) 雷文斯索普镍业,2017,经营,低镍价下停产维护,Ravensthorpe因市场条件进入停产维护，表明名义能力不能持续等同实际供应；这一维护期到2020年重启结束。,First Quantum Ravensthorpe运营页,https://www.first-quantum.com/operations/ravensthorpe/
NPI042,PT Virtue Dragon Nickel Industry (VDNI) 德龙一期,2017,经营,镍铁首次出口,政府及企业资料记载VDNI在2017年完成首次镍铁出口，证明工厂已形成商业产品和跨境销售；首次出口不能替代更早可能存在的试产或首炉日期。,印尼海关首次出口报道,https://www.beacukai.go.id/berita/dari-feronikel-hingga-ikan-hidup-bea-cukai-iringi-ekspor-perdana-komoditas-daerah.html
NPI048,PT Megah Surya Pertiwi (MSP) 新兴铸管MSP镍铁项目,2017,投产,开始商业运营,Harita投资者资料称MSP于2017年开始运营，配置四条生产线、名义约2.5万镍吨；该年份可确认投产阶段，不能据此推定2026年逐炉负荷。,Harita2023Q1投资者演示,https://tbpnickel.com/files/pdf_assets/Q1%25202023%2520TBP%2520Nickel%2520Presentation.pdf
NPI056,PT COR Industri Indonesia (CORII) 印尼COR冶炼,2017,投产,进入设备调试,CORII一期高炉项目在2017年进入调试，说明建设完成后开始热态运行验证；调试与次年商业生产应分别记录。,Central Omega冶炼业务官网,https://www.central-omega.com/operation/smelter/overview
NPI009,PT Weda Bay Nickel (WBN) 纬达贝镍业,2017-06,股权,合资开发协议落地,Eramet与青山完成Weda Bay Nickel合作安排，结合Eramet矿业开发、青山冶炼销售网络及ANTAM当地资源；穿透权益对应Eramet 38.7%、Newstride 51.3%、ANTAM 10%。,Eramet与青山完成Weda Bay Nickel合作协议，2017年6月,https://www.globenewswire.com/news-release/2017/06/08/1010183/0/en/ERAMET-group-Agreement-finalised-with-the-Tsingshan-group-to-develop-the-Weda-Bay-Nickel-deposit-in-Indonesia.html
NPI073,PT Cahaya Modern Metal Industri (CMMI) 现代金属工业,2017-08-09,经营,政府披露停产,印尼ESDM说明东南苏拉威西CMMI因焦炭成本上升停止生产，表明项目此前已具备运营基础；停产原因和日期不应外推为永久关闭。,ESDM三家镍厂停产说明,https://www.esdm.go.id/id/media-center/arsip-berita/pembangunan-smelter-capai-target-3-smelter-nikel-berhenti-produksi-karena-masalah-ekonomi-perusahaan
NPI074,PT Bintang Timur Steel 东方之星钢铁,2017-08—2017-11,经营,政府记录阶段性镍铁产量,"印尼能源矿产部资料记录工厂在2017年8月至11月生产2,714吨镍铁，证明该阶段有实际产出；此后运行不连续，不能沿用为当前产能。",ESDM三家镍厂停产说明,https://www.esdm.go.id/id/media-center/arsip-berita/pembangunan-smelter-capai-target-3-smelter-nikel-berhenti-produksi-karena-masalah-ekonomi-perusahaan
MHP003,PT Halmahera Persada Lygend (HPL) 奥比岛力勤HPL湿法项目,2018,建设,HPL合资及一期建设启动,Harita与力勤于2018年建立HPL合资安排并启动一期HPAL建设，目标是把Obi褐铁矿加工为MHP。建设开始不能作为投产日期。,Harita 2022年年度报告,https://tbpnickel.com/files/pdf_assets/Laporan%20Tahunan%202022.pdf
MHP034,Meta Nikel Kobalt Madencilik Sanayi ve Ticaret A.Ş. 梅塔格尔德斯镍钴项目,2018,股权,Vestel取得50%历史权益,Meta公司沿革记载Vestel于2018年取得50%权益，形成新的股权结构；该权益变化不等于新增产能或扩建完成。,Meta企业沿革及HPAL技术,https://www.metanikel.com.tr/en/us/our-story
NPI033,PT Indonesia Ruipu Nickel and Chrome Alloy (IRNC) 印尼瑞浦镍铬合金,2018,经营,不锈钢后续加工工序已在运行,园区2024年员工访问回顾记载，IRNC热轧退火酸洗部门的操作人员自2018年起已从事钢卷吊装。这一记录补充了企业不锈钢加工业务的早期运行历史，NPI炉的首产仍需另查。,IMIP：2024年10月员工访问，回顾IRNC自2018年的工作经历,https://imip.co.id/imip-terapkan-prinsip-anti-diskriminasi-karyawan/
NPI055,PT Huadi Nickel-Alloy Indonesia 华迪镍合金,2018,投产,两条炉线已投入运行,行业资料记载华迪在2018年已有两条炉线运行，项目由上海华迪与PT Duta Nickel Sulawesi合作建设。,华迪企业画像,https://www.bloombergtechnoz.com/detail-news/77620/profil-smelter-nikel-huadi-yang-dilaporkan-phk-massal-sepihak
NPI056,PT COR Industri Indonesia (CORII) 印尼COR冶炼,2018,投产,开始商业生产,Central Omega披露CORII于2018年进入商业生产，确认项目由调试转入经营；该节点对应一期BF镍铁，不应套用到未完成的后续RKEF规划。,Central Omega冶炼业务官网,https://www.central-omega.com/operation/smelter/overview
NPI064,PT Asia Mining Minerals 亚洲矿业矿产,2018,建设,工程进度约2.8%,Tender Indonesia项目汇编把Asia Mining Minerals冶炼项目工程进度列为约2.8%，说明当时仍处早期建设。,Tender Indonesia 2018年项目汇编,https://www.tender-indonesia.com/newsrectory/spcreport/file.php?Id=47&file=special_report_incoming_project_edisi_23-28_juli_2018.pdf
NPI008,PT Youshan Nickel Indonesia 友山镍业,2018-08-15,股权,友山项目公司成立,友山项目法人于2018年8月15日设立，最初由盛屯、华友控股体系及合作方共同持有。,坤元：友山股权收购资产评估报告,https://m.600711.com/uploads/20240815/600711_ST%E7%9B%9B%E5%B1%AF_2024_08_13_ST%E7%9B%9B%E5%B1%AF_%E5%9D%A4%E5%85%83%E8%B5%84%E4%BA%A7%E8%AF%84%E4%BC%B0%E6%9C%89%E9%99%90%E5%85%AC%E5%8F%B8%E5%85%B3%E4%BA%8E%E7%9B%9B%E5%B1%AF%E7%9F%BF%E4%B8%9A%E9%9B%86%E5%9B%A2%E8%82%A1%E4%BB%BD%E6%9C%89%E9%99%90%E5%85%AC%E5%8F%B8%E6%8B%9F%E6%94%B6%E8%B4%AD%E8%82%A1%E6%9D%83%E6%B6%89%E5%8F%8A%E7%9A%84PTYoushanNickelIndon_66bd6c7a7e2bb.pdf
P40,PT Ceria Nugraha Indotama — Matte Project 塞里亚冰镍规划,2019,建设,Ceria火法项目开工,Ceria集团资料记载其从Wolo矿区向下游冶炼延伸，并于2019年启动火法项目建设；该节点对应铁镍设施，不代表高冰镍转换装置开工。,Ceria集团简介,https://hr.cerindocorp.id/aboutus
NPI038,PT Hengjaya Nickel Industry (HNI) 恒嘉镍业,2019-01,经营,Hengjaya矿山开始供矿,Nickel Industries矿山项目页记载Hengjaya矿山于2019年1月开始向Hengjaya Nickel RKEF项目供应矿石。供矿启动早于冶炼厂首次出铁，两个节点分别记录。,Nickel Industries：Hengjaya Mine沿革,https://nickelindustries.com/section/hengjaya-mine/
NPI038,PT Hengjaya Nickel Industry (HNI) 恒嘉镍业,2019-01-31,投产,一号窑首次产出NPI,公司2019年2月1日公告确认，Hengjaya Nickel一号回转窑于1月31日试运行中产出首批NPI。这是首次实物产出，不等同于两条线商业化运行。,Nickel Industries：Hengjaya Nickel Project Produces First NPI（2019-02-01）,https://nickelindustries.com/carbon/assets/2021/04/01-02-2019-Hengjaya-Nickel-Project-Produces-First-NPI.pdf
NPI038,PT Hengjaya Nickel Industry (HNI) 恒嘉镍业,2019-03-18,投产,二号窑首次产出并进入爬坡,公司2019年一季度报告记载，二号窑于3月18日启动调试并产出首批NPI；项目网页所称“2019年3月开始生产”更适合作为两线进入运行阶段的概括。,Nickel Industries：March 2019 Quarterly Activities Report,https://nickelindustries.com/carbon/assets/2021/04/30-04-2019-March-2019-Quarterly-Activities-Report.pdf
NPI039,PT Ranger Nickel Industry (RNI) 兰吉尔镍业,2019-05,投产,RNI开始生产,Nickel Industries运营资料将RNI的NPI生产起点列为2019年5月。项目配置两条RKEF，原始额定能力为每年1.5万镍金属吨。,Nickel Industries Operations,https://nickelindustries.com/operations/
NPI049,PT Wanatiara Persada (WP) 金川WP镍铁项目,2019-05,投产,首批镍铁产出,金川项目介绍记载WP于2019年5月实现首产，说明至少一条生产线完成调试并形成产品；全厂四线直到同年10月才建成。,金川国际2024投资者演示中的集团资产介绍,https://www.jinchuan-intl.com/pdf/presentation/2024IRP_TC.pdf
MHP037,Ramu NiCo Management (MCC) Limited 瑞木镍钴,2019-05-17,股权,Cobalt 27收购少数权益,Cobalt 27完成对Highlands Pacific的收购，由此取得瑞木少数权益；同年资产随后转入后来更名为Nickel 28的主体。,Cobalt 27完成收购Highlands Pacific公告，2019年5月,https://www.nickel28.com/_resources/news/nr-20190517.pdf
NPI049,PT Wanatiara Persada (WP) 金川WP镍铁项目,2019-10,建设,四条生产线建成,项目资料称四条RKEF在2019年10月全部建成，标志工程范围完成；建成节点不自动等于每条线即时达到设计负荷。,金川国际2024投资者演示中的集团资产介绍,https://www.jinchuan-intl.com/pdf/presentation/2024IRP_TC.pdf
MHP037,Ramu NiCo Management (MCC) Limited 瑞木镍钴,2019-10-25,股权,瑞木权益转入后续上市主体,相关瑞木资产在公司分拆中转入后来更名为Nickel 28的主体，现持有8.56%，满足债务条件后可升至11.3%。,Conic更名为Nickel 28及瑞木项目回顾,https://nickel28.com/investors/news-releases/conic-announces-change-of-name-to-nickel-28--repositions-itself-as-a-producer-of-nickel-and-cobalt
NPI049,PT Wanatiara Persada (WP) 金川WP镍铁项目,2019-11,经营,首次出口一万吨镍铁,WP于2019年11月完成约一万吨镍铁出口，证明商业销售通道形成；该批次实物量不能直接换算为全年镍金属产能。,金川国际2024投资者演示中的集团资产介绍,https://www.jinchuan-intl.com/pdf/presentation/2024IRP_TC.pdf
NPI063,PT Anugrah Tambang Sejahtera (ATS) 安努格拉矿业,2019-12,资料披露,Morowali政府记录相关冶炼厂开幕,Morowali县政府在2019年12月发布ATS相关冶炼厂开幕消息，证明项目进入公开运营场景；现有资料仍无法独立闭合高炉资产归属及ATS是否为直接运营者。,Morowali政府开幕公告,https://morowalikab.go.id/news/bupati-morowali-resmikan-perusahaan-smelter-pt-anugrah-tambang-sejahtera
MHP036,Ravensthorpe Nickel Operations (RNO) 雷文斯索普镍业,2020,经营,完成重启,项目在维护后于2020年恢复生产，重新成为MHP供应来源；重启节点不表示之后一直保持满负荷。,First Quantum Ravensthorpe运营页,https://www.first-quantum.com/operations/ravensthorpe/
MHP048,Ambatovy Minerals S.A. / Dynatec Madagascar S.A. 安巴托维镍钴项目,2020,经营,项目暂停生产,项目资料记载Ambatovy在2020年暂停生产，属于历史运营中断；停产后于次年恢复。,住友商事2025财年法定报告,https://www.sumitomocorp.com/-/media/Files/hq/ir/report/yuho/2025/202603yuho.pdf?sc_lang=en
NPI034,PT Walsin Nickel Industrial Indonesia (WNII) 印尼华新镍业,2020,建设,公司进入印尼NPI投资,华新公司沿革将2020年列为进入印尼NPI业务的节点，形成WNII项目基础；这一节点是投资和项目形成时间，不等于生产线已经完成。,Walsin公司沿革,https://www.walsin.com/about-us/who-we-are/
NPI055,PT Huadi Nickel-Alloy Indonesia 华迪镍合金,2020,规划,提出扩建至六条RKEF,华迪提出把项目扩建至六条RKEF。该信息属于扩产计划，现有资料没有证明六条线在同年全部建成。,SEAISI转引华迪扩建说明,https://www.seaisi.org/details/1582?type=technology-steel-applications
NPI061,PT Artabumi Sentra Industri (ASI) 阿尔塔布米工业,2020,合同,签署高炉运营与扩建框架,Silkroad与R&S提出设立新公司，运营最多12座高炉，并保留购买相关资产的选择权；TAS拟按数量和质量要求供矿。协议附带付款和完善条件，不能视为整体收购已经完成。,Silkroad NPI冶炼合作框架,https://links.sgx.com/FileOpen/Silkroad%20Nickel-NPI%20smelter%20agreement%20FINAL.ashx?AnncID=KNZRVPKY0AN1K0UF&App=ArchiveAnnouncement&FileID=589541
NPI064,PT Asia Mining Minerals 亚洲矿业矿产,2020,建设,工程进度披露为30.30%,2020年《Tambang》杂志将项目进度列为30.30%。相较2018年有所推进，但资料仍未给出首炉NPI或商业销售时间。,Tambang杂志2020年4—5月号,https://esdm.acehprov.go.id/media/2020.10/Majalah_TAMBANG_Edisi_No_154_April-Mei_2020.pdf
NPI035,PT Bukit Smelter Indonesia (BSI) 布吉特冶炼,2020Q1,投产,BSI开始运营,MBMA项目资料记载Bukit Smelter Indonesia于2020年初投入运营，作为莫罗瓦利上游RKEF厂生产NPI。该时间确认工厂投运，不代表此后各季度满负荷。,MBMA RKEF Smelters,https://merdekabattery.com/id/business/rkef-smelters
NPI036,PT Cahaya Smelter Indonesia (CSI) 卡哈亚冶炼,2020年初,投产,CSI投入运行,MBMA项目资料记载CSI于2020年初投运，配置两条RKEF，额定能力为每年1.9万镍金属吨，主要产品为NPI。,MBMA RKEF Smelters,https://merdekabattery.com/id/business/rkef-smelters
MHP006,PT Huayue Nickel Cobalt (HNC) 华越镍钴,2020-03-01,建设,华越项目开工,华友建设团队回顾明确华越湿法项目于2020年3月1日开工，随后经历设计、施工和设备安装；该日期是建设起点，不是试生产或商业达产日期。,华友：华越建设与生产团队回顾，2024年6月,https://www.huayou.com/news/press-release/328.html
NPI009,PT Weda Bay Nickel (WBN) 纬达贝镍业,2020-04-30,投产,冶炼厂首炉出铁,Eramet官方公告回溯Weda Bay Nickel于2020年4月30日完成首炉出铁，确认RKEF冶炼设施进入生产阶段；后续各线投运和爬坡仍应另行判断。,Eramet：Weda Bay Nickel首批镍铁销售，2020年9月,https://www.eramet.com/en/news/first-weda-bay-nickel-ferroalloy-sale-by-eramet/
NPI007,PT Yashi Indonesia Investment 雅石投资,2020-06-22,投产,雅石镍铁项目投产,振石集团项目介绍记载雅石于2020年6月22日投产，配置四条RKEF生产线，官网列示年产30万吨镍铁实物能力；该能力应与含镍金属量口径分开。,振石集团官网Yashi项目介绍,https://en.zhenshigroup.com/news/94.html
NPI006,PT Langit Metal Industry 蓝天金属工业,2020-07,股权,签署股权转让协议,香港邦普时代、Best Joint、Rocy Development与青山方面签署股权转让安排，为宁德时代体系取得蓝天国际控制权奠定交易基础；签约日与后续交割日分开记录。,宁德时代2021年半年度报告,https://pdf.dfcfw.com/pdf/H2_AN202108251512355735_1.pdf
NPI008,PT Youshan Nickel Indonesia 友山镍业,2020-09,投产,项目开始试产,四条RKEF在2020年9月进入试生产，产品路线可在镍铁与低冰镍之间安排。,坤元：友山股权收购资产评估报告,https://m.600711.com/uploads/20240815/600711_ST%E7%9B%9B%E5%B1%AF_2024_08_13_ST%E7%9B%9B%E5%B1%AF_%E5%9D%A4%E5%85%83%E8%B5%84%E4%BA%A7%E8%AF%84%E4%BC%B0%E6%9C%89%E9%99%90%E5%85%AC%E5%8F%B8%E5%85%B3%E4%BA%8E%E7%9B%9B%E5%B1%AF%E7%9F%BF%E4%B8%9A%E9%9B%86%E5%9B%A2%E8%82%A1%E4%BB%BD%E6%9C%89%E9%99%90%E5%85%AC%E5%8F%B8%E6%8B%9F%E6%94%B6%E8%B4%AD%E8%82%A1%E6%9D%83%E6%B6%89%E5%8F%8A%E7%9A%84PTYoushanNickelIndon_66bd6c7a7e2bb.pdf
NPI014,PT Jiu Long Metal Industry 九龙金属工业,2020-09,股权,JLMI公司成立,PT Jiu Long Metal Industry于2020年9月成立，随后在纬达贝园区建设RKEF镍铁项目。,ANTAM 2026年联营企业披露,https://company-announcements.afr.com/asx/atm/e01c4e73-44e2-11f1-a516-66b9b66caad8.pdf
NPI009,PT Weda Bay Nickel (WBN) 纬达贝镍业,2020-09-17,经营,Eramet渠道首批货物装运,"Eramet公告其渠道首批约7,000吨镍铁于9月17日装船，买方为中国客户；这是Eramet所占产品的首批装运，不应扩大为WBN全部销售渠道的首次交易。",Eramet：Weda Bay Nickel首批镍铁销售，2020年9月,https://www.eramet.com/en/news/first-weda-bay-nickel-ferroalloy-sale-by-eramet/
NPI022,PT Huake Nickel Indonesia 华科镍业,2020-10-17,规划,华科高冰镍项目投资公告,华友公告建设年产4.5万镍金属吨高冰镍项目，路线由华科NPI、友山低冰镍加工及华科后段转换衔接。公告目标属于投资规划，不是投产事实。,华友：华科4.5万镍金属吨高冰镍项目公告,https://file.finance.sina.com.cn/211.154.219.97%3A9494/MRGG/CNSESH_STOCK/2020/2020-10/2020-10-17/6659932.PDF
MHP021,PT Ceria Kobalt Indotama (CKI) 塞里亚科巴尔特镍钴项目,2020-11,合同,CKI签署HPAL及电力合作,WIKA年报披露其于2020年11月与Ceria Kobalt Indotama签署湿法冶炼和配套电力项目合作，确认工程合作框架；协议不是开工或投产证明。,WIKA2020年年度报告,https://investor.wika.co.id/newsroom/460a257245_aec0098cf2.pdf
MHP003,PT Halmahera Persada Lygend (HPL) 奥比岛力勤HPL湿法项目,2021,建设,二期开始建设,HPL在一期投运后于2021年启动二期建设，利用既有矿源和基础设施继续扩充湿法能力；二期直到2023年3月才完成。,Harita 2022年年度报告,https://tbpnickel.com/files/pdf_assets/Laporan%20Tahunan%202022.pdf
MHP035,Prony Resources New Caledonia SAS 普罗尼戈罗镍钴项目,2021,股权,Goro资产转入Prony并重启,Prony公司介绍记载原Vale Goro资产在2021年重组后转入Prony Resources体系并恢复运行，历史股权结构为当地权益51%、Trafigura 19%、CFP 30%。,Prony Resources公司与产品介绍,https://www.pronyresources.com/fr/prony-resources
MHP036,Ravensthorpe Nickel Operations (RNO) 雷文斯索普镍业,2021,股权,POSCO购入30%权益,POSCO取得Ravensthorpe 30%权益，服务其电池材料布局；到2025年报该比例已变为24.3%，不能沿用70/30作为当前结构。,First Quantum2025年报,https://www.first-quantum.com/wp-content/uploads/2026/03/First-Quantum-2025-AR-Final-Web.pdf
MHP039,Hellenic Minerals Ltd — Skouriotissa 希腊矿业斯库里奥蒂萨项目,2021,建设,六水硫酸镍设施完成,Fastmarkets报道Hellenic Minerals完成六水硫酸镍设施，使此前的MHP中间品能够继续加工为硫酸镍晶体。,Fastmarkets：Hellenic硫酸镍设施与Arrow委托加工,https://www.fastmarkets.com/insights/hellenic-minerals-completes-nickel-sulfate-hexahydrate-facility-in-cyprus/
MHP046,Terrafame Ltd 特拉法姆索特卡莫项目,2021,投产,电池化学品厂投入运营,Terrafame随后建成电池化学品精炼厂，使内部镍钴硫化物可进一步制硫酸镍；中间品和硫酸镍所含金属不能重复统计。,Terrafame2026H1运营报告,https://www.terrafame.com/newsroom/news/terrafames-january-june-2026-strategy-execution-progressed-as-planned-and-profitability-improved.html
MHP048,Ambatovy Minerals S.A. / Dynatec Madagascar S.A. 安巴托维镍钴项目,2021,经营,项目恢复生产,Ambatovy在2021年恢复生产，重新运行矿山、浆体管道和Toamasina冶炼精炼链。,住友商事2025财年法定报告,https://www.sumitomocorp.com/-/media/Files/hq/ir/report/yuho/2025/202603yuho.pdf?sc_lang=en
NPI008,PT Youshan Nickel Indonesia 友山镍业,2021,投产,达到规划生产能力,资产评估材料记载友山在试产次年达到规划能力，设计规模为每年3.4万镍金属吨。,坤元：友山股权收购资产评估报告,https://m.600711.com/uploads/20240815/600711_ST%E7%9B%9B%E5%B1%AF_2024_08_13_ST%E7%9B%9B%E5%B1%AF_%E5%9D%A4%E5%85%83%E8%B5%84%E4%BA%A7%E8%AF%84%E4%BC%B0%E6%9C%89%E9%99%90%E5%85%AC%E5%8F%B8%E5%85%B3%E4%BA%8E%E7%9B%9B%E5%B1%AF%E7%9F%BF%E4%B8%9A%E9%9B%86%E5%9B%A2%E8%82%A1%E4%BB%BD%E6%9C%89%E9%99%90%E5%85%AC%E5%8F%B8%E6%8B%9F%E6%94%B6%E8%B4%AD%E8%82%A1%E6%9D%83%E6%B6%89%E5%8F%8A%E7%9A%84PTYoushanNickelIndon_66bd6c7a7e2bb.pdf
NPI015,PT Perkasa Metal Industry 佩尔卡萨金属工业,2021,资料披露,列入政府在建项目表,印尼ESDM项目表列示Perkasa历史规划，包括矿石进料、NPI实物量与品位区间；这是当时建设口径，不能反推为已验收镍吨能力或实际产量。,印尼ESDM《Grand Strategy Mineral dan Batubara》,https://www.esdm.go.id/assets/media/content/content-buku-grand-strategy-komoditas-minerba.pdf
NPI017,PT Lipe Metal Industry 利佩金属工业,2021,资料披露,政府资料列为在建项目,印尼能源矿产部把Lipe列为在建项目，规划年处理矿石360万吨、生产NPI实物30万吨，产品含镍约10%至15%。该口径是当时规划，未给出首产日。,印尼ESDM矿产煤炭战略,https://www.esdm.go.id/assets/media/content/content-buku-grand-strategy-komoditas-minerba.pdf
NPI018,PT Maluku Utara Metal Industry 北马鲁古金属工业,2021,资料披露,列入政府在建项目表,印尼ESDM历史项目表列出Maluku Utara Metal的NPI建设规划、矿石进料及实物产品口径；该表不能证明当年已投产，也不能把实物吨视作镍吨。,印尼ESDM《Grand Strategy Mineral dan Batubara》,https://www.esdm.go.id/assets/media/content/content-buku-grand-strategy-komoditas-minerba.pdf
NPI034,PT Walsin Nickel Industrial Indonesia (WNII) 印尼华新镍业,2021,建设,生产线建设完成,华新沿革称WNII生产线于2021年建设完成，和2月单炉启动共同说明项目逐步投运；完成建设不代表当年立即实现全线达产。,Walsin公司沿革,https://www.walsin.com/about-us/who-we-are/
NPI042,PT Virtue Dragon Nickel Industry (VDNI) 德龙一期,2021,股权,中国一重取得穿透23%权益,中国一重通过中品圣德取得VDNI穿透23%权益，形成一重集团、上市公司、江苏德龙等多方持股结构；股权交易与工厂原有生产历史分开。,中国一重2021第一次临时股东大会文件,https://pdf.dfcfw.com/pdf/H2_AN202106301500933050_1.pdf
NPI053,PT Bahodopi Nickel Smelting Indonesia (BNSI) 巴哈多比镍冶炼,2021,合同,签署FeNi项目合作框架,Vale与TISCO、Xinhai签署Bahodopi镍铁项目框架，历史方案设计约7.3万镍吨FeNi；该协议和能力属于规划，不代表RKEF已建设完成。,Vale2021年报,https://vale-uat.lxc.liferay.com/documents/d/guest/2021-annual-report-pt-vale-indonesia-tbk
NPI054,PT Wanxiang Nickel Indonesia 万向镍业,2021,股权,盛屯体系投资10%权益,盛屯年报问询回复确认宏盛国际于2021年投资万向项目10%权益，并按股比投入股权和股东借款；该投资节点早于各高炉投产。,盛屯关于2024年报问询回复,https://movie.600711.com/uploads/pdfs/176007645540963.pdf
NPI057,PT Metal Smeltindo Selaras (MSS) 青岛中程MSS镍铁项目,2021,股权,控股股东取得MSS控制,青岛中程问询回复称其控股股东青岛城投金控通过战略入股实现对MSS控制，确认股权和控制关系变化；公开资料未给出对应的设备投产日。,青岛中程2021问询回复,https://static.cninfo.com.cn/finalpage/2021-05-13/1209971488.PDF
NPI059,PT Artha Mining Industry 阿尔塔矿业,2021,规划,政府表列建设规划,ESDM历史冶炼项目表列Artha Mining Industry规划年处理矿石200万吨、生产NPI实物20万吨，并给出2023目标；该目标不能当作实际投产。,ESDM历史冶炼项目表,https://www.minerba.esdm.go.id/upload/file_menu/20210114111446.pdf
NPI047,PT Halmahera Jaya Feronikel (HJF) 力勤哈利达HJF镍铁项目,2021-01,建设,HJF开始建设,力勤资源资料将HJF八条RKEF项目的建设起点列为2021年1月。项目位于Obi岛，设计能力合计每年9.5万镍金属吨。,力勤资源2026年中期报告,https://ir-upload.realxen.net/iis/2245/uploads/iis/2026/12330820-0.PDF
MHP039,Hellenic Minerals Ltd — Skouriotissa 希腊矿业斯库里奥蒂萨项目,2021Q1,经营,报告MHP中间品生产,Hellenic Minerals运营资料记录2021年第一季度已生产MHP中间品；该MHP随后在厂内继续加工，公开资料未证明其长期作为商品外售。,Hellenic Minerals运营介绍,https://www.hellenicminerals.com/en/operations/
NPI019,PT Lin Victor Metal Industry 林维克金属工业,2021Q3,资料披露,进入工业部门项目记录,印尼工业部2021年第三季度工作报告已经出现林维克项目线索，说明企业当时已进入工业项目管理范围；资料未给出可核实的首产日和逐炉设备表。,印尼工业部ILMATE2021Q3工作报告,https://ilmate.kemenperin.go.id/files/document/1652024002-PP%2039%20Triwulan%20III%20%202021%20Ditjen%20ILMATE%20Final.pdf
NPI034,PT Walsin Nickel Industrial Indonesia (WNII) 印尼华新镍业,2021-02-09,投产,新电炉启动,SEAISI资料记载WNII新电炉启动，项目建设由安装调试转入生产阶段；同期目标为3万至3.6万含镍吨，仍须与实际产量区分。,SEAISI February 2021 Newsletter,https://adsm-bk.seaisi.org/download-newsletter?file=eyJpdiI6ImsySjI4bDV4ZExJZ0Q0Q29XcDczQVE9PSIsInZhbHVlIjoiQzRXV0JzM2JcL2s5eGhWQk45VlF5WXRMdDVRWjYxNzN1N2Zwb2JKc2xsT2t4VXYwWjVzbzdSQ2R0Vks5NTl6c0ciLCJtYWMiOiI2ZjM1Nzk3YTZhMzk3MjFiYWExMjU3NDhkNzZkMTI3MmUzZTEwZmYxYTczMGQ1NTc1NDZhYTk4MzgxNzlmNmFiIn0%3D&title=SEAISI+Newsletter+February+2021
NPI006,PT Langit Metal Industry 蓝天金属工业,2021-03-13,投产,第四条RKEF启动,行业协会资料记载Langit第四条RKEF生产线启动，说明四线建设已推进至生产阶段；该报道不是政府验收文件，也不代表此后各线持续满负荷。,SEAISI Newsletter，2021年3月,https://adsm-bk.seaisi.org/download-newsletter?file=eyJpdiI6ImY3MlM2bTRuTEF5azh5Y3Y4bjBxTVE9PSIsInZhbHVlIjoiaFoxZjJmSDc3MjRQdmtkd2ZvdGIxTWVKbnIybEtJNzBScmJBUzd1bFwvY1h4blZ0enpOc0R1bVFcL1J5b25PUmVrIiwibWFjIjoiMThjYmYzNWE0OWEzYjhmYjA5OTliNGRiNzY4ZTllNDg1OTdlNTMyMGQ0NzBmNTk0YjRmMjEzMTllYjE2ZDY2NCJ9&title=SEAISI+Newsletter+March+2021
NPI073,PT Cahaya Modern Metal Industri (CMMI) 现代金属工业,2021-04-06,经营,国会访问运营工厂,印尼国会现场记录Cikande工厂运营访问，证明该时点存在生产经营活动；该记录与早期东南苏拉威西厂址资料可能涉及地点差异，法人设施映射仍需核。,印尼国会2021现场记录,https://berkas.dpr.go.id/pemberitaan/buletin-parlementaria/b-1145-4-2021.pdf
MHP003,PT Halmahera Persada Lygend (HPL) 奥比岛力勤HPL湿法项目,2021-06,投产,HPL一期正式运营,HPL一期于2021年完成建设并在同年6月正式运营，项目开始商业生产MHP；同年签署的两份八年承购安排为产品销售提供基础。,Harita 2022年年度报告,https://tbpnickel.com/files/pdf_assets/Laporan%20Tahunan%202022.pdf
MHP008,PT Huafei Nickel Cobalt 华飞镍钴,2021-06,合同,华飞合资协议获股东大会批准,华友股东大会批准与亿纬亚洲等合作方签订合资协议，项目最初使用“华宇镍钴”名称，后续项目公司为华飞。,华友：华飞担保公告，回溯2021年合资协议,https://www.huayou.com/Public/Uploads/uploadfile2/files/20230404/huayouyehuayouyeguanyuweizigongsitigongdanbaodejinzhangonggao.PDF
NPI006,PT Langit Metal Industry 蓝天金属工业,2021-06-04,股权,完成蓝天国际75%收购,"香港邦普时代支付3,000万美元取得蓝天国际75%，佳事有限公司取得25%；PT Langit为其下属实体，不能把下层100%表列直接写成CATL最终经济权益100%。",宁德时代2021年半年度报告,https://pdf.dfcfw.com/pdf/H2_AN202108251512355735_1.pdf
NPI012,PT Debonair Nickel Indonesia 德邦镍业,2021-11,建设,项目开工建设,德邦镍业项目在IWIP进入建设阶段，规划两条RKEF并面向低冰镍路线；建设开始不代表两条线或后续转换、精炼工序已经形成产量。,CNGR 2022 annual report,https://money.finance.sina.com.cn/corp/view/vCB_AllBulletinDetail.php?id=9112379&stockid=300919
MHP006,PT Huayue Nickel Cobalt (HNC) 华越镍钴,2021-11-28,投产,产出首批合格产品,华友官方回顾明确华越于2021年11月28日产出首批合格产品，较2021年12月对外公告更精确；首批合格品与2022年达到设计能力分开记录。,华友：华越建设与生产团队回顾，2024年6月,https://www.huayou.com/news/press-release/328.html
NPI043,PT Gunbuster Nickel Industry (GNI) 德龙三期,2021-12,投产,GNI举行投产仪式,印度尼西亚总统佐科·维多多出席GNI投产仪式，项目由建设转入启动阶段。历史披露规模为24条RKEF、每年180万吨镍铁实物。,GNI投产新闻,https://gunbusternickelindustry.com/zh/2021/12/27/iure-dolor-ut-consectetur-et-sed-odit/
NPI015,PT Perkasa Metal Industry 佩尔卡萨金属工业,2021-12-16,合同,列入煤运合同关联买方,Habco招股书披露GCNS煤运合同可将运量转给Perkasa等具名关联买方，合同有效期覆盖2022年；该物流合同证明供应链活动，不证明炉子投产日期。,PT Habco Trans Maritima Tbk 2022招股书,https://e-ipo.co.id/id/pipeline/get-propectus-file?id=130&type=
NPI018,PT Maluku Utara Metal Industry 北马鲁古金属工业,2021-12-16,合同,列入煤运合同关联买方,Habco招股书披露GCNS煤运合同允许运量转给Maluku Utara Metal等买方，合同有效期覆盖2022年；物流安排不等于冶炼首产证明。,PT Habco Trans Maritima Tbk 2022招股书,https://e-ipo.co.id/id/pipeline/get-propectus-file?id=130&type=
NPI062,PT Bumi Mineral Sulawesi (BMS) 苏拉威西布米矿业,2021-12-21,合同,与POSCO签署合作备忘录,BMS与POSCO就未来硫酸镍及电池材料合作签署MoU；这属于方向性合作，不证明硫酸镍线建成，也不是现有FeNi的包销合同。,BMS：与POSCO签MoU,https://www.ruangenergi.com/bumi-mineral-sulawesi-dan-pohang-iron-and-steel-company-tandatangan-nota-kesepakatan/
MHP005,PT Obi Nickel Cobalt (ONC) 奥比镍钴湿法三期,2022,建设,ONC三条生产线开工建设,力勤与Harita披露ONC于2022年启动三条HPAL生产线建设，设计能力合计每年6.5万镍吨；该能力属于建设目标，不能提前计入产量。,力勤资源2025年报,https://www1.hkexnews.hk/listedco/listconews/sehk/2026/0430/2026043001098.pdf
MHP022,Sorowako Limonite HPAL Project 索罗瓦科褐铁矿湿法项目,2022,规划,Vale与华友启动Sorowako湿法合作,Vale项目页记载双方于2022年启动合作，计划新建处理Sorowako褐铁矿的HPAL路线，与当地1978年投运的火法厂分开。,Vale Sorowako Limonite项目页,https://vale.com/pt/indonesia/igp-sorowako-limonite
NPI034,PT Walsin Nickel Industrial Indonesia (WNII) 印尼华新镍业,2022,投产,全线达产,华新公司沿革将2022年列为项目全线达产年份，表明WNII由分线投运转入稳定经营；后续年度实际负荷仍需按财报或产量披露判断。,Walsin公司沿革,https://www.walsin.com/about-us/who-we-are/
P01,PT Huaneng Metal Industry (HNMI) 华能金属工业,2022,经营,设施已稳定生产,MBMA收购材料回溯华能高冰镍相关设施在收购前已进入稳定生产；该年份可确认经营阶段，但精确首炉日期仍未披露。,MBMA 2023年第二季度业绩报告,https://assets.merdekabattery.com/dist/documents/Q2-2023-Results.pdf
NPI005,PT Angel Nickel Industry (ANI) 安琪镍业,2022-01,投产,安琪项目开始生产,Nickel Industries运营资料将安琪的生产起点明确到2022年1月。四条RKEF随后继续爬坡，产品主线为NPI。,Nickel Industries：印尼冶炼项目、权益及2025年生产情况,https://nickelindustries.com/operations/
NPI032,PT Ocean Sky Metal Industry 海天金属工业,2022-01,资料披露,园区资料列示NPI能力,IMIP 2022年1月第12期园区资料把Ocean Sky列入NPI—不锈钢产业集群，并列示每年30万吨NPI实物能力；该数字不是含镍金属量，也未给出逐炉投产日。,IMIP《Klaster》第12期，2022年1月，第6页,https://imip.co.id/wp-content/uploads/2024/09/Majalah-Klaster-Edisi-12.pdf
NPI033,PT Indonesia Ruipu Nickel and Chrome Alloy (IRNC) 印尼瑞浦镍铬合金,2022-01,资料披露,园区刊物列示NPI与不锈钢业务,IMIP《Klaster》第12期将IRNC列入NPI—不锈钢产业集群，表列NPI每年30万吨、不锈钢每年70万吨。镍铁、合金配料与不锈钢加工共同构成其综合冶金业务。,IMIP《Klaster》第12期，2022年1月，第6页,https://imip.co.id/wp-content/uploads/2024/09/Majalah-Klaster-Edisi-12.pdf
NPI037,PT Lestari Smelter Indonesia (LSI) 莱斯塔里冶炼,2022-01,资料披露,园区刊物披露NPI规模,IMIP刊物把LSI列入园区NPI生产主体并给出30万实物吨口径；现行公司页列15万实物吨，两组数字范围不同，不能据此确定首产日期或镍吨能力。,IMIP Klaster Edisi 12,https://imip.co.id/wp-content/uploads/2024/09/Majalah-Klaster-Edisi-12.pdf
NPI043,PT Gunbuster Nickel Industry (GNI) 德龙三期,2022-01,经营,完成首批镍铁出口,"印尼海关记录GNI首次出口13,650吨镍铁，标志项目从启动进一步进入对外销售。",印尼海关：GNI首次出口,https://www.beacukai.go.id/berita/dari-feronikel-hingga-ikan-hidup-bea-cukai-iringi-ekspor-perdana-komoditas-daerah.html
NPI067,PT Kalimantan Ferro Industry (KFI) 加里曼丹铁业,2022-01,建设,KFI项目开工,东加里曼丹省政府投资说明称KFI于2022年1月启动建设，规划分期建设RKEF设施。规划的六条一期产线不能在开工时计为已投产。,省政府投资项目说明,https://diskominfo.kaltimprov.go.id/berita/bupati-kutai-kartanegara-edi-damansyah-menyambut-investasi-pt-kalimantan-ferro-industry
NPI022,PT Huake Nickel Indonesia 华科镍业,2022Q4,投产,项目进入试生产,华友官方项目新闻确认华科在2022年第四季度进入试运行，标志着跨厂工艺链开始贯通；试产节点与正式达产、各工序稳定负荷仍应分开。,2022Q4试产及首运,https://www.huayou.com/en/news/press-release/33.html
NPI038,PT Hengjaya Nickel Industry (HNI) 恒嘉镍业,2022—2023,经营,转换生产低冰镍,公司披露恒嘉在2022至2023年间把部分NPI转换为低冰镍，并送往IMIP未具名设施进一步处理、支付转换费用；这不是本厂自有高冰镍设施证明。,Hengjaya Nickel matte production,https://nickelindustries.com/carbon/assets/2022/10/pjn11381.pdf
NPI056,PT COR Industri Indonesia (CORII) 印尼COR冶炼,2022年初,经营,因焦炭供应困难暂停,公司官网称CORII自2022年初因进口焦炭供应困难暂时停运；截至本次检索仍保留该说明，未获得正式重启日期。,Central Omega冶炼业务官网,https://www.central-omega.com/operation/smelter/overview
NPI020,PT Sunny Metal Industry 旭日金属工业,2022年底,投产,旭日开始试产,华新年报回溯旭日四套RKEF在2022年底进入试生产，产品包括NPI和低冰镍。该日期属于上游旭日工厂，不应与华旭高冰镍转换设施混用。,华新丽华2025年年度报告,https://www.walsin.com/wp-content/uploads/2026/05/2025Annual-Report.pdf
MHP008,PT Huafei Nickel Cobalt 华飞镍钴,2022-02-25,建设,华飞项目正式开工,华友项目建设回顾记载华飞于2022年2月25日正式开工，随后建设矿道、供电系统和高压釜等HPAL核心及配套设施。,华友：2023年度项目建设回顾,https://www.huayou.com/about/culture/cultural-activity/343.html
NPI051,PT Shuoshi Indonesia Investment 华宝硕石镍铁,2022-03,建设,建设人员与首船物资出发,振石为印尼华宝工业园及硕石105万吨镍铁项目派出首批建设人员，并发运首船物资。人员、设备和配套工程陆续到位，为随后建设十二条RKEF生产线创造条件。,振石：2022年3月首批建设人员及物资出运,https://www.zhenshigroup.com/news_details/1917111831347650560.html
P09,PT JIAMAN NEW ENERGY 嘉曼新能源,2022-03-24,股权,项目公司成立,嘉曼项目法人于2022年3月24日成立，为后续RKEF及高冰镍设施建设建立主体；公司设立不代表厂房或产线已投产。,伟明环保2026年半年度报告,https://file.finance.sina.com.cn/211.154.219.97%3A9494/MRGG/CNSESH_STOCK/2026/2026-8/2026-08-15/12495705.PDF
MHP006,PT Huayue Nickel Cobalt (HNC) 华越镍钴,2022-04,投产,达到设计能力,官方回溯华越在2022年4月达到设计能力，标志项目由调试爬坡进入稳定运行；后续超产属于经营表现，不改变设计能力口径。,MBMA：HPAL业务公告，2025年2月,https://assets.merdekabattery.com/dist/documents/250224_MBMA_SLNC_HPAL_vF.pdf
NPI010,PT Infei Metal Industry 英菲金属工业,2022-04,投产,英菲商业投产,Harum Energy披露英菲金属于2022年4月开始商业生产，两条RKEF由此进入经营阶段。该节点确认商业投产，不把后续报告期产量或集团采购量反推为铭牌能力。,Harum Energy：Companies & Subsidiaries,https://www.harumenergy.com/companies-subsidiaries
NPI035,PT Bukit Smelter Indonesia (BSI) 布吉特冶炼,2022-04,股权,MBMA取得间接控制,Merdeka披露通过增资和权益交易取得BSI等RKEF资产的间接控制，项目由此纳入MBMA上游冶炼组合；交易日期与原工厂投产日期分别记录。,Merdeka increased stakes in RKEFs,https://merdekacoppergold.com/wp-content/uploads/2022/08/MDKA_2022-05-19_Press-Release_Increased-Stake-in-Existing-RKEFs-Investment-in-New-RKEFs.pdf
NPI030,PT Zhao Hui Nickel (ZHN) 兆辉镍业,2022-05-19,股权,Merdeka宣布提高RKEF项目权益,Merdeka公告提高相关RKEF项目权益，ZHN形成MBMA 50.1%、青山合作方49.9%的结构。该公告是股权交易节点，不是投产日。,Merdeka提高RKEF项目权益公告,https://merdekacoppergold.com/wp-content/uploads/2022/08/MDKA_2022-05-19_Press-Release_Increased-Stake-in-Existing-RKEFs-Investment-in-New-RKEFs.pdf
NPI036,PT Cahaya Smelter Indonesia (CSI) 卡哈亚冶炼,2022-05-19,股权,Merdeka宣布提高项目权益,Merdeka公告提高相关RKEF资产权益，CSI最终形成MBMA 50.1%、青山合作方49.9%的持股结构。,Merdeka提高RKEF项目权益公告,https://merdekacoppergold.com/wp-content/uploads/2022/08/MDKA_2022-05-19_Press-Release_Increased-Stake-in-Existing-RKEFs-Investment-in-New-RKEFs.pdf
MHP008,PT Huafei Nickel Cobalt 华飞镍钴,2022-05—2023-01,建设,关键配套和高压釜陆续完成,华友建设回顾记载矿道于2022年5月通车、220千伏主变压器9月就位，六台高压釜于2023年1月完成安装。,华友：2023年度项目建设回顾,https://www.huayou.com/about/culture/cultural-activity/343.html
P31,PT Dowstone Energy Material Indonesia 道氏能源材料,2022-06,合同,与华迪签署合作框架,道氏技术与华迪围绕镍原料保障和项目投资签署合作框架；这是前期产业合作安排，未获得具名工厂首产或已建成证据。,2022 annual report,https://vip.stock.finance.sina.com.cn/corp/view/vCB_AllBulletinDetail.php?id=9092710
MHP031,PT Huashan Nickel Cobalt 华山镍钴,2022-06-20,规划,华山镍钴投资方案公告,华友公告华山镍钴项目投资方案，拟在纬达贝地区建设湿法镍钴项目；公告明确项目尚处设计和审批阶段，不能把目标年份写为实际投产。,华友关于对外投资公告2022-097,https://vip.stock.finance.sina.com.cn/corp/view/vCB_AllBulletinDetail.php?id=8304141
NPI023,PT Jade Bay Metal Industry 翡翠湾金属工业,2022-07-08,股权,中伟公告投资翡翠湾项目,中伟公告与DNPL在纬达贝建设翡翠湾项目，中伟拟持股50.1%并取得控制。项目设计为两条RKEF、年产2.75万镍吨低冰镍。,中伟：翡翠湾投资公告,https://static.cninfo.com.cn/finalpage/2022-07-08/1213982929.PDF
NPI012,PT Debonair Nickel Indonesia 德邦镍业,2022-07-31,股权,完成控制性权益收购,中伟体系通过收购Debonair Holdings取得印尼经营实体50.1%权益，项目由此纳入控制范围；2026年半年报仍列50.1%，其余股东权益不能自行推断。,中伟股份2026年半年度报告,https://disc.static.szse.cn/disc/disk03/finalpage/2026-08-25/53856f2b-83a4-477b-913d-79194ee16cf7.PDF
NPI023,PT Jade Bay Metal Industry 翡翠湾金属工业,2022-07-31,股权,完成控制性权益安排,中伟后续报表将香港中拓持有翡翠湾50.1%、DNPL持49.9%列入子公司结构。该日期属于控制性权益节点，不能借用德邦的首炉日期。,中伟股份2026年半年度报告,https://disc.static.szse.cn/disc/disk03/finalpage/2026-08-25/53856f2b-83a4-477b-913d-79194ee16cf7.PDF
NPI054,PT Wanxiang Nickel Indonesia 万向镍业,2022-09,投产,1号高炉投产,万向官网历史记载1号高炉于2022年9月投入生产，项目开始形成镍铁产出；单炉投产不能代表四座高炉同期运行。,Wanxiang官网历史,https://wanxiang.co.id/our-history/
RF001,PT CNGR Ding Xing New Energy 中伟鼎兴新能源,2022-09,建设,鼎兴电解镍项目开工,中伟官方回顾记载鼎兴于2022年9月在莫罗瓦利开工建设年产5万吨电解镍产线，原料路线包括高冰镍浸出、萃取和电积。,中伟：鼎兴DX-zwdx获LME注册及投产工艺,https://www.cngrgf.com.cn/gsxw/1289.html
NPI047,PT Halmahera Jaya Feronikel (HJF) 力勤哈利达HJF镍铁项目,2022-10—2023-05,投产,八条RKEF分步投运,HJF八条RKEF自2022年10月至2023年5月依次投入运行，分线投产使矿石、电力和冶炼系统逐步磨合。,力勤资源2026年中期报告,https://ir-upload.realxen.net/iis/2245/uploads/iis/2026/12330820-0.PDF
NPI022,PT Huake Nickel Indonesia 华科镍业,2022-11,经营,首批高冰镍运往中国,华友披露华科首批高冰镍于2022年11月启运中国，证明产品形成并进入物流环节；首运不等于全年达产，也不能反推每座炉的产品分工。,2022Q4试产及首运,https://www.huayou.com/en/news/press-release/33.html
NPI031,PT Oracle Nickel Industry (ONI) 奥拉克镍业,2022-11,投产,首次生产NPI,Oracle Nickel Industry四条RKEF开始生产NPI，标志项目进入投产阶段；后续商业销售和高冰镍转换投资应作为不同节点分别观察。,Nickel Industries Operations,https://nickelindustries.com/operations/
P41,ANTAM–CNGR Nickel Matte Project 安塔姆与中伟冰镍合资规划,2022-11,合同,ANTAM与中伟签署框架协议,双方就镍矿工业区及冰镍方案签署框架合作，属于项目开发意向与资源协同安排；框架协议本身不代表合资公司、工厂或产线已经落地。,I39,https://www.antam.com/downloads/cngr-and-antam-sign-framework-agreement-for-the-development-of-nickel-ore-industrial-area
MHP018,PT Kolaka Nickel Indonesia (KNI) 科拉卡镍业波马拉湿法项目,2022-11-27,建设,Pomalaa综合项目奠基,Vale项目页记载Pomalaa矿山与KNI HPAL综合项目于2022年11月27日奠基，项目由此进入现场建设阶段。,Vale IGP Pomalaa项目页,https://vale.com/indonesia/indonesia-growth-projects-pomalaa
MHP032,PT Excellen Silo Leaching 埃克塞伦西洛浸出项目,2023,建设,一万吨镍吨HPAL模块交付,森松ALTA演示把Excellen-Silo列为2023年交付的1万镍吨模块。交付后仍需运输、安装、公用工程接入和调试，不能写成项目投产。,森松ALTA 2024模块化HPAL演示,https://d3e2i5nuh73s15.cloudfront.net/wp-content/uploads/2024/04/ALTA-2024-NCC-Presentation-Morimatsu.pdf
MHP042,LS MnM Inc. — EVBM Onsan / Saemangeum LS电池材料温山与新万金项目,2023,规划,LS MnM公布EVBM投资计划,LS集团公告EVBM投资方案，温山项目计划2026年试车、2027年开始生产，新万金属于后续扩展阶段；这些年份是计划，不作为已发生事件。,LS集团EVBM投资原公告,https://www.lsholdings.com/ko/media/news/37412b74686b32787335456f6f48576b346733516d6459724d77734f74753645
NPI005,PT Angel Nickel Industry (ANI) 安琪镍业,2023,规划,披露冰镍转换选项,Nickel Industries提出将部分产线及配套设施用于冰镍转换的方案。该方案取决于设备安排和市场条件，不能写成已经建成的冰镍产能。,Nickel Industries冰镍转换公告,https://nickelindustries.com/carbon/assets/2023/03/2522069.pdf
NPI013,PT Andalan Metal Industry (AMI) 安达兰金属工业,2023,股权,华友收购已有NPI项目权益,JOGMEC转述华友在2023年收购安达兰权益时，项目已有NPI生产基础。该交易节点确认资产与控制关系变化，不等于后续高冰镍改造已完成商业投产。,JOGMEC：华友收购印尼镍冶炼权益,https://journal.jogmec.go.jp/metal/news-flash/news-flash_49408.html
NPI013,PT Andalan Metal Industry (AMI) 安达兰金属工业,2023,规划,提出高冰镍改造方向,收购后的项目方案提出把既有镍铁生产基础向高冰镍延伸；截至现有来源，尚未见改造线验收、首炉合格品或连续商业销售日期。,Argus：Huayou accelerates nickel plans in Indonesia,https://www.argusmedia.com/zh/news-and-insights/latest-market-news/2472860-china-s-huayou-accelerates-nickel-plans-in-indonesia
NPI022,PT Huake Nickel Indonesia 华科镍业,2023,投产,项目基本达产,股东年度经营披露将华科列为2023年基本达产项目，说明生产由试运行转入较稳定阶段；具体NPI、低冰镍与高冰镍的跨厂加工量仍未拆分。,华友2025年度报告,https://www.huayou.com/Public/Uploads/uploadfile2/files/20260407/2025AnnualReportofHuayouCobalt.pdf
NPI031,PT Oracle Nickel Industry (ONI) 奥拉克镍业,2023,经营,进入商业销售,ONI在首产后进入商业销售，产出由Shanghai Decent按项目寿命承购安排组织；该合同覆盖NPI，不应延伸为未建成冰镍线的包销。,NIC 2025 SGX Offering Memorandum,https://links.sgx.com/FileOpen/Nickel%20Industries%20Limited_OM%20Part%201%20of%207.ashx?App=Prospectus&FileID=67646
NPI053,PT Bahodopi Nickel Smelting Indonesia (BNSI) 巴哈多比镍冶炼,2023,建设,Bahodopi项目奠基,Vale在Bahodopi举行采矿及加工项目奠基，标志区域项目进入建设准备；当时旧RKEF方案与后来HPAL合作的法人承接关系仍需区分。,Mirae2023年Vale初始覆盖,https://minio.miraeasset.io/web-research/uploads/231025_Mirae_Asset_Sekuritas_Indonesia_INCO_initiation_714ec6be05.pdf
MHP006,PT Huayue Nickel Cobalt (HNC) 华越镍钴,2023-01,股权,NIC取得间接10%权益,Nickel Industries从Newstride取得华越间接10%权益，形成新的股东层级；该交易日期与项目2021—2022年投产时间分开记录。,Nickel Industries：2023年1月投资演示,https://nickelindustries.com/carbon/assets/2023/01/2501030.pdf
NPI012,PT Debonair Nickel Indonesia 德邦镍业,2023-01-12,投产,48号炉首产、47号炉点火,官方披露48号炉产出首炉产品、47号炉完成点火，标志两条RKEF进入投产阶段；首炉只证明单线阶段性里程碑，不等于全基地稳定达产。,中伟：德邦镍业项目投产,https://cngrgf.com.cn/mobile/gsxw/1019.html
NPI030,PT Zhao Hui Nickel (ZHN) 兆辉镍业,2023Q2,投产,四条RKEF完成调试,MBMA季度业绩资料记载ZHN四条生产线在2023年第二季度完成调试，项目由建设阶段进入运行。,MBMA 2023年二季度业绩,https://assets.merdekabattery.com/dist/documents/Q2-2023-Results.pdf
MHP010,PT Gostal Nickel Indonesia 戈斯塔尔镍业,2023Q3,投产,Go STAL开始商业生产,TGEM公司资料把Go STAL商业生产起点列为2023年第三季度，说明小型模块化湿法装置由试验转入经营；披露仍缺当期产量和客户。,TGEM官方2025年7月公司说明,https://tgem.group/wp-content/uploads/2025/07/TGEM-Company-Brochure_July-2025.pdf
NPI020,PT Sunny Metal Industry 旭日金属工业,2023年初,投产,旭日进入商业生产,旭日在2023年初由试产转入商业生产，公开设计能力为每年5.5万镍金属吨。华新年报是该里程碑的集团来源。,华新丽华2025年年度报告,https://www.walsin.com/wp-content/uploads/2026/05/2025Annual-Report.pdf
NPI054,PT Wanxiang Nickel Indonesia 万向镍业,2023-02,投产,2号高炉投产,万向披露2号高炉于2023年2月投入运行，生产范围继续扩大；资料未同时确认3号高炉的独立投产节点。,Wanxiang官网历史,https://wanxiang.co.id/our-history/
NPI065,PT Unity Nickel Alloy Indonesia 印尼联合镍合金,2023-02-04,建设,PLN披露扩容计划,PLN明确Huadi Group为Unity母公司，并披露集团及Unity用电增容计划；电力申请反映项目建设需求，不能直接换算为已投运炉数或实际负荷。,PLN：Unity增容与Huadi集团关系,https://web.pln.co.id/media/siaran-pers/2023/02/terus-dukung-hilirisasi-industri-pln-tambah-layanan-ke-smelter-di-sulsel-170-mva
MHP003,PT Halmahera Persada Lygend (HPL) 奥比岛力勤HPL湿法项目,2023-03,建设,HPL二期完成,HPL二期于2023年3月完成，两期合计设计能力达到每年5.5万镍金属吨。工程完成与后续稳定负荷、产品分配仍应分开。,Harita 2023年一季度投资者演示,https://tbpnickel.com/files/pdf_assets/Q1%202023%20TBP%20Nickel%20Presentation.pdf
MHP018,PT Kolaka Nickel Indonesia (KNI) 科拉卡镍业波马拉湿法项目,2023-03-30,合同,Vale、华友与Ford签署三方协议,三方正式协议明确合作建设Pomalaa HPAL项目，由Vale矿区供应褐铁矿，在KNI设施生产MHP；签约时项目仍处建设期。,Vale、华友与Ford合作公告,https://vale.com/w/pt-sustainable-ev-industry/-/categories/3275897
NPI011,PT Cosan Metal Industry (COSAN) 科赞金属工业,2023-04-17,股权,Jindal取得科赞49%权益,Jindal Stainless通过Sungai Lestari收购科赞49%股权，把印尼NPI和冰镍资产纳入其不锈钢原料布局。,Jindal Stainless 2024／25财年年度报告,https://nsearchives.nseindia.com/corporate/JSL_08082025214114_JSLAR08Aug2025.pdf
RF002,PT Eternal Nickel Industry 永恒镍业,2023-04-28,股权,永恒镍业成立,PT Eternal Nickel Industry成立，随后在IWIP建设年产5万吨全板阴极镍项目；法人设立是项目起点，不等于当日开工或投产。,华友：ENI股东、财务与爬坡情况（2025-10-30）,https://stockmc.xueqiu.com/202510/603799_20251030_WU4A.pdf
NPI004,PT Nicole Metal Industry (NMI) 妮可镍业,2023-05-03,股权,POSCO宣布参股及高冰镍投资,POSCO Holdings宣布取得妮可49%权益，并在纬达贝推进年产5.2万镍金属吨的高冰镍项目。该数字是规划的高冰镍含镍量，不代表原有NPI装置已经达到同等产能。,POSCO官方韩文新闻：印尼镍冶炼投资,https://newsroom.posco.com/kr/포스코홀딩스-국내-기업-최초로-이차전지용-니켈-해/
NPI065,PT Unity Nickel Alloy Indonesia 印尼联合镍合金,2023-05-22,规划,企业披露分期建设方案,Unity参会介绍称首期配置2台39MVA电炉，二期2台36MVA仍在筹备；该节点确认分期方案，未提供可靠首产或商业运行日期。,Unity企业参会介绍,https://bxg.m.mysteel.com/23/0522/18/D0942A67CDA3F052_abc.html
MHP003,PT Halmahera Persada Lygend (HPL) 奥比岛力勤HPL湿法项目,2023-05-31,投产,硫酸镍项目投运仪式,HPL举行硫酸镍项目投运仪式，公司披露年产24万吨硫酸镍实物规模，对应约5.4万吨含镍能力；该后端能力不与MHP中的同一份镍重复累计。,"Freeport Indonesia转载：HPL首批5,584吨硫酸镍出口",https://ptfi.co.id/en/news/detail/ri-finally-has-3-giant-facilities-the-biggest-of-their-kind-in-the-world
P01,PT Huaneng Metal Industry (HNMI) 华能金属工业,2023-05-31,股权,MBMA完成60%权益收购,MBMA完成交易并取得项目60%权益，青山合作方保留40%；收购完成日是股权里程碑，不是工厂首次投产日期。,MBMA 2023年第二季度业绩报告,https://assets.merdekabattery.com/dist/documents/Q2-2023-Results.pdf
NPI046,PT Karunia Permai Sentosa (KPS) 力勤哈利达KPS镍铁项目,2023-06,建设,KPS项目开工建设,力勤资源披露KPS镍铁项目于2023年6月启动建设，规划十二条冶炼生产线，力勤与Harita分别持有65%和35%。规划能力在投产前不计为现有供给。,力勤资源2026中期报告,https://ir-upload.realxen.net/iis/2245/uploads/iis/2026/12330820-0.PDF
RF001,PT CNGR Ding Xing New Energy 中伟鼎兴新能源,2023-06,投产,鼎兴建成投产,中伟官方资料记载鼎兴电解镍项目于2023年6月建成投产；该月份是项目投产节点，不再另设重复的2023年度事件。,中伟：鼎兴DX-zwdx获LME注册及投产工艺,https://www.cngrgf.com.cn/gsxw/1289.html
MHP003,PT Halmahera Persada Lygend (HPL) 奥比岛力勤HPL湿法项目,2023-06-16,经营,首批硫酸镍正式出口,"公司披露5,584吨硫酸镍装入290个集装箱运往中国商业伙伴，确认商业出口节点；资料中的更早记录日期不替代公司正式首运事件。","Freeport Indonesia转载：HPL首批5,584吨硫酸镍出口",https://ptfi.co.id/en/news/detail/ri-finally-has-3-giant-facilities-the-biggest-of-their-kind-in-the-world
P05,PT Walhsu Metal Industry 华旭金属工业,2023-06-26,合同,签署转炉采购合同,华旭签署高冰镍转换炉采购合同，为承接旭日低冰镍并进一步加工高冰镍配置设备。采购合同是工程节点，不等于当天首产。,华新2023年报,https://www.walsin.com/wp-content/uploads/2024/04/112AnnualReport_ENv2.pdf
MHP008,PT Huafei Nickel Cobalt 华飞镍钴,2023-06-30,投产,首批MHP产品下线,华友披露华飞于2023年6月30日产出首批MHP，确认HPAL流程贯通；该日期是首批产品节点，不等同于达到设计能力。,华友：2023年度项目建设回顾,https://www.huayou.com/about/culture/cultural-activity/343.html
NPI054,PT Wanxiang Nickel Indonesia 万向镍业,2023-07,投产,4号高炉投产,万向官网记录4号高炉于2023年7月投入运行。现有公开节点仍不能完整闭合四座高炉逐炉状态及2026年实际负荷。,Wanxiang官网历史,https://wanxiang.co.id/our-history/
NPI044,PT Nadesico Nickel Industry (NNI) 德龙四期,2023-07-01,股权,中伟取得60%控制权益,中伟自2023年7月1日起取得NNI 60%权益并纳入控制范围；员工持股等其他层级不能直接叠加到这一项目公司比例。,中伟上市会计师报告,https://iis.aastocks.com/20251107/HKEX-EPS_20251107_11908959_29.PDF
NPI072,PT Aneka Tambang Tbk — East Halmahera 安塔姆东哈马黑拉镍铁厂,2023-07-07,投产,东哈马黑拉项目启动,ANTAM启动东哈马黑拉FeNi项目，工厂随后进入送电和热态调试阶段。该节点不是稳定商业生产。,MIND ID启动说明,https://mind.id/news/dukung-hilirisasi-pertambangan-grup-mind-id-antam-operasikan-pabrik-feronikel-haltim
NPI072,PT Aneka Tambang Tbk — East Halmahera 安塔姆东哈马黑拉镍铁厂,2023-07-19,投产,工厂送电,项目完成送电，为电炉及配套系统调试提供条件；供电完成与实际首次出铁分开记录。,ANTAM 2023年项目进展,https://www.antam.com/uploads/pengembangan-perusahaan-tahun-2023.pdf
RF003,PT Huaxiang Refining Indonesia 华翔精炼,2023-07-26,规划,华翔合资投资公告,华友公告建设年产5万镍吨硫酸镍项目，总投资约2亿美元；HUAYAO、STRIVE和LINDO分别持股49%、49%和2%。,华友钴业2023年对外投资公告,https://static.cninfo.com.cn/finalpage/2023-07-26/1217385396.PDF
RF003,PT Huaxiang Refining Indonesia 华翔精炼,2023-07-26,合同,股东按持股比例包销,同一合资公告约定三方或其关联方按49%、49%、2%比例包销全部产品，并设置同等条件下优先采购权；执行量和价格公式未公开。,华友钴业2023年对外投资公告,https://static.cninfo.com.cn/finalpage/2023-07-26/1217385396.PDF
MHP008,PT Huafei Nickel Cobalt 华飞镍钴,2023-08,合同,84亿元银团融资落地,华飞在建设和爬坡阶段完成组团金额84亿元人民币的银团融资，由多家金融机构共同参与，为项目建设和运营提供资金。,华友：华飞银团融资，2023年8月,https://www.huayou.com/news/corporate-news/115.html
MHP022,Sorowako Limonite HPAL Project 索罗瓦科褐铁矿湿法项目,2023-08-25,合同,签署Sorowako HPAL正式协议,Vale与华友相关主体PT Huali Nickel Indonesia签署正式协议，确定褐铁矿HPAL项目合作安排；当时披露的工期仍属计划。,Sorowako HPAL正式协议,https://vale.com/documents/d/guest/2023-8-25-press-release-signing-definitive-agreement-sorowako-hpal_english
P48,PT Hengsheng New Energy Material Indonesia 恒生新能源材料,2023-08-28,投产,恒生低冰镍首产,设备供应及项目报道确认恒生富氧侧吹项目于2023年8月28日产出首批低冰镍，形成实际产品证据；现有来源未确认独立高冰镍转换线。,Riseco-supplied Hengsheng commissioning report,https://news.metal.com/id/newscontent/102387317-indonesia-hengsheng-oxygen-enrich-side-blown-project-was-successfully-put-into-operation
NPI067,PT Kalimantan Ferro Industry (KFI) 加里曼丹铁业,2023-09,投产,首条RKEF点火,行业项目报道记录KFI首条RKEF于2023年9月点火，说明项目进入热态调试；点火本身不等于已经稳定产出合格镍铁或完成商业销售。,KFI首条RKEF点火报道,https://nie.mysteel.com/a/23091915/23E7EF30BFDEDCB2.html
NPI072,PT Aneka Tambang Tbk — East Halmahera 安塔姆东哈马黑拉镍铁厂,2023-09-12,投产,完成首次出铁,东哈马黑拉项目完成首次metal tapping，证明RKEF主流程已经贯通。后续仍需继续调试设备、供电和原料系统。,ANTAM 2023年项目进展,https://www.antam.com/uploads/pengembangan-perusahaan-tahun-2023.pdf
MHP000,PT Hydrotech Metal Indonesia 海卓科技印尼出口主体,2023-09-22,贸易记录,本样本最早的MHP发货记录,用户提供的出口样本从这一天开始出现该抬头的MHP记录，原记录编号为MT01707。这一节点用于追踪商业发货，不能据此确定冶炼装置的首产日期。,MHP逐票核查表,library/mhp-audit.xlsx
MHP017,PT Excelsior Nickel Cobalt (ENC) 晨曦镍钴,2023-10,规划,晨曦作出最终投资决定,Nickel Industries于2023年10月决定投资多产品HPAL项目，规划同时覆盖MHP、阴极镍和镍盐。投资决定是建设起点，不是投产。,ENC最终投资决定公告,https://nickelindustries.com/carbon/assets/2023/10/2622065.pdf
NPI055,PT Huadi Nickel-Alloy Indonesia 华迪镍合金,2023-10,合同,长期矿石供应合同开始执行,SMGA招股书披露矿山企业自2023年10月至2026年10月向华迪供矿，最低每月1万吨、镍品位1.65%至2.00%。,SMGA 2024年IPO初步招股书,https://www.nhis.co.id/wp-content/uploads/2024/01/i_Prospektus-Awal-IPO-SMGA-compressed.pdf
MHP024,PT Nickel Cobalt Halmahera (NCH) 布里镍钴,2023-12,合同,ANTAM与CBL签署合资协议,ANTAM与宁德时代邦普体系于2023年12月签署布里镍钴项目合资协议，拟在东哈马黑拉建设HPAL项目。签约节点不等于工厂开工。,ANTAM 2025半年报,https://announcements.asx.com.au/asxpdf/20250829/pdf/06nmgw4n0bd16y.pdf
P25,PT Hanrui Nickel Indonesia 寒锐镍业,2023-12,股权,合资安排披露,寒锐披露香港寒锐持项目70%、华鑫投资持30%的合资安排，为华宝园冰镍项目建设提供股权基础；华鑫投资不能误写成华友。,investment document,https://static.cninfo.com.cn/finalpage/2023-12-21/1218675576.PDF
P49,PT Alam Cipta Lestari 阿拉姆齐普塔莱斯塔里,2023-12-05,贸易记录,本样本最早的镍硫化物发货记录,用户提供的出口样本从这一天开始出现该抬头的镍硫化物记录，原记录编号为MAT00029。这一节点用于追踪商业发货，不能据此确定冶炼装置的首产日期。,冰镍出口与供销资料,library/exports.xlsx
MHP005,PT Obi Nickel Cobalt (ONC) 奥比镍钴湿法三期,2024,经营,ONC进入运行阶段,Harita 2024年报将ONC记为已进入运行阶段，说明项目由建设转向调试和生产；三条线的逐线投运月份未在正文来源中拆分。,Harita Nickel 2024年报,https://tbpnickel.com/files/pdf_assets/Harita%20Nickel%202024%20Annual%20Report.pdf
MHP016,PT Blue Sparking Energy (BSE) 蓝焰能源,2024,股权,Harum取得51%权益,Harum通过认购交易取得蓝焰项目51%权益，更新了原表50:50结构；其余49%最终持有人仍需正式名册，不能用青山标签替代。,Harum Energy 1Q2024 Summary and Highlights,https://www.harumenergy.com/cfind/source/files/mdna/1q-2024-summary-and-highlights.pdf
MHP048,Ambatovy Minerals S.A. / Dynatec Madagascar S.A. 安巴托维镍钴项目,2024,股权,项目进行债务重组,住友商事法定报告记载Ambatovy于2024年进行债务重组，反映项目财务结构调整，并非新增产能。,住友商事2025财年法定报告,https://www.sumitomocorp.com/-/media/Files/hq/ir/report/yuho/2025/202603yuho.pdf?sc_lang=en
NPI007,PT Yashi Indonesia Investment 雅石投资,2024,资料披露,列入省级大型工业企业名录,北马鲁古省工业贸易主管部门将雅石列入2024年SIINas大型工业企业名录，支持其持续经营身份；名录本身不披露逐炉负荷、产品品位或当年实际产量。,北马鲁古省工业贸易厅：2024年SIINas大型工业企业名录,https://satudata.malutprov.go.id/dataset/document/298/print
NPI008,PT Youshan Nickel Indonesia 友山镍业,2024,股权,盛屯取得控制权,盛屯收购华友控股香港所持华玮45%股权，对友山的间接权益由35.75%提高至65%，友山成为盛屯控制的海外镍资产。,盛屯矿业2024年年度报告,https://vip.stock.finance.sina.com.cn/corp/view/vCB_AllBulletinDetail.php?id=10804135&stockid=600711
NPI014,PT Jiu Long Metal Industry 九龙金属工业,2024,股权,Gag Nikel取得30%股权,ANTAM体系的Gag Nikel以1.025亿美元取得JLMI 30%股权，青山控制的Newton International保留70%。交易同时衔接Gag矿源和园区冶炼能力。,ANTAM：收购JLMI、供矿预付款及股东贷款交易,https://company-announcements.afr.com/asx/atm/f7530936-84f1-11ef-a37f-cee6b8316b2c.pdf
NPI014,PT Jiu Long Metal Industry 九龙金属工业,2024,合同,签署矿石供应及预付款安排,Gag Nikel与青山旗下PT Universal Metal Trading签订矿石供应及预付款协议，预付款还用于支持部分股权收购资金。该合同不能当作JLMI投产日期。,ANTAM：收购JLMI、供矿预付款及股东贷款交易,https://company-announcements.afr.com/asx/atm/f7530936-84f1-11ef-a37f-cee6b8316b2c.pdf
NPI015,PT Perkasa Metal Industry 佩尔卡萨金属工业,2024,资料披露,列入省级工业企业名录,北马鲁古省官方SIINas名录确认Perkasa在IWIP/Lelilef登记为非铁金属工业企业；名录可确认法人和经营场所，不能代替逐炉运行证据。,北马鲁古省工业贸易厅：2024年SIINas大型工业企业名录,https://satudata.malutprov.go.id/dataset/document/298/print
NPI016,PT Kao Rahai Smelters 金川考拉海冶炼,2024,经营,金川调研确认四线项目关系,金川集团具名调研确认考拉海与寰宇均属于其同青山合作的印尼项目，考拉海承担上游镍铁冶炼。公开资料列示四线，但未披露逐炉负荷。,USMI→金川,https://www.jnmc.com/index.php/index/detail/index?id=3399
NPI017,PT Lipe Metal Industry 利佩金属工业,2024,资料披露,列入省级大型工业企业名录,北马鲁古省2024年大型工业企业名录列出Lipe，说明该法人已进入当地工业登记体系；名录没有披露逐炉投产、负荷或股东结构。,北马鲁古省2024年大型工业企业名录,https://satudata.malutprov.go.id/dataset/document/298/print
NPI018,PT Maluku Utara Metal Industry 北马鲁古金属工业,2024,资料披露,列入省级工业企业名录,北马鲁古省官方名录确认该法人位于IWIP/Lelilef并归入非铁金属工业；这能锁定经营主体和地点，但不披露电炉台数、负荷或最终股东。,北马鲁古省工业贸易厅：2024年SIINas大型工业企业名录,https://satudata.malutprov.go.id/dataset/document/298/print
NPI019,PT Lin Victor Metal Industry 林维克金属工业,2024,资料披露,列入北马鲁古大型企业名录,北马鲁古省2024年SIINas名录将林维克列为大型工业企业，确认法人和经营项目存在；该行政名录不能单独证明两炉均在运行或2.2万镍吨能力。,北马鲁古省工业贸易厅：2024年SIINas大型工业企业名录,https://satudata.malutprov.go.id/dataset/document/298/print
NPI020,PT Sunny Metal Industry 旭日金属工业,2024,股权,华新进一步提高旭日权益,华新在2024年继续整合印尼镍业务并提高对旭日的权益，同时退出Westrong。2025年报披露集团对旭日持股约79.6%。,华新丽华2025年年度报告,https://www.walsin.com/wp-content/uploads/2026/05/2025Annual-Report.pdf
NPI051,PT Shuoshi Indonesia Investment 华宝硕石镍铁,2024,投产,首条镍铁生产线投产,振石集团沿革将硕石首条生产线投产列为2024年的主要节点。硕石由建设阶段转入边投产、边调试和优化工艺的阶段。,振石集团发展历程：硕石首条生产线投产,https://www.zhenshigroup.com/history.html
P11,PT Universe Smelter Metal Industry 寰宇冶炼,2024,资料披露,金川调研确认寰宇项目关系,金川集团调研资料把寰宇与考拉海并列为同青山合作的印尼项目，寰宇承担高冰镍转换环节。该节点确认项目关系，不等于首产。,寰宇：集团具名调研,https://www.jnmc.com/index.php/index/detail/index?id=3399
RF003,PT Huaxiang Refining Indonesia 华翔精炼,2024,投产,项目建成试产,华友2024年年度报告将华翔列为建成试产项目，说明精炼产线已进入产品验证；试产节点不等于全年达产或稳定商业销售。,浙江华友钴业股份有限公司2024年年度报告,https://www.huayou.com/Public/Uploads/uploadfile/files/20250512/20250419603799.SHhuayouye603799huayouye2024nianniandubaogao.pdf
NPI021,PT Westrong Metal Industry 纬创金属工业,2024-01-26,股权,Harum增持至80.7%,Harum披露对Westrong的权益升至80.7%，华新同期退出原29.5%权益；该交易更新了控制关系，不能继续把华新写成当前控股方。,Harum 2024Q1 Summary and Highlights,https://www.harumenergy.com/cfind/source/files/mdna/1q-2024-summary-and-highlights.pdf
NPI032,PT Ocean Sky Metal Industry 海天金属工业,2024H1,资料披露,SIINas记录为生产状态,中苏拉威西省工业部门公开的SIINas生产阶段报告，报告期为2024年上半年，将Ocean Sky状态列为“Berproduksi”，并记载其不提供或使用委托加工。,Sulawesi Tengah工业企业SIINas报告,https://www.disperindag.sultengprov.go.id/images/laporan/68622802eb4e6.pdf
MHP010,PT Gostal Nickel Indonesia 戈斯塔尔镍业,2024Q3,投产,"形成每年3,200吨MHP能力","TGEM披露Go STAL在2024年第三季度形成每年3,200吨MHP生产能力。该数字是MHP产品实物能力，不应误作镍金属吨。",TGEM官方2025年7月公司说明,https://tgem.group/wp-content/uploads/2025/07/TGEM-Company-Brochure_July-2025.pdf
NPI035,PT Bukit Smelter Indonesia (BSI) 布吉特冶炼,2024Q3,经营,上游厂组参与低冰镍供料,MBMA季度报告确认BSI、CSI与兆辉组成供料厂组，为华能高冰镍设施提供低冰镍。披露未逐厂拆分数量，不能把厂组总量全部归给BSI。,MBMA Q3 2024 report,https://assets.merdekabattery.com/dist/documents/MBMA%20Q3%202024%20Quarterly%20Activities%20Report%20vF.pdf
MHP014,PT Meiming New Energy Material (MNEM) 美明新能源材料,2024Q4,建设,全厂处于调试阶段,MBMA年报将美明在2024年末的状态描述为调试，说明首次出料后仍需完成整厂爬坡和系统联动，不能把10月节点直接写成全面达产。,MBMA Annual Report 2025,https://assets.merdekabattery.com/dist/documents/MBMA_AR_2025_30%20April.pdf
NPI024,PT Lancon Metal Industry 澜凯金属工业,2024Q4,资料披露,列入工业合规核验对象,印尼工业部2024年第四季度工作报告在业务标准履行核验对象中具名列出Lancon，证明项目已进入监管和经营体系；该记录不披露逐炉首产日期。,印尼工业部ILMATE 2024Q4 PP39工作报告,https://ilmate.kemenperin.go.id/files/document/1742614114-00.%20Update%20LAPORAN%20PP39%20TW%20IV%202024%20scan.pdf
P09,PT JIAMAN NEW ENERGY 嘉曼新能源,2024Q4,投产,首条生产线调试,项目首条线在2024年第四季度进入调试，标志建设转入热态运行阶段；调试产物与合格高冰镍商业生产仍需分开。,伟明环保2026年半年度报告,https://file.finance.sina.com.cn/211.154.219.97%3A9494/MRGG/CNSESH_STOCK/2026/2026-8/2026-08-15/12495705.PDF
NPI021,PT Westrong Metal Industry 纬创金属工业,2024年初,投产,进入商业生产,公司材料称Westrong在2024年初开始商业生产，四条RKEF与四座转换炉构成低冰镍至高冰镍一体化流程；厂内中间品与成品不得重复计量。,Westrong工厂尽责报告,https://www.harumenergy.com/cfind/source/files/sustainability/wmi-supply-chain-due-diligence-report-2026-as-of-31-dec-2025.pdf
NPI011,PT Cosan Metal Industry (COSAN) 科赞金属工业,FY2024/25,经营,科赞开始形成营业收入,Jindal年报显示科赞在2024/25财年已有营业收入，而上一财年尚无收入，说明项目在这一阶段进入经营。年报同时把经营范围列为NPI和Nickel Matte制造。,Jindal Stainless 2024／25财年年度报告,https://nsearchives.nseindia.com/corporate/JSL_08082025214114_JSLAR08Aug2025.pdf
NPI075,PT Century Metalindo 世纪冶金,2024-02,经营,进入维护保养,Wood Mackenzie记录工厂自2024年2月起处于care and maintenance，通常意味着停炉并保留资产；尚无此后恢复NPI生产的公开记录。,Wood Mackenzie Century Metalindo资产摘要,https://www.woodmac.com/reports/metals-pt-century-metalindo-nickel-operation-150094564
MHP008,PT Huafei Nickel Cobalt 华飞镍钴,2024-03,投产,华飞达到设计能力,华友2024年度股东大会资料记载华飞于2024年3月达到设计能力；该达产节点晚于2023年6月首批MHP，两者分别记录。,华友2024年度股东大会资料,https://www.huayou.com/Public/Uploads/uploadfile/files/20250512/20250430603799.SHhuayouye603799huayouye2024nianniandugudongdahuihuiyiziliao.pdf
NPI021,PT Westrong Metal Industry 纬创金属工业,2024-03,经营,实现首次销售,Westrong完成首次商业销售，说明项目已由调试转入对外经营；销售节点晚于初始商业运行，二者分别记录以避免把试生产和稳定经营混为一谈。,Harum 2024Q1 Summary and Highlights,https://www.harumenergy.com/cfind/source/files/mdna/1q-2024-summary-and-highlights.pdf
NPI062,PT Bumi Mineral Sulawesi (BMS) 苏拉威西布米矿业,2024-04,投产,首台炉产出FeNi,BMS一期首台SKEF进入生产并产出FeNi，确认实际先落地的是年产3.3万吨实物镍铁路线；早期硫酸镍目标不得据此视为完成。,BMS官网,https://www.bumimineralsulawesi.com/
MHP027,CNGR HPAL Project 中伟湿法项目,2024-05,资料披露,中伟披露湿法研发和团队准备,中伟在投资者交流中提到湿法冶炼研发及团队准备，说明集团正在积累技术和人员；材料未给出具名项目公司、厂址、开工或首批MHP日期。,中伟股份投资者关系活动记录,https://static.cninfo.com.cn/finalpage/2024-05-09/1220021382.PDF
RF001,PT CNGR Ding Xing New Energy 中伟鼎兴新能源,2024-05-23,经营,DX-zwdx获LME品牌注册,LME公告接受DX-zwdx为可交割原生镍品牌，登记生产企业为PT CNGR Ding Xing New Energy、年能力5万吨。,LME Notice 24/186：DX-zwdx品牌上市,https://www.lme.com/api/sitecore/MemberNoticesSearchApi/Download?id=73383f97-3bc9-4102-852e-2ea9bb476e04
NPI010,PT Infei Metal Industry 英菲金属工业,2024-05—2025-04,资料披露,供应链报告确认持续运营,英菲供应链尽责报告覆盖2024年5月至2025年4月，确认法人及两条RKEF的经营范围。报告未新增冰镍产品，因此仍按NPI项目记录。,Infei供应链尽责报告,https://www.harumenergy.com/cfind/source/files/supply-chain/imi-supply-chain-due-diligence-report.pdf
MHP013,PT ESG New Energy Material ESG新能源材料,2024-06,股权,MIA对ESG权益升至60%,MBMA年报披露中间公司MIA对ESG的权益由初始55%提高至60%并引入Arniko；MBMA持MIA 45%，故经此链有效权益为27%，不是直接60%。,MBMA Annual Report 2025,https://assets.merdekabattery.com/dist/documents/MBMA_AR_2025_30%20April.pdf
P12,PT Vale Indonesia Tbk 淡水河谷索罗瓦科高冰镍项目,2024-06-28,股权,PT Vale Indonesia股份交易完成,住友金属矿山完成PT Vale Indonesia股份减持，同时保留承购年度高冰镍产量20%的权利和义务，其余约80%继续由Vale Canada承接。,住友金属矿山：PT Vale Indonesia股份交易及承购安排,https://www.smm.co.jp/news/release/uploaded_files/20240701_JP.pdf
MHP036,Ravensthorpe Nickel Operations (RNO) 雷文斯索普镍业,2024-07,经营,再次进入停产维护,First Quantum因市场环境再次暂停生产，2026—2028展望仍按维护状态安排，项目不应计入正常在产MHP供应。,First Quantum2025年报,https://www.first-quantum.com/wp-content/uploads/2026/03/First-Quantum-2025-AR-Final-Web.pdf
NPI041,PT Obsidian Stainless Steel (OSS) 德龙二期,2024-07,股权,历史股权结构获文件确认,商务部归档材料确认OSS历史上由象屿集团持51%、江苏德龙持49%；该比例属于历史结构，德龙重整后的最终权益仍需更新文件。,商务部归档反倾销调查披露,https://picpolicy.mofcom.gov.cn/file/20240725/93111721871609921.pdf
NPI067,PT Kalimantan Ferro Industry (KFI) 加里曼丹铁业,2024-07,经营,现场确认三炉运行,东加里曼丹议会2024年7月现场访问资料称已有三炉运行，为分期投运提供政府现场证据；这一数量不能外推为六炉全部投产。,东加里曼丹议会现场访问,https://dprd.kaltimprov.go.id/post/monitoring-tenaga-kerja-di-perusahaan-pansus-p3tkl-kunjungi-pt-kalimantan-ferro-industry
MHP017,PT Excelsior Nickel Cobalt (ENC) 晨曦镍钴,2024-07-31,建设,提前投资后端精炼设施,公司根据潜在客户对阴极镍和硫酸镍的反馈，提前支付投资款以加快后端精炼设施建设；该市场反馈不等于已签订最终销售合同。,Nickel Industries 2024年第二季度报告：提前投入镍盐与阴极镍建设,https://nickelindustries.com/carbon/assets/0007e8/000007/2754396.pdf
NPI051,PT Shuoshi Indonesia Investment 华宝硕石镍铁,2024-08-24,投产,105万吨镍铁项目全线投产,振石披露硕石105万吨镍铁项目于8月24日实现全线投产，并在年内达到设计运行水平。项目的完整产线投入运行，加强了集团在印尼的镍铁供应与不锈钢原料配套。,振石集团原稿转载：中国铁合金网，硕石项目全面达产，2024年12月18日,https://www.ferro-alloys.com/News/Details/328236
MHP011,PT QMB New Energy Materials 青美邦新能源材料,2024-09,投产,二期达到设计运行,格林美项目进展公告及半年报记载，青美邦二期于2024年9月达到设计运行，新增每年2.5万镍吨，使全厂HPAL能力增至6.5万镍吨。,格林美印尼湿法项目进展公告,https://gemchina.com/uploadfiles/2025/06/20250610174613227.pdf
MHP014,PT Meiming New Energy Material (MNEM) 美明新能源材料,2024-10,投产,美明完成主要工程并投料出产品,格林美项目进展公告称美明于2024年10月完成主要建设并投料产出产品，形成首次出料证据；MBMA仍把年末描述为调试阶段。,格林美印尼湿法项目进展公告（官网原件）,https://gemchina.com/uploadfiles/2025/06/20250610174613227.pdf
NPI058,PT Aneka Tambang Tbk — Pomalaa 安塔姆波马拉镍铁厂,2024-10,经营,150MVA电网供电商业运行,PLN为Pomalaa提供的150MVA电力在2024年10月进入商业运行，为既有电炉提供稳定电网电力，并服务ANTAM的减排安排。,ANTAM减排及供电公告,https://www.antam.com/en/news-and-events/article/antam-maximizes-greenhouse-gas-emission-reduction-to-maintain-sustainability
NPI059,PT Artha Mining Industry 阿尔塔矿业,2024-10,规划,仍列后续冶炼项目,印尼央行国家投资介绍把Artha继续列于后续冶炼项目清单，说明项目仍处开发或建设序列；材料没有确认首产。,印尼央行国家投资介绍,https://www.bi.go.id/en/iru/presentation/Documents/Republic%20of%20Indonesia%20Presentation%20Book%20-%20October%202024.pdf
RF002,PT Eternal Nickel Industry 永恒镍业,2024-10-15,投产,已出现阴极镍生产批次,LME申请材料的产品标签显示2024年10月15日已有PTENICO全板阴极镍批次；这证明产品出现，但准确首批合格品日期仍需企业公告。,LME Notice 25/193 — Application to List Primary Nickel Brand PTENICO,https://www.lme.com/-/media/BRANDS-25-193-APPLICATION-TO-LIST-PRIMARY-NICKEL-BRAND-PTENICO.pdf
NPI044,PT Nadesico Nickel Industry (NNI) 德龙四期,2024-10-27,建设,转炉烘炉,NNI高冰镍转换项目开始转炉烘炉，进入首产前的热态准备阶段；烘炉是调试里程碑，不代表当日已有合格产品或稳定产量。,中伟NNI高冰镍首产,https://www.cngrgf.com.cn/gsxw/1381.html
NPI044,PT Nadesico Nickel Industry (NNI) 德龙四期,2024-11-05,投产,转炉进料,NNI转换项目在完成烘炉后向转炉投入原料，为次日首批高冰镍产出作准备；进料节点和实际首产日期分开记录。,中伟NNI高冰镍首产,https://www.cngrgf.com.cn/gsxw/1381.html
NPI044,PT Nadesico Nickel Industry (NNI) 德龙四期,2024-11-06,投产,高冰镍首产,中伟公告NNI转换项目产出首批高冰镍，确认项目由NPI相关冶炼向高冰镍产品延伸；首产不等于设计能力已经稳定实现。,中伟NNI高冰镍首产,https://www.cngrgf.com.cn/gsxw/1381.html
NPI046,PT Karunia Permai Sentosa (KPS) 力勤哈利达KPS镍铁项目,2024-12,投产,首批生产线陆续投运,KPS自2024年12月起按生产线分批投运，项目由建设转入爬坡；这一日期只确认部分装置开始运行，不代表十二条线已全部投产。,力勤资源2026中期报告,https://ir-upload.realxen.net/iis/2245/uploads/iis/2026/12330820-0.PDF
MHP026,PT Anugrah Neo Energy Materials 尼奥能源湿法项目,2024-12-24,合同,与ENFI签署EPC框架,ANEM与ENFI签署HPAL及硫磺制酸、生活区和配套设施EPC框架，纠正原表写成2025年12月的日期；框架约定后续转正式协议。,ANEM与ENFI签署EPC框架,https://neoenergy.co.id/pt-anem-and-enfi-sign-framework-agreement-for-epc-development-of-hpal-smelter-and-supporting-facilities-in-morowali
MHP013,PT ESG New Energy Material ESG新能源材料,2024-12第一周,投产,首条2万镍吨线调试,ESG首条年产2万镍吨HPAL线进入调试，标志项目由建设转向试运行；该时点不能把后续第二条线或总规划能力一并视为投产。,MBMA Annual Report 2025,https://assets.merdekabattery.com/dist/documents/MBMA_AR_2025_30%20April.pdf
MHP005,PT Obi Nickel Cobalt (ONC) 奥比镍钴湿法三期,2025,投产,三条生产线全部运行,力勤2025年报确认ONC三条生产线均已运行，项目形成完整生产范围；披露未给出每条线首产日及MHP外售和岛内加工比例。,力勤资源2025年报,https://www1.hkexnews.hk/listedco/listconews/sehk/2026/0430/2026043001098.pdf
MHP007,PT Sulawesi Nickel Cobalt (SLNC) 苏拉威西镍钴,2025,合同,签订二十年供矿协议,SLNC与SCM签订自调试日起二十年的供矿协议，为HPAL项目配置长期褐铁矿来源。合同确认供应安排，不代表整厂已产出MHP。,MBMA 2025年年度报告,https://assets.merdekabattery.com/dist/documents/MBMA_AR_2025_30%20April.pdf
MHP011,PT QMB New Energy Materials 青美邦新能源材料,2025,投产,硫酸镍晶体生产启动,格林美在2025年春节项目报道中明确表示，青美邦硫酸镍晶体生产已经启动；该节点由项目公司新闻支持，不引用MBMA年报替代。,GEM：QMB在2025年春节启动硫酸镍晶体生产,https://en.gem.com.cn/CompanyNews/info_itemid_7606.html
MHP014,PT Meiming New Energy Material (MNEM) 美明新能源材料,2025,经营,项目进入运行阶段,MBMA 2025年报确认美明已进入运行阶段并使用SCM褐铁矿生产MHP；单厂实际产量和股东承购分配仍未完整披露。,MBMA Annual Report 2025,https://assets.merdekabattery.com/dist/documents/MBMA_AR_2025_30%20April.pdf
MHP015,PT Green Eco Nickel (GEN) 格林爱科镍业,2025,股权,GEN股权调整完成,格林美股权转让公告及经营者集中公示显示，调整后EcoPro体系合计持有38%、格林美持有29%，GEN不再由格林美单独控制。,格林美2025年股权转让公告,https://file.finance.sina.com.cn/211.154.219.97%3A9494/MRGG/CNSESZ_STOCK/2025/2025-1/2025-01-04/10694262.PDF
MHP021,PT Ceria Kobalt Indotama (CKI) 塞里亚科巴尔特镍钴项目,2025,资料披露,招聘信息显示项目仍在筹备,Ceria在2025年以CKI名义招聘HPAL尾矿工程师，表明项目团队和工程准备仍在推进；现有来源尚未出现首批MHP或商业运行公告。,Ceria官方CKI招聘,https://www.linkedin.com/posts/ceria-nugraha-indotama_hiring-hpal-nikel-activity-7321388595297083393-4CIx
MHP049,Murrin Murrin Operations / Minara Resources 穆林穆林镍钴项目,2025,经营,在产但产量下降,Glencore全年生产报告显示Murrin Murrin仍有实际生产但产量下降；集团总量不能直接写成本厂名义能力，最新逐月负荷仍待核。,Glencore2025生产报告,https://www.glencore.com/media-and-insights/news/full-year-2025-production-report
NPI015,PT Perkasa Metal Industry 佩尔卡萨金属工业,2025,资料披露,继续列入省级工业企业名录,2025年度官方大型企业名录继续列示Perkasa，显示其工业主体持续登记；最新炉况、有效能力与产品分配仍缺同期一手披露。,北马鲁古省工业贸易厅2025年SIINas大型企业名录,https://satudata.malutprov.go.id/dataset/document/798
NPI017,PT Lipe Metal Industry 利佩金属工业,2025,资料披露,继续列入省级大型工业企业名录,北马鲁古省2025年大型工业企业名录继续列出Lipe，确认工业主体持续登记；该资料仍不能替代首产、验收或实际产量证据。,北马鲁古省2025年大型工业企业名录,https://satudata.malutprov.go.id/dataset/document/798
NPI018,PT Maluku Utara Metal Industry 北马鲁古金属工业,2025,资料披露,官方名录继续列示,2025年度省级大型企业名录继续列示该公司，结合出口记录可确认持续商业活动；仍不能仅据买方为青山体系就认定股权控制。,北马鲁古省工业贸易厅2025年SIINas大型企业名录,https://satudata.malutprov.go.id/dataset/document/798
NPI024,PT Lancon Metal Industry 澜凯金属工业,2025,资料披露,列入省级大型工业名录,北马鲁古省2025年度SIINas名录继续列示Lancon，确认其在IWIP的工业主体地位；直接股东、分厂设备数量和各品种负荷仍待原件。,北马鲁古省工业贸易厅2025年SIINas大型企业名录,https://satudata.malutprov.go.id/dataset/document/798
NPI038,PT Hengjaya Nickel Industry (HNI) 恒嘉镍业,2025,经营,经营主线回到NPI,Nickel Industries 2025年报将恒嘉当期生产重新以NPI为主线披露，说明历史低冰镍阶段不能自动延续为当前产品结构。,NIC 2025 Annual Report,https://nickelindustries.com/carbon/assets/0007ea/000004/2025-Annual-Report.pdf
NPI057,PT Metal Smeltindo Selaras (MSS) 青岛中程MSS镍铁项目,2025,合同,码头装卸委托合同披露,上市公司披露TJA与MSS签订码头装卸委托合同，支持MSS持续存在物资物流活动；该合同是物流服务安排，不应写成NPI承购或委托冶炼协议。,青岛中程2025-017码头装卸关联交易公告,https://qxb-pdf-osscache.qixin.com/AnBaseinfo/c2cae7320d049806ec5a41a24f73377a.PDF
NPI059,PT Artha Mining Industry 阿尔塔矿业,2025,规划,列入国家战略项目清单,经济统筹部长第16号清单具名列出Bombana的Artha项目；国家战略项目列名反映政策地位，不等于项目建成或投入商业生产。,印尼经济统筹部长2025年第16号PSN清单,https://peraturan.bpk.go.id/Download/392383/2025PermenkoEkon016.pdf
P02,PT Zhongtsing New Energy 中青新能源,2025,经营,出现高冰镍商业发货,现有出口样本确认中青在2025年已有高冰镍发货，说明相关产品并非始于2026年；样本未提供足够证据把第一票出口认定为厂内首产。,中伟2026半年报；本地M01全文复核,https://disc.static.szse.cn/disc/disk03/finalpage/2026-08-25/53856f2b-83a4-477b-913d-79194ee16cf7.PDF
P41,ANTAM–CNGR Nickel Matte Project 安塔姆与中伟冰镍合资规划,2025,规划,原计划目标年份,早期资料把2025列为项目目标年份，但截至研究截点未取得建设完成或首产公告；该年份仅保留为历史规划，不升级为投产事件。,I39,https://www.antam.com/downloads/cngr-and-antam-sign-framework-agreement-for-the-development-of-nickel-ore-industrial-area
MHP007,PT Sulawesi Nickel Cobalt (SLNC) 苏拉威西镍钴,2025-01,建设,SLNC项目开工,MBMA披露SLNC于2025年1月开工，按四个阶段建设、每阶段2.25万镍吨，并以SCM褐铁矿为原料。分期规划不能提前计作现有产能。,MBMA：SLNC扩建HPAL能力,https://assets.merdekabattery.com/dist/documents/250224_MBMA_SLNC_HPAL_vF.pdf
MHP045,Coral Bay Nickel Corporation (CBNC) 珊瑚湾镍业,2025-01,股权,住友宣布收购剩余15.625%权益,住友金属矿山宣布收购Nickel Asia持有的Coral Bay 15.625%权益；公告是交易启动节点，不能直接写成当月已完成全资化。,住友金属矿山收购Coral Bay剩余权益公告,https://www.smm.co.jp/news/release/2025/01/001933.html
NPI024,PT Lancon Metal Industry 澜凯金属工业,2025-01,资料披露,组合项目投产口径,行业运行表将Lancon/Cosan组合RKEF—转炉高冰镍项目投产阶段列为2025年1月；因2024年已有出货，该日期不能覆盖更早商业活动，也不能逐炉套用。,国贸期货：高冰镍项目运行表,https://www.itf.com.cn/upfile/news/2026/1/14/2026114937182251.pdf
RF004,PT Indonesia Qingmei Energy Materials (IQEM) 印尼青美能源材料,2025-01,规划,前驱体扩产计划公告,格林美披露印尼青美原3万吨高镍三元前驱体能力已经建成，并计划扩大至5万吨；该数值是前驱体产品重量，不是硫酸镍能力。,格林美：印尼青美前驱体扩产公告（2025年1月）,https://money.finance.sina.com.cn/corp/view/vCB_AllBulletinDetail.php?id=10694261&stockid=002340
NPI004,PT Nicole Metal Industry (NMI) 妮可镍业,2025Q1,经营,项目仍未形成销售,POSCO季度披露显示，妮可在2025年第一季度末仍无销售收入。财务节点可用于限定商业化进度，但不能据此判断设备是否已经完成试车或产出样品。,POSCO Holdings 2025年第一季度经营报告,https://www.sec.gov/Archives/edgar/data/889132/000119312525131929/d906391d6k.htm
NPI004,PT Nicole Metal Industry (NMI) 妮可镍业,2025Q2,经营,首次出现可识别销售,POSCO半年期经营资料较一季度首次出现妮可销售收入，说明项目进入可验证的商业经营窗口；披露未按NPI和高冰镍拆分收入，不能据此确定高冰镍首产日。,POSCO Holdings 2025Q3 IR,https://www.sec.gov/Archives/edgar/data/889132/000119312525301242/d64503dex991.htm
P01,PT Huaneng Metal Industry (HNMI) 华能金属工业,2025Q2—Q3,经营,暂停高冰镍路线,经营披露称项目在第二至第三季度暂停高冰镍生产，转向利润更好的NPI路线；这是产品切换，不等于整厂停产。,MBMA 2025财年业绩演示,https://assets.merdekabattery.com/dist/documents/FY2025%20Financial%20Results%20Presentation%20-%201%20April%202026.pdf
MHP016,PT Blue Sparking Energy (BSE) 蓝焰能源,2025年底,投产,项目开始调试,蓝焰HPAL项目于2025年底进入调试，标志建设阶段结束并开始验证生产流程；调试产品与后续商业销售分开记录。,Harum Energy 1H2026 Summary and Highlights,https://www.harumenergy.com/cfind/source/files/mdna/hrum---1h-2026-summary-and-highlights-new.pdf
MHP013,PT ESG New Energy Material ESG新能源材料,2025-02,经营,取得工业经营许可,ESG取得IUI工业经营许可，为商业运行提供合规条件；许可节点晚于调试，仍需与实际产品销售日期分开。,MBMA Annual Report 2025,https://assets.merdekabattery.com/dist/documents/MBMA_AR_2025_30%20April.pdf
MHP013,PT ESG New Energy Material ESG新能源材料,2025-03,经营,实现首次销售,"ESG完成首批产品销售，项目正式进入商业经营；2025全年完成25,994镍吨是实际产量表现，不应回填为设计能力。",MBMA Annual Report 2025,https://assets.merdekabattery.com/dist/documents/MBMA_AR_2025_30%20April.pdf
NPI053,PT Bahodopi Nickel Smelting Indonesia (BNSI) 巴哈多比镍冶炼,2025-03-26,股权,GEM香港收购51%,Vale向GEM香港转让BNSI 51%权益并保留49%，公司控制权发生变化；该交易同时服务后续HPAL合作，不能沿用旧方案股权。,Vale2025Q1业绩演示,https://www.vale.com/documents/44618/8997207/8.%2BVale%2BIndonesia%2B-%2BA%2Bpresentation%2Bfor%2B1Q25%2Bearnings%2Bcall.pdf/1cfae8d2-47d6-c53a-d4c9-7648d03123db?download=false&t=1771908170208&version=1.2
RF004,PT Indonesia Qingmei Energy Materials (IQEM) 印尼青美能源材料,2025-03-29,经营,出现硫酸镍出口记录,用户逐票资料自2025年3月29日起出现以IQEM为抬头的硫酸镍发货，证明其进入镍盐销售链；出口记录不能独立确认实际生产工厂或首产日。,用户提供的全品种出口资料：硫酸镍与精炼镍明细,library/refining-export-rows.csv
RF005,PT Indonesia Service Provider 印尼服务供应商出口抬头,2025-03-29,贸易记录,本样本最早的硫酸镍发货记录,用户提供的出口样本从这一天开始出现该抬头的硫酸镍记录，原记录编号为RFTR06778。这一节点用于追踪商业发货，不能据此确定冶炼装置的首产日期。,硫酸镍与精炼镍逐票原记录及复核标记,library/refining-export-rows.csv
P09,PT JIAMAN NEW ENERGY 嘉曼新能源,2025-04,投产,实现高冰镍产出,项目披露具名高冰镍产品里程碑，表明工艺链已产出目标产品；该节点不代表全部规划产线同步达产。,伟明环保2026年半年度报告,https://file.finance.sina.com.cn/211.154.219.97%3A9494/MRGG/CNSESH_STOCK/2026/2026-8/2026-08-15/12495705.PDF
RF003,PT Huaxiang Refining Indonesia 华翔精炼,2025-04,经营,华翔产线转固,华友募集资金报告记载华翔产线于2025年4月转固，随后进入产能爬坡。转固是会计和运营节点，不能直接视为达到设计产量。,华友钴业2025年度募集资金使用报告,https://epaper.stcn.com/pic/202604/08/fd0a1e8f24c3a8b5a64aaac5c41f25d8.pdf
NPI068,PT Sebuku Ferroalloy Perkasa 塞布库铁合金,2025-04-13,贸易记录,本样本最早的镍铁发货记录,用户提供的出口样本从这一天开始出现该抬头的镍铁记录，原记录编号为TR06926。这一节点用于追踪商业发货，不能据此确定冶炼装置的首产日期。,镍铁逐票核查表,library/npi-trade-audit.xlsx
NPI062,PT Bumi Mineral Sulawesi (BMS) 苏拉威西布米矿业,2025-04-21,股权,股东结构变更登记,审计财报记录契据后的股权为Hadji Kalla 47.45%、Bukaka 30%、Barkah Raya Utama 20%、Bumi Sarana Utama 2.55%，Bukaka按联营核算。,Bukaka2025经审计合并财务报表,https://www.bukaka.com/asset/uploads/files/2025_LAI_PT_BTU_DAN_ENTITAS_ANAK_PER_31_DESEMBER_2025.pdf
NPI060,PT Ceria Nugraha Indotama (CNI) 塞里亚镍铁项目,2025-04-27,投产,RKEF项目首产,Ceria官方回顾确认72MVA矩形电炉项目于2025年4月27日产出首批镍铁，标志工艺贯通；首产与稳定达产及全年利用率仍需区分。,Ceria官方首产回顾,https://www.linkedin.com/posts/ceriacorp_ceriaberpacu-smeltermerahputih-activity-7338792836655476736-WHEm
P40,PT Ceria Nugraha Indotama — Matte Project 塞里亚冰镍规划,2025-04-27,投产,首批FeNi产出,Ceria官方公告确认项目于2025年4月27日产出首批FeNi，证明铁镍工艺贯通；现有资料没有高冰镍首炉或转换线投运记录。,Ceria官方FeNi首产公告,https://www.linkedin.com/posts/ceriacorp_ceriaberpacu-smeltermerahputih-activity-7324259475165454337-qoFs
MHP024,PT Nickel Cobalt Halmahera (NCH) 布里镍钴,2025-06,股权,交易条件满足并设立NCH,双方在2025年6月满足交割条件并设立NCH，项目公司股权为ANTAM 30%、Hong Kong CBL 70%；设立公司不代表已经产出MHP。,宁德时代2025半年报,https://www.catl.com/uploads/1/file/public/202507/20250730224404_1re4ofju1s.pdf
NPI067,PT Kalimantan Ferro Industry (KFI) 加里曼丹铁业,2025-06,经营,议会再次访问运营企业,省议会在2025年6月再次到访KFI并讨论劳动、环保与企业责任问题，支持项目继续运营判断；资料未披露逐炉产量和负荷。,议会2025访问,https://dprd.kaltimprov.go.id/index.php/post/monitoring-komisi-iv-dprd-kaltim-ke-pt-kfi-csr-lingkungan-dan-ketenagakerjaan-jadi-sorotan
NPI069,PT Mitra Murni Perkasa (MMP) 米特拉穆尔尼冶炼,2025-06-26,投产,通电并进入初期调试,MMP官方宣布两台48MVA RKEF及转换炉通电，镍冰镍冶炼项目进入初期调试；通电不等于稳定产出或实现名义能力。,MMP官方调试公告,https://www.mitramurniperkasa.com/en/mitra-murni-perkasa-resmi-memasuki-tahap-awal-commissioning-smelter-nikel-matte/
MHP024,PT Nickel Cobalt Halmahera (NCH) 布里镍钴,2025-06-30,规划,纳入印尼综合电池产业链规划,印尼能源矿产部介绍综合电池产业链时列入相关上游和下游环节，硫酸镍规划为每年1.6万镍吨；规划能力与NCH本体分别计量。,印尼能源矿产部：综合电池产业链各环节（2025-06-30）,https://www.esdm.go.id/en/media-center/news-archives/indonesia-bangun-industri-baterai-listrik-terintegrasi-ini-rincian-proyeknya
MHP010,PT Gostal Nickel Indonesia 戈斯塔尔镍业,2025-07,股权,融资支持扩大STAL生产,LPR与TGEM披露投资合作，支持STAL技术产能提升与后续发展；现有公告未确认一座新的大型连续HPAL工厂已经商业投产。,LPR官方：向GO STAL投资,https://lprgroup.co.id/lpr-dan-tgem-investasi-tingkatkan-produksi-nikel-berteknologi-stal/
NPI060,PT Ceria Nugraha Indotama (CNI) 塞里亚镍铁项目,2025-07,经营,举行首批镍铁出口仪式,Ceria与银行及地方机构举行首批镍铁出口活动，证明商业物流已经启动；出口仪式晚于4月首产，因此不作为首产日。,ANTARA引银行和企业项目声明,https://www.antaranews.com/berita/4945741/bank-mandiri-dan-ceria-corp-perkuat-sinergi-lewat-ekspor-feronikel
P09,PT JIAMAN NEW ENERGY 嘉曼新能源,2025-07,经营,取得商业许可,嘉曼取得商业运营相关许可，属于合规经营节点；许可日期晚于产品产出，不能反写为首产日期。,伟明环保2026年半年度报告,https://file.finance.sina.com.cn/211.154.219.97%3A9494/MRGG/CNSESH_STOCK/2026/2026-8/2026-08-15/12495705.PDF
RF004,PT Indonesia Qingmei Energy Materials (IQEM) 印尼青美能源材料,2025-07,建设,五万吨前驱体能力建成,格林美公告称印尼青美5万吨高镍三元前驱体能力已经建成，并提出引进海外战略投资者；拟议引资与已完成股权变化应分别记录。,格林美：印尼青美拟增资扩股公告（2025年7月）,https://vip.stock.finance.sina.com.cn/corp/view/vCB_AllBulletinDetail.php?id=11242392&stockid=002340
NPI055,PT Huadi Nickel-Alloy Indonesia 华迪镍合金,2025-07-15,经营,暂停全部生产运营,Bantaeng劳动主管部门确认华迪自2025年7月15日下午起暂停全部运行，通知没有设定结束日期。后续尚无可靠复产公告。,Bantaeng劳动主管部门负责人采访,https://www.bloombergtechnoz.com/detail-news/77830/disnaker-bantaeng-smelter-nikel-huadi-stop-operasi-sejak-15-juli
MHP011,PT QMB New Energy Materials 青美邦新能源材料,2025-09-20,投产,三万吨电积镍产线开通,青美邦举行每年3万吨电积镍产线开通仪式，公司称安装至调试约五个月，产品为纯度超过99.97%的镍板。,GEM：QMB投产3万吨电积镍线,https://en.gem.com.cn/CompanyNews/info_itemid_7734.html
NPI069,PT Mitra Murni Perkasa (MMP) 米特拉穆尔尼冶炼,2025-09-28,规划,提出2026全面运行目标,管理层采访称项目约2.1万镍吨、冰镍实物2.7万至2.8万吨，并以2026全面生产为目标；目标日期不能写成已达产事实。,管理层采访,https://www.indonesiaminer.com/news/detail/mitra-murni-perkasa-smelter-in-balikpapan-targeted-for-full-production-by-2026
P01,PT Huaneng Metal Industry (HNMI) 华能金属工业,2025-10,经营,恢复高冰镍生产,项目在取得更有利的销售合同后于10月恢复高冰镍生产，说明工艺可在NPI与高冰镍之间切换；恢复日不能当作首次投产日。,MBMA 2025财年业绩演示,https://assets.merdekabattery.com/dist/documents/FY2025%20Financial%20Results%20Presentation%20-%201%20April%202026.pdf
RF002,PT Eternal Nickel Industry 永恒镍业,2025-10-30,股权,股东融资及爬坡披露,"华友披露其持股39%、项目处于爬坡，并向永恒提供4,290万美元三年期股东借款；其他股东按同等条件和比例融资。",华友：ENI股东、财务与爬坡情况（2025-10-30）,https://stockmc.xueqiu.com/202510/603799_20251030_WU4A.pdf
MHP006,PT Huayue Nickel Cobalt (HNC) 华越镍钴,2025-12,股权,华友权益增至60%,华友2025年报披露其对华越权益由57%提高至60%；原表59%已不适用，其余股东最新穿透比例仍需同期原件闭合。,华友钴业2025年年度报告,https://vip.stock.finance.sina.com.cn/corp/view/vCB_AllBulletinDetail.php?id=12066687
P02,PT Zhongtsing New Energy 中青新能源,2025-12,股权,中伟增持至85%,中伟年度财务报告披露其在2025年12月把中青权益由70%提高至85%，Rigqueza持有其余权益。股权变化与项目二期投产分别记录。,CNGR 2025 financial report,https://www.hkexnews.hk/listedco/listconews/sehk/2026/0330/2026033004142_c.pdf
P38,PT CHENGMACH NICKEL INDONESIA 盛迈镍业,2025-12,规划,盛迈项目终止,盛屯披露终止PT Chengmach Nickel Indonesia冰镍项目，原定建设和投产计划不再执行。历史设计规模因此不继续计入未来新增供应。,Chengtun audit report,https://money.finance.sina.com.cn/corp/view/vCB_AllBulletinDetail.php?id=12004812&stockid=600711
NPI069,PT Mitra Murni Perkasa (MMP) 米特拉穆尔尼冶炼,2025-12-08,合同,与Mitsui签署MoU,MMP与Mitsui就产品营销及潜在投资合作签署备忘录，扩大市场渠道并探索资本合作；MoU并不证明Mitsui已经入股或取得包销权。,MMP与Mitsui官方MoU,https://www.mitramurniperkasa.com/en/pt-mitra-murni-perkasa-dan-mitsui-co-ltd-menandatangani-mou-untuk-mendorong-hilirisasi-nikel-dan-akses-pasar-global/
RF002,PT Eternal Nickel Industry 永恒镍业,2025-12-16,经营,PTENICO获LME注册,LME批准PTENICO全板阴极镍品牌上市，登记年能力5万吨；品牌注册是质量与交割资格节点，不是工厂首产日期。,LME Notice 25/235：PTENICO品牌上市,https://www.lme.com/-/media/Files/News/Notices/2025/12/BRANDS-25-235-LISTING-OF-PRIMARY-NICKEL-BRAND-PTENICO.pdf?sc_lang=en
MHP022,Sorowako Limonite HPAL Project 索罗瓦科褐铁矿湿法项目,2026,规划,完工目标更新至2028年底,Vale在2026年项目资料中把完工目标更新为2028年底，替代早期曾指向2027年的时间表；这是计划更新，不作为2027或2028已发生事件。,Vale Sorowako Limonite项目页,https://vale.com/pt/indonesia/igp-sorowako-limonite
MHP035,Prony Resources New Caledonia SAS 普罗尼戈罗镍钴项目,2026,经营,制酸厂计划检修后逐步恢复,Prony披露制酸厂完成47天计划检修并开始逐步恢复。制酸系统是HPAL连续运行的重要公用工程，检修结束不代表整厂立即满负荷。,Prony Resources 2026年检修复产更新,https://fr.linkedin.com/posts/prony-resources-new-caledonia_shutdown-usineacide-nickel-activity-7498256597073223680-2GRz
NPI016,PT Kao Rahai Smelters 金川考拉海冶炼,2026,资料披露,评级材料称项目稳定经营,甘肃国投2026年跟踪评级材料将KRS描述为稳定经营项目，支持其当期在运判断；材料没有给出按月产量、客户或是否新增冰镍转换设施。,甘肃国投2026跟踪评级（上交所披露）,https://static.sse.com.cn/disclosure/bond/announcement/company/c/new/2026-07-30/243808_20260730_KCLJ.pdf
NPI060,PT Ceria Nugraha Indotama (CNI) 塞里亚镍铁项目,2026,经营,经Kendari新港继续发运,2026年项目又通过Kendari新港组织镍铁发运，显示销售物流继续运行；发运记录不能单独证明设计能力已经全部释放。,Ceria官方出口声明,https://www.linkedin.com/posts/ceriacorp_ceriaberpacu-smeltermerahputih-activity-7347243429262782465-GqfE
MHP015,PT Green Eco Nickel (GEN) 格林爱科镍业,2026-01,股权,EcoPro Materials取得控制并并表,韩国交易所文件说明EcoPro Materials因董事会任命权变化取得GEN控制并自2026年1月合并报表；持股仍为EcoPro体系合计38%。,EcoPro 2026年第一季度报告,https://kind.krx.co.kr/external/2026/05/15/002871/20260515006535/11013.htm
P48,PT Hengsheng New Energy Material Indonesia 恒生新能源材料,2026-01,股权,股权结构披露,中伟贷款公告披露恒生股东为海南瑞赛可50%、华迪20%、中伟15%、SHENGWEI 15%。供矿合作方不因签约而自动成为股东。,中伟贷款公告，恒生股东中伟15%,https://www.hkexnews.hk/listedco/listconews/sehk/2026/0123/2026012301016_c.pdf
MHP016,PT Blue Sparking Energy (BSE) 蓝焰能源,2026H1,经营,完成爬坡并达满负荷,2026年上半年材料称项目爬坡完成、达到满负荷运行；这是截至期末经营状态，与全年平均利用率目标口径不同。,Harum Energy 1H2026 Summary and Highlights,https://www.harumenergy.com/cfind/source/files/mdna/hrum---1h-2026-summary-and-highlights-new.pdf
MHP046,Terrafame Ltd 特拉法姆索特卡莫项目,2026H1,经营,按市场调整产品分配,公司上半年报告显示仍生产镍钴硫化物及电池化学品，并根据市场灵活调整硫酸镍负荷；产品结构不是固定比例。,Terrafame2026H1运营报告,https://www.terrafame.com/newsroom/news/terrafames-january-june-2026-strategy-execution-progressed-as-planned-and-profitability-improved.html
P25,PT Hanrui Nickel Indonesia 寒锐镍业,2026H1,经营,进入爬坡观察期,半年资料将项目列入投产爬坡观察阶段，运行数据和产品质量仍需后续披露；不能用人员合作或单一仪式替代真实产量。,Hanrui H1 report,https://static.cninfo.com.cn/finalpage/2026-08-01/1225450619.PDF
P29,PT JIAMANMEI NEW ENERGY 嘉曼美新能源,2026H1,资料披露,半年报列为筹建项目,伟明2026年半年报仍将嘉曼美列为筹建项目，较新规划能力为每年5万镍吨。该数值是设计目标，不应与已运行的嘉曼项目合并。,伟明环保2026年半年度报告,https://file.finance.sina.com.cn/211.154.219.97%3A9494/MRGG/CNSESH_STOCK/2026/2026-8/2026-08-15/12495705.PDF
P32,PT CNGR Xing qiu New Energy 中伟兴球新能源,2026H1,资料披露,公开文件确认兴球权益结构,中伟2026年半年报及招股材料确认其间接持有兴球70%、Rigqueza持有30%。披露未出现首炉产品、商业销售或连续产量，仍按规划项目记录。,中伟2026半年报；本地M01全文复核,https://disc.static.szse.cn/disc/disk03/finalpage/2026-08-25/53856f2b-83a4-477b-913d-79194ee16cf7.PDF
P33,PT CNGR Xing quan New Energy 中伟兴全新能源,2026H1,资料披露,半年报列入在建工程,中伟2026年半年报把兴全4万吨冰镍项目列入在建工程；文件未披露设备点火、首批合格产品或商业许可，4万吨仅作为建设规模。,中伟股份2026年半年度报告,https://disc.static.szse.cn/disc/disk03/finalpage/2026-08-25/53856f2b-83a4-477b-913d-79194ee16cf7.PDF
P34,PT CNGR Xing xin New Energy 中伟兴新新能源,2026H1,建设,4万吨冰镍项目列入在建工程,中伟半年报将兴新4万吨冰镍项目列在在建工程，说明项目仍处建设投入阶段；中伟间接70%、Rigqueza 30%的结构按披露时点记录，尚无首产证据。,中伟2026半年报；本地M01全文复核,https://disc.static.szse.cn/disc/disk03/finalpage/2026-08-25/53856f2b-83a4-477b-913d-79194ee16cf7.PDF
MHP045,Coral Bay Nickel Corporation (CBNC) 珊瑚湾镍业,2026Q1,经营,Nickel Asia继续供应HPAL矿石,Nickel Asia经营文件仍记录向HPAL项目供应矿石，说明退出Coral Bay股权后供矿关系并未因此自动终止。,Nickel Asia 2026年股东会及经营文件,https://nickelasia.com/assets/documents/C2605-NIKL-2026-AGM-Definitive-Information-Statement-with-SEC-17-A-2025-AFS-and-17-Q.pdf
MHP047,Taganito HPAL Nickel Corporation (THPAL) 塔加尼托高压酸浸项目,2026Q1,经营,矿山继续向项目供矿,Nickel Asia一季度披露仍有矿石供应记录，说明矿山与Taganito项目的经营联系继续存在；该供矿记录不能替代工厂当期产量披露。,Nickel Asia2026股东会文件与2025年报/2026Q1,https://nickelasia.com/assets/documents/C2605-NIKL-2026-AGM-Definitive-Information-Statement-with-SEC-17-A-2025-AFS-and-17-Q.pdf
P12,PT Vale Indonesia Tbk 淡水河谷索罗瓦科高冰镍项目,2026Q1,经营,三号炉重建及矿山许可影响生产,Vale一季度业绩说明Sorowako三号炉重建和RKAB矿山许可问题压低产量，随后工厂恢复运行；稳定负荷仍需后续经营披露确认。,PT Vale Indonesia 2026年第一季度业绩,https://www.vale.com/documents/44618/1438416/2026-4-29%2BPT%2BVale%2BIndonesia%2B1Q%2B2026%2BResults%2BRelease%2B-%2BEnglish.pdf/5e9c91c4-f914-6c3a-6178-6670d5116772?download=false&t=1777465695468&version=1.0
MHP007,PT Sulawesi Nickel Cobalt (SLNC) 苏拉威西镍钴,2026Q2,建设,原料准备厂完成调试,矿端原料准备厂完成调试，发电机送电，并开展投料试验、管道冲洗和水压测试；这些节点说明前端贯通，首批MHP仍未正式宣布。,MBMA 2026年二季度活动报告,https://assets.merdekabattery.com/dist/documents/MBMA_Q2_2026_Quarterly_Activities_Final.pdf
MHP015,PT Green Eco Nickel (GEN) 格林爱科镍业,2026Q2,经营,暴雨和滑坡影响生产,EcoPro二季度业绩披露暴雨与滑坡影响GEN产能利用率，随后生产逐步恢复；该事件反映运营波动，不改变一期2万镍吨设计口径。,EcoPro 2026年二季度业绩,https://ecopro.co.kr/eng/ir/file_down/id/3227
MHP037,Ramu NiCo Management (MCC) Limited 瑞木镍钴,2026Q2,经营,持续生产和销售MHP,"瑞木第二季度生产MHP所含镍8,234吨、钴811吨，并销售镍8,967吨；销售高于产量可由库存变化造成，不代表新增设计能力。",Nickel28 Ramu2026Q2运营,https://nickel28.com/investors/news-releases/nickel-28-releases-ramu-q2-operating-performance
NPI021,PT Westrong Metal Industry 纬创金属工业,2026Q2,经营,安排检修,Harum半年经营材料披露Westrong第二季度检修并影响当期表现；这是运营维护事件，不改变项目设计能力，也不等于永久停产。,Harum Energy 1H 2026 Summary and Highlights,https://www.harumenergy.com/cfind/source/files/mdna/hrum---1h-2026-summary-and-highlights-new.pdf
NPI035,PT Bukit Smelter Indonesia (BSI) 布吉特冶炼,2026Q2,经营,供料体系持续运行,MBMA二季度活动报告显示上游冶炼厂组继续生产并参与低冰镍供料，支持BSI持续经营判断；单厂NPI与低冰镍分配仍未公开。,MBMA Q2 2026 Activities,https://assets.merdekabattery.com/dist/documents/MBMA_Q2_2026_Quarterly_Activities_Final.pdf
NPI038,PT Hengjaya Nickel Industry (HNI) 恒嘉镍业,2026Q2,经营,持续生产NPI,公司2026年二季度报告继续记录恒嘉NPI生产，支持在运判断；报告未披露单厂逐笔买方和历史低冰镍转换合同的完整条款。,Nickel Industries June 2026 Quarterly Report,https://nickelindustries.com/carbon/assets/0007ea/000007/3095917.pdf
P02,PT Zhongtsing New Energy 中青新能源,2026年初,投产,二期全线投产,中伟官方报道确认中青二期在2026年初全线投产，低冰镍与高冰镍两段工序形成更完整的厂内衔接；仍不据此推定全年达产。,Zhongtsing phase II commissioning,https://cngrgf.com.cn/gsxw/1722.html
MHP048,Ambatovy Minerals S.A. / Dynatec Madagascar S.A. 安巴托维镍钴项目,2026-02,经营,气旋Gezani导致暂时停产,Ambatovy公告气旋Gezani损坏Toamasina厂区并导致项目暂时停产，后续恢复进度需与当月生产状态分开。,Ambatovy气旋受损公告,https://ambatovy.com/en/update-regarding-the-passage-of-cyclone-gezani/
P26,PT Huaxing Nickel Indonesia 华星镍业,2026-03,投产,P05试验线点火,华星P05富氧侧吹试验线在2026年3月点火，设备进入热态试验。点火只确认调试阶段，不代表已经连续生产合格冰镍或完成商业销售。,华星中钢洛耐具名稿,https://finance.sina.com.cn/wm/2026-03-27/doc-inhskwec8461233.shtml
NPI062,PT Bumi Mineral Sulawesi (BMS) 苏拉威西布米矿业,2026-03-29,投产,第二台炉首次出铁,BMS官方公告第二台炉完成首次FeNi出铁，扩充现有火法产线；该节点仍是FeNi，不构成后续高冰镍或硫酸镍首产。,BMS第二炉官方首产公告,https://www.bumimineralsulawesi.com/berita/Tapping-Perdana-Tungku-Kedua-Berhasil%2C-PT-BMS-Dorong-Hilirisasi-dan-Ekonomi-Daerah
MHP045,Coral Bay Nickel Corporation (CBNC) 珊瑚湾镍业,2026-03-31,股权,法定报告列为全资子公司,住友金属矿山2026年有价证券报告在期末将CBNC列为100%持股子公司，表明剩余权益收购已反映在法定股权披露中。,住友金属矿山2026年有价证券报告,https://finance-frontend-pc-dist.west.edge.storage-yahoo.jp/securities-report/20260624/S100YJ6N.pdf
MHP016,PT Blue Sparking Energy (BSE) 蓝焰能源,2026-03月底,经营,开始商业销售,Harum经营材料称项目在2026年3月底启动商业销售，确认MHP已进入市场；全年80%利用率仍是目标，并非这一日期的实际负荷。,Harum Energy 1H2026 Summary and Highlights,https://www.harumenergy.com/cfind/source/files/mdna/hrum---1h-2026-summary-and-highlights-new.pdf
RF004,PT Indonesia Qingmei Energy Materials (IQEM) 印尼青美能源材料,2026-04,股权,申请材料仍列为全资子公司,格林美香港申请稿仍将印尼青美列为100%持股子公司，说明此前提出的战略投资者安排至少在该披露时点尚未反映为已完成股权变更。,格林美2026年香港申请稿：子公司资料,https://www1.hkexnews.hk/app/sehk/2026/108471/documents/sehk26042703391.pdf
P25,PT Hanrui Nickel Indonesia 寒锐镍业,2026-04-10,投产,项目点火,项目完成点火并进入启动阶段，表明建设开始转向热态调试；点火不是稳定合格产销，也不能据此确认设计能力全部释放。,Hanrui H1 report,https://static.cninfo.com.cn/finalpage/2026-08-01/1225450619.PDF
RF002,PT Eternal Nickel Industry 永恒镍业,2026-04-20,经营,PTENICO获上期所注册,上海期货交易所批准PTENICO电解镍品牌注册并列示5万吨年能力，进一步建立国内交割渠道；注册能力不等于当期实际产量。,上期所：PTENICO电解镍注册公告,https://www.shfe.com.cn/eng/CircularNews/Circular/202604/t20260420_831190.html
P26,PT Huaxing Nickel Indonesia 华星镍业,2026-04-23,合同,P07总包合同披露,上市公司公告披露华星P07火法工程总包合同，确认后续独立工程进入建设安排；P07与P05试验线范围不同，产能不可机械相加。,P07合同2026-04-23,https://static.cninfo.com.cn/finalpage/2026-04-23/1225143464.PDF
MHP008,PT Huafei Nickel Cobalt 华飞镍钴,2026-04-29,经营,公告部分产线临时停产检修,华友公告华飞自2026年5月1日起安排部分产线检修，背景包括硫磺价格上涨和长期高负荷运行，预计影响检修期约50%产量。,华友：华飞部分产线检修公告，2026年4月29日,https://money.finance.sina.com.cn/corp/view/vCB_AllBulletinDetail.php?id=12247205&stockid=603799
NPI046,PT Karunia Permai Sentosa (KPS) 力勤哈利达KPS镍铁项目,2026-05,投产,十二条生产线全部投产,力勤资源中期报告确认KPS十二条生产线在2026年5月全部投产，设备范围由分线投运扩展至整套项目；达产状态仍以随后披露为准。,力勤资源2026中期报告,https://ir-upload.realxen.net/iis/2245/uploads/iis/2026/12330820-0.PDF
P11,PT Universe Smelter Metal Industry 寰宇冶炼,2026-05,经营,转炉运营报道确认实际生产,2026年5月具名转炉运营报道记录寰宇高冰镍生产，使项目状态从规划和关联关系落实到实际工序；报道未给出准确首炉日期和稳定产量。,I16,https://finance.sina.com.cn/wm/2026-05-20/doc-inhypxkk9661332.shtml?froms=ggmp
MHP048,Ambatovy Minerals S.A. / Dynatec Madagascar S.A. 安巴托维镍钴项目,2026-05-01,股权,住友将54.17%权益转让给AMRI,Ambatovy公告住友商事把原持有的54.17%权益转让给由Essenwood Partners与Zungu联合体牵头的AMRI，控制股东由此变化。,Ambatovy：AMRI取得多数权益,https://ambatovy.com/en/amri-acquires-majority-stake-in-ambatovy/
MHP044,Moa Joint Venture / Fort Saskatchewan Refinery 莫阿与萨斯喀彻温堡加工链,2026-05-07,经营,Sherritt暂停直接参与古巴合资业务,受燃料短缺和制裁压力影响，Sherritt于2026年5月7日暂停直接参与古巴合资业务，传统内部供应链由此中断。,Sherritt2026Q2业绩,https://sherritt.com/sherritt-reports-second-quarter-2026-results/
NPI041,PT Obsidian Stainless Steel (OSS) 德龙二期,2026-05-25,经营,官方运营交流访问,大唐海外投资与象屿OSS项目开展经营交流，说明项目及配套电厂在2026年仍有运营活动；访问记录不能证明全部镍铁和不锈钢产线满负荷。,大唐海外投资与象屿OSS项目交流,https://ht.china-cdt.com/dthwtz/xwzx/jygl/2026/5/I1508530722397224960.html
P09,PT JIAMAN NEW ENERGY 嘉曼新能源,2026-06,扩产,第三条线进入试产,第三条生产线于2026年6月试产，反映项目按分线节奏扩充；不能把总规划能力提前套到首线调试阶段。,伟明环保2026年半年度报告,https://file.finance.sina.com.cn/211.154.219.97%3A9494/MRGG/CNSESH_STOCK/2026/2026-8/2026-08-15/12495705.PDF
NPI031,PT Oracle Nickel Industry (ONI) 奥拉克镍业,2026-06-17,规划,退出冰镍转换投资,Nickel Industries正式撤回ONI冰镍转换项目投资，意味着该方案不再按原路径推进；不能继续把转换炉写成在建、已投产或既成高冰镍能力。,Withdrawal from matte conversion project,https://nickelindustries.com/carbon/assets/0007ea/000006/3078560.pdf
MHP044,Moa Joint Venture / Fort Saskatchewan Refinery 莫阿与萨斯喀彻温堡加工链,2026-06-22,经营,加拿大精炼厂耗尽古巴进料,公司披露Fort Saskatchewan精炼厂在6月22日前后耗尽来自古巴的中间品进料；二季度仍有少量MSP对外销售，产品可能改道其他买方。,Sherritt2026Q2业绩,https://sherritt.com/sherritt-reports-second-quarter-2026-results/
MHP023,PT Teluk Metal Industry (TMI) 海湾金属TMI湿法项目,2026-06-24,股权,NIC签署17.5%投资协议,Nickel Industries同意投资1.69亿美元取得TMI HPAL项目17.5%权益，约定2026年11月26日付款；截至研究日付款和全部成交仍待核。,NIC Strategic investment in TMI HPAL project,https://nickelindustries.com/carbon/assets/0007ea/000006/3081331.pdf
MHP028,PT Chengsheng New Energy (CNE) 诚盛新能源,2026-06-24,合同,披露Sampala换取诚盛权益框架,Nickel Industries披露绑定框架，拟以Sampala矿山30%权益交换取得JAYA所持诚盛85.7%股权的收购权，交易仍待最终协议、尽调和审批。,NIC Strategic partnership monetises Sampala and acquires CNE,https://nickelindustries.com/carbon/assets/0007ea/000006/3081388.pdf
MHP043,Piauí Níquel Metais S.A. 皮奥伊镍项目,2026-07,股权,BNDES批准1亿雷亚尔设备融资,BNDES批准约1亿雷亚尔设备融资，支持Piauí商业项目推进；单项设备融资获批不代表全部建设资金落实或已经开工。,CNN采访公司Piauí融资进度,https://www.cnnbrasil.com.br/infra/bndes-aprova-r-100-milhoes-para-projeto-da-brazilian-nickel-no-piaui/
MHP048,Ambatovy Minerals S.A. / Dynatec Madagascar S.A. 安巴托维镍钴项目,2026-07,经营,气旋停产后开始重启生产,Ambatovy恢复文章说明项目在气旋停产后开始重启生产，但没有宣称已经恢复满负荷或达到全年设计产量。,Ambatovy恢复生产文章,https://www.linkedin.com/pulse/from-recovery-renewal-ambatovy-vdeoe
NPI053,PT Bahodopi Nickel Smelting Indonesia (BNSI) 巴哈多比镍冶炼,2026-07-22,建设,HPAL高压釜到场,Vale公告Sambalagi HPAL项目高压釜抵达现场，说明湿法项目建设取得设备里程碑；原表机械完工和投产时间仍属于目标，不能提前确认为实际。,Sambalagi HPAL autoclave arrival,https://vale.com/in/w/sambalagi-hpal-project-reaches-major-milestone-with-autoclave-arrival-strengthening-the-future-of-sustainable-downstreaming/-/categories
MHP017,PT Excelsior Nickel Cobalt (ENC) 晨曦镍钴,2026-07-29,投产,首批MHP产出,Nickel Industries公告晨曦产出首批MHP，确认HPAL主流程贯通。首批产品与工业许可、首次商业销售和稳定达产仍是不同节点。,NIC Maiden MHP Production at ENC,https://nickelindustries.com/carbon/assets/0007ea/000007/3095817.pdf
NPI043,PT Gunbuster Nickel Industry (GNI) 德龙三期,2026-08,经营,三座冶炼厂中两座停运,GNI在债务重整和经营压力下收缩生产。公司声明称三座冶炼厂中两座已经停止，一座冶炼厂及配套电厂继续运行。,GNI公司2026年生产与重整声明,https://gunbusternickelindustry.com/zh/2026/08/10/press-release-optimalisasi-tenaga-kerja-sebagai-upaya-menjaga-keberlangsungan-operasional-perusahaan/
NPI046,PT Karunia Permai Sentosa (KPS) 力勤哈利达KPS镍铁项目,2026-08-01,投产,KPS项目达产,力勤披露KPS在十二条线全部投产后，于2026年8月1日达到设计生产状态。该节点是公司口径的达产日，后续逐炉负荷和客户合同仍待披露。,力勤2026招股说明书公开文本,https://money.finance.sina.com.cn/corp/view/vCB_AllBulletinDetail.php?id=12593425&stockid=
MHP017,PT Excelsior Nickel Cobalt (ENC) 晨曦镍钴,2026-08-11,投产,首批阴极镍产出,晨曦在首批MHP后产出首批阴极镍，证明厂内后端精炼路线贯通；截至公告日，硫酸镍成品首产仍未单独确认。,NIC Maiden Nickel Cathode at ENC,https://nickelindustries.com/carbon/assets/0007ea/000008/3101262.pdf
NPI009,PT Weda Bay Nickel (WBN) 纬达贝镍业,2026-09-10,经营,矿山维护后复采,Eramet宣布WBN矿山在约四个月维护后恢复采矿；这是矿山端运行节点，不应改写为RKEF冶炼厂同日停产或复产。,Eramet：WBN矿山恢复运营,https://www.eramet.com/fr/news/pt-weda-bay-nickel-redemarre-ses-operations-minieres/
MHP017,PT Excelsior Nickel Cobalt (ENC) 晨曦镍钴,2026-09-15,经营,爬坡受供水约束,运营更新称工厂四周内达到约50%设计水平，但干旱供水压力可能使负荷降至约30%；当时商业销售许可仍在办理。,NIC Operating Update,https://nickelindustries.com/carbon/assets/0007ea/000009/3120121.pdf
MHP023,PT Teluk Metal Industry (TMI) 海湾金属TMI湿法项目,2027年中,规划,预计开始调试,投资公告把2027年中列为项目预计调试节点，属于具有合同背景的前瞻时间表；在实际调试公告出现前不能写成既成事实。,NIC Strategic investment in TMI HPAL project,https://nickelindustries.com/carbon/assets/0007ea/000006/3081331.pdf
MHP023,PT Teluk Metal Industry (TMI) 海湾金属TMI湿法项目,2027-09,规划,预计达到名义产能,公告预计项目于2027年9月达到名义产能，这是建设保证中的目标节点；仍受工程、融资和调试进度影响，不能提前计入现役供应。,NIC Strategic investment in TMI HPAL project,https://nickelindustries.com/carbon/assets/0007ea/000006/3081331.pdf
MHP026,PT Anugrah Neo Energy Materials 尼奥能源湿法项目,2029年底,规划,官网目标投运,Neo Energy官网把HPAL项目投运目标列为2029年底，并规划超过6.1万镍吨MHP能力；该日期属于目标，尚无首产或商业运营证据。,Neo Energy HPAL项目官网,https://neoenergy.co.id/hpal
MHP043,Piauí Níquel Metais S.A. 皮奥伊镍项目,2030,规划,公司最新首产目标,公司采访把商业项目首产目标指向2030年，前十年平均约2.7万镍吨、900钴吨；该日期仍是规划，早期资料2029应视为旧目标。,CNN采访公司Piauí融资进度,https://www.cnnbrasil.com.br/infra/bndes-aprova-r-100-milhoes-para-projeto-da-brazilian-nickel-no-piaui/
P27,PT Huashuo Nickel Indonesia 华硕镍业,2025-04-29,资料披露,股东大会资料列示华硕子公司,华友2024年度股东大会资料单独列示PT Huashuo Nickel Indonesia，持股100%，并与华兴分别记录。这是公司身份的披露日期。,华友2024年度股东大会会议资料,https://www.huayou.com/Public/Uploads/uploadfile2/files/20250429/MeetingMaterialsfor2024AnnualGeneralMeeting.pdf
NPI020,PT Sunny Metal Industry 旭日金属工业,2021-08,成立,旭日设立,Sunny本厂供应链尽责报告将公司设立时间列为2021年8月。,Sunny 2025/26供应链尽责管理报告,https://www.walsin.com/wp-content/uploads/2026/03/供應鏈盡責管理報告Supply-Chain-Due-Diligence-Report-1.pdf
NPI020,PT Sunny Metal Industry 旭日金属工业,2022-01,建设,旭日开始建设,Sunny在纬达贝园区启动冶炼项目建设，随后配置四套RKEF设备。,Sunny 2025/26供应链尽责管理报告,https://www.walsin.com/wp-content/uploads/2026/03/供應鏈盡責管理報告Supply-Chain-Due-Diligence-Report-1.pdf
GL001,Euronickel Industries (formerly FENI Industries) Kavadarci Ferronickel Plant 欧洲镍业(Euronickel Industries，原FENI Industries)卡瓦达尔齐镍铁厂,1982,投产,开始生产（底表投产年）,欧洲镍业(Euronickel Industries，原FENI Industries)卡瓦达尔齐镍铁厂的底表投产年份；试产、商业投产及前身设施的区分见历史正文。,全球普查底表 · NI-001 · 总表第2行,library/global-register.csv
GL001,Euronickel Industries (formerly FENI Industries) Kavadarci Ferronickel Plant 欧洲镍业(Euronickel Industries，原FENI Industries)卡瓦达尔齐镍铁厂,2024,运营变化,停产(可复产),2021-2023年间与瑞士贸易商Arrow Metals & Trading AG的不利合同安排导致严重亏损（据2025年刑事指控），叠加能源/镍价波动，最终于2024年2月2日进入破产程序；2024年5月被土耳其Yıldırım Group收购，工会称预计约3个月内复产，但本次研究未能查得2024年下半年至2025-2026年是否已实际恢复生产的确凿证据（截至2025年9月的报道仅涉及对前高管的刑事指控，未提及当前生产状态）,全球普查底表 · NI-001 · 总表第2行,library/global-register.csv
MHP034,Meta Nikel Kobalt Madencilik Sanayi ve Ticaret A.Ş. 梅塔格尔德斯镍钴项目,2015,投产,开始生产（底表投产年）,梅塔镍钴(Meta Nikel Kobalt)格尔德斯(Gördes)HPAL厂的底表投产年份；试产、商业投产及前身设施的区分见历史正文。,全球普查底表 · NI-002 · 总表第3行,library/global-register.csv
MHP034,Meta Nikel Kobalt Madencilik Sanayi ve Ticaret A.Ş. 梅塔格尔德斯镍钴项目,2025,运营变化,在产,底表所列状态起始年；最近核实年份与事件发生年份分别记录。,全球普查底表 · NI-002 · 总表第3行,library/global-register.csv
GL003,Çaldağ Nickel Laterite Atmospheric Heap Leach Project 恰尔达(Çaldağ)红土镍常压堆浸项目,2013,运营变化,保养维护(C&M),露天矿开采需清除约10万棵松树，土耳其原已颁发的林业许可被宪法法院撤销；尽管2010年6月土耳其修订矿业法试图解决此类问题，但相关部门此后未再重新颁发许可，项目遂陷入停滞并被置于保养维护状态,全球普查底表 · NI-003 · 总表第4行,library/global-register.csv
GL004,LARCO (GMM S.A.) Larymna Ferronickel Smelter 拉尔科(LARCO)拉里姆纳镍铁冶炼厂,1966,投产,开始生产（底表投产年）,拉尔科(LARCO)拉里姆纳镍铁冶炼厂的底表投产年份；试产、商业投产及前身设施的区分见历史正文。,全球普查底表 · NI-004 · 总表第5行,library/global-register.csv
GL004,LARCO (GMM S.A.) Larymna Ferronickel Smelter 拉尔科(LARCO)拉里姆纳镍铁冶炼厂,2022,运营变化,永久关闭,"长期亏损与债务危机（截至停产时总债务约4.7亿欧元，其中3.512亿欧元欠国家电力公司PPC）；多轮私有化/资产处置招标失败（2021年6轮非约束性投标未能达成交易；2024年8月GEK Terna/AD Holdings财团以'全球能源和镍产品市场不利变化'及法律纠纷为由退出）；2020年2月起进入特别管理程序，2022年7月25日工厂正式全面停产，1,061名员工遭解雇（约400人短期续聘、约100人退休），希腊国家为此支付遣散费约2,237.7万欧元",全球普查底表 · NI-004 · 总表第5行,library/global-register.csv
GL005,Nickelhütte Aue GmbH 奥厄镍冶炼厂(Nickelhütte Aue),2025,运营变化,在产,底表所列状态起始年；最近核实年份与事件发生年份分别记录。,全球普查底表 · NI-005 · 总表第6行,library/global-register.csv
GL006,Ringerike Nikkelverk (Ringerike Nickel Works) 灵厄里克镍冶炼厂(Ringerike Nikkelverk),1688,投产,开始生产（底表投产年）,灵厄里克镍冶炼厂(Ringerike Nikkelverk)的底表投产年份；试产、商业投产及前身设施的区分见历史正文。,全球普查底表 · NI-006 · 总表第7行,library/global-register.csv
GL006,Ringerike Nikkelverk (Ringerike Nickel Works) 灵厄里克镍冶炼厂(Ringerike Nikkelverk),1920,运营变化,永久关闭,"埃尔特利恩主矿区自1880年前后开始产量下滑,1903年永久关闭;公司1913年曾尝试复产,仅维持数年后于1920年正式宣告破产，全面停产。停产背景与19世纪末新喀里多尼亚、加拿大萨德伯里新发现的大规模优质镍矿引发的国际镍价竞争压力有关(与同期瑞典克莱瓦镍矿、奥地利施拉德明镍厂关闭原因一致)，但挪威大百科全书原文未直接点明该因果关系，此处为本研究的合理推断。",全球普查底表 · NI-006 · 总表第7行,library/global-register.csv
GL007,Evje Nikkelverk (Flåt Nickel Smelter) 埃夫耶镍冶炼厂（弗洛特矿配套冶炼厂）,1872,投产,开始生产（底表投产年）,埃夫耶镍冶炼厂（弗洛特矿配套冶炼厂）的底表投产年份；试产、商业投产及前身设施的区分见历史正文。,全球普查底表 · NI-007 · 总表第8行,library/global-register.csv
GL007,Evje Nikkelverk (Flåt Nickel Smelter) 埃夫耶镍冶炼厂（弗洛特矿配套冶炼厂）,1946,运营变化,永久关闭,"弗洛特矿藏枯竭(矿井最终深度422米,已低于海平面),矿山与配套冶炼厂同步关闭;二战结束后未复产",全球普查底表 · NI-007 · 总表第8行,library/global-register.csv
GL008,Senjen Nickel Works (Senjens Nikkelverk) 塞尼亚(Senjen)镍矿冶炼厂,1883,投产,开始生产（底表投产年）,塞尼亚(Senjen)镍矿冶炼厂的底表投产年份；试产、商业投产及前身设施的区分见历史正文。,全球普查底表 · NI-008 · 总表第9行,library/global-register.csv
GL008,Senjen Nickel Works (Senjens Nikkelverk) 塞尼亚(Senjen)镍矿冶炼厂,1894,运营变化,永久关闭,"存疑;具体关闭年份未直接查实,1894年为推断值——据H.H. Vivian & Co.同期(1889-1894年)转向经营加拿大萨德伯里Murray矿并以其矿石替代挪威矿源的时间点反推,请谨慎使用",全球普查底表 · NI-008 · 总表第9行,library/global-register.csv
GL009,Glencore Nikkelverk (Kristiansand Nickel Refinery) 嘉能可克里斯蒂安桑镍精炼厂(Nikkelverk),1910,投产,开始生产（底表投产年）,嘉能可克里斯蒂安桑镍精炼厂(Nikkelverk)的底表投产年份；试产、商业投产及前身设施的区分见历史正文。,全球普查底表 · NI-009 · 总表第10行,library/global-register.csv
GL009,Glencore Nikkelverk (Kristiansand Nickel Refinery) 嘉能可克里斯蒂安桑镍精炼厂(Nikkelverk),2025,运营变化,在产,底表所列状态起始年；最近核实年份与事件发生年份分别记录。,全球普查底表 · NI-009 · 总表第10行,library/global-register.csv
GL010,Niklová huta Sereď (Sereď Nickel-Cobalt Electrolytic Plant) 谢雷季(Sereď)镍钴电解厂,1959,投产,开始生产（底表投产年）,谢雷季(Sereď)镍钴电解厂的底表投产年份；试产、商业投产及前身设施的区分见历史正文。,全球普查底表 · NI-010 · 总表第11行,library/global-register.csv
GL010,Niklová huta Sereď (Sereď Nickel-Cobalt Electrolytic Plant) 谢雷季(Sereď)镍钴电解厂,1992,运营变化,永久关闭,'主要出于经济原因'(pôvodne z ekonomických dôvodov)，冷战结束、经济体制转轨后原料供应(阿尔巴尼亚矿)与经济性均难以为继；厂址后遗留大量含镍工业废渣堆场，成为斯洛伐克境内重要的历史污染场地，近年有多篇环境地质学论文研究该堆场对多瑙河低地环境的影响,全球普查底表 · NI-010 · 总表第11行,library/global-register.csv
GL011,"Umicore Olen Site (Cobalt & Specialty Materials, incl. nickel sulphate line) 优美科(Umicore)奥伦(Olen)基地（钴与特种材料，含镍盐产线）",2025,运营变化,在产,底表所列状态起始年；最近核实年份与事件发生年份分别记录。,全球普查底表 · NI-011 · 总表第12行,library/global-register.csv
GL012,Septèmes-les-Vallons Nickel Foundry (Marbeau & Garnier) 塞普泰姆莱瓦隆镍冶炼厂(马尔博与加尼耶创办),1875,投产,开始生产（底表投产年）,塞普泰姆莱瓦隆镍冶炼厂(马尔博与加尼耶创办)的底表投产年份；试产、商业投产及前身设施的区分见历史正文。,全球普查底表 · NI-012 · 总表第13行,library/global-register.csv
GL012,Septèmes-les-Vallons Nickel Foundry (Marbeau & Garnier) 塞普泰姆莱瓦隆镍冶炼厂(马尔博与加尼耶创办),1900,运营变化,永久关闭,"存疑;推测为SLN(1880年成立)整合法国本土及新喀里多尼亚当地冶炼产能后,该厂逐步被取代或关闭,具体年份及原因本轮检索未能独立核实一手资料",全球普查底表 · NI-012 · 总表第13行,library/global-register.csv
GL013,Sandouville Nickel Refinery (Le Havre) 桑杜维尔(Sandouville)镍精炼厂（勒阿弗尔附近）,2025,运营变化,保养维护(C&M),"持续亏损；Sibanye收购后原计划生产电池级硫酸镍，但因终止一项主要原料供应合同(耗资约3,700万美元)及市场环境，2024-2025年处于'消化库存、边际运营'状态，同时启动向正极前驱体材料(pCAM)转型的可行性研究(GalliCam项目)，尚未确定最终投资决定",全球普查底表 · NI-013 · 总表第14行,library/global-register.csv
GL014,"Szklary Nickel Mine & Smelter (German era: ""Nickelwerke Frankenstein""; Polish era: Zakłady Górniczo-Hutnicze Szklary) 什克拉雷(Szklary)镍矿与冶炼厂【德国时期称""法兰肯施泰因镍厂""，波兰时期称什克拉雷矿冶联合企业】",1895,投产,开始生产（底表投产年）,"什克拉雷(Szklary)镍矿与冶炼厂【德国时期称""法兰肯施泰因镍厂""，波兰时期称什克拉雷矿冶联合企业】的底表投产年份；试产、商业投产及前身设施的区分见历史正文。",全球普查底表 · NI-014 · 总表第15行,library/global-register.csv
GL014,"Szklary Nickel Mine & Smelter (German era: ""Nickelwerke Frankenstein""; Polish era: Zakłady Górniczo-Hutnicze Szklary) 什克拉雷(Szklary)镍矿与冶炼厂【德国时期称""法兰肯施泰因镍厂""，波兰时期称什克拉雷矿冶联合企业】",1983,运营变化,已拆除,"存疑(据研究简报为矿藏枯竭/经济性下降,本轮检索未能独立核实一手资料)",全球普查底表 · NI-014 · 总表第15行,library/global-register.csv
GL015,NewCo Ferronikeli Complex 纽科费罗尼克利(NewCo Ferronikeli)镍铁联合企业,1984,投产,开始生产（底表投产年）,纽科费罗尼克利(NewCo Ferronikeli)镍铁联合企业的底表投产年份；试产、商业投产及前身设施的区分见历史正文。,全球普查底表 · NI-015 · 总表第16行,library/global-register.csv
GL015,NewCo Ferronikeli Complex 纽科费罗尼克利(NewCo Ferronikeli)镍铁联合企业,2023,运营变化,在产,底表所列状态起始年；最近核实年份与事件发生年份分别记录。,全球普查底表 · NI-015 · 总表第16行,library/global-register.csv
GL016,Boliden Harjavalta Smelter (nickel line) 波利登哈尔亚瓦尔塔冶炼厂（镍线）,1959,投产,开始生产（底表投产年）,波利登哈尔亚瓦尔塔冶炼厂（镍线）的底表投产年份；试产、商业投产及前身设施的区分见历史正文。,全球普查底表 · NI-016 · 总表第17行,library/global-register.csv
GL016,Boliden Harjavalta Smelter (nickel line) 波利登哈尔亚瓦尔塔冶炼厂（镍线）,2025,运营变化,在产,底表所列状态起始年；最近核实年份与事件发生年份分别记录。,全球普查底表 · NI-016 · 总表第17行,library/global-register.csv
GL017,Nornickel Harjavalta (Norilsk Nickel Harjavalta Oy) Nickel Refinery 诺里尔斯克镍业哈尔亚瓦尔塔精炼厂,1960,投产,开始生产（底表投产年）,诺里尔斯克镍业哈尔亚瓦尔塔精炼厂的底表投产年份；试产、商业投产及前身设施的区分见历史正文。,全球普查底表 · NI-017 · 总表第18行,library/global-register.csv
GL017,Nornickel Harjavalta (Norilsk Nickel Harjavalta Oy) Nickel Refinery 诺里尔斯克镍业哈尔亚瓦尔塔精炼厂,2025,运营变化,在产,底表所列状态起始年；最近核实年份与事件发生年份分别记录。,全球普查底表 · NI-017 · 总表第18行,library/global-register.csv
GL018,Kokkola (Umicore Finland) — planned 50kt nickel refinery (paused); existing cobalt/pCAM plant 科科拉(Umicore)镍精炼规划线(暂停)；现有钴精炼/pCAM厂,1990,投产,开始生产（底表投产年）,科科拉(Umicore)镍精炼规划线(暂停)；现有钴精炼/pCAM厂的底表投产年份；试产、商业投产及前身设施的区分见历史正文。,全球普查底表 · NI-018 · 总表第19行,library/global-register.csv
GL018,Kokkola (Umicore Finland) — planned 50kt nickel refinery (paused); existing cobalt/pCAM plant 科科拉(Umicore)镍精炼规划线(暂停)；现有钴精炼/pCAM厂,2022,运营变化,规划中或可研,底表所列状态起始年；最近核实年份与事件发生年份分别记录。,全球普查底表 · NI-018 · 总表第19行,library/global-register.csv
MHP046,Terrafame Ltd 特拉法姆索特卡莫项目,2008,投产,开始生产（底表投产年）,泰拉法梅（Terrafame）索特卡莫矿山及电池化学品厂（原塔尔维瓦拉Talvivaara）的底表投产年份；试产、商业投产及前身设施的区分见历史正文。,全球普查底表 · NI-019 · 总表第20行,library/global-register.csv
MHP046,Terrafame Ltd 特拉法姆索特卡莫项目,2025,运营变化,在产,底表所列状态起始年；最近核实年份与事件发生年份分别记录。,全球普查底表 · NI-019 · 总表第20行,library/global-register.csv
GL020,Hafod Isha Nickel and Cobalt Works (H.H. Vivian & Co. Ltd.) 哈福德伊沙(Hafod Isha)镍钴厂(维维安父子公司),1883,投产,开始生产（底表投产年）,哈福德伊沙(Hafod Isha)镍钴厂(维维安父子公司)的底表投产年份；试产、商业投产及前身设施的区分见历史正文。,全球普查底表 · NI-020 · 总表第21行,library/global-register.csv
GL020,Hafod Isha Nickel and Cobalt Works (H.H. Vivian & Co. Ltd.) 哈福德伊沙(Hafod Isha)镍钴厂(维维安父子公司),1894,运营变化,永久关闭,"存疑;推测为萨德伯里矿石大量涌现后,原料就地在北美加工(经由奥福德""上下层分离法""及加拿大铜业公司/国际镍公司体系)更具经济性,英国斯旺西精炼环节逐步失去竞争力而停止,具体关闭年份及决策细节本轮检索未能独立核实一手资料,1894年为参照该公司萨德伯里矿权终止年份的推断值",全球普查底表 · NI-020 · 总表第21行,library/global-register.csv
GL021,Vale Clydach Refinery 淡水河谷克莱达赫(Clydach)镍精炼厂,1902,投产,开始生产（底表投产年）,淡水河谷克莱达赫(Clydach)镍精炼厂的底表投产年份；试产、商业投产及前身设施的区分见历史正文。,全球普查底表 · NI-021 · 总表第22行,library/global-register.csv
GL021,Vale Clydach Refinery 淡水河谷克莱达赫(Clydach)镍精炼厂,2025,运营变化,在产,底表所列状态起始年；最近核实年份与事件发生年份分别记录。,全球普查底表 · NI-021 · 总表第22行,library/global-register.csv
GL022,INCO / Vale Acton Refinery (London) 国际镍公司(INCO)/淡水河谷阿克顿(Acton)精炼厂（伦敦）,1924,投产,开始生产（底表投产年）,国际镍公司(INCO)/淡水河谷阿克顿(Acton)精炼厂（伦敦）的底表投产年份；试产、商业投产及前身设施的区分见历史正文。,全球普查底表 · NI-022 · 总表第23行,library/global-register.csv
GL022,INCO / Vale Acton Refinery (London) 国际镍公司(INCO)/淡水河谷阿克顿(Acton)精炼厂（伦敦）,2019,运营变化,永久关闭,未查实具体关停时间及原因；从Vale现有公开表述（Clydach为'英国唯一在产镍精炼厂'）可推断Acton厂目前已不再从事镍精炼业务，但确切关停/转型年份、是否仍作PGM精炼用途，均未能在本次研究中证实，列为研究缺口,全球普查底表 · NI-022 · 总表第23行,library/global-register.csv
GL023,"Elbasan Metallurgical Combine – Nickel-Cobalt Plant (""Steel of the Party"" / Kombinati Metalurgjik ""Çeliku i Partisë"") 埃尔巴桑冶金联合企业镍钴厂(""党的钢铁""联合企业)",1976,投产,开始生产（底表投产年）,"埃尔巴桑冶金联合企业镍钴厂(""党的钢铁""联合企业)的底表投产年份；试产、商业投产及前身设施的区分见历史正文。",全球普查底表 · NI-023 · 总表第24行,library/global-register.csv
GL023,"Elbasan Metallurgical Combine – Nickel-Cobalt Plant (""Steel of the Party"" / Kombinati Metalurgjik ""Çeliku i Partisë"") 埃尔巴桑冶金联合企业镍钴厂(""党的钢铁""联合企业)",1991,运营变化,永久关闭,"存疑;推测为1990-1991年阿尔巴尼亚计划经济体制崩溃、苏东剧变后经济危机、原料及能源供应中断,以及中国技术支持终止后设备老化失修等因素综合导致停产,具体停产年份及直接原因本轮检索未能独立核实一手资料",全球普查底表 · NI-023 · 总表第24行,library/global-register.csv
GL024,Pobuzhsky Ferronickel Plant (PFK) 波布日镍铁厂（PFK）,1965,投产,开始生产（底表投产年）,波布日镍铁厂（PFK）的底表投产年份；试产、商业投产及前身设施的区分见历史正文。,全球普查底表 · NI-024 · 总表第25行,library/global-register.csv
GL024,Pobuzhsky Ferronickel Plant (PFK) 波布日镍铁厂（PFK）,2022,运营变化,停产(可复产),俄乌战争：2022年10月22日俄军导弹袭击乌克兰能源基础设施导致停电，影响冶金工艺及取水系统，2022年11月1日起停产；此后受黑海港口物流封锁影响长期仅以约50%产能间歇性运行，并多次因电网持续遭袭而被迫再次停产；2026年5月所有权变更为瑞士Avenir Group后，新业主表态拟将部分厂区转型为'工业与能源园区'，是否会恢复镍铁冶炼生产尚不明朗，故未定性为永久关闭,全球普查底表 · NI-024 · 总表第25行,library/global-register.csv
GL025,Ufaleynickel (OAO/JSC Ufaleynickel) 乌法列镍厂,1933,投产,开始生产（底表投产年）,乌法列镍厂的底表投产年份；试产、商业投产及前身设施的区分见历史正文。,全球普查底表 · NI-025 · 总表第26行,library/global-register.csv
GL025,Ufaleynickel (OAO/JSC Ufaleynickel) 乌法列镍厂,2017,运营变化,永久关闭,镍价长期低迷、经营持续亏损，叠加逾160亿卢布债务，2017年10月被俄法院裁定破产清算,全球普查底表 · NI-025 · 总表第26行,library/global-register.csv
GL026,Rezhnickel (ZAO/OAO Rezhnickel) 雷日镍厂,1936,投产,开始生产（底表投产年）,雷日镍厂的底表投产年份；试产、商业投产及前身设施的区分见历史正文。,全球普查底表 · NI-026 · 总表第27行,library/global-register.csv
GL026,Rezhnickel (ZAO/OAO Rezhnickel) 雷日镍厂,2017,运营变化,永久关闭,与乌法列镍厂同期破产：镍价低迷、经营长期亏损，叠加约160亿卢布债务，Рост银行主导的破产程序中于2017年10月被裁定破产,全球普查底表 · NI-026 · 总表第27行,library/global-register.csv
GL027,"South Urals Nickel Combine (Kombinat Yuzhuralnickel), Orsk 南乌拉尔镍联合企业（奥尔斯克）",1938,投产,开始生产（底表投产年）,南乌拉尔镍联合企业（奥尔斯克）的底表投产年份；试产、商业投产及前身设施的区分见历史正文。,全球普查底表 · NI-027 · 总表第28行,library/global-register.csv
GL027,"South Urals Nickel Combine (Kombinat Yuzhuralnickel), Orsk 南乌拉尔镍联合企业（奥尔斯克）",2012,运营变化,保养维护(C&M),镍价长期低迷、高能源成本、原料及产品运输成本高导致持续亏损，2012年停产封存；2015年被俄联邦税务局申请破产程序,全球普查底表 · NI-027 · 总表第28行,library/global-register.csv
GL028,"Severonickel (Kola MMC Refining Plant), Monchegorsk 北方镍厂（科拉矿冶公司精炼厂，蒙切戈尔斯克）",1939,投产,开始生产（底表投产年）,北方镍厂（科拉矿冶公司精炼厂，蒙切戈尔斯克）的底表投产年份；试产、商业投产及前身设施的区分见历史正文。,全球普查底表 · NI-028 · 总表第29行,library/global-register.csv
GL028,"Severonickel (Kola MMC Refining Plant), Monchegorsk 北方镍厂（科拉矿冶公司精炼厂，蒙切戈尔斯克）",2026,运营变化,在产,底表所列状态起始年；最近核实年份与事件发生年份分别记录。,全球普查底表 · NI-028 · 总表第29行,library/global-register.csv
GL029,Nickel Plant (Norilsk) [Никелевый завод] 诺里尔斯克镍厂（老镍厂）,1942,投产,开始生产（底表投产年）,诺里尔斯克镍厂（老镍厂）的底表投产年份；试产、商业投产及前身设施的区分见历史正文。,全球普查底表 · NI-029 · 总表第30行,library/global-register.csv
GL029,Nickel Plant (Norilsk) [Никелевый завод] 诺里尔斯克镍厂（老镍厂）,2019,运营变化,已拆除,设备陈旧、基础设施磨损严重；环保（该厂当时约占诺里尔斯克地区大气污染的25%，年排放约40万吨SO2）；2014年Nornickel与俄罗斯联邦政府达成协议，以取消镍/铜阴极出口关税（价值约110亿卢布）换取公司承担关厂、拆除设备及员工安置的成本,全球普查底表 · NI-029 · 总表第30行,library/global-register.csv
GL030,"Pechenganickel Combine Smelter, Nikel 佩琴加镍厂（尼克尔镇冶炼厂）",1946,投产,开始生产（底表投产年）,佩琴加镍厂（尼克尔镇冶炼厂）的底表投产年份；试产、商业投产及前身设施的区分见历史正文。,全球普查底表 · NI-030 · 总表第31行,library/global-register.csv
GL030,"Pechenganickel Combine Smelter, Nikel 佩琴加镍厂（尼克尔镇冶炼厂）",2020,运营变化,永久关闭,环保（减少SO2排放，改善与挪威、芬兰接壤地区的空气质量，该厂长期被列为北欧最大的跨境污染源之一）+设备陈旧；2020年12月完全停止熔炼作业，此后陆续拆除烟囱等构筑物（2021年起）,全球普查底表 · NI-030 · 总表第31行,library/global-register.csv
GL031,Nadezhda Metallurgical Plant (NMP) 纳杰日达冶金厂（纳杰日金斯基冶金厂）,1979,投产,开始生产（底表投产年）,纳杰日达冶金厂（纳杰日金斯基冶金厂）的底表投产年份；试产、商业投产及前身设施的区分见历史正文。,全球普查底表 · NI-031 · 总表第32行,library/global-register.csv
GL031,Nadezhda Metallurgical Plant (NMP) 纳杰日达冶金厂（纳杰日金斯基冶金厂）,2026,运营变化,在产,底表所列状态起始年；最近核实年份与事件发生年份分别记录。,全球普查底表 · NI-031 · 总表第32行,library/global-register.csv
GL032,Buruktal (Svetly) Ferronickel Plant — ООО «БНЗ» (Buruktalsky Nickel Plant) 布鲁克塔尔(斯韦特雷)镍铁厂,2018,运营变化,停产(可复产),底表所列状态起始年；最近核实年份与事件发生年份分别记录。,全球普查底表 · NI-032 · 总表第33行,library/global-register.csv
GL033,Chernogorsky GOK (Kingash Ni-Cu-PGE integrated project) 切尔诺戈尔斯克矿冶联合体（金加什镍铜铂族金属一体化项目）,2026,运营变化,规划中或可研,底表所列状态起始年；最近核实年份与事件发生年份分别记录。,全球普查底表 · NI-033 · 总表第34行,library/global-register.csv
GL034,Copper Plant (Norilsk) 诺里尔斯克铜厂,2026,运营变化,在产,底表所列状态起始年；最近核实年份与事件发生年份分别记录。,全球普查底表 · NI-034 · 总表第35行,library/global-register.csv
GL035,Kaznickel (Gornostayevskoye Ni-Co ISL Project) 哈萨克镍业（戈尔诺斯塔耶夫斯科耶镍钴原位溶浸项目）,2025,运营变化,在建,底表所列状态起始年；最近核实年份与事件发生年份分别记录。,全球普查底表 · NI-035 · 总表第36行,library/global-register.csv
GL036,Taiwan Nickel Refining Corporation 台湾镍业精炼股份有限公司,1982,投产,开始生产（底表投产年）,台湾镍业精炼股份有限公司的底表投产年份；试产、商业投产及前身设施的区分见历史正文。,全球普查底表 · NI-036 · 总表第37行,library/global-register.csv
GL036,Taiwan Nickel Refining Corporation 台湾镍业精炼股份有限公司,2012,运营变化,不详,未确认；据ImportGenius贸易记录，该公司进口活动最后记录止于2012年7月14日(数据库覆盖范围2006-2019年)，此后未见任何进口/生产活动记录，推测可能已大幅减产或停产，但无直接停产公告可确认，故状态列为'不详'而非'永久关闭',全球普查底表 · NI-036 · 总表第37行,library/global-register.csv
GL037,Niihama Nickel Refinery 新居浜镍精炼厂,1939,投产,开始生产（底表投产年）,新居浜镍精炼厂的底表投产年份；试产、商业投产及前身设施的区分见历史正文。,全球普查底表 · NI-037 · 总表第38行,library/global-register.csv
GL037,Niihama Nickel Refinery 新居浜镍精炼厂,2024,运营变化,在产,底表所列状态起始年；最近核实年份与事件发生年份分别记录。,全球普查底表 · NI-037 · 总表第38行,library/global-register.csv
GL038,"Shimura Kako Co., Ltd. 志村化工株式会社(电解镍厂，历史)",1951,投产,开始生产（底表投产年）,志村化工株式会社(电解镍厂，历史)的底表投产年份；试产、商业投产及前身设施的区分见历史正文。,全球普查底表 · NI-038 · 总表第39行,library/global-register.csv
GL038,"Shimura Kako Co., Ltd. 志村化工株式会社(电解镍厂，历史)",1979,运营变化,永久关闭,经营/原料成本问题：1963年起停止自建竖炉熔炼、改依赖进口镍锍精炼，最终1979年全面退出电解镍生产，转为住友金属矿山的委托加工(toll)方,全球普查底表 · NI-038 · 总表第39行,library/global-register.csv
GL039,"Nippon Yakin Kogyo Co., Ltd. Oheyama Works 日本冶金工业 大江山制作所",1952,投产,开始生产（底表投产年）,日本冶金工业 大江山制作所的底表投产年份；试产、商业投产及前身设施的区分见历史正文。,全球普查底表 · NI-039 · 总表第40行,library/global-register.csv
GL039,"Nippon Yakin Kogyo Co., Ltd. Oheyama Works 日本冶金工业 大江山制作所",2024,运营变化,在产,底表所列状态起始年；最近核实年份与事件发生年份分别记录。,全球普查底表 · NI-039 · 总表第40行,library/global-register.csv
GL040,Harima Refinery 播磨精炼厂,1966,投产,开始生产（底表投产年）,播磨精炼厂的底表投产年份；试产、商业投产及前身设施的区分见历史正文。,全球普查底表 · NI-040 · 总表第41行,library/global-register.csv
GL040,Harima Refinery 播磨精炼厂,2023,运营变化,在产,底表所列状态起始年；最近核实年份与事件发生年份分别记录。,全球普查底表 · NI-040 · 总表第41行,library/global-register.csv
GL041,"Pacific Metals Co., Ltd. (PAMCO) Hachinohe Works 太平洋金属八户制炼所",1966,投产,开始生产（底表投产年）,太平洋金属八户制炼所的底表投产年份；试产、商业投产及前身设施的区分见历史正文。,全球普查底表 · NI-041 · 总表第42行,library/global-register.csv
GL041,"Pacific Metals Co., Ltd. (PAMCO) Hachinohe Works 太平洋金属八户制炼所",2025,运营变化,减产或部分停产,镍价长期低迷叠加印尼镍铁(NPI)低成本产能冲击，公司主动大幅削减产量以控制亏损，截至2025年3月已连续三个财年(FY2022-FY2024)出现亏损,全球普查底表 · NI-041 · 总表第42行,library/global-register.csv
GL042,"Nippon Mining Co., Ltd. Nickel-Cobalt Separation Plant (historical) 日本矿业 镍钴分离厂(历史，选址未确认)",1975,投产,开始生产（底表投产年）,日本矿业 镍钴分离厂(历史，选址未确认)的底表投产年份；试产、商业投产及前身设施的区分见历史正文。,全球普查底表 · NI-042 · 总表第43行,library/global-register.csv
GL042,"Nippon Mining Co., Ltd. Nickel-Cobalt Separation Plant (historical) 日本矿业 镍钴分离厂(历史，选址未确认)",1975,运营变化,不详,底表所列状态起始年；最近核实年份与事件发生年份分别记录。,全球普查底表 · NI-042 · 总表第43行,library/global-register.csv
GL043,"Hyuga Smelting Co., Ltd. 日向精炼所",2024,运营变化,在产,底表所列状态起始年；最近核实年份与事件发生年份分别记录。,全球普查底表 · NI-043 · 总表第44行,library/global-register.csv
GL044,Mitsubishi Materials Naoshima Smelter (nickel byproduct) 三菱综合材料 直岛制炼所(镍副产),2019,运营变化,在产,底表所列状态起始年；最近核实年份与事件发生年份分别记录。,全球普查底表 · NI-044 · 总表第45行,library/global-register.csv
GL045,Pacific Metals Hachinohe Polymetallic Nodule Processing Project 太平洋金属八户 多金属结核冶炼改造项目,2025,运营变化,规划中或可研,底表所列状态起始年；最近核实年份与事件发生年份分别记录。,全球普查底表 · NI-045 · 总表第46行,library/global-register.csv
GL046,Sumitomo Metal Mining / Hyuga Smelting New Nickel Matte Production Facility 住友金属矿山/日向精炼 镍锍新产线,2025,运营变化,在建,底表所列状态起始年；最近核实年份与事件发生年份分别记录。,全球普查底表 · NI-046 · 总表第47行,library/global-register.csv
GL047,"Tokyo Nickel Co., Ltd. / Vale Japan Ltd. 东京镍业公司(后更名Vale Japan)松阪制炼所",2023,运营变化,在产,底表所列状态起始年；最近核实年份与事件发生年份分别记录。,全球普查底表 · NI-047 · 总表第48行,library/global-register.csv
GL048,Korea Nickel Corporation (KNC) 韩国镍业公司(KNC),1987,投产,开始生产（底表投产年）,韩国镍业公司(KNC)的底表投产年份；试产、商业投产及前身设施的区分见历史正文。,全球普查底表 · NI-048 · 总表第49行,library/global-register.csv
GL048,Korea Nickel Corporation (KNC) 韩国镍业公司(KNC),2023,运营变化,永久关闭,POSCO与高丽亚锌两大股东分别转向自建独立镍供应链(POSCO的光阳高纯镍精炼厂、高丽亚锌/KEMCO的Onsan新镍冶炼产能)以分散供应商、掌控电池材料原料自主权，三方决定终止合资并清算该公司,全球普查底表 · NI-048 · 总表第49行,library/global-register.csv
GL049,"SNNC Co., Ltd. (POSCO-SMSP Ferronickel Smelter) SNNC(POSCO-SMSP合资镍铁厂)",2008,投产,开始生产（底表投产年）,SNNC(POSCO-SMSP合资镍铁厂)的底表投产年份；试产、商业投产及前身设施的区分见历史正文。,全球普查底表 · NI-049 · 总表第50行,library/global-register.csv
GL049,"SNNC Co., Ltd. (POSCO-SMSP Ferronickel Smelter) SNNC(POSCO-SMSP合资镍铁厂)",2024,运营变化,在产,底表所列状态起始年；最近核实年份与事件发生年份分别记录。,全球普查底表 · NI-049 · 总表第50行,library/global-register.csv
GL050,EcoPro Materials Pohang Plant (RMP / Nickel-Cobalt Refining + Precursor) EcoPro Materials 浦项厂(RMP镍钴精炼+前驱体),2021,投产,开始生产（底表投产年）,EcoPro Materials 浦项厂(RMP镍钴精炼+前驱体)的底表投产年份；试产、商业投产及前身设施的区分见历史正文。,全球普查底表 · NI-050 · 总表第51行,library/global-register.csv
GL050,EcoPro Materials Pohang Plant (RMP / Nickel-Cobalt Refining + Precursor) EcoPro Materials 浦项厂(RMP镍钴精炼+前驱体),2025,运营变化,在产,底表所列状态起始年；最近核实年份与事件发生年份分别记录。,全球普查底表 · NI-050 · 总表第51行,library/global-register.csv
GL051,POSCO High-Purity Nickel Refinery POSCO 光阳高纯镍精炼厂,2023,投产,开始生产（底表投产年）,POSCO 光阳高纯镍精炼厂的底表投产年份；试产、商业投产及前身设施的区分见历史正文。,全球普查底表 · NI-051 · 总表第52行,library/global-register.csv
GL051,POSCO High-Purity Nickel Refinery POSCO 光阳高纯镍精炼厂,2023,运营变化,在产,底表所列状态起始年；最近核实年份与事件发生年份分别记录。,全球普查底表 · NI-051 · 总表第52行,library/global-register.csv
GL052,Torecom (LS MnM) Nickel Sulfate Refinery Torecom(LS MnM子公司) 牙山硫酸镍精炼厂,2023,投产,开始生产（底表投产年）,Torecom(LS MnM子公司) 牙山硫酸镍精炼厂的底表投产年份；试产、商业投产及前身设施的区分见历史正文。,全球普查底表 · NI-052 · 总表第53行,library/global-register.csv
GL052,Torecom (LS MnM) Nickel Sulfate Refinery Torecom(LS MnM子公司) 牙山硫酸镍精炼厂,2023,运营变化,在产,底表所列状态起始年；最近核实年份与事件发生年份分别记录。,全球普查底表 · NI-052 · 总表第53行,library/global-register.csv
GL053,"Korea Zinc ""All-in-One Nickel Smelter"" (KEMCO, new) 高丽亚锌 温山'一体化镍冶炼厂'(新建)",2026,投产,开始生产（底表投产年）,高丽亚锌 温山'一体化镍冶炼厂'(新建)的底表投产年份；试产、商业投产及前身设施的区分见历史正文。,全球普查底表 · NI-053 · 总表第54行,library/global-register.csv
GL053,"Korea Zinc ""All-in-One Nickel Smelter"" (KEMCO, new) 高丽亚锌 温山'一体化镍冶炼厂'(新建)",2026,运营变化,在建,底表所列状态起始年；最近核实年份与事件发生年份分别记录。,全球普查底表 · NI-053 · 总表第54行,library/global-register.csv
GL054,LS MnM Ulsan Nickel-Cobalt-Manganese Sulfate Plant LS MnM 温山镍钴锰硫酸盐新厂,2026,投产,开始生产（底表投产年）,LS MnM 温山镍钴锰硫酸盐新厂的底表投产年份；试产、商业投产及前身设施的区分见历史正文。,全球普查底表 · NI-054 · 总表第55行,library/global-register.csv
GL054,LS MnM Ulsan Nickel-Cobalt-Manganese Sulfate Plant LS MnM 温山镍钴锰硫酸盐新厂,2024,运营变化,在建,底表所列状态起始年；最近核实年份与事件发生年份分别记录。,全球普查底表 · NI-054 · 总表第55行,library/global-register.csv
GL055,KEMCO (Korea Zinc) Onsan Nickel Sulphate Refinery (existing line) 高丽亚锌/KEMCO 温山硫酸镍精炼厂(既有产线),2021,运营变化,在产,底表所列状态起始年；最近核实年份与事件发生年份分别记录。,全球普查底表 · NI-055 · 总表第56行,library/global-register.csv
GL056,Hindustan Copper Ltd — Indian Copper Complex Nickel-Copper-Acid Recovery Plant 印度斯坦铜业公司—印度铜业联合体镍-铜-酸回收装置,2021,运营变化,不详,自2004/05财年起未报告硫酸镍产量，具体原因(如铜精炼副产液成分变化、经济性不足、设备老化等)未见公开说明，未见官方'永久关闭'的正式声明,全球普查底表 · NI-056 · 总表第57行,library/global-register.csv
GL057,Nicomet Industries Ltd. (Vedanta Nicomet) 尼科梅特工业公司（Vedanta Nicomet）,2023,运营变化,在产,底表所列状态起始年；最近核实年份与事件发生年份分别记录。,全球普查底表 · NI-057 · 总表第58行,library/global-register.csv
GL058,AFC Nickel Sulphate Plant AFC硫酸镍厂,2022,运营变化,规划中或可研,底表所列状态起始年；最近核实年份与事件发生年份分别记录。,全球普查底表 · NI-058 · 总表第59行,library/global-register.csv
GL059,Tagaung Taung Nickel-Iron (Ferronickel) Project 德贡东（塔冈冬）镍铁冶炼项目,2011,投产,开始生产（底表投产年）,德贡东（塔冈冬）镍铁冶炼项目的底表投产年份；试产、商业投产及前身设施的区分见历史正文。,全球普查底表 · NI-059 · 总表第60行,library/global-register.csv
GL059,Tagaung Taung Nickel-Iron (Ferronickel) Project 德贡东（塔冈冬）镍铁冶炼项目,2024,运营变化,减产或部分停产,非因经济或资源原因永久关闭；2022年1月因缅甸反政府武装(Tigyaing镇人民防卫军)破坏输电基础设施被迫停产；此后缅甸内战持续，该项目经营状况未能核实,全球普查底表 · NI-059 · 总表第60行,library/global-register.csv
GL060,Mwetaung (Gullu Mual) Nickel-Ferronickel Project 牟埃冬（古鲁穆阿）镍铁项目,2014,运营变化,项目中止(未建成),2013年2月完成可行性研究后，因当地社区强烈反对(土地征用、透明度缺失、利益分配不公——仅2-5%利益分成给钦邦当地、缺乏事先自由知情同意FPIC)、资源分成谈判失败及镍价大跌(从每吨逾2万美元跌至不足1万美元)，项目于2014年起无限期搁置，此后未见复工报道,全球普查底表 · NI-060 · 总表第61行,library/global-register.csv
GL061,Nonoc Nickel Refinery (Marinduque Mining & Industrial Corp.); revival attempted by Philnico Industrial Corporation (PIC) 诺诺克岛镍精炼厂（马林杜克矿业公司建；后由Philnico公司尝试复产改造）,1974,投产,开始生产（底表投产年）,诺诺克岛镍精炼厂（马林杜克矿业公司建；后由Philnico公司尝试复产改造）的底表投产年份；试产、商业投产及前身设施的区分见历史正文。,全球普查底表 · NI-061 · 总表第62行,library/global-register.csv
GL061,Nonoc Nickel Refinery (Marinduque Mining & Industrial Corp.); revival attempted by Philnico Industrial Corporation (PIC) 诺诺克岛镍精炼厂（马林杜克矿业公司建；后由Philnico公司尝试复产改造）,2012,运营变化,永久关闭,1986年3月永久关闭。直接原因是1984年债务违约被债权银行查封；深层原因是Caron氨浸工艺技术落后、能耗高、经济性差，叠加当时镍价低迷。1996年(原Caron工艺)和1998年(PAL工艺)两轮可行性研究均未能促成实际复产，2000年后再无实质性进展报道，工厂长期废弃。,全球普查底表 · NI-061 · 总表第62行,library/global-register.csv
MHP045,Coral Bay Nickel Corporation (CBNC) 珊瑚湾镍业,2005,投产,开始生产（底表投产年）,科拉尔湾镍业公司的底表投产年份；试产、商业投产及前身设施的区分见历史正文。,全球普查底表 · NI-062 · 总表第63行,library/global-register.csv
MHP045,Coral Bay Nickel Corporation (CBNC) 珊瑚湾镍业,2025,运营变化,在产,底表所列状态起始年；最近核实年份与事件发生年份分别记录。,全球普查底表 · NI-062 · 总表第63行,library/global-register.csv
MHP047,Taganito HPAL Nickel Corporation (THPAL) 塔加尼托高压酸浸项目,2013,投产,开始生产（底表投产年）,塔加尼托HPAL镍业公司的底表投产年份；试产、商业投产及前身设施的区分见历史正文。,全球普查底表 · NI-063 · 总表第64行,library/global-register.csv
MHP047,Taganito HPAL Nickel Corporation (THPAL) 塔加尼托高压酸浸项目,2025,运营变化,在产,底表所列状态起始年；最近核实年份与事件发生年份分别记录。,全球普查底表 · NI-063 · 总表第64行,library/global-register.csv
GL064,Global Ferronickel Holdings (GFNI) Planned HPAL Plant Global Ferronickel Holdings拟建HPAL厂,2024,运营变化,规划中或可研,底表所列状态起始年；最近核实年份与事件发生年份分别记录。,全球普查底表 · NI-064 · 总表第65行,library/global-register.csv
GL065,Nickel Asia Corporation Third HPAL Plant (Pujada Peninsula Project) Nickel Asia第三座HPAL厂（普哈达半岛项目）,2024,运营变化,规划中或可研,底表所列状态起始年；最近核实年份与事件发生年份分别记录。,全球普查底表 · NI-065 · 总表第66行,library/global-register.csv
GL066,Nickel Asia – DMCI Mining Nickel Processing Plant Partnership Nickel Asia与DMCI Mining镍加工厂合作项目,2025,运营变化,规划中或可研,底表所列状态起始年；最近核实年份与事件发生年份分别记录。,全球普查底表 · NI-066 · 总表第67行,library/global-register.csv
GL067,Zambales Ferro-Nickel Plant and Mining Project (Westchinamin Corp.) 三描礼士省镍铁厂及配套矿山项目（Westchinamin公司）,2018,运营变化,不详,底表所列状态起始年；最近核实年份与事件发生年份分别记录。,全球普查底表 · NI-067 · 总表第68行,library/global-register.csv
GL068,Ban Phuc Nickel Mine & Concentrator 版福镍矿及选矿厂,2013,投产,开始生产（底表投产年）,版福镍矿及选矿厂的底表投产年份；试产、商业投产及前身设施的区分见历史正文。,全球普查底表 · NI-068 · 总表第69行,library/global-register.csv
GL068,Ban Phuc Nickel Mine & Concentrator 版福镍矿及选矿厂,2016,运营变化,保养维护(C&M),2016年9月镍价下跌导致收入不足以覆盖运营成本(此前3.5年投资者累计投入超1.36亿美元、产生2.13亿美元收入，但仍难以为继)，转入护养维护状态；此后经Blackstone(2019年)、Xuan Loc Tho(2025年)等新股东多次评估复产，但截至研究时未找到确认已恢复商业化生产的报道,全球普查底表 · NI-068 · 总表第69行,library/global-register.csv
GL069,Ta Khoa Refinery (TKR) 达卡精炼厂（塔科亚精炼厂）,2025,运营变化,规划中或可研,底表所列状态起始年；最近核实年份与事件发生年份分别记录。,全球普查底表 · NI-069 · 总表第70行,library/global-register.csv
MHP037,Ramu NiCo Management (MCC) Limited 瑞木镍钴,2012,投产,开始生产（底表投产年）,拉穆(Ramu)镍钴项目——巴萨穆克(Basamuk)高压酸浸精炼厂的底表投产年份；试产、商业投产及前身设施的区分见历史正文。,全球普查底表 · NI-070 · 总表第71行,library/global-register.csv
MHP037,Ramu NiCo Management (MCC) Limited 瑞木镍钴,2025,运营变化,在产,底表所列状态起始年；最近核实年份与事件发生年份分别记录。,全球普查底表 · NI-070 · 总表第71行,library/global-register.csv
GL071,Pointe Chaleix Smelter 沙莱克斯角(Pointe Chaleix)冶炼厂（新喀里多尼亚第一座镍冶炼厂）,1879,投产,开始生产（底表投产年）,沙莱克斯角(Pointe Chaleix)冶炼厂（新喀里多尼亚第一座镍冶炼厂）的底表投产年份；试产、商业投产及前身设施的区分见历史正文。,全球普查底表 · NI-071 · 总表第72行,library/global-register.csv
GL071,Pointe Chaleix Smelter 沙莱克斯角(Pointe Chaleix)冶炼厂（新喀里多尼亚第一座镍冶炼厂）,1879,运营变化,已拆除,推测因1910年Doniambo厂建成及产能整合而被取代，但具体关闭年份及原因未在本轮检索中查实,全球普查底表 · NI-071 · 总表第72行,library/global-register.csv
GL072,"Ouroué Foundry, Thio 蒂奥乌鲁埃(Ouroué)冶炼厂",1889,投产,开始生产（底表投产年）,蒂奥乌鲁埃(Ouroué)冶炼厂的底表投产年份；试产、商业投产及前身设施的区分见历史正文。,全球普查底表 · NI-072 · 总表第73行,library/global-register.csv
GL072,"Ouroué Foundry, Thio 蒂奥乌鲁埃(Ouroué)冶炼厂",1891,运营变化,已拆除,"存疑;运营时间极短(仅约2年),具体关闭原因本轮检索未能独立核实,推测为技术/经济性问题或产能整合至同期蒂奥其它设施",全球普查底表 · NI-072 · 总表第73行,library/global-register.csv
GL073,Doniambo Smelter (SLN) 多尼安博(Doniambo)冶炼厂,1910,投产,开始生产（底表投产年）,多尼安博(Doniambo)冶炼厂的底表投产年份；试产、商业投产及前身设施的区分见历史正文。,全球普查底表 · NI-073 · 总表第74行,library/global-register.csv
GL073,Doniambo Smelter (SLN) 多尼安博(Doniambo)冶炼厂,2026,运营变化,减产或部分停产,底表所列状态起始年；最近核实年份与事件发生年份分别记录。,全球普查底表 · NI-073 · 总表第74行,library/global-register.csv
GL074,Thio-Mission Foundry 蒂奥教会区(Thio-Mission)冶炼厂,1912,投产,开始生产（底表投产年）,蒂奥教会区(Thio-Mission)冶炼厂的底表投产年份；试产、商业投产及前身设施的区分见历史正文。,全球普查底表 · NI-074 · 总表第75行,library/global-register.csv
GL074,Thio-Mission Foundry 蒂奥教会区(Thio-Mission)冶炼厂,1930,运营变化,已拆除,"存疑;1930年前后关闭恰逢全球经济大萧条及国际镍价暴跌(1929-1931年镍价崩盘,据本普查现有『Doniambo Smelter』记录,该次崩盘导致新喀里多尼亚两家竞争性冶炼企业于1929-1931年间合并),推测蒂奥教会区厂产能因此被整合至努美阿主厂,具体原因本轮检索未能独立核实一手资料",全球普查底表 · NI-074 · 总表第75行,library/global-register.csv
MHP035,Prony Resources New Caledonia SAS 普罗尼戈罗镍钴项目,2010,投产,开始生产（底表投产年）,戈罗(Goro)镍厂（南部工厂，Prony Resources运营）的底表投产年份；试产、商业投产及前身设施的区分见历史正文。,全球普查底表 · NI-075 · 总表第76行,library/global-register.csv
MHP035,Prony Resources New Caledonia SAS 普罗尼戈罗镍钴项目,2026,运营变化,在产,底表所列状态起始年；最近核实年份与事件发生年份分别记录。,全球普查底表 · NI-075 · 总表第76行,library/global-register.csv
GL076,Koniambo Nickel SAS (KNS) Smelter 科尼安博(Koniambo)镍业公司(KNS)冶炼厂,2014,投产,开始生产（底表投产年）,科尼安博(Koniambo)镍业公司(KNS)冶炼厂的底表投产年份；试产、商业投产及前身设施的区分见历史正文。,全球普查底表 · NI-076 · 总表第77行,library/global-register.csv
GL076,Koniambo Nickel SAS (KNS) Smelter 科尼安博(Koniambo)镍业公司(KNS)冶炼厂,2024,运营变化,保养维护(C&M),持续高企的运营成本叠加镍价低迷导致长期亏损（Glencore自2013年以来投入超40亿美元未获盈利），加上新喀里多尼亚2024年骚乱局势恶化，Glencore决定退出并转入保养维护、寻求新的产业合作伙伴,全球普查底表 · NI-076 · 总表第77行,library/global-register.csv
GL077,Hauts Fourneaux de Nouméa (Nouméa Blast Furnaces Co.) 努美阿高炉公司(Hauts Fourneaux de Nouméa),1909,投产,开始生产（底表投产年）,努美阿高炉公司(Hauts Fourneaux de Nouméa)的底表投产年份；试产、商业投产及前身设施的区分见历史正文。,全球普查底表 · NI-077 · 总表第78行,library/global-register.csv
GL077,Hauts Fourneaux de Nouméa (Nouméa Blast Furnaces Co.) 努美阿高炉公司(Hauts Fourneaux de Nouméa),1937,运营变化,永久关闭,1931年7月1日SLN与竞争企业'Calédonia'(推测与本厂存在继承/重组关系，但未100%确证)各出资50%成立合资公司Calédonickel，接管双方工业矿业资产，标志本厂作为独立法人的经营告一段落；1937年2月SLN进一步宣布全面吸收合并Calédonia，终止Calédonickel合资架构，SLN成为全岛唯一采选冶一体化运营商。,全球普查底表 · NI-077 · 总表第78行,library/global-register.csv
GL078,Kwinana Nickel Refinery (incl. Nickel Sulphate Plant) 奎纳纳镍精炼厂（含硫酸镍工厂）,1970,投产,开始生产（底表投产年）,奎纳纳镍精炼厂（含硫酸镍工厂）的底表投产年份；试产、商业投产及前身设施的区分见历史正文。,全球普查底表 · NI-078 · 总表第79行,library/global-register.csv
GL078,Kwinana Nickel Refinery (incl. Nickel Sulphate Plant) 奎纳纳镍精炼厂（含硫酸镍工厂）,2024,运营变化,保养维护(C&M),随整个Nickel West业务于2024年7月11日宣布、10月起暂停：全球镍市场供应过剩、镍价大跌导致经济不可行。2027年2月前复审。,全球普查底表 · NI-078 · 总表第79行,library/global-register.csv
GL079,Kalgoorlie Nickel Smelter 卡尔古利镍冶炼厂,1973,投产,开始生产（底表投产年）,卡尔古利镍冶炼厂的底表投产年份；试产、商业投产及前身设施的区分见历史正文。,全球普查底表 · NI-079 · 总表第80行,library/global-register.csv
GL079,Kalgoorlie Nickel Smelter 卡尔古利镍冶炼厂,2024,运营变化,保养维护(C&M),全球镍市场供应过剩、镍价大跌，导致Nickel West经济上不可行(BHP 2024年7月11日官方声明，预计FY2024 EBITDA亏损约3亿美元)；西澳廉价印尼镍供应冲击也是背景因素。BHP计划2027年2月前完成复审，决定继续暂停/重启/永久关闭/出售。截至2026年8月尚未做最终决定，存在联邦/州政府救助呼声但未获承诺。,全球普查底表 · NI-079 · 总表第80行,library/global-register.csv
GL080,Yabulu Nickel Refinery (Palmer Nickel and Cobalt Refinery) 亚布鲁镍精炼厂（帕尔默镍钴精炼厂）,1974,投产,开始生产（底表投产年）,亚布鲁镍精炼厂（帕尔默镍钴精炼厂）的底表投产年份；试产、商业投产及前身设施的区分见历史正文。,全球普查底表 · NI-080 · 总表第81行,library/global-register.csv
GL080,Yabulu Nickel Refinery (Palmer Nickel and Cobalt Refinery) 亚布鲁镍精炼厂（帕尔默镍钴精炼厂）,2016,运营变化,停产(可复产),2016年镍价低迷导致公司资不抵债（负债达7.71亿澳元），2016年1月大规模裁员并进入自愿托管，4月清算；此后多次宣布复产/出售计划但均未见落实运营的可靠报道,全球普查底表 · NI-080 · 总表第81行,library/global-register.csv
MHP041,Norilsk Nickel Avalon Pty Ltd — Bulong 布隆阿瓦隆历史项目,1998,投产,开始生产（底表投产年）,布隆镍钴项目的底表投产年份；试产、商业投产及前身设施的区分见历史正文。,全球普查底表 · NI-081 · 总表第82行,library/global-register.csv
MHP041,Norilsk Nickel Avalon Pty Ltd — Bulong 布隆阿瓦隆历史项目,2003,运营变化,永久关闭,工艺(源自1950年代古巴Moa Bay加压酸浸工艺)被证明不适应西澳当地矿石条件：矿石镁含量高(约5%)导致硫酸耗量高达每吨矿500公斤，加之矿石品位低(约1%Ni)、粘土矿物特性造成管道石膏结垢堵塞，运营成本失控。2002年债权人托管，2003年停产。此后虽多次易主但均未复产，2014年后未见任何后续报道，故按长期无经营活动列为永久关闭，但需注意部分基础设施据称曾被保留以备未来硫化矿业务使用，并无正式'永久关闭/拆除'的官方声明。,全球普查底表 · NI-081 · 总表第82行,library/global-register.csv
MHP040,Norilsk Nickel Cawse Pty Ltd 考斯历史项目,1999,投产,开始生产（底表投产年）,科斯镍钴项目的底表投产年份；试产、商业投产及前身设施的区分见历史正文。,全球普查底表 · NI-082 · 总表第83行,library/global-register.csv
MHP040,Norilsk Nickel Cawse Pty Ltd 考斯历史项目,2008,运营变化,保养维护(C&M),2008年全球金融危机导致镍价大幅下跌，运营不再经济，进入保养维护。此后历经Norilsk Nickel、Wingstar Investments易主，但均未重新投产，长期处于保养维护状态。,全球普查底表 · NI-082 · 总表第83行,library/global-register.csv
MHP049,Murrin Murrin Operations / Minara Resources 穆林穆林镍钴项目,1999,投产,开始生产（底表投产年）,穆林穆林镍钴项目的底表投产年份；试产、商业投产及前身设施的区分见历史正文。,全球普查底表 · NI-083 · 总表第84行,library/global-register.csv
MHP049,Murrin Murrin Operations / Minara Resources 穆林穆林镍钴项目,2025,运营变化,在产,底表所列状态起始年；最近核实年份与事件发生年份分别记录。,全球普查底表 · NI-083 · 总表第84行,library/global-register.csv
MHP036,Ravensthorpe Nickel Operations (RNO) 雷文斯索普镍业,2008,投产,开始生产（底表投产年）,雷文斯索普镍项目的底表投产年份；试产、商业投产及前身设施的区分见历史正文。,全球普查底表 · NI-084 · 总表第85行,library/global-register.csv
MHP036,Ravensthorpe Nickel Operations (RNO) 雷文斯索普镍业,2024,运营变化,保养维护(C&M),镍价持续低迷、运营成本高企，导致经济性不佳。2024年1月先减少30%采矿人力，4月29日宣布进入保养维护(裁员330人)，7月起矿山停采；处理现有库存矿石预计维持约2年后计划恢复采矿(未见具体复产年份公告)。,全球普查底表 · NI-084 · 总表第85行,library/global-register.csv
GL085,Cobalt Blue Kwinana Cobalt-Nickel Refinery Cobalt Blue Kwinana钴镍精炼厂,2025,运营变化,规划中或可研,底表所列状态起始年；最近核实年份与事件发生年份分别记录。,全球普查底表 · NI-085 · 总表第86行,library/global-register.csv
GL086,Kalgoorlie Nickel Project – Goongarrie Hub 卡尔古利镍项目—贡加里枢纽,2025,运营变化,规划中或可研,底表所列状态起始年；最近核实年份与事件发生年份分别记录。,全球普查底表 · NI-086 · 总表第87行,library/global-register.csv
GL087,Kalgoorlie pCAM Battery Materials Hub (Poseidon Nickel / Pure Battery Technologies) 卡尔古利前驱体正极材料(pCAM)电池材料枢纽,2023,运营变化,不详,2023年5月，联邦工业、科学与资源部以'项目合作方与政府时间表不一致'为由终止与PBT的关键资助(1.196亿澳元MMI资助)谈判，PBT失去这笔资金支持。此后未找到任何公开的项目最新进展报道，很可能已实质性停滞，但未见正式取消/终止声明，故状态标记为'不详'而非'项目中止(未建成)'，供撰写者进一步核实2024-2026年是否有更新。,全球普查底表 · NI-087 · 总表第88行,library/global-register.csv
GL088,Kwinana Integrated Battery Material Facility (IGO / Wyloo Downstream Nickel Project) 奎纳纳一体化电池材料设施(IGO/Wyloo下游镍项目),2024,运营变化,项目中止(未建成),2023-24年镍价大幅下跌(较峰值跌约40%，主因印尼供应冲击)，导致IGO自有Cosmos镍矿于2024年1月进入保养维护(原料来源萎缩)，Wyloo旗下Kambalda(Cassini、北部矿区)镍矿也于2024年5-6月间关闭。据Sound Telegraph(2024年7月)报道，IGO与Wyloo已'因市场环境'搁置了Kwinana加工厂计划；同期Wyloo将其加拿大首座下游电池材料厂选址在安大略萨德伯里而非西澳，进一步印证Kwinana项目优先级下降/搁置。注：本研究未找到使用'cancelled'等措辞的官方正式声明，结论部分基于时间线推断。,全球普查底表 · NI-088 · 总表第89行,library/global-register.csv
GL089,NiWest Nickel-Cobalt Project NiWest镍钴项目,2026,运营变化,规划中或可研,底表所列状态起始年；最近核实年份与事件发生年份分别记录。,全球普查底表 · NI-089 · 总表第90行,library/global-register.csv
GL090,Sconi Cobalt-Nickel-Scandium Project 斯科尼(Sconi)钴镍钪项目,2023,运营变化,规划中或可研,底表所列状态起始年；最近核实年份与事件发生年份分别记录。,全球普查底表 · NI-090 · 总表第91行,library/global-register.csv
GL091,Sunrise Nickel-Cobalt Project (formerly Clean TeQ Sunrise) 日出(Sunrise)镍钴项目（原Clean TeQ Sunrise项目，与Syerston钪项目同一矿区）,2026,运营变化,规划中或可研,底表所列状态起始年；最近核实年份与事件发生年份分别记录。,全球普查底表 · NI-091 · 总表第92行,library/global-register.csv
GL092,TECH Project (Townsville Energy Chemicals Hub) 昆士兰太平洋金属公司(QPM) TECH项目（汤斯维尔能源化工枢纽）,2025,运营变化,规划中或可研,底表所列状态起始年；最近核实年份与事件发生年份分别记录。,全球普查底表 · NI-092 · 总表第93行,library/global-register.csv
GL093,Wingellina Nickel-Cobalt Project (Central Musgrave Project) 温杰利纳(中马斯格雷夫)镍钴项目,2024,运营变化,规划中或可研,底表所列状态起始年；最近核实年份与事件发生年份分别记录。,全球普查底表 · NI-093 · 总表第94行,library/global-register.csv
GL094,"Canadian Copper Company Copper Cliff Smelter (1888 original plant) 加拿大铜业公司科珀克利夫冶炼厂(1888年原始厂,萨德伯里首座冶炼厂)",1888,投产,开始生产（底表投产年）,"加拿大铜业公司科珀克利夫冶炼厂(1888年原始厂,萨德伯里首座冶炼厂)的底表投产年份；试产、商业投产及前身设施的区分见历史正文。",全球普查底表 · NI-094 · 总表第95行,library/global-register.csv
GL094,"Canadian Copper Company Copper Cliff Smelter (1888 original plant) 加拿大铜业公司科珀克利夫冶炼厂(1888年原始厂,萨德伯里首座冶炼厂)",1902,运营变化,已拆除,"1902年加拿大铜业公司、奥福德铜业公司与美国镍业公司合并组建国际镍公司(INCO)后,原始19世纪厂房设备历经INCO及后续Vale历代技术改造与重建(如1948-1963年运营的烧结厂、历次现代化熔炼技术更新等),1888年原始设施本身已不复存在;本记录状态年份(1902)仅标志加拿大铜业公司作为独立企业实体及其原始技术阶段的终结,厂址物理生产活动并未真正中断,而是由后继者(INCO、Vale)在同一场地持续经营至今(现状请参见本普查现行『Copper Cliff Smelter Complex』记录)",全球普查底表 · NI-094 · 总表第95行,library/global-register.csv
GL095,Copper Cliff Smelter Complex (Vale Sudbury Complex) 铜崖冶炼厂综合体（萨德伯里）,1888,投产,开始生产（底表投产年）,铜崖冶炼厂综合体（萨德伯里）的底表投产年份；试产、商业投产及前身设施的区分见历史正文。,全球普查底表 · NI-095 · 总表第96行,library/global-register.csv
GL095,Copper Cliff Smelter Complex (Vale Sudbury Complex) 铜崖冶炼厂综合体（萨德伯里）,2026,运营变化,在产,底表所列状态起始年；最近核实年份与事件发生年份分别记录。,全球普查底表 · NI-095 · 总表第96行,library/global-register.csv
GL096,Mond Nickel Company Victoria Mines Smelter 蒙德镍业公司维多利亚矿区冶炼厂,1901,投产,开始生产（底表投产年）,蒙德镍业公司维多利亚矿区冶炼厂的底表投产年份；试产、商业投产及前身设施的区分见历史正文。,全球普查底表 · NI-096 · 总表第97行,library/global-register.csv
GL096,Mond Nickel Company Victoria Mines Smelter 蒙德镍业公司维多利亚矿区冶炼厂,1913,运营变化,已拆除,"加尔森(Garson)矿产量超过维多利亚矿,冶炼厂选址距新主力矿区过远,蒙德镍业公司决定在科尼斯顿新建冶炼厂承接产能;维多利亚矿区厂大部分建筑物被拆除并迁至科尼斯顿或沃辛顿(Worthington)",全球普查底表 · NI-096 · 总表第97行,library/global-register.csv
GL097,Deloro Smelting and Refining Company 德洛罗冶炼精炼公司（钴/银/砷为主，镍为伴生，存疑收录）,1906,投产,开始生产（底表投产年）,德洛罗冶炼精炼公司（钴/银/砷为主，镍为伴生，存疑收录）的底表投产年份；试产、商业投产及前身设施的区分见历史正文。,全球普查底表 · NI-097 · 总表第98行,library/global-register.csv
GL097,Deloro Smelting and Refining Company 德洛罗冶炼精炼公司（钴/银/砷为主，镍为伴生，存疑收录）,1961,运营变化,已拆除,1956年主营的司太立特合金业务迁往Belleville后，Deloro厂区业务萎缩，1961年3月关闭。,全球普查底表 · NI-097 · 总表第98行,library/global-register.csv
GL098,Coniston Smelter 科尼斯顿冶炼厂,1913,投产,开始生产（底表投产年）,科尼斯顿冶炼厂的底表投产年份；试产、商业投产及前身设施的区分见历史正文。,全球普查底表 · NI-098 · 总表第99行,library/global-register.csv
GL098,Coniston Smelter 科尼斯顿冶炼厂,1976,运营变化,已拆除,1972年1月28日Inco宣布因安大略省政府环保排放限制趋严、且老厂效率低于Copper Cliff新厂而关闭；1972年4月16日完成末班生产。厂区曾作为'备用'冶炼厂保留一段时间，1976年被拆除，部分建筑(更衣室、办公室、动力房、1954/1959年烟囱、仓库等)被保留改造为工业园区。,全球普查底表 · NI-098 · 总表第99行,library/global-register.csv
GL099,"British America Nickel Corporation – Deschênes, Quebec Hybinette Refinery 英美镍业公司魁北克德申海宾内特法精炼厂",1916,投产,开始生产（底表投产年）,英美镍业公司魁北克德申海宾内特法精炼厂的底表投产年份；试产、商业投产及前身设施的区分见历史正文。,全球普查底表 · NI-099 · 总表第100行,library/global-register.csv
GL099,"British America Nickel Corporation – Deschênes, Quebec Hybinette Refinery 英美镍业公司魁北克德申海宾内特法精炼厂",1923,运营变化,已拆除,"1923年加拿大总理麦肯齐·金下令关闭该厂,具体政策/经济原因来源未详述(推测与一战后镍价下跌、公司经营困难及国防/产业政策调整有关);翌年母公司清盘,厂房废墟保留至1985年被清除",全球普查底表 · NI-099 · 总表第100行,library/global-register.csv
GL100,Port Colborne Nickel Refinery 科尔本港镍精炼厂,1918,投产,开始生产（底表投产年）,科尔本港镍精炼厂的底表投产年份；试产、商业投产及前身设施的区分见历史正文。,全球普查底表 · NI-100 · 总表第101行,library/global-register.csv
GL100,Port Colborne Nickel Refinery 科尔本港镍精炼厂,1984,运营变化,减产或部分停产,多来源存在矛盾：一说'电解精炼于1984年停止'(Smith v. Inco判例文书称'in commission between 1918-1984')。本轮通过Vale官方现役业务页面(valebasemetals.com、vale.com)独立核实2024-2026年该厂当前业务范围，两份官网现均只描述该厂从事：电积钴(electro-cobalt)生产、贵金属及微量金属加工处理、以及镍'成品'的制造/包装/分销——均未提及任何形式的原生电解镍精炼或电积镍生产。这一现状描述与'电解镍精炼已于1984年停止'的判例记载相互印证，支持'该厂已从原生电解镍精炼转型为钴/贵金属精炼+镍产品加工分销'这一结论；但官网本身未直接给出转型的具体年份，故'1984年'仍为间接推断而非官网自证，两类信息未能完全调和，仍建议标注为'较大概率成立但未100%确证'。,全球普查底表 · NI-100 · 总表第101行,library/global-register.csv
GL101,British America Nickel Corporation – Nickelton Smelter 英美镍业公司镍尔顿(Nickelton)冶炼厂(默里矿区),1920,投产,开始生产（底表投产年）,英美镍业公司镍尔顿(Nickelton)冶炼厂(默里矿区)的底表投产年份；试产、商业投产及前身设施的区分见历史正文。,全球普查底表 · NI-101 · 总表第102行,library/global-register.csv
GL101,British America Nickel Corporation – Nickelton Smelter 英美镍业公司镍尔顿(Nickelton)冶炼厂(默里矿区),1924,运营变化,已拆除,"一战结束后国际镍价大幅下跌,英美镍业公司难以与国际镍公司(INCO)、蒙德镍业公司竞争,1924年7月公司清盘解散",全球普查底表 · NI-101 · 总表第102行,library/global-register.csv
GL102,Sudbury Smelter (Falconbridge / Glencore Sudbury Integrated Nickel Operations) 萨德伯里冶炼厂（原Falconbridge，现Glencore萨德伯里一体化镍业务）,1930,投产,开始生产（底表投产年）,萨德伯里冶炼厂（原Falconbridge，现Glencore萨德伯里一体化镍业务）的底表投产年份；试产、商业投产及前身设施的区分见历史正文。,全球普查底表 · NI-102 · 总表第103行,library/global-register.csv
GL102,Sudbury Smelter (Falconbridge / Glencore Sudbury Integrated Nickel Operations) 萨德伯里冶炼厂（原Falconbridge，现Glencore萨德伯里一体化镍业务）,2026,运营变化,在产,底表所列状态起始年；最近核实年份与事件发生年份分别记录。,全球普查底表 · NI-102 · 总表第103行,library/global-register.csv
GL103,Sherritt Fort Saskatchewan Metals Processing Plant 谢里特堡萨斯喀彻温精炼厂,1954,投产,开始生产（底表投产年）,谢里特堡萨斯喀彻温精炼厂的底表投产年份；试产、商业投产及前身设施的区分见历史正文。,全球普查底表 · NI-103 · 总表第104行,library/global-register.csv
GL103,Sherritt Fort Saskatchewan Metals Processing Plant 谢里特堡萨斯喀彻温精炼厂,2026,运营变化,停产(可复产),根本原因是原料链断裂：2026年2月古巴Moa因燃料短缺已暂停部分采选活动；2026年5月7日美国行政令扩大对古巴制裁后，Sherritt宣布暂停在Moa和Energas合资企业的直接参与；随着库存混合硫化物于2026年6月中旬耗尽，Fort Saskatchewan炼厂于2026年6月22日停止镍钴精炼生产。公司表示将保留人员和设施'安全稳定状态'，待Moa采选恢复、原料管道重建后择机复产，但未给出具体复产时间表。停产期间厂区继续利用现有装置对外销售化肥和硫酸维持部分现金流。,全球普查底表 · NI-103 · 总表第104行,library/global-register.csv
GL104,Thompson Refinery 汤普森精炼厂,1961,投产,开始生产（底表投产年）,汤普森精炼厂的底表投产年份；试产、商业投产及前身设施的区分见历史正文。,全球普查底表 · NI-104 · 总表第105行,library/global-register.csv
GL104,Thompson Refinery 汤普森精炼厂,2018,运营变化,永久关闭,与同址冶炼厂同步于2018年关闭，原因相同(设施老旧、环保改造成本高、集团加工网络整合至萨德伯里/Long Harbour)。,全球普查底表 · NI-104 · 总表第105行,library/global-register.csv
GL105,Thompson Smelter 汤普森冶炼厂,1961,投产,开始生产（底表投产年）,汤普森冶炼厂的底表投产年份；试产、商业投产及前身设施的区分见历史正文。,全球普查底表 · NI-105 · 总表第106行,library/global-register.csv
GL105,Thompson Smelter 汤普森冶炼厂,2018,运营变化,永久关闭,Vale于2015年宣布计划关闭汤普森冶炼和精炼环节(仅保留采选)；据USGS Minerals Yearbook记载，因加拿大新颁布的SO2排放法规，Vale已于2017年关闭厂内第一台熔炼炉，并计划于2018年下半年关闭剩余熔炼/精炼产能，2018年正式全面停产；官方及媒体报道原因主要为该冶炼/精炼设施老旧、环保合规(SO2新规)成本过高、以及Vale集团调整加工网络(改为将精矿外运至萨德伯里和纽芬兰Long Harbour加工)。,全球普查底表 · NI-105 · 总表第106行,library/global-register.csv
GL106,Copper Cliff Nickel Refinery (CCNR) 铜崖镍精炼厂（羰基法）,1973,投产,开始生产（底表投产年）,铜崖镍精炼厂（羰基法）的底表投产年份；试产、商业投产及前身设施的区分见历史正文。,全球普查底表 · NI-106 · 总表第107行,library/global-register.csv
GL106,Copper Cliff Nickel Refinery (CCNR) 铜崖镍精炼厂（羰基法）,2026,运营变化,在产,底表所列状态起始年；最近核实年份与事件发生年份分别记录。,全球普查底表 · NI-106 · 总表第107行,library/global-register.csv
GL107,Long Harbour Processing Plant 朗哈伯（长港）湿法冶炼厂,2014,投产,开始生产（底表投产年）,朗哈伯（长港）湿法冶炼厂的底表投产年份；试产、商业投产及前身设施的区分见历史正文。,全球普查底表 · NI-107 · 总表第108行,library/global-register.csv
GL107,Long Harbour Processing Plant 朗哈伯（长港）湿法冶炼厂,2026,运营变化,在产,底表所列状态起始年；最近核实年份与事件发生年份分别记录。,全球普查底表 · NI-107 · 总表第108行,library/global-register.csv
GL108,Argentia Hydrometallurgical Demonstration/Commercial Plant (proposed; superseded by Long Harbour) 阿金夏（阿真蒂亚）湿法冶炼示范/商业化项目（未按原计划建成，后被Long Harbour取代）,2003,运营变化,项目中止(未建成),该商业规模方案(闪速熔炼+MCLE氯浸电积法)因故未按1996年原设计建成；2000年代初已缩减为示范装置方案，最终该示范方案本身似乎也未继续推进(2003年后USGS Minerals Yearbook不再提及)，纽芬兰与拉布拉多省转而与Vale谈判达成在Long Harbour建设全尺寸商业水冶厂的协议(2008年宣布，2014年投产)，Argentia方案被彻底取代。,全球普查底表 · NI-108 · 总表第109行,library/global-register.csv
GL109,Crawford Nickel-Cobalt Project & NetZero Metals Downstream Processing (planned) 克劳福德镍钴项目及NetZero Metals下游加工厂（规划中）,2026,运营变化,规划中或可研,底表所列状态起始年；最近核实年份与事件发生年份分别记录。,全球普查底表 · NI-109 · 总表第110行,library/global-register.csv
GL110,"American Nickel Works, Camden, New Jersey 美国镍业公司(卡姆登镍厂，约瑟夫·沃顿创办)",1863,投产,开始生产（底表投产年）,美国镍业公司(卡姆登镍厂，约瑟夫·沃顿创办)的底表投产年份；试产、商业投产及前身设施的区分见历史正文。,全球普查底表 · NI-110 · 总表第111行,library/global-register.csv
GL110,"American Nickel Works, Camden, New Jersey 美国镍业公司(卡姆登镍厂，约瑟夫·沃顿创办)",1905,运营变化,永久关闭,"1902年参与组建国际镍公司(INCO);1905年美国镍业公司正式并入奥福德铜业公司(Orford Copper Company),独立品牌与经营主体不再存续",全球普查底表 · NI-110 · 总表第111行,library/global-register.csv
GL111,"Orford Copper Company Refinery (Constable Hook, Bayonne, NJ) 奥福德铜业公司炼厂（新泽西州贝永市）",1892,投产,开始生产（底表投产年）,奥福德铜业公司炼厂（新泽西州贝永市）的底表投产年份；试产、商业投产及前身设施的区分见历史正文。,全球普查底表 · NI-111 · 总表第112行,library/global-register.csv
GL111,"Orford Copper Company Refinery (Constable Hook, Bayonne, NJ) 奥福德铜业公司炼厂（新泽西州贝永市）",1922,运营变化,永久关闭,1918年加拿大Port Colborne电解精炼厂建成后，出于产业本土化(避免一战式对美依赖的重演)及成本考虑，Inco决定将电解镍生产集中至加拿大，1922年正式关闭Bayonne(Orford)炼厂。,全球普查底表 · NI-111 · 总表第112行,library/global-register.csv
GL112,"Hanna Nickel Smelting Co. / Glenbrook Nickel Co. Smelter (Riddle, Oregon / Nickel Mountain) 汉纳镍冶炼公司/格伦布鲁克镍业公司里德尔冶炼厂（俄勒冈州镍山）",1954,投产,开始生产（底表投产年）,汉纳镍冶炼公司/格伦布鲁克镍业公司里德尔冶炼厂（俄勒冈州镍山）的底表投产年份；试产、商业投产及前身设施的区分见历史正文。,全球普查底表 · NI-112 · 总表第113行,library/global-register.csv
GL112,"Hanna Nickel Smelting Co. / Glenbrook Nickel Co. Smelter (Riddle, Oregon / Nickel Mountain) 汉纳镍冶炼公司/格伦布鲁克镍业公司里德尔冶炼厂（俄勒冈州镍山）",1998,运营变化,永久关闭,1987年首次关闭：红土矿资源枯竭及经济性下降。Glenbrook Nickel Co.其后收购该矿点(所有权登记年份，据Western Mining History为1992年；此前记录采用1990年，两者并列保留)，以消化约600万短吨库存低品位矿石为主。经本轮再次检索，1998年最终关闭年份(核查清单曾提示)仍未获得独立可核实来源确认，continues to be一个明确研究缺口——本研究未能推翻也未能证实这一年份，故按任务要求'两者皆保留'处理：一说该厂1998年前后最终停产(业内常见引用但缺乏一手来源)，另一说其停产时间与Glenbrook的矿石消化周期相关、未见明确终止年份的官方记录。,全球普查底表 · NI-112 · 总表第113行,library/global-register.csv
GL113,Westwin Elements Lawton Nickel-Cobalt Refinery (Pilot/Demonstration Plant) 西温元素公司劳顿镍钴精炼厂（中试/示范装置）,2024,投产,开始生产（底表投产年）,西温元素公司劳顿镍钴精炼厂（中试/示范装置）的底表投产年份；试产、商业投产及前身设施的区分见历史正文。,全球普查底表 · NI-113 · 总表第114行,library/global-register.csv
GL113,Westwin Elements Lawton Nickel-Cobalt Refinery (Pilot/Demonstration Plant) 西温元素公司劳顿镍钴精炼厂（中试/示范装置）,2026,运营变化,在产,底表所列状态起始年；最近核实年份与事件发生年份分别记录。,全球普查底表 · NI-113 · 总表第114行,library/global-register.csv
GL114,Electra Battery Materials Nickel Sulphate Refinery (proposed) Electra电池材料公司硫酸镍精炼厂（拟建）,2026,运营变化,规划中或可研,底表所列状态起始年；最近核实年份与事件发生年份分别记录。,全球普查底表 · NI-114 · 总表第115行,library/global-register.csv
GL115,Missouri Cobalt / US Strategic Metals Battery Active Materials Plant 密苏里钴业/美国战略金属公司电池活性材料厂（含镍）,2026,运营变化,在建,底表所列状态起始年；最近核实年份与事件发生年份分别记录。,全球普查底表 · NI-115 · 总表第116行,library/global-register.csv
GL116,NorthMet Project Hydrometallurgical Plant (PolyMet / NewRange Copper Nickel) 北金属(NorthMet)项目湿法冶炼厂（PolyMet/新域铜镍，规划中）,2025,运营变化,规划中或可研,底表所列状态起始年；最近核实年份与事件发生年份分别记录。,全球普查底表 · NI-116 · 总表第117行,library/global-register.csv
GL117,Precision Periodic Central Florida Nickel-Cobalt-Manganese Refinery (proposed) Precision Periodic佛罗里达中部镍钴锰精炼厂（拟建）,2026,运营变化,规划中或可研,底表所列状态起始年；最近核实年份与事件发生年份分别记录。,全球普查底表 · NI-117 · 总表第118行,library/global-register.csv
GL118,Stillwater/Sibanye-Stillwater Columbus Base Metal Refinery (PGM by-product nickel) 斯蒂尔沃特/西班牙优山比耶-斯蒂尔沃特哥伦布贱金属精炼厂（铂族金属副产镍）,2026,运营变化,减产或部分停产,底表所列状态起始年；最近核实年份与事件发生年份分别记录。,全球普查底表 · NI-118 · 总表第119行,library/global-register.csv
GL119,"Talon Metals Beulah Minerals Processing Facility (Tamarack Project processing plant, North Dakota) — CANCELLED 塔隆金属公司北达科他州比尤拉矿物加工厂（塔马拉克项目配套设施，已放弃）",2026,运营变化,项目中止(未建成),2026年9月Talon宣布转而利用其2026年1月从Lundin Mining收购的密歇根州Humboldt Mill(原Eagle矿选矿厂)现有基础设施加工Tamarack矿石，以'大幅降低前期资本开支和融资需求'，故放弃在北达科他州新建独立加工厂的原计划；公司称将于2026年底完成利用Humboldt Mill方案的可行性研究，原1.148亿美元DOE拨款能否转用于Humboldt方案尚存不确定性。,全球普查底表 · NI-119 · 总表第120行,library/global-register.csv
GL120,Westwin Elements Bryan County Nickel Refinery (proposed) 西温元素公司佐治亚州布莱恩县镍精炼厂（拟议中）,2026,运营变化,规划中或可研,底表所列状态起始年；最近核实年份与事件发生年份分别记录。,全球普查底表 · NI-120 · 总表第121行,library/global-register.csv
GL121,"Fenix Nickel Project (Pronico ferronickel plant / CGN mine, formerly Exmibal/Inco) 菲尼克斯镍项目（普罗尼科镍铁厂，原EXMIBAL/Inco矿）",1977,投产,开始生产（底表投产年）,菲尼克斯镍项目（普罗尼科镍铁厂，原EXMIBAL/Inco矿）的底表投产年份；试产、商业投产及前身设施的区分见历史正文。,全球普查底表 · NI-121 · 总表第122行,library/global-register.csv
GL121,"Fenix Nickel Project (Pronico ferronickel plant / CGN mine, formerly Exmibal/Inco) 菲尼克斯镍项目（普罗尼科镍铁厂，原EXMIBAL/Inco矿）",2026,运营变化,在产,底表所列状态起始年；最近核实年份与事件发生年份分别记录。,全球普查底表 · NI-121 · 总表第122行,library/global-register.csv
GL122,Nicaro Nickel Plant (Comandante René Ramos Latour) 尼卡罗镍厂（雷内·拉莫斯·拉图尔镍厂）,1943,投产,开始生产（底表投产年）,尼卡罗镍厂（雷内·拉莫斯·拉图尔镍厂）的底表投产年份；试产、商业投产及前身设施的区分见历史正文。,全球普查底表 · NI-122 · 总表第123行,library/global-register.csv
GL122,Nicaro Nickel Plant (Comandante René Ramos Latour) 尼卡罗镍厂（雷内·拉莫斯·拉图尔镍厂）,2012,运营变化,永久关闭,设备老化、能耗过高、经济性差；运营超70年后于2012年底关闭,全球普查底表 · NI-122 · 总表第123行,library/global-register.csv
GL123,Moa Nickel S.A. – Pedro Sotto Alba Plant 莫阿镍厂（佩德罗·索托·阿尔瓦厂）,1959,投产,开始生产（底表投产年）,莫阿镍厂（佩德罗·索托·阿尔瓦厂）的底表投产年份；试产、商业投产及前身设施的区分见历史正文。,全球普查底表 · NI-123 · 总表第124行,library/global-register.csv
GL123,Moa Nickel S.A. – Pedro Sotto Alba Plant 莫阿镍厂（佩德罗·索托·阿尔瓦厂）,2026,运营变化,停产(可复产),底表所列状态起始年；最近核实年份与事件发生年份分别记录。,全球普查底表 · NI-123 · 总表第124行,library/global-register.csv
GL124,Ernesto Che Guevara Nickel Plant (Punta Gorda) 蓬塔戈尔达镍厂（切·格瓦拉镍厂）,1986,投产,开始生产（底表投产年）,蓬塔戈尔达镍厂（切·格瓦拉镍厂）的底表投产年份；试产、商业投产及前身设施的区分见历史正文。,全球普查底表 · NI-124 · 总表第125行,library/global-register.csv
GL124,Ernesto Che Guevara Nickel Plant (Punta Gorda) 蓬塔戈尔达镍厂（切·格瓦拉镍厂）,2026,运营变化,减产或部分停产,底表所列状态起始年；最近核实年份与事件发生年份分别记录。,全球普查底表 · NI-124 · 总表第125行,library/global-register.csv
GL125,"Las Camariocas Plant (Comandante Camilo Cienfuegos, unfinished) 拉斯卡马里奥卡斯镍厂（卡米洛·西恩富戈斯镍厂，未完工）",2005,运营变化,项目中止(未建成),苏联解体导致原始建设资金中断；2004年中国五矿合资改造计划亦未完工（具体终止原因及是否正式终止未见披露）,全球普查底表 · NI-125 · 总表第126行,library/global-register.csv
GL126,San Felipe Nickel Project (planned) 圣费利佩镍项目（规划，卡马圭省）,2005,运营变化,不详,底表所列状态起始年；最近核实年份与事件发生年份分别记录。,全球普查底表 · NI-126 · 总表第127行,library/global-register.csv
GL127,Cerro Matoso Ferronickel Mine and Smelter 塞罗马托索镍铁厂,1982,投产,开始生产（底表投产年）,塞罗马托索镍铁厂的底表投产年份；试产、商业投产及前身设施的区分见历史正文。,全球普查底表 · NI-127 · 总表第128行,library/global-register.csv
GL127,Cerro Matoso Ferronickel Mine and Smelter 塞罗马托索镍铁厂,2026,运营变化,减产或部分停产,底表所列状态起始年；最近核实年份与事件发生年份分别记录。,全球普查底表 · NI-127 · 总表第128行,library/global-register.csv
GL128,Falcondo (Falconbridge Dominicana) Ferronickel Plant 法尔康多镍铁厂（博纳奥）,1971,投产,开始生产（底表投产年）,法尔康多镍铁厂（博纳奥）的底表投产年份；试产、商业投产及前身设施的区分见历史正文。,全球普查底表 · NI-128 · 总表第129行,library/global-register.csv
GL128,Falcondo (Falconbridge Dominicana) Ferronickel Plant 法尔康多镍铁厂（博纳奥）,2023,运营变化,停产(可复产),2023年骤然停产，具体直接诱因未在信源中明确说明（推测与长期镍价低迷、企业财务/破产程序相关），目前处于破产清算及劳资遣散费追讨程序中,全球普查底表 · NI-128 · 总表第129行,library/global-register.csv
GL129,Loma de Níquel Ferronickel Plant 洛马德尼克尔镍铁厂,2000,投产,开始生产（底表投产年）,洛马德尼克尔镍铁厂的底表投产年份；试产、商业投产及前身设施的区分见历史正文。,全球普查底表 · NI-129 · 总表第130行,library/global-register.csv
GL129,Loma de Níquel Ferronickel Plant 洛马德尼克尔镍铁厂,2015,运营变化,停产(可复产),2015年9月停产，具体直接原因未在信源中充分说明（委内瑞拉经济危机、外汇管制、国有化后管理问题等因素可能相关，但未见确切归因表述）,全球普查底表 · NI-129 · 总表第130行,library/global-register.csv
GL130,Morro do Níquel Plant 莫罗-多-尼克尔镍厂,1966,投产,开始生产（底表投产年）,莫罗-多-尼克尔镍厂的底表投产年份；试产、商业投产及前身设施的区分见历史正文。,全球普查底表 · NI-130 · 总表第131行,library/global-register.csv
GL130,Morro do Níquel Plant 莫罗-多-尼克尔镍厂,1998,运营变化,永久关闭,未在信源中明确说明具体关闭原因,全球普查底表 · NI-130 · 总表第131行,library/global-register.csv
GL131,Companhia Níquel Tocantins (CNT) Caron Plant 托坎廷斯镍公司（尼克兰迪亚Caron氨浸厂）,1981,投产,开始生产（底表投产年）,托坎廷斯镍公司（尼克兰迪亚Caron氨浸厂）的底表投产年份；试产、商业投产及前身设施的区分见历史正文。,全球普查底表 · NI-131 · 总表第132行,library/global-register.csv
GL131,Companhia Níquel Tocantins (CNT) Caron Plant 托坎廷斯镍公司（尼克兰迪亚Caron氨浸厂）,2016,运营变化,永久关闭,2015年镍价年内下跌约40%，公司评估各情景均不具备中短期经济可行性；2016年2月1日起停止尼克兰迪亚端采矿，5月起停止选矿及圣保罗端精炼作业，直接裁员约800人（不含分包商）,全球普查底表 · NI-131 · 总表第132行,library/global-register.csv
GL132,Codemin Ferronickel Plant (Niquelândia) 科德明镍铁厂（尼克兰迪亚）,1982,投产,开始生产（底表投产年）,科德明镍铁厂（尼克兰迪亚）的底表投产年份；试产、商业投产及前身设施的区分见历史正文。,全球普查底表 · NI-132 · 总表第133行,library/global-register.csv
GL132,Codemin Ferronickel Plant (Niquelândia) 科德明镍铁厂（尼克兰迪亚）,2026,运营变化,在产,底表所列状态起始年；最近核实年份与事件发生年份分别记录。,全球普查底表 · NI-132 · 总表第133行,library/global-register.csv
GL133,Mineração Serra da Fortaleza (Fortaleza de Minas Nickel Matte Smelter) 福塔莱萨-德米纳斯镍厂（塞拉福塔莱萨矿业）,1997,投产,开始生产（底表投产年）,福塔莱萨-德米纳斯镍厂（塞拉福塔莱萨矿业）的底表投产年份；试产、商业投产及前身设施的区分见历史正文。,全球普查底表 · NI-133 · 总表第134行,library/global-register.csv
GL133,Mineração Serra da Fortaleza (Fortaleza de Minas Nickel Matte Smelter) 福塔莱萨-德米纳斯镍厂（塞拉福塔莱萨矿业）,2013,运营变化,永久关闭,2013年镍价暴跌，公司评估各情景均不具备短中期经济可行性，宣布不可抗力并全面停产,全球普查底表 · NI-133 · 总表第134行,library/global-register.csv
GL134,Barro Alto Ferronickel Plant 巴罗阿尔托镍铁厂,2011,投产,开始生产（底表投产年）,巴罗阿尔托镍铁厂的底表投产年份；试产、商业投产及前身设施的区分见历史正文。,全球普查底表 · NI-134 · 总表第135行,library/global-register.csv
GL134,Barro Alto Ferronickel Plant 巴罗阿尔托镍铁厂,2026,运营变化,在产,底表所列状态起始年；最近核实年份与事件发生年份分别记录。,全球普查底表 · NI-134 · 总表第135行,library/global-register.csv
GL135,Onça Puma Ferronickel Plant 翁萨普马镍铁厂,2011,投产,开始生产（底表投产年）,翁萨普马镍铁厂的底表投产年份；试产、商业投产及前身设施的区分见历史正文。,全球普查底表 · NI-135 · 总表第136行,library/global-register.csv
GL135,Onça Puma Ferronickel Plant 翁萨普马镍铁厂,2025,运营变化,在产,底表所列状态起始年；最近核实年份与事件发生年份分别记录。,全球普查底表 · NI-135 · 总表第136行,library/global-register.csv
GL136,Araguaia Ferronickel Project (Horizonte Minerals) 阿拉瓜亚镍铁项目,2024,运营变化,保养维护(C&M),2024年4月融资失败（接触150余方潜在投资者未果），资本开支较原预算上涨约87%（5.37亿→10亿美元），管理层认为印尼镍供应格局下市场对镍铁行业复苏缺乏信心,全球普查底表 · NI-136 · 总表第137行,library/global-register.csv
MHP043,Piauí Níquel Metais S.A. 皮奥伊镍项目,2026,运营变化,规划中或可研,底表所列状态起始年；最近核实年份与事件发生年份分别记录。,全球普查底表 · NI-137 · 总表第138行,library/global-register.csv
GL138,São Miguel Paulista Electrolytic Nickel Refinery 圣米格尔保利斯塔电解镍精炼厂,2016,运营变化,停产(可复产),随原料供应厂CNT厂（尼克兰迪亚）因镍价暴跌转入保养维护/停产而同步停运（USGS给出2015年版即已停产，巴西本地媒体给出2016年5月停产，两口径均列出）,全球普查底表 · NI-138 · 总表第139行,library/global-register.csv
GL139,Vermelho Nickel-Cobalt Project (Horizonte Minerals) 维尔梅柳镍钴项目,2024,运营变化,项目中止(未建成),底表所列状态起始年；最近核实年份与事件发生年份分别记录。,全球普查底表 · NI-139 · 总表第140行,library/global-register.csv
GL140,Impala Refining Services Base Metals Refinery (Springs) 英帕拉铂业斯普林斯贱金属精炼厂,1974,投产,开始生产（底表投产年）,英帕拉铂业斯普林斯贱金属精炼厂的底表投产年份；试产、商业投产及前身设施的区分见历史正文。,全球普查底表 · NI-140 · 总表第141行,library/global-register.csv
GL140,Impala Refining Services Base Metals Refinery (Springs) 英帕拉铂业斯普林斯贱金属精炼厂,2025,运营变化,在产,底表所列状态起始年；最近核实年份与事件发生年份分别记录。,全球普查底表 · NI-140 · 总表第141行,library/global-register.csv
GL141,Nkomati Nickel Mine (MMZ & PCMZ concentrators) 恩科马蒂镍矿选矿厂,1998,投产,开始生产（底表投产年）,恩科马蒂镍矿选矿厂的底表投产年份；试产、商业投产及前身设施的区分见历史正文。,全球普查底表 · NI-141 · 总表第142行,library/global-register.csv
GL141,Nkomati Nickel Mine (MMZ & PCMZ concentrators) 恩科马蒂镍矿选矿厂,2021,运营变化,保养维护(C&M),镍价低迷叠加成本上升：地下矿已于2015年停产转入保养维护；2019年8月ARM即已公开宣布拟于2020年9月前将全矿转入保养维护状态(据USGS MYB 2019)；露天矿(MMZ/PCMZ)可采资源采竭，实际已于2021年2月停止露天开采，2021年3月正式转入保养维护状态为关闭做准备(据USGS MYB 2021)，未见2022-2026年间复产报道。,全球普查底表 · NI-141 · 总表第142行,library/global-register.csv
GL142,Northam Platinum Zondereinde Smelter & Base Metals Refinery 诺瑟姆铂业桑德雷恩德冶炼厂及贱金属精炼厂,2005,投产,开始生产（底表投产年）,诺瑟姆铂业桑德雷恩德冶炼厂及贱金属精炼厂的底表投产年份；试产、商业投产及前身设施的区分见历史正文。,全球普查底表 · NI-142 · 总表第143行,library/global-register.csv
GL142,Northam Platinum Zondereinde Smelter & Base Metals Refinery 诺瑟姆铂业桑德雷恩德冶炼厂及贱金属精炼厂,2025,运营变化,在产,底表所列状态起始年；最近核实年份与事件发生年份分别记录。,全球普查底表 · NI-142 · 总表第143行,library/global-register.csv
GL143,"Thakadu Nickel Sulfate Plant, Marikana 萨卡杜硫酸镍厂(马里卡纳)",2019,投产,开始生产（底表投产年）,萨卡杜硫酸镍厂(马里卡纳)的底表投产年份；试产、商业投产及前身设施的区分见历史正文。,全球普查底表 · NI-143 · 总表第144行,library/global-register.csv
GL143,"Thakadu Nickel Sulfate Plant, Marikana 萨卡杜硫酸镍厂(马里卡纳)",2021,运营变化,在产,底表所列状态起始年；最近核实年份与事件发生年份分别记录。,全球普查底表 · NI-143 · 总表第144行,library/global-register.csv
GL144,Lonmin (Sibanye-Stillwater) Base Metals Refinery 隆明(西班尼-思达伟)贱金属精炼厂,2025,运营变化,在产,底表所列状态起始年；最近核实年份与事件发生年份分别记录。,全球普查底表 · NI-144 · 总表第145行,library/global-register.csv
GL145,Rustenburg Base Metals Refinery (RBMR) / Waterval Smelter Complex 鲁斯滕堡贱金属精炼厂(RBMR，含瓦特瓦尔冶炼厂),2025,运营变化,在产,底表所列状态起始年；最近核实年份与事件发生年份分别记录。,全球普查底表 · NI-145 · 总表第146行,library/global-register.csv
GL146,BCL Smelter (Selebi-Phikwe Nickel-Copper Smelter) BCL塞莱比皮奎镍铜冶炼厂,1973,投产,开始生产（底表投产年）,BCL塞莱比皮奎镍铜冶炼厂的底表投产年份；试产、商业投产及前身设施的区分见历史正文。,全球普查底表 · NI-146 · 总表第147行,library/global-register.csv
GL146,BCL Smelter (Selebi-Phikwe Nickel-Copper Smelter) BCL塞莱比皮奎镍铜冶炼厂,2016,运营变化,永久关闭,长期亏损：公司原计划运营至2010年，后延至2013年，最终于2016年9月因持续亏损、矿石品位下降及现金流枯竭而全面停产并进入清算，导致大量失业，塞莱比皮奎镇经济受到严重冲击。,全球普查底表 · NI-146 · 总表第147行,library/global-register.csv
GL147,Tati Nickel Activox Base-Metals Refinery Project 塔蒂镍业Activox贱金属精炼项目(未建成),2006,运营变化,项目中止(未建成),2006年8月获批后仅出现于当年USGS Minerals Yearbook记录，此后(2007年及以后)未见于任何后续版本的USGS资料或其它信源，据此推断项目在规划阶段即被搁置或取消，具体原因(资金、镍价周期、Norilsk Nickel收购LionOre后的战略调整等)本次调研未能独立核实。,全球普查底表 · NI-147 · 总表第148行,library/global-register.csv
GL148,Kabanga Nickel Project & Kahama Hydrometallurgical Refinery (planned) 卡班加镍矿及卡哈马湿法冶金精炼厂(规划中),2024,运营变化,规划中或可研,底表所列状态起始年；最近核实年份与事件发生年份分别记录。,全球普查底表 · NI-148 · 总表第149行,library/global-register.csv
GL149,Ntaka Hill Nickel-Cobalt Laterite Project 恩塔卡山镍钴红土矿项目,2013,运营变化,不详,底表所列状态起始年；最近核实年份与事件发生年份分别记录。,全球普查底表 · NI-149 · 总表第150行,library/global-register.csv
GL150,"Musongati Nickel Laterite Project (planned, never built) 穆松加蒂镍红土矿项目(规划中，从未建成)",2011,运营变化,项目中止(未建成),项目长期停留在勘探/可行性研究阶段：矿区地处内陆，缺乏配套铁路/港口基础设施(拟议中的坦桑尼亚-布隆迪吉特加铁路线途经该矿区，但该铁路本身亦未建成)，叠加融资困难与布隆迪国内政治经济环境不稳定，导致项目历经数十年(1970年代至今)始终未能进入建设阶段。,全球普查底表 · NI-150 · 总表第151行,library/global-register.csv
GL151,Bou Azzer Cobalt-Nickel Complex (CTT / Managem) 布阿泽尔钴镍联合厂(CTT/曼纳吉姆),1928,投产,开始生产（底表投产年）,布阿泽尔钴镍联合厂(CTT/曼纳吉姆)的底表投产年份；试产、商业投产及前身设施的区分见历史正文。,全球普查底表 · NI-151 · 总表第152行,library/global-register.csv
GL151,Bou Azzer Cobalt-Nickel Complex (CTT / Managem) 布阿泽尔钴镍联合厂(CTT/曼纳吉姆),2025,运营变化,在产,底表所列状态起始年；最近核实年份与事件发生年份分别记录。,全球普查底表 · NI-151 · 总表第152行,library/global-register.csv
GL152,Bindura Smelter & Refinery Complex (Bindura Nickel Corporation / Trojan Mine) 宾杜拉镍冶炼及精炼厂(宾杜拉镍业公司/特洛伊矿),1968,投产,开始生产（底表投产年）,宾杜拉镍冶炼及精炼厂(宾杜拉镍业公司/特洛伊矿)的底表投产年份；试产、商业投产及前身设施的区分见历史正文。,全球普查底表 · NI-152 · 总表第153行,library/global-register.csv
GL152,Bindura Smelter & Refinery Complex (Bindura Nickel Corporation / Trojan Mine) 宾杜拉镍冶炼及精炼厂(宾杜拉镍业公司/特洛伊矿),2008,运营变化,停产(可复产),2008年因镍价暴跌陷入停产并转入保养维护；2011-2020年间多次尝试复产均未能稳定实现；2024年5月2日津巴布韦政府依据国家重组法对公司下达重组令，公司进入管理人接管状态并对运营/财务展开调查，同期VFEX交易所暂停其证券交易——表明截至2024-2025年，公司仍处于严重财务危机与治理不确定性之中，冶炼/精炼环节大概率仍未稳定复产。,全球普查底表 · NI-152 · 总表第153行,library/global-register.csv
GL153,Empress Nickel Refinery (ENR) 皇后镍精炼厂,1968,投产,开始生产（底表投产年）,皇后镍精炼厂的底表投产年份；试产、商业投产及前身设施的区分见历史正文。,全球普查底表 · NI-153 · 总表第154行,library/global-register.csv
GL153,Empress Nickel Refinery (ENR) 皇后镍精炼厂,2008,运营变化,保养维护(C&M),2008年镍价暴跌导致停产；此后长期未见稳定复产报道。据RioZim官网2025年信息，公司陈述'老化的基础设施和设备故障已严重影响Renco(金矿)和皇后精炼厂的运营'，表明该厂近期虽仍被列为集团资产并存在运营尝试，但因设备老化陷入严重减产/间歇性停产状态，这与ENR自2008年后长期停产的一般行业认知存在一定张力，两种信息均列出以供报告撰写人判断。,全球普查底表 · NI-153 · 总表第154行,library/global-register.csv
GL154,Hartley Platinum Mine PGM Base-Metals Refinery (byproduct nickel) 哈特利铂矿铂族金属贱金属精炼厂(副产镍),1997,投产,开始生产（底表投产年）,哈特利铂矿铂族金属贱金属精炼厂(副产镍)的底表投产年份；试产、商业投产及前身设施的区分见历史正文。,全球普查底表 · NI-154 · 总表第155行,library/global-register.csv
GL154,Hartley Platinum Mine PGM Base-Metals Refinery (byproduct nickel) 哈特利铂矿铂族金属贱金属精炼厂(副产镍),1997,运营变化,不详,1997年10月首次发运后，仅见于当年USGS Minerals Yearbook记录，此后未见于任何后续版本，具体停产/退出的年份及原因本次调研未能独立核实，列为重要缺口。,全球普查底表 · NI-154 · 总表第155行,library/global-register.csv
GL155,Zimplats Selous Metallurgical Complex (Smelter) 津巴布韦铂业塞卢斯冶炼厂,2006,投产,开始生产（底表投产年）,津巴布韦铂业塞卢斯冶炼厂的底表投产年份；试产、商业投产及前身设施的区分见历史正文。,全球普查底表 · NI-155 · 总表第156行,library/global-register.csv
GL155,Zimplats Selous Metallurgical Complex (Smelter) 津巴布韦铂业塞卢斯冶炼厂,2025,运营变化,在产,底表所列状态起始年；最近核实年份与事件发生年份分别记录。,全球普查底表 · NI-155 · 总表第156行,library/global-register.csv
GL156,Western Côte d'Ivoire Nickel Laterite Prospects (Sipilou / Foungouesso / Moyango / Biankouma) — exploration/pre-development stage 科特迪瓦西部镍红土矿勘探项目群(西皮鲁/丰古埃索/莫扬戈/比安库马),2014,运营变化,不详,底表所列状态起始年；最近核实年份与事件发生年份分别记录。,全球普查底表 · NI-156 · 总表第157行,library/global-register.csv
MHP048,Ambatovy Minerals S.A. / Dynatec Madagascar S.A. 安巴托维镍钴项目,2012,投产,开始生产（底表投产年）,安巴托维图阿马西纳湿法冶炼及精炼厂的底表投产年份；试产、商业投产及前身设施的区分见历史正文。,全球普查底表 · NI-157 · 总表第158行,library/global-register.csv
MHP048,Ambatovy Minerals S.A. / Dynatec Madagascar S.A. 安巴托维镍钴项目,2026,运营变化,在产,底表所列状态起始年；最近核实年份与事件发生年份分别记录。,全球普查底表 · NI-157 · 总表第158行,library/global-register.csv
GL158,Kleva Nickel Mine & Smelter (Kleva gruva) 克莱瓦(Kleva)镍矿及冶炼厂,1845,投产,开始生产（底表投产年）,克莱瓦(Kleva)镍矿及冶炼厂的底表投产年份；试产、商业投产及前身设施的区分见历史正文。,全球普查底表 · NI-158 · 总表第159行,library/global-register.csv
GL158,Kleva Nickel Mine & Smelter (Kleva gruva) 克莱瓦(Kleva)镍矿及冶炼厂,1920,运营变化,永久关闭,"1876-1877年产量见顶后,新喀里多尼亚发现规模更大、品位更优的红土镍矿引发国际镍价格崩盘,克莱瓦矿冶炼经济性丧失,历经间歇运营后于1920年最终关闭;二战期间曾短暂重新处理库存矿石服务军工需求,但未恢复常态化生产",全球普查底表 · NI-158 · 总表第159行,library/global-register.csv
GL159,Bamble Nikkelverk (Bamble Nickel Works) 巴姆布勒(Bamble)镍厂,1859,投产,开始生产（底表投产年）,巴姆布勒(Bamble)镍厂的底表投产年份；试产、商业投产及前身设施的区分见历史正文。,全球普查底表 · NI-159 · 总表第160行,library/global-register.csv
GL159,Bamble Nikkelverk (Bamble Nickel Works) 巴姆布勒(Bamble)镍厂,1919,运营变化,永久关闭,"存疑;未查得具体停产原因的一手资料。推测与19世纪末-20世纪初新喀里多尼亚/加拿大萨德伯里新镍矿冲击导致传统硫化矿镍冶炼经济性下降有关(参见同期挪威灵厄里克镍厂、瑞典克莱瓦镍矿、奥地利施拉德明镍厂均因类似原因关闭),但本记录未找到直接证据",全球普查底表 · NI-159 · 总表第160行,library/global-register.csv
GL160,Drury Nickel Company Smelter (Chicago Mine) 德鲁里镍业公司芝加哥矿冶炼厂,1890,投产,开始生产（底表投产年）,德鲁里镍业公司芝加哥矿冶炼厂的底表投产年份；试产、商业投产及前身设施的区分见历史正文。,全球普查底表 · NI-160 · 总表第161行,library/global-register.csv
GL160,Drury Nickel Company Smelter (Chicago Mine) 德鲁里镍业公司芝加哥矿冶炼厂,1897,运营变化,已拆除,"存疑;矿床规模有限(安大略省地质调查现将其列为'已勘探但未见公开储量记录的成矿点'),推测因矿石枯竭或经济性不足而停产,具体决策细节及确切最终关闭年份未查实",全球普查底表 · NI-160 · 总表第161行,library/global-register.csv
GL161,Dominion Nickel Company Blezard Mine Smelter 多米尼恩镍业公司布莱扎德矿冶炼厂,1890,投产,开始生产（底表投产年）,多米尼恩镍业公司布莱扎德矿冶炼厂的底表投产年份；试产、商业投产及前身设施的区分见历史正文。,全球普查底表 · NI-161 · 总表第162行,library/global-register.csv
GL161,Dominion Nickel Company Blezard Mine Smelter 多米尼恩镍业公司布莱扎德矿冶炼厂,1893,运营变化,已拆除,"资金链断裂/财务困难导致DNC公司1893年停止运营(仅维持3年);冶炼炉设施其后转供邻近沃辛顿矿继续使用一段时间,该延续使用阶段的具体终止年份本轮检索未查实",全球普查底表 · NI-161 · 总表第162行,library/global-register.csv
GL162,Schladming-Hopfriesen Nickel Smelter (Gersdorff Nickel Works) 施拉德明-霍普夫里森镍冶炼厂(格斯多夫镍业),1840,投产,开始生产（底表投产年）,施拉德明-霍普夫里森镍冶炼厂(格斯多夫镍业)的底表投产年份；试产、商业投产及前身设施的区分见历史正文。,全球普查底表 · NI-162 · 总表第163行,library/global-register.csv
GL162,Schladming-Hopfriesen Nickel Smelter (Gersdorff Nickel Works) 施拉德明-霍普夫里森镍冶炼厂(格斯多夫镍业),1876,运营变化,永久关闭,"1876年因新喀里多尼亚及加拿大萨德伯里新发现的大规模优质镍矿冲击国际市场,镍价格崩盘,施拉德明地区传统硫化矿镍冶炼彻底丧失经济性而全面停产(创办人格斯多夫已于1849年去世,此后经营已趋衰落多年)",全球普查底表 · NI-162 · 总表第163行,library/global-register.csv
GL163,"Mond Nickel Carbonyl Experimental/Model Refinery, Smethwick 蒙德(Mond)斯梅斯维克镍羰基法实验/模型精炼厂",1890,投产,开始生产（底表投产年）,蒙德(Mond)斯梅斯维克镍羰基法实验/模型精炼厂的底表投产年份；试产、商业投产及前身设施的区分见历史正文。,全球普查底表 · NI-163 · 总表第164行,library/global-register.csv
GL163,"Mond Nickel Carbonyl Experimental/Model Refinery, Smethwick 蒙德(Mond)斯梅斯维克镍羰基法实验/模型精炼厂",1902,运营变化,永久关闭,"存疑;两份来源均未记载该实验装置的确切关闭年份。本记录status_year(1902)采用的是威尔士克莱达赫大规模商业化羰基精炼厂建成投产、承接该工艺规模化生产职能的年份作为推断性节点,不代表斯梅斯维克装置本身确切的停止运营时间——不排除该装置在1902年后仍以中试/研发用途继续存在一段时间,具体关闭年份为明确研究缺口",全球普查底表 · NI-163 · 总表第164行,library/global-register.csv
GL164,Vale Bécancour Nickel Sulphate Plant (Vale Base Metals Nickel Sulphate Project) 淡水河谷贝坎库尔硫酸镍厂,2025,运营变化,项目中止(未建成),下游客户通用汽车(GM)与合资伙伴POSCO以'市场动态变化'为由，决定暂停其Ultium Cam电池合资项目二期，导致GM近期不再需要魁北克产的电池级硫酸镍，Vale Base Metals遂于2025年10月16日宣布取消该硫酸镍厂建设计划（未开工即取消）,全球普查底表 · NI-164 · 总表第165行,library/global-register.csv
GL165,Wyloo Sudbury Battery Materials Processing Facility 怀洛(Wyloo)萨德伯里电池材料加工厂,2024,运营变化,规划中或可研,底表所列状态起始年；最近核实年份与事件发生年份分别记录。,全球普查底表 · NI-165 · 总表第166行,library/global-register.csv
GL166,Ferronickel Kombinat Ertis LLP (ТОО «Ферроникелевый комбинат «Ертіс»）／ Ferronickel Plant Ertis LLP 额尔齐斯(Ertis)铁镍联合企业有限公司（存疑，或为集团内部筹备型壳公司）,2026,运营变化,规划中或可研,底表所列状态起始年；最近核实年份与事件发生年份分别记录。,全球普查底表 · NI-166 · 总表第167行,library/global-register.csv
CN164,广西中伟新能源科技有限公司 钦州纯镍产线,2024-12-20,品牌与市场,CNGR牌电解镍获上期所注册,钦州基地电积工艺电解镍注册；公司披露注册年产能2.5万吨。,中伟：钦州CNGR牌电解镍上期所注册,https://www.cngrgf.com.cn/gsxw/1398.html
CN155,Guangxi Huayou 广西华友新材料有限公司 广西华友,2024-04-12,品牌与市场,HUAYOUgx电解镍LME品牌注册,华友公司披露的品牌注册时间；保留独立生产主体。,华友：广西与衢州电解镍品牌注册,https://www.huayou.com/news/corporate-news/291
CN156,Quzhou Huayou 衢州华友钴新材料有限公司 衢州华友,2023-07,品牌与市场,HUAYOU电解镍LME品牌注册,华友公司披露的品牌注册时间；保留独立生产主体。,华友：广西与衢州电解镍品牌注册,https://www.huayou.com/news/corporate-news/291
