序号,产品,日期,月份,出口商(标准化),出口商(原始),园区,出发港,买家,目的国,到货港,HS,重量(吨),Ni%原文,Ni%(修正),品位来源,Ni金属量(吨),金额USD,USD每实物吨,USD每镍吨,品名,质量标记,数据源,source_row,参考计入重量吨,复核标记,关联客户ID
802,硫酸镍,2023-05-19,2023-05,PT HALMAHERA PERSADA LYGEND,PT HALMAHERA PERSADA LYGEND,Obi(Harita),Obi Island,"Ningbo Lygend Wisdom Co., Ltd.",China,Zhangjiagang,28332400,216,,22.2,化学计量(NiSO4·6H2O 22.2%),47.95,838996,3884,17497,NICKEL SULFATE,,中间品矩阵(75章+720150等),803,216,,NC162
986,硫酸镍,2023-06-16,2023-06,PT HALMAHERA PERSADA LYGEND,PT HALMAHERA PERSADA LYGEND,Obi(Harita),Obi Island,"Ningbo Lygend Wisdom Co., Ltd.",China,Zhangjiagang,28332400,1920,,22.2,化学计量(NiSO4·6H2O 22.2%),426.24,7234982,3768,16974,NICKEL SULFATE,,中间品矩阵(75章+720150等),987,1920,,NC162
987,硫酸镍,2023-06-16,2023-06,PT HALMAHERA PERSADA LYGEND,PT HALMAHERA PERSADA LYGEND,Obi(Harita),Obi Island,"Ningbo Lygend Wisdom Co., Ltd.",China,Zhangjiagang,28332400,3664,,22.2,化学计量(NiSO4·6H2O 22.2%),813.41,13806758,3768,16974,NICKEL SULFATE,,中间品矩阵(75章+720150等),988,3664,,NC162
1087,硫酸镍,2023-07-02,2023-07,PT HALMAHERA PERSADA LYGEND,PT HALMAHERA PERSADA LYGEND,Obi(Harita),Obi Island,"Ningbo Lygend Wisdom Co., Ltd.",China,Zhapu,28332400,4440,,22.2,化学计量(NiSO4·6H2O 22.2%),985.68,16675042,3756,16917,NICKEL SULFATE,,中间品矩阵(75章+720150等),1088,4440,,NC162
1239,硫酸镍,2023-07-21,2023-07,PT HALMAHERA PERSADA LYGEND,PT HALMAHERA PERSADA LYGEND,Obi(Harita),Obi Island,"Ningbo Lygend Wisdom Co., Ltd.",China,Zhapu,28332400,20,,22.2,化学计量(NiSO4·6H2O 22.2%),4.44,76153,3808,17152,NICKEL SULFATE,,中间品矩阵(75章+720150等),1240,20,,NC162
1240,硫酸镍,2023-07-21,2023-07,PT HALMAHERA PERSADA LYGEND,PT HALMAHERA PERSADA LYGEND,Obi(Harita),Obi Island,"Ningbo Lygend Wisdom Co., Ltd.",China,Zhapu,28332400,5380,,22.2,化学计量(NiSO4·6H2O 22.2%),1194.36,20485211,3808,17152,NICKEL SULFATE,,中间品矩阵(75章+720150等),1241,5380,,NC162
1349,硫酸镍,2023-08-06,2023-08,PT HALMAHERA PERSADA LYGEND,PT HALMAHERA PERSADA LYGEND,Obi(Harita),Obi Island,"Ningbo Lygend Wisdom Co., Ltd.",China,Zhapu,28332400,5680,,22.2,化学计量(NiSO4·6H2O 22.2%),1260.96,21388267,3766,16962,NICKEL SULFATE,,中间品矩阵(75章+720150等),1350,5680,,NC162
1376,硫酸镍,2023-08-10,2023-08,PT HALMAHERA PERSADA LYGEND,PT HALMAHERA PERSADA LYGEND,Obi(Harita),Obi Island,"Ningbo Lygend Wisdom Co., Ltd.",China,Zhangjiagang,28332400,2060,,22.2,化学计量(NiSO4·6H2O 22.2%),457.32,7750297,3762,16947,NICKEL SULFATE,,中间品矩阵(75章+720150等),1377,2060,,NC162
1377,硫酸镍,2023-08-10,2023-08,PT HALMAHERA PERSADA LYGEND,PT HALMAHERA PERSADA LYGEND,Obi(Harita),Obi Island,"Ningbo Lygend Wisdom Co., Ltd.",China,Zhangjiagang,28332400,2080,,22.2,化学计量(NiSO4·6H2O 22.2%),461.76,7825542,3762,16947,NICKEL SULFATE,,中间品矩阵(75章+720150等),1378,2080,,NC162
1593,硫酸镍,2023-09-06,2023-09,PT HALMAHERA PERSADA LYGEND,PT HALMAHERA PERSADA LYGEND,Obi(Harita),Obi Island,"Ningbo Lygend Wisdom Co., Ltd.",China,Zhapu,28332400,1180,,22.2,化学计量(NiSO4·6H2O 22.2%),261.96,4213485,3571,16084,NICKEL SULFATE,,中间品矩阵(75章+720150等),1594,1180,,NC162
1594,硫酸镍,2023-09-06,2023-09,PT HALMAHERA PERSADA LYGEND,PT HALMAHERA PERSADA LYGEND,Obi(Harita),Obi Island,"Ningbo Lygend Wisdom Co., Ltd.",China,Zhapu,28332400,4620,,22.2,化学计量(NiSO4·6H2O 22.2%),1025.64,16496865,3571,16084,NICKEL SULFATE,,中间品矩阵(75章+720150等),1595,4620,,NC162
1624,硫酸镍,2023-09-09,2023-09,PT HALMAHERA PERSADA LYGEND,PT HALMAHERA PERSADA LYGEND,Obi(Harita),Obi Island,"Ningbo Lygend Wisdom Co., Ltd.",China,Zhapu,28332400,2600,,22.2,化学计量(NiSO4·6H2O 22.2%),577.2,9057672,3484,15692,NICKEL SULFATE,,中间品矩阵(75章+720150等),1625,2600,,NC162
1868,硫酸镍,2023-10-10,2023-10,PT HALMAHERA PERSADA LYGEND,PT HALMAHERA PERSADA LYGEND,Obi(Harita),Obi Island,"Ningbo Lygend Wisdom Co., Ltd.",China,Zhapu,28332400,3440,,22.2,化学计量(NiSO4·6H2O 22.2%),763.68,12022250,3495,15743,NICKEL SULFATE,,中间品矩阵(75章+720150等),1869,3440,,NC162
1903,硫酸镍,2023-10-16,2023-10,PT HALMAHERA PERSADA LYGEND,PT HALMAHERA PERSADA LYGEND,Obi(Harita),Obi Island,"Ningbo Lygend Wisdom Co., Ltd.",China,Zhapu,28332400,5500,,22.2,化学计量(NiSO4·6H2O 22.2%),1221,19664700,3575,16105,NICKEL SULFATE,,中间品矩阵(75章+720150等),1904,5500,,NC162
2074,硫酸镍,2023-11-06,2023-11,PT HALMAHERA PERSADA LYGEND,PT HALMAHERA PERSADA LYGEND,Obi(Harita),Obi Island,"Ningbo Lygend Wisdom Co., Ltd.",China,Zhapu,28332400,4440,,22.2,化学计量(NiSO4·6H2O 22.2%),985.68,15170992,3417,15391,NICKEL SULFATE,,中间品矩阵(75章+720150等),2075,4440,,NC162
2095,硫酸镍,2023-11-10,2023-11,PT HALMAHERA PERSADA LYGEND,PT HALMAHERA PERSADA LYGEND,Obi(Harita),Obi Island,"Ningbo Lygend Wisdom Co., Ltd.",China,Zhapu,28332400,6000,,22.2,化学计量(NiSO4·6H2O 22.2%),1332,20535240,3423,15417,NICKEL SULFATE,,中间品矩阵(75章+720150等),2096,6000,,NC162
2176,精炼镍,2023-11-22,2023-11,PT CNGR DING XING NEW ENERGY,PT CNGR DING XING NEW ENERGY,IMIP(Morowali),Bahudopi,CNGR HONG KONG MATERIAL SCIENCE AND TECHNOLOGY CO,,Shekou,75021000,0.8,,99,HS750210 Ni≥99% 产品标准(口径#44),0.79,13564.68,16956,17127,ELECTROLYTIC NICKEL,新品目通道历史回补【#45】,新品目通道历史回补【#45】,2177,0.8,,RC001
2260,硫酸镍,2023-12-05,2023-12,PT HALMAHERA PERSADA LYGEND,PT HALMAHERA PERSADA LYGEND,Obi(Harita),Obi Island,"Ningbo Lygend Wisdom Co., Ltd.",China,Zhapu,28332400,1740,,22.2,化学计量(NiSO4·6H2O 22.2%),386.28,5657854,3252,14647,NICKEL SULFATE,,中间品矩阵(75章+720150等),2261,1740,,NC162
2261,硫酸镍,2023-12-05,2023-12,PT HALMAHERA PERSADA LYGEND,PT HALMAHERA PERSADA LYGEND,Obi(Harita),Obi Island,"Ningbo Lygend Wisdom Co., Ltd.",China,Zhapu,28332400,5460,,22.2,化学计量(NiSO4·6H2O 22.2%),1212.12,17753954,3252,14647,NICKEL SULFATE,,中间品矩阵(75章+720150等),2262,5460,,NC162
2262,精炼镍,2023-12-05,2023-12,PT CNGR DING XING NEW ENERGY,PT CNGR DING XING NEW ENERGY,IMIP(Morowali),Bahudopi,ETERNAL TSINGSHAN GROUP LIMITED,,Ningbo,75021000,49.97,,99,HS750210 Ni≥99% 产品标准(口径#44),49.47,968273.77,19377,19573,ELECTROLYTIC NICKEL,重量口径：采用qty（weight列单位异常）；新品目通道历史回补【#45】,新品目通道历史回补【#45】,2263,49.97,,RC002
2263,精炼镍,2023-12-05,2023-12,PT CNGR DING XING NEW ENERGY,PT CNGR DING XING NEW ENERGY,IMIP(Morowali),Bahudopi,ETERNAL TSINGSHAN GROUP LIMITED,,Ningbo,75021000,23.98,,99,HS750210 Ni≥99% 产品标准(口径#44),23.74,464714.21,19379,19575,ELECTROLYTIC NICKEL,重量口径：采用qty（weight列单位异常）；新品目通道历史回补【#45】,新品目通道历史回补【#45】,2264,23.98,,RC002
2264,精炼镍,2023-12-05,2023-12,PT CNGR DING XING NEW ENERGY,PT CNGR DING XING NEW ENERGY,IMIP(Morowali),Bahudopi,ETERNAL TSINGSHAN GROUP LIMITED,,Ningbo,75021000,19.99,,99,HS750210 Ni≥99% 产品标准(口径#44),19.79,387397.49,19380,19575,ELECTROLYTIC NICKEL,重量口径：采用qty（weight列单位异常）；新品目通道历史回补【#45】,新品目通道历史回补【#45】,2265,19.99,,RC002
2265,精炼镍,2023-12-05,2023-12,PT CNGR DING XING NEW ENERGY,PT CNGR DING XING NEW ENERGY,IMIP(Morowali),Bahudopi,ETERNAL TSINGSHAN GROUP LIMITED,,Ningbo,75021000,60.07,,99,HS750210 Ni≥99% 产品标准(口径#44),59.47,1163983,19377,19573,ELECTROLYTIC NICKEL,重量口径：采用qty（weight列单位异常）；新品目通道历史回补【#45】,新品目通道历史回补【#45】,2266,60.07,,RC002
2266,精炼镍,2023-12-05,2023-12,PT CNGR DING XING NEW ENERGY,PT CNGR DING XING NEW ENERGY,IMIP(Morowali),Bahudopi,GOLDEN HARBOUR INTERNATIONAL PTE LTD,,Rotterdam,75021000,500.0336,,99,HS750210 Ni≥99% 产品标准(口径#44),495.03,9689706.1,19378,19574,ELECTROLYTIC NICKEL,新品目通道历史回补【#45】,新品目通道历史回补【#45】,2267,500.0336,,NC065
2267,精炼镍,2023-12-05,2023-12,PT CNGR DING XING NEW ENERGY,PT CNGR DING XING NEW ENERGY,IMIP(Morowali),Bahudopi,ETERNAL TSINGSHAN GROUP LIMITED,,Ningbo,75021000,49.98,,99,HS750210 Ni≥99% 产品标准(口径#44),49.48,968461.74,19377,19573,ELECTROLYTIC NICKEL,重量口径：采用qty（weight列单位异常）；新品目通道历史回补【#45】,新品目通道历史回补【#45】,2268,49.98,,RC002
2268,精炼镍,2023-12-05,2023-12,PT CNGR DING XING NEW ENERGY,PT CNGR DING XING NEW ENERGY,IMIP(Morowali),Bahudopi,ETERNAL TSINGSHAN GROUP LIMITED,,Ningbo,75021000,20.04,,99,HS750210 Ni≥99% 产品标准(口径#44),19.84,388331.51,19378,19574,ELECTROLYTIC NICKEL,重量口径：采用qty（weight列单位异常）；新品目通道历史回补【#45】,新品目通道历史回补【#45】,2269,20.04,,RC002
2269,精炼镍,2023-12-05,2023-12,PT CNGR DING XING NEW ENERGY,PT CNGR DING XING NEW ENERGY,IMIP(Morowali),Bahudopi,ETERNAL TSINGSHAN GROUP LIMITED,,Ningbo,75021000,600.669,,99,企业加权(近3月),594.66,1163983,1938,1957,ELECTROLYTIC NICKEL,全历史档并集补票【#65】,中间品矩阵(75章+720150等),2270,600.669,,RC002
2270,精炼镍,2023-12-05,2023-12,PT CNGR DING XING NEW ENERGY,PT CNGR DING XING NEW ENERGY,IMIP(Morowali),Bahudopi,ETERNAL TSINGSHAN GROUP LIMITED,,Ningbo,75021000,499.771,,99,企业加权(近3月),494.77,968461.74,1938,1957,ELECTROLYTIC NICKEL,全历史档并集补票【#65】,中间品矩阵(75章+720150等),2271,499.771,,RC002
2271,精炼镍,2023-12-05,2023-12,PT CNGR DING XING NEW ENERGY,PT CNGR DING XING NEW ENERGY,IMIP(Morowali),Bahudopi,ETERNAL TSINGSHAN GROUP LIMITED,,Ningbo,75021000,499.674,,99,企业加权(近3月),494.68,968273.77,1938,1957,ELECTROLYTIC NICKEL,全历史档并集补票【#65】,中间品矩阵(75章+720150等),2272,499.674,,RC002
2321,精炼镍,2023-12-12,2023-12,PT CNGR DING XING NEW ENERGY,PT CNGR DING XING NEW ENERGY,IMIP(Morowali),Bahudopi,"C. Steinweg Logistics (Shanghai Waigaoqiao Bonded Logistics Zone) Co., Ltd.",,Yunting,75021000,720.25,,99,HS750210 Ni≥99% 产品标准(口径#44),713.05,13957134.11,19378,19574,ELECTROLYTIC NICKEL,新品目通道历史回补【#45】,新品目通道历史回补【#45】,2322,720.25,,NC019
2322,精炼镍,2023-12-12,2023-12,PT CNGR DING XING NEW ENERGY,PT CNGR DING XING NEW ENERGY,IMIP(Morowali),Bahudopi,"C. Steinweg Logistics (Shanghai Waigaoqiao Bonded Logistics Zone) Co., Ltd.",,Yunting,75021000,720.25,,99,企业加权(近3月),713.05,13957134.11,19378,19574,ELECTROLYTIC NICKEL,全历史档并集补票【#65】,中间品矩阵(75章+720150等),2323,720.25,,NC019
2353,精炼镍,2023-12-17,2023-12,PT CNGR DING XING NEW ENERGY,PT CNGR DING XING NEW ENERGY,IMIP(Morowali),Bahudopi,JINDAL STAINLESS LIMITED,,Paradip Port,75021000,6.002,,99,HS750210 Ni≥99% 产品标准(口径#44),5.94,115712.86,19279,19474,ELECTROLYTIC NICKEL,新品目通道历史回补【#45】,新品目通道历史回补【#45】,2354,6.002,,NC127
2371,精炼镍,2023-12-18,2023-12,PT CNGR DING XING NEW ENERGY,PT CNGR DING XING NEW ENERGY,IMIP(Morowali),Bahudopi,"C. Steinweg Logistics (Shanghai Waigaoqiao Bonded Logistics Zone) Co., Ltd.",,Yunting,75021000,410.0634,,99,HS750210 Ni≥99% 产品标准(口径#44),405.96,7905632.79,19279,19474,ELECTROLYTIC NICKEL,新品目通道历史回补【#45】,新品目通道历史回补【#45】,2372,410.0634,,NC019
2380,精炼镍,2023-12-20,2023-12,PT CNGR DING XING NEW ENERGY,PT CNGR DING XING NEW ENERGY,IMIP(Morowali),Bahudopi,ETERNAL TSINGSHAN GROUP LIMITED,,Ningbo,75021000,49.9995,,99,HS750210 Ni≥99% 产品标准(口径#44),49.5,963942.86,19279,19474,ELECTROLYTIC NICKEL,新品目通道历史回补【#45】,新品目通道历史回补【#45】,2381,49.9995,,RC002
2381,精炼镍,2023-12-20,2023-12,PT CNGR DING XING NEW ENERGY,PT CNGR DING XING NEW ENERGY,IMIP(Morowali),Bahudopi,ETERNAL TSINGSHAN GROUP LIMITED,,Ningbo,75021000,39.9948,,99,HS750210 Ni≥99% 产品标准(口径#44),39.59,771061.75,19279,19474,ELECTROLYTIC NICKEL,新品目通道历史回补【#45】,新品目通道历史回补【#45】,2382,39.9948,,RC002
2458,硫酸镍,2023-12-27,2023-12,PT HALMAHERA PERSADA LYGEND,PT HALMAHERA PERSADA LYGEND,Obi(Harita),Obi Island,"Ningbo Lygend Wisdom Co., Ltd.",China,Zhapu,28332400,6000,,22.2,化学计量(NiSO4·6H2O 22.2%),1332,17724360,2954,13307,NICKEL SULFATE,,中间品矩阵(75章+720150等),2459,6000,,NC162
2499,精炼镍,2024-01-01,2024-01,PT CNGR DING XING NEW ENERGY,PT CNGR DING XING NEW ENERGY,IMIP(Morowali),Bahudopi,"C. Steinweg Logistics (Shanghai Waigaoqiao Bonded Logistics Zone) Co., Ltd.",China,Zhangjiagang,75021000,250.0508,,99,HS750210 Ni≥99% 产品标准(口径#44),247.55,4820741.88,19279,19474,ELECTROLYTIC NICKEL,新品目通道历史回补【#45】,新品目通道历史回补【#45】,2500,250.0508,,NC019
2509,精炼镍,2024-01-02,2024-01,PT CNGR DING XING NEW ENERGY,PT CNGR DING XING NEW ENERGY,IMIP(Morowali),Bahudopi,STEINWEG SHARAF INDIA PRIVATE LIMITED,India,Mundra,75021000,383.794,,99,HS750210 Ni≥99% 产品标准(口径#44),379.96,7399183.72,19279,19474,ELECTROLYTIC NICKEL,新品目通道历史回补【#45】,新品目通道历史回补【#45】,2510,383.794,,NC228
2510,精炼镍,2024-01-02,2024-01,PT CNGR DING XING NEW ENERGY,PT CNGR DING XING NEW ENERGY,IMIP(Morowali),Bahudopi,SAINTSTEEL COMERCIO INTERNACIONAL DE METAIS LTDA,Brazil,Navegantes,75021000,25.6644,,99,HS750210 Ni≥99% 产品标准(口径#44),25.41,494785.25,19279,19474,ELECTROLYTIC NICKEL,新品目通道历史回补【#45】,新品目通道历史回补【#45】,2511,25.6644,,RC003
2511,精炼镍,2024-01-02,2024-01,PT CNGR DING XING NEW ENERGY,PT CNGR DING XING NEW ENERGY,IMIP(Morowali),Bahudopi,TAE EU WAREHOUSING KOREA CO LTD,South Korea,Busan New Port,75021000,300.2429,,99,HS750210 Ni≥99% 产品标准(口径#44),297.24,5788397.88,19279,19474,ELECTROLYTIC NICKEL,新品目通道历史回补【#45】,新品目通道历史回补【#45】,2512,300.2429,,RC004
2512,精炼镍,2024-01-02,2024-01,PT CNGR DING XING NEW ENERGY,PT CNGR DING XING NEW ENERGY,IMIP(Morowali),Bahudopi,ACCESS WORLD BUSAN LIMITED,South Korea,Pusan,75021000,100.696,,99,HS750210 Ni≥99% 产品标准(口径#44),99.69,1941323.22,19279,19474,ELECTROLYTIC NICKEL,新品目通道历史回补【#45】,新品目通道历史回补【#45】,2513,100.696,,RC005
2521,精炼镍,2024-01-04,2024-01,PT CNGR DING XING NEW ENERGY,PT CNGR DING XING NEW ENERGY,IMIP(Morowali),Bahudopi,ETERNAL TSINGSHAN GROUP LIMITED,South Korea,Inchon,75021000,6.0269,,99,HS750210 Ni≥99% 产品标准(口径#44),5.97,116192.91,19279,19474,ELECTROLYTIC NICKEL,新品目通道历史回补【#45】,新品目通道历史回补【#45】,2522,6.0269,,RC002
2546,精炼镍,2024-01-08,2024-01,PT CNGR DING XING NEW ENERGY,PT CNGR DING XING NEW ENERGY,IMIP(Morowali),Bahudopi,Pgs(China) Ltd.,China,Shanghai,75021000,149.3915,,99,HS750210 Ni≥99% 产品标准(口径#44),147.9,2880126.2,19279,19474,ELECTROLYTIC NICKEL,新品目通道历史回补【#45】,新品目通道历史回补【#45】,2547,149.3915,,MC086
2555,精炼镍,2024-01-09,2024-01,PT CNGR DING XING NEW ENERGY,PT CNGR DING XING NEW ENERGY,IMIP(Morowali),Bahudopi,ETERNAL TSINGSHAN GROUP LIMITED,China,NINGBO,75021000,50.7079,,99,HS750210 Ni≥99% 产品标准(口径#44),50.2,977600.14,19279,19474,ELECTROLYTIC NICKEL,新品目通道历史回补【#45】,新品目通道历史回补【#45】,2556,50.7079,,RC002
2556,精炼镍,2024-01-09,2024-01,PT CNGR DING XING NEW ENERGY,PT CNGR DING XING NEW ENERGY,IMIP(Morowali),Bahudopi,ETERNAL TSINGSHAN GROUP LIMITED,China,NINGBO,75021000,24.2302,,99,HS750210 Ni≥99% 产品标准(口径#44),23.99,467135.24,19279,19474,ELECTROLYTIC NICKEL,新品目通道历史回补【#45】,新品目通道历史回补【#45】,2557,24.2302,,RC002
2557,精炼镍,2024-01-09,2024-01,PT CNGR DING XING NEW ENERGY,PT CNGR DING XING NEW ENERGY,IMIP(Morowali),Bahudopi,ETERNAL TSINGSHAN GROUP LIMITED,China,NINGBO,75021000,24.3233,,99,HS750210 Ni≥99% 产品标准(口径#44),24.08,468930.12,19279,19474,ELECTROLYTIC NICKEL,新品目通道历史回补【#45】,新品目通道历史回补【#45】,2558,24.3233,,RC002
2558,精炼镍,2024-01-09,2024-01,PT CNGR DING XING NEW ENERGY,PT CNGR DING XING NEW ENERGY,IMIP(Morowali),Bahudopi,ETERNAL TSINGSHAN GROUP LIMITED,China,NINGBO,75021000,49.9281,,99,HS750210 Ni≥99% 产品标准(口径#44),49.43,962566.34,19279,19474,ELECTROLYTIC NICKEL,新品目通道历史回补【#45】,新品目通道历史回补【#45】,2559,49.9281,,RC002
2559,精炼镍,2024-01-09,2024-01,PT CNGR DING XING NEW ENERGY,PT CNGR DING XING NEW ENERGY,IMIP(Morowali),Bahudopi,ETERNAL TSINGSHAN GROUP LIMITED,China,NINGBO,75021000,20.0012,,99,HS750210 Ni≥99% 产品标准(口径#44),19.8,385604.13,19279,19474,ELECTROLYTIC NICKEL,新品目通道历史回补【#45】,新品目通道历史回补【#45】,2560,20.0012,,RC002
2560,精炼镍,2024-01-09,2024-01,PT CNGR DING XING NEW ENERGY,PT CNGR DING XING NEW ENERGY,IMIP(Morowali),Bahudopi,ETERNAL TSINGSHAN GROUP LIMITED,China,NINGBO,75021000,97.0378,,99,HS750210 Ni≥99% 产品标准(口径#44),96.07,1870796.6,19279,19474,ELECTROLYTIC NICKEL,新品目通道历史回补【#45】,新品目通道历史回补【#45】,2561,97.0378,,RC002
2561,精炼镍,2024-01-09,2024-01,PT CNGR DING XING NEW ENERGY,PT CNGR DING XING NEW ENERGY,IMIP(Morowali),Bahudopi,ETERNAL TSINGSHAN GROUP LIMITED,China,NINGBO,75021000,90.477,,99,HS750210 Ni≥99% 产品标准(口径#44),89.57,1744310.61,19279,19474,ELECTROLYTIC NICKEL,新品目通道历史回补【#45】,新品目通道历史回补【#45】,2562,90.477,,RC002
2576,硫酸镍,2024-01-11,2024-01,PT HALMAHERA PERSADA LYGEND,PT HALMAHERA PERSADA LYGEND,Obi(Harita),Obi Island,"Ningbo Lygend Wisdom Co., Ltd.",China,Zhangjiagang,28332400,4400,,22.2,化学计量(NiSO4·6H2O 22.2%),976.8,12385340,2815,12680,NICKEL SULFATE,,中间品矩阵(75章+720150等),2577,4400,,NC162
2603,精炼镍,2024-01-15,2024-01,PT CNGR DING XING NEW ENERGY,PT CNGR DING XING NEW ENERGY,IMIP(Morowali),Bahudopi,"C. Steinweg Logistics (Shanghai Waigaoqiao Bonded Logistics Zone) Co., Ltd.",China,Yantai Pt,75021000,439.4667,,99,HS750210 Ni≥99% 产品标准(口径#44),435.07,8472500.48,19279,19474,ELECTROLYTIC NICKEL,新品目通道历史回补【#45】,新品目通道历史回补【#45】,2604,439.4667,,NC019
2614,硫酸镍,2024-01-17,2024-01,PT HALMAHERA PERSADA LYGEND,PT HALMAHERA PERSADA LYGEND,Obi(Harita),Obi Island,"Ningbo Lygend Wisdom Co., Ltd.",China,Zhapu,28332400,6140,,22.2,化学计量(NiSO4·6H2O 22.2%),1363.08,17326220,2822,12711,NICKEL SULFATE,,中间品矩阵(75章+720150等),2615,6140,,NC162
2651,精炼镍,2024-01-20,2024-01,PT CNGR DING XING NEW ENERGY,PT CNGR DING XING NEW ENERGY,IMIP(Morowali),Bahudopi,ETERNAL TSINGSHAN GROUP LIMITED,China,NINGBO,75021000,95.7809,,99,HS750210 Ni≥99% 产品标准(口径#44),94.82,1846564.76,19279,19474,ELECTROLYTIC NICKEL,新品目通道历史回补【#45】,新品目通道历史回补【#45】,2652,95.7809,,RC002
2652,精炼镍,2024-01-20,2024-01,PT CNGR DING XING NEW ENERGY,PT CNGR DING XING NEW ENERGY,IMIP(Morowali),Bahudopi,ETERNAL TSINGSHAN GROUP LIMITED,China,NINGBO,75021000,25.5603,,99,HS750210 Ni≥99% 产品标准(口径#44),25.3,492778.3,19279,19474,ELECTROLYTIC NICKEL,新品目通道历史回补【#45】,新品目通道历史回补【#45】,2653,25.5603,,RC002
2653,精炼镍,2024-01-20,2024-01,PT CNGR DING XING NEW ENERGY,PT CNGR DING XING NEW ENERGY,IMIP(Morowali),Bahudopi,ACCESS WORLD BUSAN LIMITED,South Korea,Pusan,75021000,95.9697,,99,HS750210 Ni≥99% 产品标准(口径#44),95.01,1597255.39,16643,16811,ELECTROLYTIC NICKEL,新品目通道历史回补【#45】,新品目通道历史回补【#45】,2654,95.9697,,RC005
2654,精炼镍,2024-01-20,2024-01,PT CNGR DING XING NEW ENERGY,PT CNGR DING XING NEW ENERGY,IMIP(Morowali),Bahudopi,C STEINWEG BRASIL LTDA,Brazil,Navegantes,75021000,96.1557,,99,HS750210 Ni≥99% 产品标准(口径#44),95.19,1853790.55,19279,19474,ELECTROLYTIC NICKEL,新品目通道历史回补【#45】,新品目通道历史回补【#45】,2655,96.1557,,RC006
2655,精炼镍,2024-01-20,2024-01,PT CNGR DING XING NEW ENERGY,PT CNGR DING XING NEW ENERGY,IMIP(Morowali),Bahudopi,ETERNAL TSINGSHAN GROUP LIMITED,China,NINGBO,75021000,40.9601,,99,HS750210 Ni≥99% 产品标准(口径#44),40.55,789671.82,19279,19474,ELECTROLYTIC NICKEL,新品目通道历史回补【#45】,新品目通道历史回补【#45】,2656,40.9601,,RC002
2656,精炼镍,2024-01-20,2024-01,PT CNGR DING XING NEW ENERGY,PT CNGR DING XING NEW ENERGY,IMIP(Morowali),Bahudopi,TAE EU WAREHOUSING KOREA CO LTD,South Korea,Busan (ex Pusan),75021000,601.0546,,99,HS750210 Ni≥99% 产品标准(口径#44),595.04,10003550.06,16643,16811,ELECTROLYTIC NICKEL,新品目通道历史回补【#45】,新品目通道历史回补【#45】,2657,601.0546,,RC004
2657,精炼镍,2024-01-20,2024-01,PT CNGR DING XING NEW ENERGY,PT CNGR DING XING NEW ENERGY,IMIP(Morowali),Bahudopi,HANSMET CO,South Korea,Busan (ex Pusan),75021000,59.9016,,99,HS750210 Ni≥99% 产品标准(口径#44),59.3,1145261.69,19119,19312,ELECTROLYTIC NICKEL,新品目通道历史回补【#45】,新品目通道历史回补【#45】,2658,59.9016,,RC007
2658,精炼镍,2024-01-20,2024-01,PT CNGR DING XING NEW ENERGY,PT CNGR DING XING NEW ENERGY,IMIP(Morowali),Bahudopi,Pgs(China) Ltd.,China,Shanghai,75021000,333.1769,,99,HS750210 Ni≥99% 产品标准(口径#44),329.85,5545173.1,16643,16811,ELECTROLYTIC NICKEL,新品目通道历史回补【#45】,新品目通道历史回补【#45】,2659,333.1769,,MC086
2659,精炼镍,2024-01-20,2024-01,PT CNGR DING XING NEW ENERGY,PT CNGR DING XING NEW ENERGY,IMIP(Morowali),Bahudopi,ETERNAL TSINGSHAN GROUP LIMITED,China,NINGBO,75021000,24.0792,,99,HS750210 Ni≥99% 产品标准(口径#44),23.84,464224.1,19279,19474,ELECTROLYTIC NICKEL,新品目通道历史回补【#45】,新品目通道历史回补【#45】,2660,24.0792,,RC002
2660,精炼镍,2024-01-20,2024-01,PT CNGR DING XING NEW ENERGY,PT CNGR DING XING NEW ENERGY,IMIP(Morowali),Bahudopi,ETERNAL TSINGSHAN GROUP LIMITED,China,NINGBO,75021000,30.0687,,99,HS750210 Ni≥99% 产品标准(口径#44),29.77,579695.97,19279,19474,ELECTROLYTIC NICKEL,新品目通道历史回补【#45】,新品目通道历史回补【#45】,2661,30.0687,,RC002
2661,精炼镍,2024-01-20,2024-01,PT CNGR DING XING NEW ENERGY,PT CNGR DING XING NEW ENERGY,IMIP(Morowali),Bahudopi,ETERNAL TSINGSHAN GROUP LIMITED,China,NINGBO,75021000,48.2629,,99,HS750210 Ni≥99% 产品标准(口径#44),47.78,930462.86,19279,19474,ELECTROLYTIC NICKEL,新品目通道历史回补【#45】,新品目通道历史回补【#45】,2662,48.2629,,RC002
2698,精炼镍,2024-01-25,2024-01,PT CNGR DING XING NEW ENERGY,PT CNGR DING XING NEW ENERGY,IMIP(Morowali),Bahudopi,"C. Steinweg Logistics (Shanghai Waigaoqiao Bonded Logistics Zone) Co., Ltd.",China,Yantai Pt,75021000,342.0721,,99,HS750210 Ni≥99% 产品标准(口径#44),338.65,5693218.84,16643,16811,ELECTROLYTIC NICKEL,新品目通道历史回补【#45】,新品目通道历史回补【#45】,2699,342.0721,,NC019
2713,精炼镍,2024-01-27,2024-01,PT CNGR DING XING NEW ENERGY,PT CNGR DING XING NEW ENERGY,IMIP(Morowali),Bahudopi,STEINWEG SHARAF INDIA PRIVATE LIMITED,India,Mundra,75021000,99.7191,,99,HS750210 Ni≥99% 产品标准(口径#44),98.72,1659657.89,16643,16811,ELECTROLYTIC NICKEL,新品目通道历史回补【#45】,新品目通道历史回补【#45】,2714,99.7191,,NC228
2714,精炼镍,2024-01-27,2024-01,PT CNGR DING XING NEW ENERGY,PT CNGR DING XING NEW ENERGY,IMIP(Morowali),Bahudopi,METAAL TRANSPORT BV,Netherlands,Rotterdam,75021000,201.3071,,99,HS750210 Ni≥99% 产品标准(口径#44),199.29,3350420.5,16643,16811,ELECTROLYTIC NICKEL,新品目通道历史回补【#45】,新品目通道历史回补【#45】,2715,201.3071,,RC008
2773,精炼镍,2024-02-05,2024-02,PT CNGR DING XING NEW ENERGY,PT CNGR DING XING NEW ENERGY,IMIP(Morowali),Bahudopi,ETERNAL TSINGSHAN GROUP LIMITED,China,NINGBO,75021000,25.7076,,99,HS750210 Ni≥99% 产品标准(口径#44),25.45,427860.07,16643,16811,ELECTROLYTIC NICKEL,新品目通道历史回补【#45】,新品目通道历史回补【#45】,2774,25.7076,,RC002
2774,精炼镍,2024-02-05,2024-02,PT CNGR DING XING NEW ENERGY,PT CNGR DING XING NEW ENERGY,IMIP(Morowali),Bahudopi,ETERNAL TSINGSHAN GROUP LIMITED,China,NINGBO,75021000,74.0033,,99,HS750210 Ni≥99% 产品标准(口径#44),73.26,1231661.34,16643,16811,ELECTROLYTIC NICKEL,新品目通道历史回补【#45】,新品目通道历史回补【#45】,2775,74.0033,,RC002
2775,精炼镍,2024-02-05,2024-02,PT CNGR DING XING NEW ENERGY,PT CNGR DING XING NEW ENERGY,IMIP(Morowali),Bahudopi,ETERNAL TSINGSHAN GROUP LIMITED,China,NINGBO,75021000,97.6851,,99,HS750210 Ni≥99% 产品标准(口径#44),96.71,1625805.36,16643,16811,ELECTROLYTIC NICKEL,新品目通道历史回补【#45】,新品目通道历史回补【#45】,2776,97.6851,,RC002
2776,精炼镍,2024-02-05,2024-02,PT CNGR DING XING NEW ENERGY,PT CNGR DING XING NEW ENERGY,IMIP(Morowali),Bahudopi,ETERNAL TSINGSHAN GROUP LIMITED,China,NINGBO,75021000,62.1452,,99,HS750210 Ni≥99% 产品标准(口径#44),61.52,1034303.07,16643,16811,ELECTROLYTIC NICKEL,新品目通道历史回补【#45】,新品目通道历史回补【#45】,2777,62.1452,,RC002
2777,精炼镍,2024-02-05,2024-02,PT CNGR DING XING NEW ENERGY,PT CNGR DING XING NEW ENERGY,IMIP(Morowali),Bahudopi,ETERNAL TSINGSHAN GROUP LIMITED,China,NINGBO,75021000,98.9566,,99,HS750210 Ni≥99% 产品标准(口径#44),97.97,1646967.35,16643,16811,ELECTROLYTIC NICKEL,新品目通道历史回补【#45】,新品目通道历史回补【#45】,2778,98.9566,,RC002
2802,硫酸镍,2024-02-07,2024-02,PT HALMAHERA PERSADA LYGEND,PT HALMAHERA PERSADA LYGEND,Obi(Harita),Obi Island,"Ningbo Lygend Wisdom Co., Ltd.",China,Zhapu,28332400,2400,,22.2,化学计量(NiSO4·6H2O 22.2%),532.8,6704112,2793,12583,NICKEL SULFATE,,中间品矩阵(75章+720150等),2803,2400,,NC162
2803,硫酸镍,2024-02-07,2024-02,PT HALMAHERA PERSADA LYGEND,PT HALMAHERA PERSADA LYGEND,Obi(Harita),Obi Island,"Ningbo Lygend Wisdom Co., Ltd.",China,Zhapu,28332400,2000,,22.2,化学计量(NiSO4·6H2O 22.2%),444,5586760,2793,12583,NICKEL SULFATE,,中间品矩阵(75章+720150等),2804,2000,,NC162
2804,精炼镍,2024-02-07,2024-02,PT CNGR DING XING NEW ENERGY,PT CNGR DING XING NEW ENERGY,IMIP(Morowali),Bahudopi,KOREA NON FERROUS METALS CO,South Korea,Incheon,75021000,61.368,,99,HS750210 Ni≥99% 产品标准(口径#44),60.75,1021367.88,16643,16811,ELECTROLYTIC NICKEL,新品目通道历史回补【#45】,新品目通道历史回补【#45】,2805,61.368,,RC009
2805,精炼镍,2024-02-07,2024-02,PT CNGR DING XING NEW ENERGY,PT CNGR DING XING NEW ENERGY,IMIP(Morowali),Bahudopi,Pgs(China) Ltd.,China,Shanghai,75021000,500.6043,,99,HS750210 Ni≥99% 产品标准(口径#44),495.6,8331722.56,16643,16811,ELECTROLYTIC NICKEL,新品目通道历史回补【#45】,新品目通道历史回补【#45】,2806,500.6043,,MC086
2806,精炼镍,2024-02-07,2024-02,PT CNGR DING XING NEW ENERGY,PT CNGR DING XING NEW ENERGY,IMIP(Morowali),Bahudopi,SPHERE POWER INC,South Korea,Incheon,75021000,19.9914,,99,HS750210 Ni≥99% 产品标准(口径#44),19.79,332723.47,16643,16811,ELECTROLYTIC NICKEL,新品目通道历史回补【#45】,新品目通道历史回补【#45】,2807,19.9914,,RC010
2844,硫酸镍,2024-02-13,2024-02,PT HALMAHERA PERSADA LYGEND,PT HALMAHERA PERSADA LYGEND,Obi(Harita),Obi Island,"Ningbo Lygend Wisdom Co., Ltd.",China,Zhapu,28332400,3980,,22.2,化学计量(NiSO4·6H2O 22.2%),883.56,11227580,2821,12707,NICKEL SULFATE,,中间品矩阵(75章+720150等),2845,3980,,NC162
2845,硫酸镍,2024-02-13,2024-02,PT HALMAHERA PERSADA LYGEND,PT HALMAHERA PERSADA LYGEND,Obi(Harita),Obi Island,"Ningbo Lygend Wisdom Co., Ltd.",China,Zhapu,28332400,4000,,22.2,化学计量(NiSO4·6H2O 22.2%),888,11284000,2821,12707,NICKEL SULFATE,,中间品矩阵(75章+720150等),2846,4000,,NC162
2846,精炼镍,2024-02-13,2024-02,PT CNGR DING XING NEW ENERGY,PT CNGR DING XING NEW ENERGY,IMIP(Morowali),Bahudopi,"Cngr Hong Kong Material Science & Technology Co., Ltd.",China,Yantai Pt,75021000,475.3331,,99,HS750210 Ni≥99% 产品标准(口径#44),470.58,7911125.64,16643,16811,ELECTROLYTIC NICKEL,新品目通道历史回补【#45】,新品目通道历史回补【#45】,2847,475.3331,,B010
2873,精炼镍,2024-02-17,2024-02,PT CNGR DING XING NEW ENERGY,PT CNGR DING XING NEW ENERGY,IMIP(Morowali),Bahudopi,TAE EU WAREHOUSING KOREA CO LTD,South Korea,Busan (ex Pusan),75021000,601.1781,,99,HS750210 Ni≥99% 产品标准(口径#44),595.17,9566913.82,15914,16074,ELECTROLYTIC NICKEL,新品目通道历史回补【#45】,新品目通道历史回补【#45】,2874,601.1781,,RC004
2882,精炼镍,2024-02-19,2024-02,PT CNGR DING XING NEW ENERGY,PT CNGR DING XING NEW ENERGY,IMIP(Morowali),Bahudopi,ETERNAL TSINGSHAN GROUP LIMITED,China,NINGBO,75021000,19.8505,,99,HS750210 Ni≥99% 产品标准(口径#44),19.65,330378.42,16643,16811,ELECTROLYTIC NICKEL,新品目通道历史回补【#45】,新品目通道历史回补【#45】,2883,19.8505,,RC002
2883,精炼镍,2024-02-19,2024-02,PT CNGR DING XING NEW ENERGY,PT CNGR DING XING NEW ENERGY,IMIP(Morowali),Bahudopi,ETERNAL TSINGSHAN GROUP LIMITED,China,NINGBO,75021000,24.4633,,99,HS750210 Ni≥99% 产品标准(口径#44),24.22,407150.77,16643,16811,ELECTROLYTIC NICKEL,新品目通道历史回补【#45】,新品目通道历史回补【#45】,2884,24.4633,,RC002
2884,精炼镍,2024-02-19,2024-02,PT CNGR DING XING NEW ENERGY,PT CNGR DING XING NEW ENERGY,IMIP(Morowali),Bahudopi,ETERNAL TSINGSHAN GROUP LIMITED,China,NINGBO,75021000,20.0046,,99,HS750210 Ni≥99% 产品标准(口径#44),19.8,332943.16,16643,16811,ELECTROLYTIC NICKEL,新品目通道历史回补【#45】,新品目通道历史回补【#45】,2885,20.0046,,RC002
2900,精炼镍,2024-02-21,2024-02,PT CNGR DING XING NEW ENERGY,PT CNGR DING XING NEW ENERGY,IMIP(Morowali),Bahudopi,HANSMET CO,South Korea,Incheon,75021000,59.5893,,99,HS750210 Ni≥99% 产品标准(口径#44),58.99,1139290.81,19119,19312,ELECTROLYTIC NICKEL,新品目通道历史回补【#45】,新品目通道历史回补【#45】,2901,59.5893,,RC007
2901,精炼镍,2024-02-21,2024-02,PT CNGR DING XING NEW ENERGY,PT CNGR DING XING NEW ENERGY,IMIP(Morowali),Bahudopi,HANSMET CO,South Korea,Incheon,75021000,20.0004,,99,HS750210 Ni≥99% 产品标准(口径#44),19.8,309779.8,15489,15645,ELECTROLYTIC NICKEL,新品目通道历史回补【#45】,新品目通道历史回补【#45】,2902,20.0004,,RC007
2902,精炼镍,2024-02-21,2024-02,PT CNGR DING XING NEW ENERGY,PT CNGR DING XING NEW ENERGY,IMIP(Morowali),Bahudopi,STEINWEG SHARAF INDIA PRIVATE LIMITED,India,Mundra,75021000,400.0475,,99,HS750210 Ni≥99% 产品标准(口径#44),396.05,6366199.9,15914,16074,ELECTROLYTIC NICKEL,新品目通道历史回补【#45】,新品目通道历史回补【#45】,2903,400.0475,,NC228
2903,精炼镍,2024-02-21,2024-02,PT CNGR DING XING NEW ENERGY,PT CNGR DING XING NEW ENERGY,IMIP(Morowali),Bahudopi,METAAL TRANSPORT BV,Netherlands,Rotterdam,75021000,100.18,,99,HS750210 Ni≥99% 产品标准(口径#44),99.18,1667328.8,16643,16811,ELECTROLYTIC NICKEL,新品目通道历史回补【#45】,新品目通道历史回补【#45】,2904,100.18,,RC008
2904,精炼镍,2024-02-21,2024-02,PT CNGR DING XING NEW ENERGY,PT CNGR DING XING NEW ENERGY,IMIP(Morowali),Bahudopi,H AND M METAL WAREHOUSING KOREA CO LTD,South Korea,Pusan,75021000,200.3513,,99,HS750210 Ni≥99% 产品标准(口径#44),198.35,3334512.8,16643,16811,ELECTROLYTIC NICKEL,新品目通道历史回补【#45】,新品目通道历史回补【#45】,2905,200.3513,,RC011
2946,硫酸镍,2024-02-28,2024-02,PT HALMAHERA PERSADA LYGEND,PT HALMAHERA PERSADA LYGEND,Obi(Harita),Obi Island,"Ningbo Lygend Wisdom Co., Ltd.",China,Zhangjiagang,28332400,3300,,22.2,化学计量(NiSO4·6H2O 22.2%),732.6,9432291,2858,12875,NICKEL SULFATE,同日同额拆单(tradeId不同，非重复),中间品矩阵(75章+720150等),2947,3300,,NC162
2947,硫酸镍,2024-02-28,2024-02,PT HALMAHERA PERSADA LYGEND,PT HALMAHERA PERSADA LYGEND,Obi(Harita),Obi Island,"Ningbo Lygend Wisdom Co., Ltd.",China,Zhangjiagang,28332400,3300,,22.2,化学计量(NiSO4·6H2O 22.2%),732.6,9432291,2858,12875,NICKEL SULFATE,同日同额拆单(tradeId不同，非重复),中间品矩阵(75章+720150等),2948,3300,,NC162
2984,精炼镍,2024-03-05,2024-03,PT CNGR DING XING NEW ENERGY,PT CNGR DING XING NEW ENERGY,IMIP(Morowali),Bahudopi,KOREA NON FERROUS METALS CO,South Korea,Incheon,75021000,60.9942,,99,HS750210 Ni≥99% 产品标准(口径#44),60.38,970637.91,15914,16074,ELECTROLYTIC NICKEL,新品目通道历史回补【#45】,新品目通道历史回补【#45】,2985,60.9942,,RC009
2995,硫酸镍,2024-03-06,2024-03,PT HALMAHERA PERSADA LYGEND,PT HALMAHERA PERSADA LYGEND,Obi(Harita),Obi Island,"Ningbo Lygend Wisdom Co., Ltd.",China,Zhangjiagang,28332400,5400,,22.2,化学计量(NiSO4·6H2O 22.2%),1198.8,15922170,2949,13282,NICKEL SULFATE,,中间品矩阵(75章+720150等),2996,5400,,NC162
2996,精炼镍,2024-03-06,2024-03,PT CNGR DING XING NEW ENERGY,PT CNGR DING XING NEW ENERGY,IMIP(Morowali),Bahudopi,ETERNAL TSINGSHAN GROUP LIMITED,China,NINGBO,75021000,96.3916,,99,HS750210 Ni≥99% 产品标准(口径#44),95.43,1533938.33,15914,16074,ELECTROLYTIC NICKEL,新品目通道历史回补【#45】,新品目通道历史回补【#45】,2997,96.3916,,RC002
3073,精炼镍,2024-03-15,2024-03,PT CNGR DING XING NEW ENERGY,PT CNGR DING XING NEW ENERGY,IMIP(Morowali),Bahudopi,EDDINOX CO LTD,South Korea,Incheon,75021000,12.2302,,99,HS750210 Ni≥99% 产品标准(口径#44),12.11,194626.63,15914,16074,ELECTROLYTIC NICKEL,新品目通道历史回补【#45】,新品目通道历史回补【#45】,3074,12.2302,,RC012
3074,精炼镍,2024-03-15,2024-03,PT CNGR DING XING NEW ENERGY,PT CNGR DING XING NEW ENERGY,IMIP(Morowali),Bahudopi,STX CORPORATION,South Korea,Incheon,75021000,24.4288,,99,HS750210 Ni≥99% 产品标准(口径#44),24.18,388750.4,15914,16074,ELECTROLYTIC NICKEL,新品目通道历史回补【#45】,新品目通道历史回补【#45】,3075,24.4288,,RC013
3075,精炼镍,2024-03-15,2024-03,PT CNGR DING XING NEW ENERGY,PT CNGR DING XING NEW ENERGY,IMIP(Morowali),Bahudopi,EDDINOX CO LTD,South Korea,Incheon,75021000,12.1618,,99,HS750210 Ni≥99% 产品标准(口径#44),12.04,193538.14,15914,16074,ELECTROLYTIC NICKEL,新品目通道历史回补【#45】,新品目通道历史回补【#45】,3076,12.1618,,RC012
3107,精炼镍,2024-03-18,2024-03,PT CNGR DING XING NEW ENERGY,PT CNGR DING XING NEW ENERGY,IMIP(Morowali),Bahudopi,"C. Steinweg Logistics (Shanghai Waigaoqiao Bonded Logistics Zone) Co., Ltd.",China,Yantai Pt,75021000,117.1039,,99,HS750210 Ni≥99% 产品标准(口径#44),115.93,1863545.79,15914,16074,ELECTROLYTIC NICKEL,新品目通道历史回补【#45】,新品目通道历史回补【#45】,3108,117.1039,,NC019
3138,精炼镍,2024-03-22,2024-03,PT CNGR DING XING NEW ENERGY,PT CNGR DING XING NEW ENERGY,IMIP(Morowali),Bahudopi,KOREA NON FERROUS METALS CO,South Korea,Incheon,75021000,60.4916,,99,HS750210 Ni≥99% 产品标准(口径#44),59.89,962639.73,15914,16074,ELECTROLYTIC NICKEL,新品目通道历史回补【#45】,新品目通道历史回补【#45】,3139,60.4916,,RC009
3139,精炼镍,2024-03-22,2024-03,PT CNGR DING XING NEW ENERGY,PT CNGR DING XING NEW ENERGY,IMIP(Morowali),Bahudopi,"C. Steinweg Logistics (Shanghai Waigaoqiao Bonded Logistics Zone) Co., Ltd.",China,Shanghai,75021000,1151.1639,,99,HS750210 Ni≥99% 产品标准(口径#44),1139.65,18319173.35,15914,16074,ELECTROLYTIC NICKEL,新品目通道历史回补【#45】,新品目通道历史回补【#45】,3140,1151.1639,,NC019
3140,精炼镍,2024-03-22,2024-03,PT CNGR DING XING NEW ENERGY,PT CNGR DING XING NEW ENERGY,IMIP(Morowali),Bahudopi,HANSMET CO,South Korea,Incheon,75021000,20,,99,HS750210 Ni≥99% 产品标准(口径#44),19.8,309773.6,15489,15645,ELECTROLYTIC NICKEL,新品目通道历史回补【#45】,新品目通道历史回补【#45】,3141,20,,RC007
3141,精炼镍,2024-03-22,2024-03,PT CNGR DING XING NEW ENERGY,PT CNGR DING XING NEW ENERGY,IMIP(Morowali),Bahudopi,Pgs(China) Ltd.,China,Shanghai,75021000,302.8767,,99,HS750210 Ni≥99% 产品标准(口径#44),299.85,4819861.68,15914,16074,ELECTROLYTIC NICKEL,新品目通道历史回补【#45】,新品目通道历史回补【#45】,3142,302.8767,,MC086
3142,精炼镍,2024-03-22,2024-03,PT CNGR DING XING NEW ENERGY,PT CNGR DING XING NEW ENERGY,IMIP(Morowali),Bahudopi,HANSMET CO,South Korea,Incheon,75021000,20,,99,HS750210 Ni≥99% 产品标准(口径#44),19.8,309773.6,15489,15645,ELECTROLYTIC NICKEL,新品目通道历史回补【#45】,新品目通道历史回补【#45】,3143,20,,RC007
3162,精炼镍,2024-03-26,2024-03,PT CNGR DING XING NEW ENERGY,PT CNGR DING XING NEW ENERGY,IMIP(Morowali),Bahudopi,ETERNAL TSINGSHAN GROUP LIMITED,China,NINGBO,75021000,25.4538,,99,HS750210 Ni≥99% 产品标准(口径#44),25.2,405061.85,15914,16074,ELECTROLYTIC NICKEL,新品目通道历史回补【#45】,新品目通道历史回补【#45】,3163,25.4538,,RC002
3163,精炼镍,2024-03-26,2024-03,PT CNGR DING XING NEW ENERGY,PT CNGR DING XING NEW ENERGY,IMIP(Morowali),Bahudopi,TAE EU WAREHOUSING KOREA CO LTD,South Korea,Busan (ex Pusan),75021000,508.7463,,99,HS750210 Ni≥99% 产品标准(口径#44),503.66,7941275.37,15610,15767,ELECTROLYTIC NICKEL,新品目通道历史回补【#45】,新品目通道历史回补【#45】,3164,508.7463,,RC004
3164,精炼镍,2024-03-26,2024-03,PT CNGR DING XING NEW ENERGY,PT CNGR DING XING NEW ENERGY,IMIP(Morowali),Bahudopi,ETERNAL TSINGSHAN GROUP LIMITED,China,NINGBO,75021000,51.0294,,99,HS750210 Ni≥99% 产品标准(口径#44),50.52,812061.97,15914,16074,ELECTROLYTIC NICKEL,新品目通道历史回补【#45】,新品目通道历史回补【#45】,3165,51.0294,,RC002
3165,精炼镍,2024-03-26,2024-03,PT CNGR DING XING NEW ENERGY,PT CNGR DING XING NEW ENERGY,IMIP(Morowali),Bahudopi,ETERNAL TSINGSHAN GROUP LIMITED,China,NINGBO,75021000,149.9487,,99,HS750210 Ni≥99% 产品标准(口径#44),148.45,2386225.13,15914,16074,ELECTROLYTIC NICKEL,新品目通道历史回补【#45】,新品目通道历史回补【#45】,3166,149.9487,,RC002
3166,精炼镍,2024-03-26,2024-03,PT CNGR DING XING NEW ENERGY,PT CNGR DING XING NEW ENERGY,IMIP(Morowali),Bahudopi,ETERNAL TSINGSHAN GROUP LIMITED,China,NINGBO,75021000,149.1952,,99,HS750210 Ni≥99% 产品标准(口径#44),147.7,2374234.23,15914,16074,ELECTROLYTIC NICKEL,新品目通道历史回补【#45】,新品目通道历史回补【#45】,3167,149.1952,,RC002
3167,精炼镍,2024-03-26,2024-03,PT CNGR DING XING NEW ENERGY,PT CNGR DING XING NEW ENERGY,IMIP(Morowali),Bahudopi,ETERNAL TSINGSHAN GROUP LIMITED,China,NINGBO,75021000,99.9392,,99,HS750210 Ni≥99% 产品标准(口径#44),98.94,1590393.45,15914,16074,ELECTROLYTIC NICKEL,新品目通道历史回补【#45】,新品目通道历史回补【#45】,3168,99.9392,,RC002
3185,精炼镍,2024-03-27,2024-03,PT CNGR DING XING NEW ENERGY,PT CNGR DING XING NEW ENERGY,IMIP(Morowali),Bahudopi,HANWA CO LTD,Japan,Yokohama,75021000,19.609,,99,HS750210 Ni≥99% 产品标准(口径#44),19.41,312049.98,15914,16074,ELECTROLYTIC NICKEL,新品目通道历史回补【#45】,新品目通道历史回补【#45】,3186,19.609,,MC045
3186,精炼镍,2024-03-27,2024-03,PT CNGR DING XING NEW ENERGY,PT CNGR DING XING NEW ENERGY,IMIP(Morowali),Bahudopi,STEINWEG SHARAF INDIA PRIVATE LIMITED,India,Mundra,75021000,301.8879,,99,HS750210 Ni≥99% 产品标准(口径#44),298.87,4804126.3,15914,16074,ELECTROLYTIC NICKEL,新品目通道历史回补【#45】,新品目通道历史回补【#45】,3187,301.8879,,NC228
3228,硫酸镍,2024-04-01,2024-04,PT HALMAHERA PERSADA LYGEND,PT HALMAHERA PERSADA LYGEND,Obi(Harita),Obi Island,"Ningbo Lygend Wisdom Co., Ltd.",China,Zhapu,28332400,8000,,22.2,化学计量(NiSO4·6H2O 22.2%),1776,24753600,3094,13938,NICKEL SULFATE,,中间品矩阵(75章+720150等),3229,8000,,NC162
3252,精炼镍,2024-04-03,2024-04,PT CNGR DING XING NEW ENERGY,PT CNGR DING XING NEW ENERGY,IMIP(Morowali),Bahudopi,UNI METAL CO LTD,South Korea,Busan (ex Pusan),75021000,40,,99,HS750210 Ni≥99% 产品标准(口径#44),39.6,624380,15610,15767,ELECTROLYTIC NICKEL,新品目通道历史回补【#45】,新品目通道历史回补【#45】,3253,40,,RC014
3262,硫酸镍,2024-04-04,2024-04,PT HALMAHERA PERSADA LYGEND,PT HALMAHERA PERSADA LYGEND,Obi(Harita),Obi Island,"Ningbo Lygend Wisdom Co., Ltd.",China,Zhapu,28332400,4440,,22.2,化学计量(NiSO4·6H2O 22.2%),985.68,13702550,3086,13902,NICKEL SULFATE,,中间品矩阵(75章+720150等),3263,4440,,NC162
3263,精炼镍,2024-04-04,2024-04,PT CNGR DING XING NEW ENERGY,PT CNGR DING XING NEW ENERGY,IMIP(Morowali),Bahudopi,GLENCORE ISTANBUL MADENCILIK VE TICARET A S,Turkey,Gebze,75021000,199.906,,99,HS750210 Ni≥99% 产品标准(口径#44),197.91,3181226.12,15914,16074,ELECTROLYTIC NICKEL,新品目通道历史回补【#45】,新品目通道历史回补【#45】,3264,199.906,,RC015
3275,精炼镍,2024-04-06,2024-04,PT CNGR DING XING NEW ENERGY,PT CNGR DING XING NEW ENERGY,IMIP(Morowali),Bahudopi,"C. Steinweg Logistics (Shanghai Waigaoqiao Bonded Logistics Zone) Co., Ltd.",China,Yantai Pt,75021000,44.3426,,99,HS750210 Ni≥99% 产品标准(口径#44),43.9,686808.34,15489,15645,ELECTROLYTIC NICKEL,新品目通道历史回补【#45】,新品目通道历史回补【#45】,3276,44.3426,,NC019
3276,精炼镍,2024-04-06,2024-04,PT CNGR DING XING NEW ENERGY,PT CNGR DING XING NEW ENERGY,IMIP(Morowali),Bahudopi,"C. Steinweg Logistics (Shanghai Waigaoqiao Bonded Logistics Zone) Co., Ltd.",China,Yantai Pt,75021000,50.0023,,99,HS750210 Ni≥99% 产品标准(口径#44),49.5,780510.9,15609,15767,ELECTROLYTIC NICKEL,新品目通道历史回补【#45】,新品目通道历史回补【#45】,3277,50.0023,,NC019
3277,精炼镍,2024-04-06,2024-04,PT CNGR DING XING NEW ENERGY,PT CNGR DING XING NEW ENERGY,IMIP(Morowali),Bahudopi,"C. Steinweg Logistics (Shanghai Waigaoqiao Bonded Logistics Zone) Co., Ltd.",China,Yantai Pt,75021000,99.8272,,99,HS750210 Ni≥99% 产品标准(口径#44),98.83,1558252.68,15610,15767,ELECTROLYTIC NICKEL,新品目通道历史回补【#45】,新品目通道历史回补【#45】,3278,99.8272,,NC019
3278,精炼镍,2024-04-06,2024-04,PT CNGR DING XING NEW ENERGY,PT CNGR DING XING NEW ENERGY,IMIP(Morowali),Bahudopi,"C. Steinweg Logistics (Shanghai Waigaoqiao Bonded Logistics Zone) Co., Ltd.",China,Yantai Pt,75021000,37.0031,,99,HS750210 Ni≥99% 产品标准(口径#44),36.63,577599.89,15610,15767,ELECTROLYTIC NICKEL,新品目通道历史回补【#45】,新品目通道历史回补【#45】,3279,37.0031,,NC019
3307,精炼镍,2024-04-11,2024-04,PT CNGR DING XING NEW ENERGY,PT CNGR DING XING NEW ENERGY,IMIP(Morowali),Bahudopi,ETERNAL TSINGSHAN GROUP LIMITED,China,NINGBO,75021000,42.1143,,99,HS750210 Ni≥99% 产品标准(口径#44),41.69,657383.17,15610,15767,ELECTROLYTIC NICKEL,新品目通道历史回补【#45】,新品目通道历史回补【#45】,3308,42.1143,,RC002
3308,精炼镍,2024-04-11,2024-04,PT CNGR DING XING NEW ENERGY,PT CNGR DING XING NEW ENERGY,IMIP(Morowali),Bahudopi,ETERNAL TSINGSHAN GROUP LIMITED,China,NINGBO,75021000,101.1063,,99,HS750210 Ni≥99% 产品标准(口径#44),100.1,1578218.79,15610,15767,ELECTROLYTIC NICKEL,新品目通道历史回补【#45】,新品目通道历史回补【#45】,3309,101.1063,,RC002
3309,精炼镍,2024-04-11,2024-04,PT CNGR DING XING NEW ENERGY,PT CNGR DING XING NEW ENERGY,IMIP(Morowali),Bahudopi,ETERNAL TSINGSHAN GROUP LIMITED,China,NINGBO,75021000,100.0612,,99,HS750210 Ni≥99% 产品标准(口径#44),99.06,1561905.3,15609,15767,ELECTROLYTIC NICKEL,新品目通道历史回补【#45】,新品目通道历史回补【#45】,3310,100.0612,,RC002
3310,精炼镍,2024-04-11,2024-04,PT CNGR DING XING NEW ENERGY,PT CNGR DING XING NEW ENERGY,IMIP(Morowali),Bahudopi,ETERNAL TSINGSHAN GROUP LIMITED,China,NINGBO,75021000,151.5338,,99,HS750210 Ni≥99% 产品标准(口径#44),150.02,2365366.85,15609,15767,ELECTROLYTIC NICKEL,新品目通道历史回补【#45】,新品目通道历史回补【#45】,3311,151.5338,,RC002
3311,精炼镍,2024-04-11,2024-04,PT CNGR DING XING NEW ENERGY,PT CNGR DING XING NEW ENERGY,IMIP(Morowali),Bahudopi,ETERNAL TSINGSHAN GROUP LIMITED,China,NINGBO,75021000,49.6721,,99,HS750210 Ni≥99% 产品标准(口径#44),49.18,775356.64,15609,15767,ELECTROLYTIC NICKEL,新品目通道历史回补【#45】,新品目通道历史回补【#45】,3312,49.6721,,RC002
3312,精炼镍,2024-04-11,2024-04,PT CNGR DING XING NEW ENERGY,PT CNGR DING XING NEW ENERGY,IMIP(Morowali),Bahudopi,ETERNAL TSINGSHAN GROUP LIMITED,China,NINGBO,75021000,225.8383,,99,HS750210 Ni≥99% 产品标准(口径#44),223.58,3525222.94,15609,15767,ELECTROLYTIC NICKEL,新品目通道历史回补【#45】,新品目通道历史回补【#45】,3313,225.8383,,RC002
3313,精炼镍,2024-04-11,2024-04,PT CNGR DING XING NEW ENERGY,PT CNGR DING XING NEW ENERGY,IMIP(Morowali),Bahudopi,ETERNAL TSINGSHAN GROUP LIMITED,China,NINGBO,75021000,23.012,,99,HS750210 Ni≥99% 产品标准(口径#44),22.78,359205.81,15609,15767,ELECTROLYTIC NICKEL,新品目通道历史回补【#45】,新品目通道历史回补【#45】,3314,23.012,,RC002
3314,精炼镍,2024-04-11,2024-04,PT CNGR DING XING NEW ENERGY,PT CNGR DING XING NEW ENERGY,IMIP(Morowali),Bahudopi,ETERNAL TSINGSHAN GROUP LIMITED,China,NINGBO,75021000,51.4152,,99,HS750210 Ni≥99% 产品标准(口径#44),50.9,802565.56,15609,15767,ELECTROLYTIC NICKEL,新品目通道历史回补【#45】,新品目通道历史回补【#45】,3315,51.4152,,RC002
3315,精炼镍,2024-04-11,2024-04,PT CNGR DING XING NEW ENERGY,PT CNGR DING XING NEW ENERGY,IMIP(Morowali),Bahudopi,ETERNAL TSINGSHAN GROUP LIMITED,China,NINGBO,75021000,50.2062,,99,HS750210 Ni≥99% 产品标准(口径#44),49.7,783693.68,15610,15767,ELECTROLYTIC NICKEL,新品目通道历史回补【#45】,新品目通道历史回补【#45】,3316,50.2062,,RC002
3366,精炼镍,2024-04-17,2024-04,PT CNGR DING XING NEW ENERGY,PT CNGR DING XING NEW ENERGY,IMIP(Morowali),Bahudopi,"Cngr Hong Kong Material Science & Technology Co., Ltd.",China,Yantai Pt,75021000,918.5516,,99,HS750210 Ni≥99% 产品标准(口径#44),909.37,14338131.2,15609,15767,ELECTROLYTIC NICKEL,新品目通道历史回补【#45】,新品目通道历史回补【#45】,3367,918.5516,,B010
3370,精炼镍,2024-04-18,2024-04,PT CNGR DING XING NEW ENERGY,PT CNGR DING XING NEW ENERGY,IMIP(Morowali),Bahudopi,JINDAL STAINLESS LIMITED,India,Paradip Port,75021000,20.1492,,99,HS750210 Ni≥99% 产品标准(口径#44),19.95,312084.51,15489,15645,ELECTROLYTIC NICKEL,新品目通道历史回补【#45】,新品目通道历史回补【#45】,3371,20.1492,,NC127
3407,精炼镍,2024-04-22,2024-04,PT CNGR DING XING NEW ENERGY,PT CNGR DING XING NEW ENERGY,IMIP(Morowali),Bahudopi,ETERNAL TSINGSHAN GROUP LIMITED,China,Zhangjiagang,75021000,25.6368,,99,HS750210 Ni≥99% 产品标准(口径#44),25.38,400177.63,15610,15767,ELECTROLYTIC NICKEL,新品目通道历史回补【#45】,新品目通道历史回补【#45】,3408,25.6368,,RC002
3408,精炼镍,2024-04-22,2024-04,PT CNGR DING XING NEW ENERGY,PT CNGR DING XING NEW ENERGY,IMIP(Morowali),Bahudopi,ETERNAL TSINGSHAN GROUP LIMITED,China,Zhangjiagang,75021000,24.2419,,99,HS750210 Ni≥99% 产品标准(口径#44),24,378403.94,15610,15767,ELECTROLYTIC NICKEL,新品目通道历史回补【#45】,新品目通道历史回补【#45】,3409,24.2419,,RC002
3409,精炼镍,2024-04-22,2024-04,PT CNGR DING XING NEW ENERGY,PT CNGR DING XING NEW ENERGY,IMIP(Morowali),Bahudopi,ETERNAL TSINGSHAN GROUP LIMITED,China,Zhangjiagang,75021000,99.5038,,99,HS750210 Ni≥99% 产品标准(口径#44),98.51,1553204.57,15610,15767,ELECTROLYTIC NICKEL,新品目通道历史回补【#45】,新品目通道历史回补【#45】,3410,99.5038,,RC002
3410,精炼镍,2024-04-22,2024-04,PT CNGR DING XING NEW ENERGY,PT CNGR DING XING NEW ENERGY,IMIP(Morowali),Bahudopi,ETERNAL TSINGSHAN GROUP LIMITED,China,Zhangjiagang,75021000,50.1691,,99,HS750210 Ni≥99% 产品标准(口径#44),49.67,783114.57,15610,15767,ELECTROLYTIC NICKEL,新品目通道历史回补【#45】,新品目通道历史回补【#45】,3411,50.1691,,RC002
3411,精炼镍,2024-04-22,2024-04,PT CNGR DING XING NEW ENERGY,PT CNGR DING XING NEW ENERGY,IMIP(Morowali),Bahudopi,ETERNAL TSINGSHAN GROUP LIMITED,China,Zhangjiagang,75021000,24.2064,,99,HS750210 Ni≥99% 产品标准(口径#44),23.96,377849.8,15609,15767,ELECTROLYTIC NICKEL,新品目通道历史回补【#45】,新品目通道历史回补【#45】,3412,24.2064,,RC002
3412,精炼镍,2024-04-22,2024-04,PT CNGR DING XING NEW ENERGY,PT CNGR DING XING NEW ENERGY,IMIP(Morowali),Bahudopi,ETERNAL TSINGSHAN GROUP LIMITED,China,Zhangjiagang,75021000,151.2493,,99,HS750210 Ni≥99% 产品标准(口径#44),149.74,2360925.95,15610,15767,ELECTROLYTIC NICKEL,新品目通道历史回补【#45】,新品目通道历史回补【#45】,3413,151.2493,,RC002
3413,精炼镍,2024-04-22,2024-04,PT CNGR DING XING NEW ENERGY,PT CNGR DING XING NEW ENERGY,IMIP(Morowali),Bahudopi,ETERNAL TSINGSHAN GROUP LIMITED,China,Zhangjiagang,75021000,99.6017,,99,HS750210 Ni≥99% 产品标准(口径#44),98.61,1554732.74,15610,15767,ELECTROLYTIC NICKEL,新品目通道历史回补【#45】,新品目通道历史回补【#45】,3414,99.6017,,RC002
3414,精炼镍,2024-04-22,2024-04,PT CNGR DING XING NEW ENERGY,PT CNGR DING XING NEW ENERGY,IMIP(Morowali),Bahudopi,ETERNAL TSINGSHAN GROUP LIMITED,China,Zhangjiagang,75021000,99.8853,,99,HS750210 Ni≥99% 产品标准(口径#44),98.89,1559159.59,15609,15767,ELECTROLYTIC NICKEL,新品目通道历史回补【#45】,新品目通道历史回补【#45】,3415,99.8853,,RC002
3415,精炼镍,2024-04-22,2024-04,PT CNGR DING XING NEW ENERGY,PT CNGR DING XING NEW ENERGY,IMIP(Morowali),Bahudopi,ETERNAL TSINGSHAN GROUP LIMITED,China,Zhangjiagang,75021000,15.1976,,99,HS750210 Ni≥99% 产品标准(口径#44),15.05,237226.94,15610,15767,ELECTROLYTIC NICKEL,新品目通道历史回补【#45】,新品目通道历史回补【#45】,3416,15.1976,,RC002
3416,精炼镍,2024-04-22,2024-04,PT CNGR DING XING NEW ENERGY,PT CNGR DING XING NEW ENERGY,IMIP(Morowali),Bahudopi,CNGR HONG KONG MATERIAL SCIENCE AND TECHNOLOGY CO LIMITED,China,Zhangjiagang,75021000,169.6577,,99,HS750210 Ni≥99% 产品标准(口径#44),167.96,2648271.87,15610,15767,ELECTROLYTIC NICKEL,新品目通道历史回补【#45】,新品目通道历史回补【#45】,3417,169.6577,,B008
3422,精炼镍,2024-04-23,2024-04,PT CNGR DING XING NEW ENERGY,PT CNGR DING XING NEW ENERGY,IMIP(Morowali),Bahudopi,UNI METAL CO LTD,South Korea,Busan (ex Pusan),75021000,40,,99,HS750210 Ni≥99% 产品标准(口径#44),39.6,624380,15610,15767,ELECTROLYTIC NICKEL,新品目通道历史回补【#45】,新品目通道历史回补【#45】,3423,40,,RC014
3435,硫酸镍,2024-04-24,2024-04,PT HALMAHERA PERSADA LYGEND,PT HALMAHERA PERSADA LYGEND,Obi(Harita),Obi Island,"Ningbo Lygend Wisdom Co., Ltd.",China,Zhapu,28332400,1880,,22.2,化学计量(NiSO4·6H2O 22.2%),417.36,6112369,3251,14645,NICKEL SULFATE,,中间品矩阵(75章+720150等),3436,1880,,NC162
3436,硫酸镍,2024-04-24,2024-04,PT HALMAHERA PERSADA LYGEND,PT HALMAHERA PERSADA LYGEND,Obi(Harita),Obi Island,"Ningbo Lygend Wisdom Co., Ltd.",China,Zhapu,28332400,1680,,22.2,化学计量(NiSO4·6H2O 22.2%),372.96,5462117,3251,14645,NICKEL SULFATE,,中间品矩阵(75章+720150等),3437,1680,,NC162
3437,硫酸镍,2024-04-24,2024-04,PT HALMAHERA PERSADA LYGEND,PT HALMAHERA PERSADA LYGEND,Obi(Harita),Obi Island,"Ningbo Lygend Wisdom Co., Ltd.",China,Zhapu,28332400,4440,,22.2,化学计量(NiSO4·6H2O 22.2%),985.68,14435594,3251,14645,NICKEL SULFATE,,中间品矩阵(75章+720150等),3438,4440,,NC162
3473,精炼镍,2024-04-27,2024-04,PT CNGR DING XING NEW ENERGY,PT CNGR DING XING NEW ENERGY,IMIP(Morowali),Bahudopi,HANWA CO LTD,Japan,Yokohama,75021000,39.8031,,99,HS750210 Ni≥99% 产品标准(口径#44),39.41,616497.48,15489,15645,ELECTROLYTIC NICKEL,新品目通道历史回补【#45】,新品目通道历史回补【#45】,3474,39.8031,,MC045
3474,精炼镍,2024-04-27,2024-04,PT CNGR DING XING NEW ENERGY,PT CNGR DING XING NEW ENERGY,IMIP(Morowali),Bahudopi,Pgs(China) Ltd.,China,Shanghai,75021000,510.3809,,99,HS750210 Ni≥99% 产品标准(口径#44),505.28,7966790.66,15610,15767,ELECTROLYTIC NICKEL,新品目通道历史回补【#45】,新品目通道历史回补【#45】,3475,510.3809,,MC086
3475,精炼镍,2024-04-27,2024-04,PT CNGR DING XING NEW ENERGY,PT CNGR DING XING NEW ENERGY,IMIP(Morowali),Bahudopi,C STEINWEG BRASIL LTDA,Brazil,Navegantes,75021000,25.9564,,99,HS750210 Ni≥99% 产品标准(口径#44),25.7,405166.43,15610,15767,ELECTROLYTIC NICKEL,新品目通道历史回补【#45】,新品目通道历史回补【#45】,3476,25.9564,,RC006
3476,精炼镍,2024-04-27,2024-04,PT CNGR DING XING NEW ENERGY,PT CNGR DING XING NEW ENERGY,IMIP(Morowali),Bahudopi,HANWA CO LTD,Japan,Yokohama,75021000,80,,99,HS750210 Ni≥99% 产品标准(口径#44),79.2,1248760,15610,15767,ELECTROLYTIC NICKEL,新品目通道历史回补【#45】,新品目通道历史回补【#45】,3477,80,,MC045
3477,精炼镍,2024-04-27,2024-04,PT CNGR DING XING NEW ENERGY,PT CNGR DING XING NEW ENERGY,IMIP(Morowali),Bahudopi,C STEINWEG BRASIL LTDA,Brazil,Navegantes,75021000,25.7702,,99,HS750210 Ni≥99% 产品标准(口径#44),25.51,402259.94,15610,15767,ELECTROLYTIC NICKEL,新品目通道历史回补【#45】,新品目通道历史回补【#45】,3478,25.7702,,RC006
3478,精炼镍,2024-04-27,2024-04,PT CNGR DING XING NEW ENERGY,PT CNGR DING XING NEW ENERGY,IMIP(Morowali),Bahudopi,SUZUKI SANGYO KABUSHIKI GAISHA,Japan,Yokohama,75021000,25.935,,99,HS750210 Ni≥99% 产品标准(口径#44),25.68,404832.38,15609,15767,ELECTROLYTIC NICKEL,新品目通道历史回补【#45】,新品目通道历史回补【#45】,3479,25.935,,RC016
3487,精炼镍,2024-04-28,2024-04,PT CNGR DING XING NEW ENERGY,PT CNGR DING XING NEW ENERGY,IMIP(Morowali),Bahudopi,TAE EU WAREHOUSING KOREA CO LTD,South Korea,Busan (ex Pusan),75021000,500.0798,,99,HS750210 Ni≥99% 产品标准(口径#44),495.08,7955079.43,15908,16068,ELECTROLYTIC NICKEL,新品目通道历史回补【#45】,新品目通道历史回补【#45】,3488,500.0798,,RC004
3488,精炼镍,2024-04-28,2024-04,PT CNGR DING XING NEW ENERGY,PT CNGR DING XING NEW ENERGY,IMIP(Morowali),Bahudopi,C STEINWEG BRASIL LTDA,Brazil,Navegantes,75021000,25.8752,,99,HS750210 Ni≥99% 产品标准(口径#44),25.62,403898.93,15609,15767,ELECTROLYTIC NICKEL,新品目通道历史回补【#45】,新品目通道历史回补【#45】,3489,25.8752,,RC006
3489,精炼镍,2024-04-28,2024-04,PT CNGR DING XING NEW ENERGY,PT CNGR DING XING NEW ENERGY,IMIP(Morowali),Bahudopi,C STEINWEG BRASIL LTDA,Brazil,Navegantes,75021000,25.8743,,99,HS750210 Ni≥99% 产品标准(口径#44),25.62,403884.89,15610,15767,ELECTROLYTIC NICKEL,新品目通道历史回补【#45】,新品目通道历史回补【#45】,3490,25.8743,,RC006
3519,硫酸镍,2024-05-02,2024-05,PT HALMAHERA PERSADA LYGEND,PT HALMAHERA PERSADA LYGEND,Obi(Harita),Obi Island,"Ningbo Lygend Wisdom Co., Ltd.",China,Zhapu,28332400,6000,,22.2,化学计量(NiSO4·6H2O 22.2%),1332,19373400,3229,14545,NICKEL SULFATE,,中间品矩阵(75章+720150等),3520,6000,,NC162
3580,精炼镍,2024-05-09,2024-05,PT CNGR DING XING NEW ENERGY,PT CNGR DING XING NEW ENERGY,IMIP(Morowali),Bahudopi,ACCESS WORLD KAOHSIUNG LTD,"Taiwan, China",Kaohsiung,75021000,49.9839,,99,HS750210 Ni≥99% 产品标准(口径#44),49.48,795124.89,15908,16068,ELECTROLYTIC NICKEL,新品目通道历史回补【#45】,新品目通道历史回补【#45】,3581,49.9839,,RC017
3581,精炼镍,2024-05-09,2024-05,PT CNGR DING XING NEW ENERGY,PT CNGR DING XING NEW ENERGY,IMIP(Morowali),Bahudopi,ACCESS WORLD KAOHSIUNG LTD,"Taiwan, China",Kaohsiung,75021000,174.6869,,99,HS750210 Ni≥99% 产品标准(口径#44),172.94,2778852.82,15908,16068,ELECTROLYTIC NICKEL,新品目通道历史回补【#45】,新品目通道历史回补【#45】,3582,174.6869,,RC017
3582,精炼镍,2024-05-09,2024-05,PT CNGR DING XING NEW ENERGY,PT CNGR DING XING NEW ENERGY,IMIP(Morowali),Bahudopi,HANSMET CO,South Korea,Incheon,75021000,20.9434,,99,HS750210 Ni≥99% 产品标准(口径#44),20.73,323565.06,15450,15606,ELECTROLYTIC NICKEL,新品目通道历史回补【#45】,新品目通道历史回补【#45】,3583,20.9434,,RC007
3583,精炼镍,2024-05-09,2024-05,PT CNGR DING XING NEW ENERGY,PT CNGR DING XING NEW ENERGY,IMIP(Morowali),Bahudopi,KOREA NON FERROUS METALS CO,South Korea,Incheon,75021000,60.9197,,99,HS750210 Ni≥99% 产品标准(口径#44),60.31,969087.44,15908,16068,ELECTROLYTIC NICKEL,新品目通道历史回补【#45】,新品目通道历史回补【#45】,3584,60.9197,,RC009
3590,精炼镍,2024-05-10,2024-05,PT CNGR DING XING NEW ENERGY,PT CNGR DING XING NEW ENERGY,IMIP(Morowali),Bahudopi,ACCESS WORLD LOGISTICS SINGAPORE PTE LTD,Singapore,Singapore,75021000,501.5075,,99,HS750210 Ni≥99% 产品标准(口径#44),496.49,7977790.74,15908,16068,ELECTROLYTIC NICKEL,新品目通道历史回补【#45】,新品目通道历史回补【#45】,3591,501.5075,,RC018
3591,精炼镍,2024-05-10,2024-05,PT CNGR DING XING NEW ENERGY,PT CNGR DING XING NEW ENERGY,IMIP(Morowali),Bahudopi,ACCESS WORLD BUSAN LIMITED,South Korea,Busan (ex Pusan),75021000,149.6743,,99,HS750210 Ni≥99% 产品标准(口径#44),148.18,2380961.89,15908,16068,ELECTROLYTIC NICKEL,新品目通道历史回补【#45】,新品目通道历史回补【#45】,3592,149.6743,,RC005
3624,精炼镍,2024-05-16,2024-05,PT CNGR DING XING NEW ENERGY,PT CNGR DING XING NEW ENERGY,IMIP(Morowali),Bahudopi,"C. Steinweg Logistics (Shanghai Waigaoqiao Bonded Logistics Zone) Co., Ltd.",China,Yantai Pt,75021000,3.005,,99,HS750210 Ni≥99% 产品标准(口径#44),2.97,58231.22,19378,19574,ELECTROLYTIC NICKEL,新品目通道历史回补【#45】,新品目通道历史回补【#45】,3625,3.005,,NC019
3625,精炼镍,2024-05-16,2024-05,PT CNGR DING XING NEW ENERGY,PT CNGR DING XING NEW ENERGY,IMIP(Morowali),Bahudopi,"C. Steinweg Logistics (Shanghai Waigaoqiao Bonded Logistics Zone) Co., Ltd.",China,Yantai Pt,75021000,97.1457,,99,HS750210 Ni≥99% 产品标准(口径#44),96.17,1646886.77,16953,17124,ELECTROLYTIC NICKEL,新品目通道历史回补【#45】,新品目通道历史回补【#45】,3626,97.1457,,NC019
3626,精炼镍,2024-05-16,2024-05,PT CNGR DING XING NEW ENERGY,PT CNGR DING XING NEW ENERGY,IMIP(Morowali),Bahudopi,"C. Steinweg Logistics (Shanghai Waigaoqiao Bonded Logistics Zone) Co., Ltd.",China,Yantai Pt,75021000,432.0646,,99,HS750210 Ni≥99% 产品标准(口径#44),427.74,6873199.47,15908,16068,ELECTROLYTIC NICKEL,新品目通道历史回补【#45】,新品目通道历史回补【#45】,3627,432.0646,,NC019
3627,精炼镍,2024-05-16,2024-05,PT CNGR DING XING NEW ENERGY,PT CNGR DING XING NEW ENERGY,IMIP(Morowali),Bahudopi,"C. Steinweg Logistics (Shanghai Waigaoqiao Bonded Logistics Zone) Co., Ltd.",China,Yantai Pt,75021000,68.7361,,99,HS750210 Ni≥99% 产品标准(口径#44),68.05,1081999.7,15741,15900,ELECTROLYTIC NICKEL,新品目通道历史回补【#45】,新品目通道历史回补【#45】,3628,68.7361,,NC019
3645,硫酸镍,2024-05-18,2024-05,PT HALMAHERA PERSADA LYGEND,PT HALMAHERA PERSADA LYGEND,Obi(Harita),Obi Island,"Ningbo Lygend Wisdom Co., Ltd.",China,Zhapu,28332400,4360,,22.2,化学计量(NiSO4·6H2O 22.2%),967.92,14090212,3232,14557,NICKEL SULFATE,,中间品矩阵(75章+720150等),3646,4360,,NC162
3646,硫酸镍,2024-05-18,2024-05,PT HALMAHERA PERSADA LYGEND,PT HALMAHERA PERSADA LYGEND,Obi(Harita),Obi Island,"Ningbo Lygend Wisdom Co., Ltd.",China,Zhapu,28332400,3640,,22.2,化学计量(NiSO4·6H2O 22.2%),808.08,11763388,3232,14557,NICKEL SULFATE,,中间品矩阵(75章+720150等),3647,3640,,NC162
3705,精炼镍,2024-05-24,2024-05,PT CNGR DING XING NEW ENERGY,PT CNGR DING XING NEW ENERGY,IMIP(Morowali),Bahudopi,ETERNAL TSINGSHAN GROUP LIMITED,China,Jiangyin,75021000,40,,99,HS750210 Ni≥99% 产品标准(口径#44),39.6,624380,15610,15767,ELECTROLYTIC NICKEL,新品目通道历史回补【#45】,新品目通道历史回补【#45】,3706,40,,RC002
3706,精炼镍,2024-05-24,2024-05,PT CNGR DING XING NEW ENERGY,PT CNGR DING XING NEW ENERGY,IMIP(Morowali),Bahudopi,ETERNAL TSINGSHAN GROUP LIMITED,China,Jiangyin,75021000,50.219,,99,HS750210 Ni≥99% 产品标准(口径#44),49.72,798864.77,15908,16068,ELECTROLYTIC NICKEL,新品目通道历史回补【#45】,新品目通道历史回补【#45】,3707,50.219,,RC002
3707,精炼镍,2024-05-24,2024-05,PT CNGR DING XING NEW ENERGY,PT CNGR DING XING NEW ENERGY,IMIP(Morowali),Bahudopi,ETERNAL TSINGSHAN GROUP LIMITED,China,Jiangyin,75021000,50.2644,,99,HS750210 Ni≥99% 产品标准(口径#44),49.76,799586.97,15908,16068,ELECTROLYTIC NICKEL,新品目通道历史回补【#45】,新品目通道历史回补【#45】,3708,50.2644,,RC002
3708,精炼镍,2024-05-24,2024-05,PT CNGR DING XING NEW ENERGY,PT CNGR DING XING NEW ENERGY,IMIP(Morowali),Bahudopi,ETERNAL TSINGSHAN GROUP LIMITED,China,Jiangyin,75021000,20,,99,HS750210 Ni≥99% 产品标准(口径#44),19.8,318152.4,15908,16068,ELECTROLYTIC NICKEL,新品目通道历史回补【#45】,新品目通道历史回补【#45】,3709,20,,RC002
3721,精炼镍,2024-05-25,2024-05,PT CNGR DING XING NEW ENERGY,PT CNGR DING XING NEW ENERGY,IMIP(Morowali),Bahudopi,UNI METAL CO LTD,South Korea,Busan (ex Pusan),75021000,40,,99,HS750210 Ni≥99% 产品标准(口径#44),39.6,636304.8,15908,16068,ELECTROLYTIC NICKEL,新品目通道历史回补【#45】,新品目通道历史回补【#45】,3722,40,,RC014
3733,精炼镍,2024-05-27,2024-05,PT CNGR DING XING NEW ENERGY,PT CNGR DING XING NEW ENERGY,IMIP(Morowali),Bahudopi,"C. Steinweg Logistics (Shanghai Waigaoqiao Bonded Logistics Zone) Co., Ltd.",China,Zhangjiagang,75021000,100,,99,HS750210 Ni≥99% 产品标准(口径#44),99,31815240,318152,321366,ELECTROLYTIC NICKEL,"单价出界 318,152 USD/t；重量口径：采用weight/1000(默认)（weight列单位异常）；新品目通道历史回补【#45】；带外异常待核【#62】",新品目通道历史回补【#45】,3734,100,,NC019
3734,精炼镍,2024-05-27,2024-05,PT CNGR DING XING NEW ENERGY,PT CNGR DING XING NEW ENERGY,IMIP(Morowali),Bahudopi,"C. Steinweg Logistics (Shanghai Waigaoqiao Bonded Logistics Zone) Co., Ltd.",China,Zhangjiagang,75021000,100,,99,HS750210 Ni≥99% 产品标准(口径#44),99,31815240,318152,321366,ELECTROLYTIC NICKEL,"单价出界 318,152 USD/t；重量口径：采用weight/1000(默认)（weight列单位异常）；新品目通道历史回补【#45】；带外异常待核【#62】",新品目通道历史回补【#45】,3735,100,,NC019
3735,精炼镍,2024-05-27,2024-05,PT CNGR DING XING NEW ENERGY,PT CNGR DING XING NEW ENERGY,IMIP(Morowali),Bahudopi,"C. Steinweg Logistics (Shanghai Waigaoqiao Bonded Logistics Zone) Co., Ltd.",China,Zhangjiagang,75021000,274.5806,,99,HS750210 Ni≥99% 产品标准(口径#44),271.83,35901850,130752,132072,ELECTROLYTIC NICKEL,"单价出界 130,752 USD/t；重量口径：采用weight/1000(默认)（weight列单位异常）；新品目通道历史回补【#45】；带外异常待核【#62】",新品目通道历史回补【#45】,3736,274.5806,,NC019
3736,精炼镍,2024-05-27,2024-05,PT CNGR DING XING NEW ENERGY,PT CNGR DING XING NEW ENERGY,IMIP(Morowali),Bahudopi,"C. Steinweg Logistics (Shanghai Waigaoqiao Bonded Logistics Zone) Co., Ltd.",China,Shanghai,75021000,3.9982,,99,HS750210 Ni≥99% 产品标准(口径#44),3.96,31815240,7957391,8037769,ELECTROLYTIC NICKEL,"单价出界 7,957,391 USD/t；重量口径：采用weight/1000(默认)（weight列单位异常）；新品目通道历史回补【#45】；带外异常待核【#62】",新品目通道历史回补【#45】,3737,3.9982,,NC019
3751,硫酸镍,2024-05-29,2024-05,PT HALMAHERA PERSADA LYGEND,PT HALMAHERA PERSADA LYGEND,Obi(Harita),Obi Island,"Ningbo Lygend Wisdom Co., Ltd.",China,Zhapu,28332400,1960,,22.2,化学计量(NiSO4·6H2O 22.2%),435.12,6359396,3245,14615,NICKEL SULFATE,,中间品矩阵(75章+720150等),3752,1960,,NC162
3752,硫酸镍,2024-05-29,2024-05,PT HALMAHERA PERSADA LYGEND,PT HALMAHERA PERSADA LYGEND,Obi(Harita),Obi Island,"Ningbo Lygend Wisdom Co., Ltd.",China,Zhapu,28332400,2040,,22.2,化学计量(NiSO4·6H2O 22.2%),452.88,6618964,3245,14615,NICKEL SULFATE,,中间品矩阵(75章+720150等),3753,2040,,NC162
3753,精炼镍,2024-05-29,2024-05,PT CNGR DING XING NEW ENERGY,PT CNGR DING XING NEW ENERGY,IMIP(Morowali),Bahudopi,C STCINWEG ASIA PTE LTD,Singapore,SINGAPORE,75021000,399.6332,,99,HS750210 Ni≥99% 产品标准(口径#44),395.64,6357213.08,15908,16068,ELECTROLYTIC NICKEL,新品目通道历史回补【#45】,新品目通道历史回补【#45】,3754,399.6332,,RC019
3754,精炼镍,2024-05-29,2024-05,PT CNGR DING XING NEW ENERGY,PT CNGR DING XING NEW ENERGY,IMIP(Morowali),Bahudopi,HANWA CO LTD,Japan,Yokohama,75021000,40,,99,HS750210 Ni≥99% 产品标准(口径#44),39.6,636304.8,15908,16068,ELECTROLYTIC NICKEL,新品目通道历史回补【#45】,新品目通道历史回补【#45】,3755,40,,MC045
3782,精炼镍,2024-05-30,2024-05,PT CNGR DING XING NEW ENERGY,PT CNGR DING XING NEW ENERGY,IMIP(Morowali),Bahudopi,SAINTSTEEL COMERCIO INTERNACIONAL DE METAIS LTDA,Brazil,Navegantes,75021000,24.9685,,99,HS750210 Ni≥99% 产品标准(口径#44),24.72,397189.41,15908,16068,ELECTROLYTIC NICKEL,新品目通道历史回补【#45】,新品目通道历史回补【#45】,3783,24.9685,,RC003
3783,精炼镍,2024-05-30,2024-05,PT CNGR DING XING NEW ENERGY,PT CNGR DING XING NEW ENERGY,IMIP(Morowali),Bahudopi,SAINTSTEEL COMERCIO INTERNACIONAL DE METAIS LTDA,Brazil,Navegantes,75021000,24.3839,,99,HS750210 Ni≥99% 产品标准(口径#44),24.14,387889.82,15908,16068,ELECTROLYTIC NICKEL,新品目通道历史回补【#45】,新品目通道历史回补【#45】,3784,24.3839,,RC003
3784,精炼镍,2024-05-30,2024-05,PT CNGR DING XING NEW ENERGY,PT CNGR DING XING NEW ENERGY,IMIP(Morowali),Bahudopi,ACCESS WORLD KAOHS1UNG LTD,"Taiwan, China",Kaohsiung,75021000,452.4604,,99,HS750210 Ni≥99% 产品标准(口径#44),447.94,7197568.11,15908,16068,ELECTROLYTIC NICKEL,新品目通道历史回补【#45】,新品目通道历史回补【#45】,3785,452.4604,,RC020
3816,精炼镍,2024-06-01,2024-06,PT CNGR DING XING NEW ENERGY,PT CNGR DING XING NEW ENERGY,IMIP(Morowali),Bahudopi,ETERNAL TSINGSHAN GROUP LIMITED,China,NINGBO,75021000,10.8803,,99,HS750210 Ni≥99% 产品标准(口径#44),10.77,173079.68,15908,16068,ELECTROLYTIC NICKEL,新品目通道历史回补【#45】,新品目通道历史回补【#45】,3817,10.8803,,RC002
3817,精炼镍,2024-06-01,2024-06,PT CNGR DING XING NEW ENERGY,PT CNGR DING XING NEW ENERGY,IMIP(Morowali),Bahudopi,ETERNAL TSINGSHAN GROUP LIMITED,China,NINGBO,75021000,35.133,,99,HS750210 Ni≥99% 产品标准(口径#44),34.78,558882.41,15908,16068,ELECTROLYTIC NICKEL,新品目通道历史回补【#45】,新品目通道历史回补【#45】,3818,35.133,,RC002
3818,精炼镍,2024-06-01,2024-06,PT CNGR DING XING NEW ENERGY,PT CNGR DING XING NEW ENERGY,IMIP(Morowali),Bahudopi,ETERNAL TSINGSHAN GROUP LIMITED,China,NINGBO,75021000,109.3088,,99,HS750210 Ni≥99% 产品标准(口径#44),108.22,1738842.85,15908,16068,ELECTROLYTIC NICKEL,新品目通道历史回补【#45】,新品目通道历史回补【#45】,3819,109.3088,,RC002
3819,精炼镍,2024-06-01,2024-06,PT CNGR DING XING NEW ENERGY,PT CNGR DING XING NEW ENERGY,IMIP(Morowali),Bahudopi,ETERNAL TSINGSHAN GROUP LIMITED,China,NINGBO,75021000,49.4601,,99,HS750210 Ni≥99% 产品标准(口径#44),48.97,823180.77,16643,16811,ELECTROLYTIC NICKEL,新品目通道历史回补【#45】,新品目通道历史回补【#45】,3820,49.4601,,RC002
3820,精炼镍,2024-06-01,2024-06,PT CNGR DING XING NEW ENERGY,PT CNGR DING XING NEW ENERGY,IMIP(Morowali),Bahudopi,ETERNAL TSINGSHAN GROUP LIMITED,China,NINGBO,75021000,26.1388,,99,HS750210 Ni≥99% 产品标准(口径#44),25.88,408013.6,15610,15767,ELECTROLYTIC NICKEL,新品目通道历史回补【#45】,新品目通道历史回补【#45】,3821,26.1388,,RC002
3886,硫酸镍,2024-06-11,2024-06,PT HALMAHERA PERSADA LYGEND,PT HALMAHERA PERSADA LYGEND,Obi(Harita),Obi Island,"Ningbo Lygend Wisdom Co., Ltd.",China,Zhapu,28332400,2480,,22.2,化学计量(NiSO4·6H2O 22.2%),550.56,8301502,3347,15078,NICKEL SULFATE,,中间品矩阵(75章+720150等),3887,2480,,NC162
3887,硫酸镍,2024-06-11,2024-06,PT HALMAHERA PERSADA LYGEND,PT HALMAHERA PERSADA LYGEND,Obi(Harita),Obi Island,"Ningbo Lygend Wisdom Co., Ltd.",China,Zhapu,28332400,5520,,22.2,化学计量(NiSO4·6H2O 22.2%),1225.44,18477538,3347,15078,NICKEL SULFATE,,中间品矩阵(75章+720150等),3888,5520,,NC162
3911,精炼镍,2024-06-14,2024-06,PT CNGR DING XING NEW ENERGY,PT CNGR DING XING NEW ENERGY,IMIP(Morowali),Makassar,"C. Steinweg Logistics (Shanghai Waigaoqiao Bonded Logistics Zone) Co., Ltd.",China,Shanghai,75021000,105.2057,,99,HS750210 Ni≥99% 产品标准(口径#44),104.15,1673572.3,15908,16068,ELECTROLYTIC NICKEL,新品目通道历史回补【#45】,新品目通道历史回补【#45】,3912,105.2057,,NC019
3934,精炼镍,2024-06-19,2024-06,PT CNGR DING XING NEW ENERGY,PT CNGR DING XING NEW ENERGY,IMIP(Morowali),Bahudopi,"C. Steinweg Logistics (Shanghai Waigaoqiao Bonded Logistics Zone) Co., Ltd.",China,Yantai Pt,75021000,400.722,,99,HS750210 Ni≥99% 产品标准(口径#44),396.71,6893123.67,17202,17376,ELECTROLYTIC NICKEL,新品目通道历史回补【#45】,新品目通道历史回补【#45】,3935,400.722,,NC019
3935,精炼镍,2024-06-19,2024-06,PT CNGR DING XING NEW ENERGY,PT CNGR DING XING NEW ENERGY,IMIP(Morowali),Bahudopi,ETERNAL TSINGSHAN GROUP LIMITED,China,NINGBO,75021000,181.9438,,99,HS750210 Ni≥99% 产品标准(口径#44),180.12,3153406.28,17332,17507,ELECTROLYTIC NICKEL,新品目通道历史回补【#45】,新品目通道历史回补【#45】,3936,181.9438,,RC002
3936,精炼镍,2024-06-19,2024-06,PT CNGR DING XING NEW ENERGY,PT CNGR DING XING NEW ENERGY,IMIP(Morowali),Bahudopi,ETERNAL TSINGSHAN GROUP LIMITED,China,NINGBO,75021000,40,,99,HS750210 Ni≥99% 产品标准(口径#44),39.6,636304.8,15908,16068,ELECTROLYTIC NICKEL,新品目通道历史回补【#45】,新品目通道历史回补【#45】,3937,40,,RC002
3937,精炼镍,2024-06-19,2024-06,PT CNGR DING XING NEW ENERGY,PT CNGR DING XING NEW ENERGY,IMIP(Morowali),Bahudopi,ETERNAL TSINGSHAN GROUP LIMITED,China,NINGBO,75021000,124.9176,,99,HS750210 Ni≥99% 产品标准(口径#44),123.67,1987141.71,15908,16068,ELECTROLYTIC NICKEL,新品目通道历史回补【#45】,新品目通道历史回补【#45】,3938,124.9176,,RC002
3948,精炼镍,2024-06-20,2024-06,PT CNGR DING XING NEW ENERGY,PT CNGR DING XING NEW ENERGY,IMIP(Morowali),Bahudopi,ACCESS WORLD LOGISTICS SINGAPORE PTE LTD,Singapore,SINGAPORE,75021000,499.7096,,99,HS750210 Ni≥99% 产品标准(口径#44),494.71,8660846.86,17332,17507,ELECTROLYTIC NICKEL,新品目通道历史回补【#45】,新品目通道历史回补【#45】,3949,499.7096,,RC018
3949,精炼镍,2024-06-20,2024-06,PT CNGR DING XING NEW ENERGY,PT CNGR DING XING NEW ENERGY,IMIP(Morowali),Bahudopi,HANWA CO LTD,Japan,Kobe,75021000,20.099,,99,HS750210 Ni≥99% 产品标准(口径#44),19.9,311306.98,15489,15645,ELECTROLYTIC NICKEL,新品目通道历史回补【#45】,新品目通道历史回补【#45】,3950,20.099,,MC045
3950,精炼镍,2024-06-20,2024-06,PT CNGR DING XING NEW ENERGY,PT CNGR DING XING NEW ENERGY,IMIP(Morowali),Bahudopi,HANSMET CO,South Korea,Incheon,75021000,59.6695,,99,HS750210 Ni≥99% 产品标准(口径#44),59.07,1016873.3,17042,17214,ELECTROLYTIC NICKEL,新品目通道历史回补【#45】,新品目通道历史回补【#45】,3951,59.6695,,RC007
3951,精炼镍,2024-06-20,2024-06,PT CNGR DING XING NEW ENERGY,PT CNGR DING XING NEW ENERGY,IMIP(Morowali),Bahudopi,HANWA CO LTD,Japan,Yokohama,75021000,100,,99,HS750210 Ni≥99% 产品标准(口径#44),99,1733176,17332,17507,ELECTROLYTIC NICKEL,新品目通道历史回补【#45】,新品目通道历史回补【#45】,3952,100,,MC045
3952,精炼镍,2024-06-20,2024-06,PT CNGR DING XING NEW ENERGY,PT CNGR DING XING NEW ENERGY,IMIP(Morowali),Bahudopi,TCC TRADING CORP,South Korea,Busan (ex Pusan),75021000,19.7193,,99,HS750210 Ni≥99% 产品标准(口径#44),19.52,313687.13,15908,16068,ELECTROLYTIC NICKEL,新品目通道历史回补【#45】,新品目通道历史回补【#45】,3953,19.7193,,RC021
3953,精炼镍,2024-06-20,2024-06,PT CNGR DING XING NEW ENERGY,PT CNGR DING XING NEW ENERGY,IMIP(Morowali),Bahudopi,ACCESS WORLD BUSAN LIMITED,South Korea,Busan (ex Pusan),75021000,19.6963,,99,HS750210 Ni≥99% 产品标准(口径#44),19.5,313321.26,15908,16068,ELECTROLYTIC NICKEL,新品目通道历史回补【#45】,新品目通道历史回补【#45】,3954,19.6963,,RC005
3954,精炼镍,2024-06-20,2024-06,PT CNGR DING XING NEW ENERGY,PT CNGR DING XING NEW ENERGY,IMIP(Morowali),Bahudopi,KOREA NON FERROUS METALS CO,South Korea,Incheon,75021000,60.5868,,99,HS750210 Ni≥99% 产品标准(口径#44),59.98,1050075.88,17332,17507,ELECTROLYTIC NICKEL,新品目通道历史回补【#45】,新品目通道历史回补【#45】,3955,60.5868,,RC009
3955,精炼镍,2024-06-20,2024-06,PT CNGR DING XING NEW ENERGY,PT CNGR DING XING NEW ENERGY,IMIP(Morowali),Bahudopi,ADVANCED MATERIAL JAPAN CORPORATION,Japan,Yokohama,75021000,23.9779,,99,HS750210 Ni≥99% 产品标准(口径#44),23.74,381431.32,15908,16068,ELECTROLYTIC NICKEL,新品目通道历史回补【#45】,新品目通道历史回补【#45】,3956,23.9779,,RC022
3962,精炼镍,2024-06-21,2024-06,PT CNGR DING XING NEW ENERGY,PT CNGR DING XING NEW ENERGY,IMIP(Morowali),Bahudopi,ACCESS WORLD KAOHSIUNG LTD C O FORMOSA LOGISTICS CORP,"Taiwan, China",Kaohsiung,75021000,500.0416,,99,HS750210 Ni≥99% 产品标准(口径#44),495.04,8666601,17332,17507,ELECTROLYTIC NICKEL,新品目通道历史回补【#45】,新品目通道历史回补【#45】,3963,500.0416,,RC023
3963,精炼镍,2024-06-21,2024-06,PT CNGR DING XING NEW ENERGY,PT CNGR DING XING NEW ENERGY,IMIP(Morowali),Bahudopi,ACCESS WORLD KAOHSIUNG LTD C O FORMOSA LOGISTICS CORP,"Taiwan, China",Kaohsiung,75021000,600.2426,,99,HS750210 Ni≥99% 产品标准(口径#44),594.24,10325229.15,17202,17376,ELECTROLYTIC NICKEL,新品目通道历史回补【#45】,新品目通道历史回补【#45】,3964,600.2426,,RC023
3977,硫酸镍,2024-06-24,2024-06,PT HALMAHERA PERSADA LYGEND,PT HALMAHERA PERSADA LYGEND,Obi(Harita),Obi Island,"Ningbo Lygend Wisdom Co., Ltd.",China,Zhapu,28332400,4000,,22.2,化学计量(NiSO4·6H2O 22.2%),888,13820680,3455,15564,NICKEL SULFATE,,中间品矩阵(75章+720150等),3978,4000,,NC162
3978,精炼镍,2024-06-24,2024-06,PT CNGR DING XING NEW ENERGY,PT CNGR DING XING NEW ENERGY,IMIP(Morowali),Bahudopi,C STEINWEG ASIA PTE LTD,Singapore,SINGAPORE,75021000,599.012,,99,HS750210 Ni≥99% 产品标准(口径#44),593.02,10304060.66,17202,17376,ELECTROLYTIC NICKEL,新品目通道历史回补【#45】,新品目通道历史回补【#45】,3979,599.012,,RC024
4075,硫酸镍,2024-07-03,2024-07,PT HALMAHERA PERSADA LYGEND,PT HALMAHERA PERSADA LYGEND,Obi(Harita),Obi Island,"Ningbo Lygend Wisdom Co., Ltd.",China,Zhapu,28332400,460,,22.2,化学计量(NiSO4·6H2O 22.2%),102.12,1567404,3407,15349,NICKEL SULFATE,,中间品矩阵(75章+720150等),4076,460,,NC162
4076,硫酸镍,2024-07-03,2024-07,PT HALMAHERA PERSADA LYGEND,PT HALMAHERA PERSADA LYGEND,Obi(Harita),Obi Island,"Ningbo Lygend Wisdom Co., Ltd.",China,Zhapu,28332400,5140,,22.2,化学计量(NiSO4·6H2O 22.2%),1141.08,17514036,3407,15349,NICKEL SULFATE,,中间品矩阵(75章+720150等),4077,5140,,NC162
4112,精炼镍,2024-07-07,2024-07,PT CNGR DING XING NEW ENERGY,PT CNGR DING XING NEW ENERGY,IMIP(Morowali),Bahudopi,"C. Steinweg Logistics (Shanghai Waigaoqiao Bonded Logistics Zone) Co., Ltd.",China,Zhangjiagang,75021000,300.3851,,99,HS750210 Ni≥99% 产品标准(口径#44),297.38,4778412.02,15908,16068,ELECTROLYTIC NICKEL,新品目通道历史回补【#45】,新品目通道历史回补【#45】,4113,300.3851,,NC019
4134,精炼镍,2024-07-10,2024-07,PT CNGR DING XING NEW ENERGY,PT CNGR DING XING NEW ENERGY,IMIP(Morowali),Bahudopi,ETERNAL TSINGSHAN GROUP LIMITED,China,NINGBO,75021000,24.5881,,99,HS750210 Ni≥99% 产品标准(口径#44),24.34,412901.82,16793,16962,ELECTROLYTIC NICKEL,新品目通道历史回补【#45】,新品目通道历史回补【#45】,4135,24.5881,,RC002
4135,精炼镍,2024-07-10,2024-07,PT CNGR DING XING NEW ENERGY,PT CNGR DING XING NEW ENERGY,IMIP(Morowali),Bahudopi,ETERNAL TSINGSHAN GROUP LIMITED,China,NINGBO,75021000,91.8466,,99,HS750210 Ni≥99% 产品标准(口径#44),90.93,1591863.23,17332,17507,ELECTROLYTIC NICKEL,新品目通道历史回补【#45】,新品目通道历史回补【#45】,4136,91.8466,,RC002
4136,精炼镍,2024-07-10,2024-07,PT CNGR DING XING NEW ENERGY,PT CNGR DING XING NEW ENERGY,IMIP(Morowali),Bahudopi,ETERNAL TSINGSHAN GROUP LIMITED,China,NINGBO,75021000,7.6491,,99,HS750210 Ni≥99% 产品标准(口径#44),7.57,129673.28,16953,17124,ELECTROLYTIC NICKEL,新品目通道历史回补【#45】,新品目通道历史回补【#45】,4137,7.6491,,RC002
4137,精炼镍,2024-07-10,2024-07,PT CNGR DING XING NEW ENERGY,PT CNGR DING XING NEW ENERGY,IMIP(Morowali),Bahudopi,ETERNAL TSINGSHAN GROUP LIMITED,China,NINGBO,75021000,30.9993,,99,HS750210 Ni≥99% 产品标准(口径#44),30.69,483011.25,15581,15739,ELECTROLYTIC NICKEL,新品目通道历史回补【#45】,新品目通道历史回补【#45】,4138,30.9993,,RC002
4138,精炼镍,2024-07-10,2024-07,PT CNGR DING XING NEW ENERGY,PT CNGR DING XING NEW ENERGY,IMIP(Morowali),Bahudopi,ETERNAL TSINGSHAN GROUP LIMITED,China,NINGBO,75021000,17.3744,,99,HS750210 Ni≥99% 产品标准(口径#44),17.2,296090.35,17042,17214,ELECTROLYTIC NICKEL,新品目通道历史回补【#45】,新品目通道历史回补【#45】,4139,17.3744,,RC002
4139,精炼镍,2024-07-10,2024-07,PT CNGR DING XING NEW ENERGY,PT CNGR DING XING NEW ENERGY,IMIP(Morowali),Bahudopi,ETERNAL TSINGSHAN GROUP LIMITED,China,NINGBO,75021000,107.1226,,99,HS750210 Ni≥99% 产品标准(口径#44),106.05,1856623.19,17332,17507,ELECTROLYTIC NICKEL,新品目通道历史回补【#45】,新品目通道历史回补【#45】,4140,107.1226,,RC002
4140,精炼镍,2024-07-10,2024-07,PT CNGR DING XING NEW ENERGY,PT CNGR DING XING NEW ENERGY,IMIP(Morowali),Bahudopi,ETERNAL TSINGSHAN GROUP LIMITED,China,NINGBO,75021000,18.3168,,99,HS750210 Ni≥99% 产品标准(口径#44),18.13,317462.38,17332,17507,ELECTROLYTIC NICKEL,新品目通道历史回补【#45】,新品目通道历史回补【#45】,4141,18.3168,,RC002
4141,精炼镍,2024-07-10,2024-07,PT CNGR DING XING NEW ENERGY,PT CNGR DING XING NEW ENERGY,IMIP(Morowali),Bahudopi,ETERNAL TSINGSHAN GROUP LIMITED,China,NINGBO,75021000,50.6899,,99,HS750210 Ni≥99% 产品标准(口径#44),50.18,878545.18,17332,17507,ELECTROLYTIC NICKEL,新品目通道历史回补【#45】,新品目通道历史回补【#45】,4142,50.6899,,RC002
4142,精炼镍,2024-07-10,2024-07,PT CNGR DING XING NEW ENERGY,PT CNGR DING XING NEW ENERGY,IMIP(Morowali),Bahudopi,ETERNAL TSINGSHAN GROUP LIMITED,China,NINGBO,75021000,25.8692,,99,HS750210 Ni≥99% 产品标准(口径#44),25.61,448358.77,17332,17507,ELECTROLYTIC NICKEL,新品目通道历史回补【#45】,新品目通道历史回补【#45】,4143,25.8692,,RC002
4155,精炼镍,2024-07-12,2024-07,PT CNGR DING XING NEW ENERGY,PT CNGR DING XING NEW ENERGY,IMIP(Morowali),Bahudopi,KOREA NON FERROUS METALS CO,South Korea,Incheon,75021000,59.7432,,99,HS750210 Ni≥99% 产品标准(口径#44),59.15,1029868.22,17238,17412,ELECTROLYTIC NICKEL,新品目通道历史回补【#45】,新品目通道历史回补【#45】,4156,59.7432,,RC009
4156,精炼镍,2024-07-12,2024-07,PT CNGR DING XING NEW ENERGY,PT CNGR DING XING NEW ENERGY,IMIP(Morowali),Bahudopi,ACCESS WORLD BUSAN LIMITED,South Korea,Busan (ex Pusan),75021000,149.4451,,99,HS750210 Ni≥99% 产品标准(口径#44),147.95,2576172,17238,17412,ELECTROLYTIC NICKEL,新品目通道历史回补【#45】,新品目通道历史回补【#45】,4157,149.4451,,RC005
4157,精炼镍,2024-07-12,2024-07,PT CNGR DING XING NEW ENERGY,PT CNGR DING XING NEW ENERGY,IMIP(Morowali),Bahudopi,HANSMET CO,South Korea,Incheon,75021000,19.7961,,99,HS750210 Ni≥99% 产品标准(口径#44),19.6,335509.25,16948,17119,ELECTROLYTIC NICKEL,新品目通道历史回补【#45】,新品目通道历史回补【#45】,4158,19.7961,,RC007
4158,精炼镍,2024-07-12,2024-07,PT CNGR DING XING NEW ENERGY,PT CNGR DING XING NEW ENERGY,IMIP(Morowali),Bahudopi,ACCESS WORLD LOGISTICS SINGAPORE PTE LTD,Malaysia,Port Klang (Ferry Port),75021000,500.6563,,99,HS750210 Ni≥99% 产品标准(口径#44),495.65,8677254.83,17332,17507,ELECTROLYTIC NICKEL,新品目通道历史回补【#45】,新品目通道历史回补【#45】,4159,500.6563,,RC018
4159,精炼镍,2024-07-12,2024-07,PT CNGR DING XING NEW ENERGY,PT CNGR DING XING NEW ENERGY,IMIP(Morowali),Bahudopi,C STEINWEG ASIA PTE LTD,Singapore,SINGAPORE,75021000,499.4184,,99,HS750210 Ni≥99% 产品标准(口径#44),494.42,8590875.46,17202,17376,ELECTROLYTIC NICKEL,新品目通道历史回补【#45】,新品目通道历史回补【#45】,4160,499.4184,,RC024
4164,精炼镍,2024-07-13,2024-07,PT CNGR DING XING NEW ENERGY,PT CNGR DING XING NEW ENERGY,IMIP(Morowali),Bahudopi,HANWA CO LTD,Japan,Yokohama,75021000,80,,99,HS750210 Ni≥99% 产品标准(口径#44),79.2,1379060,17238,17412,ELECTROLYTIC NICKEL,新品目通道历史回补【#45】,新品目通道历史回补【#45】,4165,80,,MC045
4187,精炼镍,2024-07-15,2024-07,PT CNGR DING XING NEW ENERGY,PT CNGR DING XING NEW ENERGY,IMIP(Morowali),Bahudopi,C STEINWEG ASIA PTE LTD,Singapore,SINGAPORE,75021000,199.9535,,99,HS750210 Ni≥99% 产品标准(口径#44),197.95,3439552.12,17202,17376,ELECTROLYTIC NICKEL,新品目通道历史回补【#45】,新品目通道历史回补【#45】,4188,199.9535,,RC024
4188,精炼镍,2024-07-15,2024-07,PT CNGR DING XING NEW ENERGY,PT CNGR DING XING NEW ENERGY,IMIP(Morowali),Bahudopi,TO ORDER OF ICBC STANDARD BANK PLC,Singapore,Singapore,75021000,400.626,,99,HS750210 Ni≥99% 产品标准(口径#44),396.62,7668686.74,19142,19335,ELECTROLYTIC NICKEL,新品目通道历史回补【#45】,新品目通道历史回补【#45】,4189,400.626,,RC025
4189,精炼镍,2024-07-15,2024-07,PT CNGR DING XING NEW ENERGY,PT CNGR DING XING NEW ENERGY,IMIP(Morowali),Bahudopi,ADVANCED MATERIAL JAPAN CORPORATION,Japan,Yokohama,75021000,24.041,,99,HS750210 Ni≥99% 产品标准(口径#44),23.8,413547.51,17202,17376,ELECTROLYTIC NICKEL,新品目通道历史回补【#45】,新品目通道历史回补【#45】,4190,24.041,,RC022
4190,精炼镍,2024-07-15,2024-07,PT CNGR DING XING NEW ENERGY,PT CNGR DING XING NEW ENERGY,IMIP(Morowali),Bahudopi,TOYOTA TUSHO MATERIAL INCORPORATION,Japan,Narita Apt/Tokyo,75021000,60,,99,HS750210 Ni≥99% 产品标准(口径#44),59.4,1148505.6,19142,19335,ELECTROLYTIC NICKEL,新品目通道历史回补【#45】,新品目通道历史回补【#45】,4191,60,,RC026
4191,精炼镍,2024-07-15,2024-07,PT CNGR DING XING NEW ENERGY,PT CNGR DING XING NEW ENERGY,IMIP(Morowali),Bahudopi,TO ORDER OF HSBC UK PLC,Netherlands,Rotterdam,75021000,50.1819,,99,HS750210 Ni≥99% 产品标准(口径#44),49.68,863217,17202,17376,ELECTROLYTIC NICKEL,新品目通道历史回补【#45】,新品目通道历史回补【#45】,4192,50.1819,,RC027
4192,精炼镍,2024-07-15,2024-07,PT CNGR DING XING NEW ENERGY,PT CNGR DING XING NEW ENERGY,IMIP(Morowali),Bahudopi,TO ORDER OF HSBC UK PLC,Netherlands,Rotterdam,75021000,100,,99,HS750210 Ni≥99% 产品标准(口径#44),99,1720176,17202,17376,ELECTROLYTIC NICKEL,新品目通道历史回补【#45】,新品目通道历史回补【#45】,4193,100,,RC027
4221,硫酸镍,2024-07-17,2024-07,PT HALMAHERA PERSADA LYGEND,PT HALMAHERA PERSADA LYGEND,Obi(Harita),Obi Island,"Ningbo Lygend Wisdom Co., Ltd.",China,Zhapu,28332400,2000,,22.2,化学计量(NiSO4·6H2O 22.2%),444,6181440,3091,13922,NICKEL SULFATE,,中间品矩阵(75章+720150等),4222,2000,,NC162
4237,精炼镍,2024-07-18,2024-07,PT CNGR DING XING NEW ENERGY,PT CNGR DING XING NEW ENERGY,IMIP(Morowali),Bahudopi,ETERNAL TSINGSHAN GROUP LIMITED,China,NINGBO,75021000,135.7566,,99,HS750210 Ni≥99% 产品标准(口径#44),134.4,2598620.26,19142,19335,ELECTROLYTIC NICKEL,新品目通道历史回补【#45】,新品目通道历史回补【#45】,4238,135.7566,,RC002
4238,精炼镍,2024-07-18,2024-07,PT CNGR DING XING NEW ENERGY,PT CNGR DING XING NEW ENERGY,IMIP(Morowali),Bahudopi,ETERNAL TSINGSHAN GROUP LIMITED,China,NINGBO,75021000,39.8398,,99,HS750210 Ni≥99% 产品标准(口径#44),39.44,762603.89,19142,19335,ELECTROLYTIC NICKEL,新品目通道历史回补【#45】,新品目通道历史回补【#45】,4239,39.8398,,RC002
4239,精炼镍,2024-07-18,2024-07,PT CNGR DING XING NEW ENERGY,PT CNGR DING XING NEW ENERGY,IMIP(Morowali),Bahudopi,ETERNAL TSINGSHAN GROUP LIMITED,China,NINGBO,75021000,50.1867,,99,HS750210 Ni≥99% 产品标准(口径#44),49.68,960661.77,19142,19335,ELECTROLYTIC NICKEL,新品目通道历史回补【#45】,新品目通道历史回补【#45】,4240,50.1867,,RC002
4240,精炼镍,2024-07-18,2024-07,PT CNGR DING XING NEW ENERGY,PT CNGR DING XING NEW ENERGY,IMIP(Morowali),Bahudopi,ETERNAL TSINGSHAN GROUP LIMITED,China,NINGBO,75021000,101.0849,,99,HS750210 Ni≥99% 产品标准(口径#44),100.07,1934942.9,19142,19335,ELECTROLYTIC NICKEL,新品目通道历史回补【#45】,新品目通道历史回补【#45】,4241,101.0849,,RC002
4241,精炼镍,2024-07-18,2024-07,PT CNGR DING XING NEW ENERGY,PT CNGR DING XING NEW ENERGY,IMIP(Morowali),Bahudopi,ETERNAL TSINGSHAN GROUP LIMITED,China,NINGBO,75021000,6.1283,,99,HS750210 Ni≥99% 产品标准(口径#44),6.07,117306.45,19142,19335,ELECTROLYTIC NICKEL,新品目通道历史回补【#45】,新品目通道历史回补【#45】,4242,6.1283,,RC002
4242,精炼镍,2024-07-18,2024-07,PT CNGR DING XING NEW ENERGY,PT CNGR DING XING NEW ENERGY,IMIP(Morowali),Bahudopi,ETERNAL TSINGSHAN GROUP LIMITED,China,NINGBO,75021000,10.6342,,99,HS750210 Ni≥99% 产品标准(口径#44),10.53,203557.3,19142,19335,ELECTROLYTIC NICKEL,新品目通道历史回补【#45】,新品目通道历史回补【#45】,4243,10.6342,,RC002
4243,精炼镍,2024-07-18,2024-07,PT CNGR DING XING NEW ENERGY,PT CNGR DING XING NEW ENERGY,IMIP(Morowali),Bahudopi,ETERNAL TSINGSHAN GROUP LIMITED,China,NINGBO,75021000,93.3352,,99,HS750210 Ni≥99% 产品标准(口径#44),92.4,1786600,19142,19335,ELECTROLYTIC NICKEL,新品目通道历史回补【#45】,新品目通道历史回补【#45】,4244,93.3352,,RC002
4244,精炼镍,2024-07-18,2024-07,PT CNGR DING XING NEW ENERGY,PT CNGR DING XING NEW ENERGY,IMIP(Morowali),Bahudopi,ETERNAL TSINGSHAN GROUP LIMITED,China,NINGBO,75021000,50.0633,,99,HS750210 Ni≥99% 产品标准(口径#44),49.56,958299.67,19142,19335,ELECTROLYTIC NICKEL,新品目通道历史回补【#45】,新品目通道历史回补【#45】,4245,50.0633,,RC002
4250,精炼镍,2024-07-19,2024-07,PT CNGR DING XING NEW ENERGY,PT CNGR DING XING NEW ENERGY,IMIP(Morowali),Bahudopi,UNI METAL CO LTD,South Korea,Busan (ex Pusan),75021000,40,,99,HS750210 Ni≥99% 产品标准(口径#44),39.6,764800,19120,19313,ELECTROLYTIC NICKEL,新品目通道历史回补【#45】,新品目通道历史回补【#45】,4251,40,,RC014
4287,硫酸镍,2024-07-24,2024-07,PT HALMAHERA PERSADA LYGEND,PT HALMAHERA PERSADA LYGEND,Obi(Harita),Obi Island,"Ningbo Lygend Wisdom Co., Ltd.",China,Zhapu,28332400,6400,,22.2,化学计量(NiSO4·6H2O 22.2%),1420.8,19280640,3013,13570,NICKEL SULFATE,,中间品矩阵(75章+720150等),4288,6400,,NC162
4314,精炼镍,2024-07-28,2024-07,PT CNGR DING XING NEW ENERGY,PT CNGR DING XING NEW ENERGY,IMIP(Morowali),Bahudopi,"C. Steinweg Logistics (Shanghai Waigaoqiao Bonded Logistics Zone) Co., Ltd.",China,Yantai Pt,75021000,100.6228,,99,HS750210 Ni≥99% 产品标准(口径#44),99.62,1926097.49,19142,19335,ELECTROLYTIC NICKEL,新品目通道历史回补【#45】,新品目通道历史回补【#45】,4315,100.6228,,NC019
4340,精炼镍,2024-07-31,2024-07,PT CNGR DING XING NEW ENERGY,PT CNGR DING XING NEW ENERGY,IMIP(Morowali),Bahudopi,ADVANCED MATERIAL JAPAN CORPORATION,Japan,Yokohama,75021000,24.3749,,99,HS750210 Ni≥99% 产品标准(口径#44),24.13,466578.49,19142,19335,ELECTROLYTIC NICKEL,新品目通道历史回补【#45】,新品目通道历史回补【#45】,4341,24.3749,,RC022
4341,精炼镍,2024-07-31,2024-07,PT CNGR DING XING NEW ENERGY,PT CNGR DING XING NEW ENERGY,IMIP(Morowali),Bahudopi,ETERNAL TSINGSHAN GROUP LIMITED,China,NINGBO,75021000,100.296,,99,HS750210 Ni≥99% 产品标准(口径#44),99.29,1728927.52,17238,17412,ELECTROLYTIC NICKEL,新品目通道历史回补【#45】,新品目通道历史回补【#45】,4342,100.296,,RC002
4342,精炼镍,2024-07-31,2024-07,PT CNGR DING XING NEW ENERGY,PT CNGR DING XING NEW ENERGY,IMIP(Morowali),Bahudopi,TOYOTA TUSHO MATERIAL INCORPORATION,Japan,Tokyo,75021000,40,,99,HS750210 Ni≥99% 产品标准(口径#44),39.6,765670.4,19142,19335,ELECTROLYTIC NICKEL,新品目通道历史回补【#45】,新品目通道历史回补【#45】,4343,40,,RC026
4343,精炼镍,2024-07-31,2024-07,PT CNGR DING XING NEW ENERGY,PT CNGR DING XING NEW ENERGY,IMIP(Morowali),Bahudopi,ACCESS WORLD KAOHSIUNG LTD C O FORMOSA LOGISTICS CORP,"Taiwan, China",Kaohsiung,75021000,500.3452,,99,HS750210 Ni≥99% 产品标准(口径#44),495.34,9577487.74,19142,19335,ELECTROLYTIC NICKEL,新品目通道历史回补【#45】,新品目通道历史回补【#45】,4344,500.3452,,RC023
4344,精炼镍,2024-07-31,2024-07,PT CNGR DING XING NEW ENERGY,PT CNGR DING XING NEW ENERGY,IMIP(Morowali),Bahudopi,ETERNAL TSINGSHAN GROUP LIMITED,China,NINGBO,75021000,50.1272,,99,HS750210 Ni≥99% 产品标准(口径#44),49.63,959522.83,19142,19335,ELECTROLYTIC NICKEL,新品目通道历史回补【#45】,新品目通道历史回补【#45】,4345,50.1272,,RC002
4345,精炼镍,2024-07-31,2024-07,PT CNGR DING XING NEW ENERGY,PT CNGR DING XING NEW ENERGY,IMIP(Morowali),Bahudopi,TO ORDER OF HSBC UK PLC,Netherlands,Rotterdam,75021000,50.3543,,99,HS750210 Ni≥99% 产品标准(口径#44),49.85,853417.26,16948,17119,ELECTROLYTIC NICKEL,新品目通道历史回补【#45】,新品目通道历史回补【#45】,4346,50.3543,,RC027
4346,精炼镍,2024-07-31,2024-07,PT CNGR DING XING NEW ENERGY,PT CNGR DING XING NEW ENERGY,IMIP(Morowali),Bahudopi,TO ORDER OF ICBC STANDARD BANK PLC,Singapore,Singapore,75021000,597.0256,,99,HS750210 Ni≥99% 产品标准(口径#44),591.06,11428120.75,19142,19335,ELECTROLYTIC NICKEL,新品目通道历史回补【#45】,新品目通道历史回补【#45】,4347,597.0256,,RC025
4393,精炼镍,2024-08-06,2024-08,PT CNGR DING XING NEW ENERGY,PT CNGR DING XING NEW ENERGY,IMIP(Morowali),Bahudopi,ACCESS WORLD LOGISTICS SINGAPORE PTE LTD C O AFICO TERMINAL VENTURE SDN BHD,Malaysia,Klang,75021000,500.7611,,99,HS750210 Ni≥99% 产品标准(口径#44),495.75,9585448.79,19142,19335,ELECTROLYTIC NICKEL,新品目通道历史回补【#45】,新品目通道历史回补【#45】,4394,500.7611,,RC028
4394,精炼镍,2024-08-06,2024-08,PT CNGR DING XING NEW ENERGY,PT CNGR DING XING NEW ENERGY,IMIP(Morowali),Bahudopi,HANWA CO LTD,Japan,Yokohama,75021000,20.7833,,99,HS750210 Ni≥99% 产品标准(口径#44),20.58,335157.73,16126,16289,ELECTROLYTIC NICKEL,新品目通道历史回补【#45】,新品目通道历史回补【#45】,4395,20.7833,,MC045
4395,精炼镍,2024-08-06,2024-08,PT CNGR DING XING NEW ENERGY,PT CNGR DING XING NEW ENERGY,IMIP(Morowali),Bahudopi,C STEINWEG ASIA PTE LTD,Singapore,SINGAPORE,75021000,196.248,,99,HS750210 Ni≥99% 产品标准(口径#44),194.29,3756532.12,19142,19335,ELECTROLYTIC NICKEL,新品目通道历史回补【#45】,新品目通道历史回补【#45】,4396,196.248,,RC024
4396,精炼镍,2024-08-06,2024-08,PT CNGR DING XING NEW ENERGY,PT CNGR DING XING NEW ENERGY,IMIP(Morowali),Bahudopi,ACCESS WORLD LOGISTICS SINGAPORE PTE LTD,Singapore,SINGAPORE,75021000,99.8899,,99,HS750210 Ni≥99% 产品标准(口径#44),98.89,1610854.49,16126,16289,ELECTROLYTIC NICKEL,新品目通道历史回补【#45】,新品目通道历史回补【#45】,4397,99.8899,,RC018
4403,精炼镍,2024-08-07,2024-08,PT CNGR DING XING NEW ENERGY,PT CNGR DING XING NEW ENERGY,IMIP(Morowali),Makassar,"C. Steinweg Logistics (Shanghai Waigaoqiao Bonded Logistics Zone) Co., Ltd.",China,Shanghai,75021000,111.4796,,99,HS750210 Ni≥99% 产品标准(口径#44),110.36,2133915.75,19142,19335,ELECTROLYTIC NICKEL,新品目通道历史回补【#45】,新品目通道历史回补【#45】,4404,111.4796,,NC019
4440,精炼镍,2024-08-13,2024-08,PT CNGR DING XING NEW ENERGY,PT CNGR DING XING NEW ENERGY,IMIP(Morowali),Bahudopi,"C. Steinweg Logistics (Shanghai Waigaoqiao Bonded Logistics Zone) Co., Ltd.",China,Yantai Pt,75021000,382.7056,,99,HS750210 Ni≥99% 产品标准(口径#44),378.88,7325658.75,19142,19335,ELECTROLYTIC NICKEL,新品目通道历史回补【#45】,新品目通道历史回补【#45】,4441,382.7056,,NC019
4470,硫酸镍,2024-08-17,2024-08,PT HALMAHERA PERSADA LYGEND,PT HALMAHERA PERSADA LYGEND,Obi(Harita),Obi Island,"Ningbo Lygend Wisdom Co., Ltd.",China,Zhapu,28332400,1920,,22.2,化学计量(NiSO4·6H2O 22.2%),426.24,5755066,2997,13502,NICKEL SULFATE,,中间品矩阵(75章+720150等),4471,1920,,NC162
4471,硫酸镍,2024-08-17,2024-08,PT HALMAHERA PERSADA LYGEND,PT HALMAHERA PERSADA LYGEND,Obi(Harita),Obi Island,"Ningbo Lygend Wisdom Co., Ltd.",China,Zhapu,28332400,1940,,22.2,化学计量(NiSO4·6H2O 22.2%),430.68,5815014,2997,13502,NICKEL SULFATE,,中间品矩阵(75章+720150等),4472,1940,,NC162
4472,精炼镍,2024-08-17,2024-08,PT CNGR DING XING NEW ENERGY,PT CNGR DING XING NEW ENERGY,IMIP(Morowali),Bahudopi,ETERNAL TSINGSHAN GROUP LIMITED,China,NINGBO,75021000,14.7985,,99,HS750210 Ni≥99% 产品标准(口径#44),14.65,238645.05,16126,16289,ELECTROLYTIC NICKEL,新品目通道历史回补【#45】,新品目通道历史回补【#45】,4473,14.7985,,RC002
4473,精炼镍,2024-08-17,2024-08,PT CNGR DING XING NEW ENERGY,PT CNGR DING XING NEW ENERGY,IMIP(Morowali),Bahudopi,ETERNAL TSINGSHAN GROUP LIMITED,China,NINGBO,75021000,139.8288,,99,HS750210 Ni≥99% 产品标准(口径#44),138.43,2254921.18,16126,16289,ELECTROLYTIC NICKEL,新品目通道历史回补【#45】,新品目通道历史回补【#45】,4474,139.8288,,RC002
4474,精炼镍,2024-08-17,2024-08,PT CNGR DING XING NEW ENERGY,PT CNGR DING XING NEW ENERGY,IMIP(Morowali),Bahudopi,WALSIN LIHWA CORPORATION,"Taiwan, China",Kaohsiung,75021000,20.0685,,99,HS750210 Ni≥99% 产品标准(口径#44),19.87,310834.57,15489,15645,ELECTROLYTIC NICKEL,新品目通道历史回补【#45】,新品目通道历史回补【#45】,4475,20.0685,,B035
4475,精炼镍,2024-08-17,2024-08,PT CNGR DING XING NEW ENERGY,PT CNGR DING XING NEW ENERGY,IMIP(Morowali),Bahudopi,ETERNAL TSINGSHAN GROUP LIMITED,China,NINGBO,75021000,50.7268,,99,HS750210 Ni≥99% 产品标准(口径#44),50.22,818035.59,16126,16289,ELECTROLYTIC NICKEL,新品目通道历史回补【#45】,新品目通道历史回补【#45】,4476,50.7268,,RC002
4522,硫酸镍,2024-08-22,2024-08,PT HALMAHERA PERSADA LYGEND,PT HALMAHERA PERSADA LYGEND,Obi(Harita),Obi Island,"Ningbo Lygend Wisdom Co., Ltd.",China,Zhapu,28332400,5980,,22.2,化学计量(NiSO4·6H2O 22.2%),1327.56,17806347,2978,13413,NICKEL SULFATE,,中间品矩阵(75章+720150等),4523,5980,,NC162
4523,硫酸镍,2024-08-22,2024-08,PT HALMAHERA PERSADA LYGEND,PT HALMAHERA PERSADA LYGEND,Obi(Harita),Obi Island,"Ningbo Lygend Wisdom Co., Ltd.",China,Zhapu,28332400,1980,,22.2,化学计量(NiSO4·6H2O 22.2%),439.56,5895747,2978,13413,NICKEL SULFATE,,中间品矩阵(75章+720150等),4524,1980,,NC162
4542,精炼镍,2024-08-24,2024-08,PT CNGR DING XING NEW ENERGY,PT CNGR DING XING NEW ENERGY,IMIP(Morowali),Bahudopi,C STEINWEG ASIA PTE LTD,Singapore,SINGAPORE,75021000,100.7924,,99,HS750210 Ni≥99% 产品标准(口径#44),99.78,1748273.41,17345,17520,ELECTROLYTIC NICKEL,新品目通道历史回补【#45】,新品目通道历史回补【#45】,4543,100.7924,,RC024
4543,精炼镍,2024-08-24,2024-08,PT CNGR DING XING NEW ENERGY,PT CNGR DING XING NEW ENERGY,IMIP(Morowali),Bahudopi,ACCESS WORLD KAOHSIUNG LTD C O FORMOSA LOGISTICS CORP,"Taiwan, China",Kaohsiung,75021000,475.1603,,99,HS750210 Ni≥99% 产品标准(口径#44),470.41,8241793.2,17345,17520,ELECTROLYTIC NICKEL,新品目通道历史回补【#45】,新品目通道历史回补【#45】,4544,475.1603,,RC023
4544,精炼镍,2024-08-24,2024-08,PT CNGR DING XING NEW ENERGY,PT CNGR DING XING NEW ENERGY,IMIP(Morowali),Bahudopi,HANWA CO LTD,Japan,Yokohama,75021000,20.0128,,99,HS750210 Ni≥99% 产品标准(口径#44),19.81,309971.86,15489,15645,ELECTROLYTIC NICKEL,新品目通道历史回补【#45】,新品目通道历史回补【#45】,4545,20.0128,,MC045
4545,精炼镍,2024-08-24,2024-08,PT CNGR DING XING NEW ENERGY,PT CNGR DING XING NEW ENERGY,IMIP(Morowali),Bahudopi,ACCESS WORLD LOGISTICS SINGAPORE PTE LTD,Singapore,SINGAPORE,75021000,101.0629,,99,HS750210 Ni≥99% 产品标准(口径#44),100.05,1629770.64,16126,16289,ELECTROLYTIC NICKEL,新品目通道历史回补【#45】,新品目通道历史回补【#45】,4546,101.0629,,RC018
4546,精炼镍,2024-08-24,2024-08,PT CNGR DING XING NEW ENERGY,PT CNGR DING XING NEW ENERGY,IMIP(Morowali),Bahudopi,HANWA CO LTD,Japan,Yokohama,75021000,19.8437,,99,HS750210 Ni≥99% 产品标准(口径#44),19.65,320005.46,16126,16289,ELECTROLYTIC NICKEL,新品目通道历史回补【#45】,新品目通道历史回补【#45】,4547,19.8437,,MC045
4547,精炼镍,2024-08-24,2024-08,PT CNGR DING XING NEW ENERGY,PT CNGR DING XING NEW ENERGY,IMIP(Morowali),Bahudopi,SUZUKI SANGYO KABUSHIKI GAISHA,Japan,Yokohama,75021000,25.3264,,99,HS750210 Ni≥99% 产品标准(口径#44),25.07,439293.75,17345,17520,ELECTROLYTIC NICKEL,新品目通道历史回补【#45】,新品目通道历史回补【#45】,4548,25.3264,,RC016
4548,精炼镍,2024-08-24,2024-08,PT CNGR DING XING NEW ENERGY,PT CNGR DING XING NEW ENERGY,IMIP(Morowali),Bahudopi,HANWA CO LTD,Japan,Yokohama,75021000,80,,99,HS750210 Ni≥99% 产品标准(口径#44),79.2,1300504,16256,16421,ELECTROLYTIC NICKEL,新品目通道历史回补【#45】,新品目通道历史回补【#45】,4549,80,,MC045
4564,硫酸镍,2024-08-26,2024-08,PT HALMAHERA PERSADA LYGEND,PT HALMAHERA PERSADA LYGEND,Obi(Harita),Obi Island,"Ningbo Lygend Wisdom Co., Ltd.",China,Zhapu,28332400,2020,,22.2,化学计量(NiSO4·6H2O 22.2%),448.44,6015116,2978,13413,NICKEL SULFATE,同日同额拆单(tradeId不同，非重复),中间品矩阵(75章+720150等),4565,2020,,NC162
4565,硫酸镍,2024-08-26,2024-08,PT HALMAHERA PERSADA LYGEND,PT HALMAHERA PERSADA LYGEND,Obi(Harita),Obi Island,"Ningbo Lygend Wisdom Co., Ltd.",China,Zhapu,28332400,2020,,22.2,化学计量(NiSO4·6H2O 22.2%),448.44,6015116,2978,13413,NICKEL SULFATE,同日同额拆单(tradeId不同，非重复),中间品矩阵(75章+720150等),4566,2020,,NC162
4572,精炼镍,2024-08-27,2024-08,PT CNGR DING XING NEW ENERGY,PT CNGR DING XING NEW ENERGY,IMIP(Morowali),Bahudopi,HANSMET CO,South Korea,Incheon,75021000,20.2331,,99,HS750210 Ni≥99% 产品标准(口径#44),20.03,342915.64,16948,17119,ELECTROLYTIC NICKEL,新品目通道历史回补【#45】,新品目通道历史回补【#45】,4573,20.2331,,RC007
4573,精炼镍,2024-08-27,2024-08,PT CNGR DING XING NEW ENERGY,PT CNGR DING XING NEW ENERGY,IMIP(Morowali),Bahudopi,ACCESS WORLD LOGISTICS SINGAPORE PTE LTD,Singapore,SINGAPORE,75021000,99.3339,,99,HS750210 Ni≥99% 产品标准(口径#44),98.34,1722975.3,17345,17520,ELECTROLYTIC NICKEL,新品目通道历史回补【#45】,新品目通道历史回补【#45】,4574,99.3339,,RC018
4574,精炼镍,2024-08-27,2024-08,PT CNGR DING XING NEW ENERGY,PT CNGR DING XING NEW ENERGY,IMIP(Morowali),Bahudopi,TOYOTA TUSHO MATERIAL INCORPORATION,Japan,Osaka,75021000,20,,99,HS750210 Ni≥99% 产品标准(口径#44),19.8,382835.2,19142,19335,ELECTROLYTIC NICKEL,新品目通道历史回补【#45】,新品目通道历史回补【#45】,4575,20,,RC026
4575,精炼镍,2024-08-27,2024-08,PT CNGR DING XING NEW ENERGY,PT CNGR DING XING NEW ENERGY,IMIP(Morowali),Bahudopi,C STEINWEG ASIA PTE LTD,Singapore,SINGAPORE,75021000,499.0844,,99,HS750210 Ni≥99% 产品标准(口径#44),494.09,8656763.65,17345,17520,ELECTROLYTIC NICKEL,新品目通道历史回补【#45】,新品目通道历史回补【#45】,4576,499.0844,,RC024
4576,精炼镍,2024-08-27,2024-08,PT CNGR DING XING NEW ENERGY,PT CNGR DING XING NEW ENERGY,IMIP(Morowali),Bahudopi,TOYOTA TUSHO MATERIAL INCORPORATION,Japan,Osaka,75021000,4,,99,HS750210 Ni≥99% 产品标准(口径#44),3.96,76567.04,19142,19335,ELECTROLYTIC NICKEL,新品目通道历史回补【#45】,新品目通道历史回补【#45】,4577,4,,RC026
4577,精炼镍,2024-08-27,2024-08,PT CNGR DING XING NEW ENERGY,PT CNGR DING XING NEW ENERGY,IMIP(Morowali),Bahudopi,KOREA NON FERROUS METALS CO,South Korea,Incheon,75021000,59.5167,,99,HS750210 Ni≥99% 产品标准(口径#44),58.92,1032334.42,17345,17520,ELECTROLYTIC NICKEL,新品目通道历史回补【#45】,新品目通道历史回补【#45】,4578,59.5167,,RC009
4637,精炼镍,2024-08-31,2024-08,PT CNGR DING XING NEW ENERGY,PT CNGR DING XING NEW ENERGY,IMIP(Morowali),Bahudopi,UNI METAL CO LTD,South Korea,Busan (ex Pusan),75021000,40,,99,HS750210 Ni≥99% 产品标准(口径#44),39.6,699011.6,17475,17652,ELECTROLYTIC NICKEL,新品目通道历史回补【#45】,新品目通道历史回补【#45】,4638,40,,RC014
4638,精炼镍,2024-08-31,2024-08,PT CNGR DING XING NEW ENERGY,PT CNGR DING XING NEW ENERGY,IMIP(Morowali),Bahudopi,UNI METAL CO LTD,South Korea,Busan (ex Pusan),75021000,40,,99,HS750210 Ni≥99% 产品标准(口径#44),39.6,699011.6,17475,17652,ELECTROLYTIC NICKEL,新品目通道历史回补【#45】,新品目通道历史回补【#45】,4639,40,,RC014
4677,精炼镍,2024-09-07,2024-09,PT CNGR DING XING NEW ENERGY,PT CNGR DING XING NEW ENERGY,IMIP(Morowali),Bahudopi,ETERNAL TSINGSHAN GROUP LIMITED,China,NINGBO,75021000,40.2027,,99,HS750210 Ni≥99% 产品标准(口径#44),39.8,622686.76,15489,15645,ELECTROLYTIC NICKEL,新品目通道历史回补【#45】,新品目通道历史回补【#45】,4678,40.2027,,RC002
4681,精炼镍,2024-09-08,2024-09,PT CNGR DING XING NEW ENERGY,PT CNGR DING XING NEW ENERGY,IMIP(Morowali),Bahudopi,"C. Steinweg Logistics (Shanghai Waigaoqiao Bonded Logistics Zone) Co., Ltd.",China,Yantai Pt,75021000,73.3793,,99,HS750210 Ni≥99% 产品标准(口径#44),72.65,1167290.02,15908,16068,ELECTROLYTIC NICKEL,新品目通道历史回补【#45】,新品目通道历史回补【#45】,4682,73.3793,,NC019
4682,精炼镍,2024-09-08,2024-09,PT CNGR DING XING NEW ENERGY,PT CNGR DING XING NEW ENERGY,IMIP(Morowali),Bahudopi,"C. Steinweg Logistics (Shanghai Waigaoqiao Bonded Logistics Zone) Co., Ltd.",China,Yantai Pt,75021000,127.079,,99,HS750210 Ni≥99% 产品标准(口径#44),125.81,2185982.46,17202,17376,ELECTROLYTIC NICKEL,新品目通道历史回补【#45】,新品目通道历史回补【#45】,4683,127.079,,NC019
4683,精炼镍,2024-09-08,2024-09,PT CNGR DING XING NEW ENERGY,PT CNGR DING XING NEW ENERGY,IMIP(Morowali),Bahudopi,JINDAL STAINLESS LIMITED,India,Paradip Port,75021000,19.9835,,99,HS750210 Ni≥99% 产品标准(口径#44),19.78,309518.04,15489,15645,ELECTROLYTIC NICKEL,新品目通道历史回补【#45】,新品目通道历史回补【#45】,4684,19.9835,,NC127
4706,硫酸镍,2024-09-09,2024-09,PT HALMAHERA PERSADA LYGEND,PT HALMAHERA PERSADA LYGEND,Obi(Harita),Obi Island,"Ningbo Lygend Wisdom Co., Ltd.",China,Zhapu,28332400,1260,,22.2,化学计量(NiSO4·6H2O 22.2%),279.72,3748840,2975,13402,NICKEL SULFATE,,中间品矩阵(75章+720150等),4707,1260,,NC162
4707,硫酸镍,2024-09-09,2024-09,PT HALMAHERA PERSADA LYGEND,PT HALMAHERA PERSADA LYGEND,Obi(Harita),Obi Island,"Ningbo Lygend Wisdom Co., Ltd.",China,Zhapu,28332400,3740,,22.2,化学计量(NiSO4·6H2O 22.2%),830.28,11127510,2975,13402,NICKEL SULFATE,,中间品矩阵(75章+720150等),4708,3740,,NC162
4712,精炼镍,2024-09-10,2024-09,PT CNGR DING XING NEW ENERGY,PT CNGR DING XING NEW ENERGY,IMIP(Morowali),Bahudopi,NIKEL PASLANMAZ CELIK SAN VE TIC A S,Turkey,Diliskelesi,75021000,19.6141,,99,HS750210 Ni≥99% 产品标准(口径#44),19.42,316302.86,16126,16289,ELECTROLYTIC NICKEL,新品目通道历史回补【#45】,新品目通道历史回补【#45】,4713,19.6141,,RC029
4755,硫酸镍,2024-09-15,2024-09,PT HALMAHERA PERSADA LYGEND,PT HALMAHERA PERSADA LYGEND,Obi(Harita),Obi Island,"Ningbo Lygend Wisdom Co., Ltd.",China,Zhapu,28332400,3300,,22.2,化学计量(NiSO4·6H2O 22.2%),732.6,9983160,3025,13627,NICKEL SULFATE,同日同额拆单(tradeId不同，非重复),中间品矩阵(75章+720150等),4756,3300,,NC162
4756,硫酸镍,2024-09-15,2024-09,PT HALMAHERA PERSADA LYGEND,PT HALMAHERA PERSADA LYGEND,Obi(Harita),Obi Island,"Ningbo Lygend Wisdom Co., Ltd.",China,Zhapu,28332400,3300,,22.2,化学计量(NiSO4·6H2O 22.2%),732.6,9983160,3025,13627,NICKEL SULFATE,同日同额拆单(tradeId不同，非重复),中间品矩阵(75章+720150等),4757,3300,,NC162
4795,精炼镍,2024-09-19,2024-09,PT CNGR DING XING NEW ENERGY,PT CNGR DING XING NEW ENERGY,IMIP(Morowali),Bahudopi,C STEINWEG ASIA PTE LTD,Singapore,SINGAPORE,75021000,100.1421,,99,HS750210 Ni≥99% 产品标准(口径#44),99.14,1736993.77,17345,17520,ELECTROLYTIC NICKEL,新品目通道历史回补【#45】,新品目通道历史回补【#45】,4796,100.1421,,RC024
4796,精炼镍,2024-09-19,2024-09,PT CNGR DING XING NEW ENERGY,PT CNGR DING XING NEW ENERGY,IMIP(Morowali),Bahudopi,PGS EAST ASIA PTE LTD C O J SHINE INTERNATIONAL LOGISTICS CO LTD,"Taiwan, China",Kaohsiung,75021000,501.9674,,99,HS750210 Ni≥99% 产品标准(口径#44),496.95,8706770.12,17345,17520,ELECTROLYTIC NICKEL,新品目通道历史回补【#45】,新品目通道历史回补【#45】,4797,501.9674,,RC030
4797,精炼镍,2024-09-19,2024-09,PT CNGR DING XING NEW ENERGY,PT CNGR DING XING NEW ENERGY,IMIP(Morowali),Bahudopi,C STEINWEG ASIA PTE LTD,Singapore,SINGAPORE,75021000,251.0627,,99,HS750210 Ni≥99% 产品标准(口径#44),248.55,4354755.34,17345,17520,ELECTROLYTIC NICKEL,新品目通道历史回补【#45】,新品目通道历史回补【#45】,4798,251.0627,,RC024
4798,精炼镍,2024-09-19,2024-09,PT CNGR DING XING NEW ENERGY,PT CNGR DING XING NEW ENERGY,IMIP(Morowali),Bahudopi,KOREA NON FERROUS METALS CO,South Korea,Incheon,75021000,59.8657,,99,HS750210 Ni≥99% 产品标准(口径#44),59.27,956639.52,15980,16141,ELECTROLYTIC NICKEL,新品目通道历史回补【#45】,新品目通道历史回补【#45】,4799,59.8657,,RC009
4799,精炼镍,2024-09-19,2024-09,PT CNGR DING XING NEW ENERGY,PT CNGR DING XING NEW ENERGY,IMIP(Morowali),Bahudopi,HANSMET CO,South Korea,Incheon,75021000,20,,99,HS750210 Ni≥99% 产品标准(口径#44),19.8,322526,16126,16289,ELECTROLYTIC NICKEL,新品目通道历史回补【#45】,新品目通道历史回补【#45】,4800,20,,RC007
4800,精炼镍,2024-09-19,2024-09,PT CNGR DING XING NEW ENERGY,PT CNGR DING XING NEW ENERGY,IMIP(Morowali),Bahudopi,C STEINWEG ASIA PTE LTD,Singapore,SINGAPORE,75021000,99.9657,,99,HS750210 Ni≥99% 产品标准(口径#44),98.97,1733934.06,17345,17520,ELECTROLYTIC NICKEL,新品目通道历史回补【#45】,新品目通道历史回补【#45】,4801,99.9657,,RC024
4801,精炼镍,2024-09-19,2024-09,PT CNGR DING XING NEW ENERGY,PT CNGR DING XING NEW ENERGY,IMIP(Morowali),Bahudopi,C STEINWEG ASIA PTE LTD,Singapore,SINGAPORE,75021000,200.0889,,99,HS750210 Ni≥99% 产品标准(口径#44),198.09,3470600,17345,17520,ELECTROLYTIC NICKEL,新品目通道历史回补【#45】,新品目通道历史回补【#45】,4802,200.0889,,RC024
4810,硫酸镍,2024-09-20,2024-09,PT HALMAHERA PERSADA LYGEND,PT HALMAHERA PERSADA LYGEND,Obi(Harita),Obi Island,"Ningbo Lygend Wisdom Co., Ltd.",China,Zhangjiagang,28332400,2300,,22.2,化学计量(NiSO4·6H2O 22.2%),510.6,6909568,3004,13532,NICKEL SULFATE,,中间品矩阵(75章+720150等),4811,2300,,NC162
4811,硫酸镍,2024-09-20,2024-09,PT HALMAHERA PERSADA LYGEND,PT HALMAHERA PERSADA LYGEND,Obi(Harita),Obi Island,"Ningbo Lygend Wisdom Co., Ltd.",China,Zhangjiagang,28332400,740,,22.2,化学计量(NiSO4·6H2O 22.2%),164.28,2223078,3004,13532,NICKEL SULFATE,,中间品矩阵(75章+720150等),4812,740,,NC162
4876,精炼镍,2024-09-27,2024-09,PT CNGR DING XING NEW ENERGY,PT CNGR DING XING NEW ENERGY,IMIP(Morowali),Bahudopi,ACCESS WORLD KAOHSIUNG LTD C O FORMOSA LOGISTICS CORP,"Taiwan, China",Kaohsiung,75021000,803.4456,,99,HS750210 Ni≥99% 产品标准(口径#44),795.41,12838867.86,15980,16141,ELECTROLYTIC NICKEL,新品目通道历史回补【#45】,新品目通道历史回补【#45】,4877,803.4456,,RC023
4940,精炼镍,2024-10-04,2024-10,PT CNGR DING XING NEW ENERGY,PT CNGR DING XING NEW ENERGY,IMIP(Morowali),Bahudopi,SUZUKI SANGYO KABUSHIKI GAISHA,Japan,Yokohama,75021000,25.3873,,99,HS750210 Ni≥99% 产品标准(口径#44),25.13,405682.96,15980,16141,ELECTROLYTIC NICKEL,新品目通道历史回补【#45】,新品目通道历史回补【#45】,4941,25.3873,,RC016
4941,精炼镍,2024-10-04,2024-10,PT CNGR DING XING NEW ENERGY,PT CNGR DING XING NEW ENERGY,IMIP(Morowali),Bahudopi,HANWA CO LTD,Japan,Yokohama,75021000,80,,99,HS750210 Ni≥99% 产品标准(口径#44),79.2,1288780.8,16110,16272,ELECTROLYTIC NICKEL,新品目通道历史回补【#45】,新品目通道历史回补【#45】,4942,80,,MC045
4942,精炼镍,2024-10-04,2024-10,PT CNGR DING XING NEW ENERGY,PT CNGR DING XING NEW ENERGY,IMIP(Morowali),Bahudopi,C STEINWEG ASIA PTE LTD,Singapore,SINGAPORE,75021000,102.0143,,99,HS750210 Ni≥99% 产品标准(口径#44),100.99,1630164.03,15980,16141,ELECTROLYTIC NICKEL,新品目通道历史回补【#45】,新品目通道历史回补【#45】,4943,102.0143,,RC024
4943,精炼镍,2024-10-04,2024-10,PT CNGR DING XING NEW ENERGY,PT CNGR DING XING NEW ENERGY,IMIP(Morowali),Bahudopi,ACCESS WORLD KAOHSIUNG LTD,"Taiwan, China",Kaohsiung,75021000,475.6193,,99,HS750210 Ni≥99% 产品标准(口径#44),470.86,7600282.27,15980,16141,ELECTROLYTIC NICKEL,新品目通道历史回补【#45】,新品目通道历史回补【#45】,4944,475.6193,,RC017
4944,精炼镍,2024-10-04,2024-10,PT CNGR DING XING NEW ENERGY,PT CNGR DING XING NEW ENERGY,IMIP(Morowali),Bahudopi,ACCESS WORLD LOGISTICS SINGAPORE PTE LTD,Singapore,SINGAPORE,75021000,100.5653,,99,HS750210 Ni≥99% 产品标准(口径#44),99.56,1607009.36,15980,16141,ELECTROLYTIC NICKEL,新品目通道历史回补【#45】,新品目通道历史回补【#45】,4945,100.5653,,RC018
4967,精炼镍,2024-10-08,2024-10,PT CNGR DING XING NEW ENERGY,PT CNGR DING XING NEW ENERGY,IMIP(Morowali),Bahudopi,C STEINWEG ASIA PTE LTD,Singapore,SINGAPORE,75021000,197.9364,,99,HS750210 Ni≥99% 产品标准(口径#44),195.96,3150723.9,15918,16079,ELECTROLYTIC NICKEL,新品目通道历史回补【#45】,新品目通道历史回补【#45】,4968,197.9364,,RC024
4968,精炼镍,2024-10-08,2024-10,PT CNGR DING XING NEW ENERGY,PT CNGR DING XING NEW ENERGY,IMIP(Morowali),Bahudopi,LONDON METALS AND COMMODITIES LIMITED,India,Mundra,75021000,48.1101,,99,HS750210 Ni≥99% 产品标准(口径#44),47.63,732132.77,15218,15372,ELECTROLYTIC NICKEL,新品目通道历史回补【#45】,新品目通道历史回补【#45】,4969,48.1101,,RC031
4969,精炼镍,2024-10-08,2024-10,PT CNGR DING XING NEW ENERGY,PT CNGR DING XING NEW ENERGY,IMIP(Morowali),Bahudopi,C STEINWEG ASIA PTE LTD,Singapore,SINGAPORE,75021000,197.8182,,99,HS750210 Ni≥99% 产品标准(口径#44),195.84,3148842.41,15918,16079,ELECTROLYTIC NICKEL,新品目通道历史回补【#45】,新品目通道历史回补【#45】,4970,197.8182,,RC024
4977,硫酸镍,2024-10-09,2024-10,PT HALMAHERA PERSADA LYGEND,PT HALMAHERA PERSADA LYGEND,Obi(Harita),Obi Island,"Ningbo Lygend Wisdom Co., Ltd.",China,Zhapu,28332400,5980,,22.2,化学计量(NiSO4·6H2O 22.2%),1327.56,18290009,3059,13777,NICKEL SULFATE,,中间品矩阵(75章+720150等),4978,5980,,NC162
4978,硫酸镍,2024-10-09,2024-10,PT HALMAHERA PERSADA LYGEND,PT HALMAHERA PERSADA LYGEND,Obi(Harita),Obi Island,"Ningbo Lygend Wisdom Co., Ltd.",China,Zhapu,28332400,1920,,22.2,化学计量(NiSO4·6H2O 22.2%),426.24,5872378,3059,13777,NICKEL SULFATE,,中间品矩阵(75章+720150等),4979,1920,,NC162
4979,精炼镍,2024-10-09,2024-10,PT CNGR DING XING NEW ENERGY,PT CNGR DING XING NEW ENERGY,IMIP(Morowali),Bahudopi,C STEINWEG LOGISTICS TAIWAN CO LTD,"Taiwan, China",Kaohsiung,75021000,5.9913,,99,HS750210 Ni≥99% 产品标准(口径#44),5.93,95739.54,15980,16141,ELECTROLYTIC NICKEL,新品目通道历史回补【#45】,新品目通道历史回补【#45】,4980,5.9913,,RC032
5080,精炼镍,2024-10-21,2024-10,PT CNGR DING XING NEW ENERGY,PT CNGR DING XING NEW ENERGY,IMIP(Morowali),Bahudopi,SUZUKI SANGYO KABUSHIKI GAISHA,Japan,Yokohama,75021000,1.2432,,99,HS750210 Ni≥99% 产品标准(口径#44),1.23,19789.08,15918,16079,ELECTROLYTIC NICKEL,新品目通道历史回补【#45】,新品目通道历史回补【#45】,5081,1.2432,,RC016
5081,精炼镍,2024-10-21,2024-10,PT CNGR DING XING NEW ENERGY,PT CNGR DING XING NEW ENERGY,IMIP(Morowali),Bahudopi,KOREA NON FERROUS METALS CO,South Korea,Incheon,75021000,59.9128,,99,HS750210 Ni≥99% 产品标准(口径#44),59.31,957392.16,15980,16141,ELECTROLYTIC NICKEL,新品目通道历史回补【#45】,新品目通道历史回补【#45】,5082,59.9128,,RC009
5082,精炼镍,2024-10-21,2024-10,PT CNGR DING XING NEW ENERGY,PT CNGR DING XING NEW ENERGY,IMIP(Morowali),Bahudopi,SUZUKI SANGYO KABUSHIKI GAISHA,Japan,Yokohama,75021000,24.201,,99,HS750210 Ni≥99% 产品标准(口径#44),23.96,417182.89,17238,17412,ELECTROLYTIC NICKEL,新品目通道历史回补【#45】,新品目通道历史回补【#45】,5083,24.201,,RC016
5083,精炼镍,2024-10-21,2024-10,PT CNGR DING XING NEW ENERGY,PT CNGR DING XING NEW ENERGY,IMIP(Morowali),Bahudopi,HANWA CO LTD,Japan,Yokohama,75021000,20.2355,,99,HS750210 Ni≥99% 产品标准(口径#44),20.03,313421.18,15489,15645,ELECTROLYTIC NICKEL,新品目通道历史回补【#45】,新品目通道历史回补【#45】,5084,20.2355,,MC045
5084,精炼镍,2024-10-21,2024-10,PT CNGR DING XING NEW ENERGY,PT CNGR DING XING NEW ENERGY,IMIP(Morowali),Bahudopi,ACCESS WORLD KAOHSIUNG LTD,"Taiwan, China",Kaohsiung,75021000,474.7584,,99,HS750210 Ni≥99% 产品标准(口径#44),470.01,7557137.75,15918,16079,ELECTROLYTIC NICKEL,新品目通道历史回补【#45】,新品目通道历史回补【#45】,5085,474.7584,,RC017
5088,精炼镍,2024-10-22,2024-10,PT CNGR DING XING NEW ENERGY,PT CNGR DING XING NEW ENERGY,IMIP(Morowali),Bahudopi,ETERNAL TSINGSHAN GROUP LIMITED,China,NINGBO,75021000,49.5329,,99,HS750210 Ni≥99% 产品标准(口径#44),49.04,791523.85,15980,16141,ELECTROLYTIC NICKEL,新品目通道历史回补【#45】,新品目通道历史回补【#45】,5089,49.5329,,RC002
5113,精炼镍,2024-10-24,2024-10,PT CNGR DING XING NEW ENERGY,PT CNGR DING XING NEW ENERGY,IMIP(Morowali),Bahudopi,ACCESS WORLD BUSAN LIMITED,South Korea,Busan (ex Pusan),75021000,39.0571,,99,HS750210 Ni≥99% 产品标准(口径#44),38.67,621705.45,15918,16079,ELECTROLYTIC NICKEL,新品目通道历史回补【#45】,新品目通道历史回补【#45】,5114,39.0571,,RC005
5114,精炼镍,2024-10-24,2024-10,PT CNGR DING XING NEW ENERGY,PT CNGR DING XING NEW ENERGY,IMIP(Morowali),Bahudopi,HANWA CO LTD,Japan,Yokohama,75021000,80,,99,HS750210 Ni≥99% 产品标准(口径#44),79.2,1283828.8,16048,16210,ELECTROLYTIC NICKEL,新品目通道历史回补【#45】,新品目通道历史回补【#45】,5115,80,,MC045
5119,硫酸镍,2024-10-25,2024-10,PT HALMAHERA PERSADA LYGEND,PT HALMAHERA PERSADA LYGEND,Obi(Harita),Obi Island,"Ningbo Lygend Wisdom Co., Ltd.",China,Zhapu,28332400,2480,,22.2,化学计量(NiSO4·6H2O 22.2%),550.56,7479333,3016,13585,NICKEL SULFATE,同日同额拆单(tradeId不同，非重复),中间品矩阵(75章+720150等),5120,2480,,NC162
5120,硫酸镍,2024-10-25,2024-10,PT HALMAHERA PERSADA LYGEND,PT HALMAHERA PERSADA LYGEND,Obi(Harita),Obi Island,"Ningbo Lygend Wisdom Co., Ltd.",China,Zhapu,28332400,2480,,22.2,化学计量(NiSO4·6H2O 22.2%),550.56,7479333,3016,13585,NICKEL SULFATE,同日同额拆单(tradeId不同，非重复),中间品矩阵(75章+720150等),5121,2480,,NC162
5150,精炼镍,2024-10-28,2024-10,PT CNGR DING XING NEW ENERGY,PT CNGR DING XING NEW ENERGY,IMIP(Morowali),Bahudopi,WALSIN LIHWA CORPORATION,"Taiwan, China",Taichung,75021000,39.9347,,99,HS750210 Ni≥99% 产品标准(口径#44),39.54,618535.79,15489,15645,ELECTROLYTIC NICKEL,新品目通道历史回补【#45】,新品目通道历史回补【#45】,5151,39.9347,,B035
5162,精炼镍,2024-10-29,2024-10,PT CNGR DING XING NEW ENERGY,PT CNGR DING XING NEW ENERGY,IMIP(Morowali),Bahudopi,PGS EAST ASIA PTE LTD,Singapore,SINGAPORE,75021000,299.7806,,99,HS750210 Ni≥99% 产品标准(口径#44),296.78,4771865.62,15918,16079,ELECTROLYTIC NICKEL,新品目通道历史回补【#45】,新品目通道历史回补【#45】,5163,299.7806,,RC033
5163,精炼镍,2024-10-29,2024-10,PT CNGR DING XING NEW ENERGY,PT CNGR DING XING NEW ENERGY,IMIP(Morowali),Bahudopi,PGS EAST ASIA PTE LTD C O J SHINE INTERNATIONAL LOGISTICS CO LTD,"Taiwan, China",Kaohsiung,75021000,501.1048,,99,HS750210 Ni≥99% 产品标准(口径#44),496.09,7976516.05,15918,16079,ELECTROLYTIC NICKEL,新品目通道历史回补【#45】,新品目通道历史回补【#45】,5164,501.1048,,RC030
5164,精炼镍,2024-10-29,2024-10,PT CNGR DING XING NEW ENERGY,PT CNGR DING XING NEW ENERGY,IMIP(Morowali),Bahudopi,XIN DA STEVEDORING,Singapore,SINGAPORE,75021000,197.6684,,99,HS750210 Ni≥99% 产品标准(口径#44),195.69,3146457.92,15918,16079,ELECTROLYTIC NICKEL,新品目通道历史回补【#45】,新品目通道历史回补【#45】,5165,197.6684,,RC034
5165,精炼镍,2024-10-29,2024-10,PT CNGR DING XING NEW ENERGY,PT CNGR DING XING NEW ENERGY,IMIP(Morowali),Bahudopi,HANSMET CO,South Korea,Incheon,75021000,19.1437,,99,HS750210 Ni≥99% 产品标准(口径#44),18.95,296510.64,15489,15645,ELECTROLYTIC NICKEL,新品目通道历史回补【#45】,新品目通道历史回补【#45】,5166,19.1437,,RC007
5166,精炼镍,2024-10-29,2024-10,PT CNGR DING XING NEW ENERGY,PT CNGR DING XING NEW ENERGY,IMIP(Morowali),Bahudopi,TAE EU WAREHOUSING KOREA CO LTD,South Korea,Busan (ex Pusan),75021000,144.2837,,99,HS750210 Ni≥99% 产品标准(口径#44),142.84,2296687.74,15918,16079,ELECTROLYTIC NICKEL,新品目通道历史回补【#45】,新品目通道历史回补【#45】,5167,144.2837,,RC004
5167,精炼镍,2024-10-29,2024-10,PT CNGR DING XING NEW ENERGY,PT CNGR DING XING NEW ENERGY,IMIP(Morowali),Bahudopi,C STEINWEG ASIA PTE LTD,Singapore,SINGAPORE,75021000,356.9172,,99,HS750210 Ni≥99% 产品标准(口径#44),353.35,5681358.02,15918,16079,ELECTROLYTIC NICKEL,新品目通道历史回补【#45】,新品目通道历史回补【#45】,5168,356.9172,,RC024
5168,精炼镍,2024-10-29,2024-10,PT CNGR DING XING NEW ENERGY,PT CNGR DING XING NEW ENERGY,IMIP(Morowali),Bahudopi,XIN DA STEVEDORING,Singapore,SINGAPORE,75021000,101.8087,,99,HS750210 Ni≥99% 产品标准(口径#44),100.79,1620576.63,15918,16079,ELECTROLYTIC NICKEL,新品目通道历史回补【#45】,新品目通道历史回补【#45】,5169,101.8087,,RC034
5169,精炼镍,2024-10-29,2024-10,PT CNGR DING XING NEW ENERGY,PT CNGR DING XING NEW ENERGY,IMIP(Morowali),Bahudopi,C STEINWEG ASIA PTE LTD,Singapore,SINGAPORE,75021000,102.0153,,99,HS750210 Ni≥99% 产品标准(口径#44),101,1630180.01,15980,16141,ELECTROLYTIC NICKEL,新品目通道历史回补【#45】,新品目通道历史回补【#45】,5170,102.0153,,RC024
5170,精炼镍,2024-10-29,2024-10,PT CNGR DING XING NEW ENERGY,PT CNGR DING XING NEW ENERGY,IMIP(Morowali),Bahudopi,METAL DO CO LTD,Japan,Kobe,75021000,7.9843,,99,HS750210 Ni≥99% 产品标准(口径#44),7.9,123666.27,15489,15645,ELECTROLYTIC NICKEL,新品目通道历史回补【#45】,新品目通道历史回补【#45】,5171,7.9843,,RC035
5171,精炼镍,2024-10-29,2024-10,PT CNGR DING XING NEW ENERGY,PT CNGR DING XING NEW ENERGY,IMIP(Morowali),Bahudopi,C STEINWEG ASIA PTE LTD,Singapore,SINGAPORE,75021000,198.0049,,99,HS750210 Ni≥99% 产品标准(口径#44),196.02,3151814.28,15918,16079,ELECTROLYTIC NICKEL,新品目通道历史回补【#45】,新品目通道历史回补【#45】,5172,198.0049,,RC024
5182,精炼镍,2024-10-30,2024-10,PT CNGR DING XING NEW ENERGY,PT CNGR DING XING NEW ENERGY,IMIP(Morowali),Bahudopi,ETERNAL TSINGSHAN GROUP LIMITED,China,Xiamen,75021000,49.5193,,99,HS750210 Ni≥99% 产品标准(口径#44),49.02,791306.53,15980,16141,ELECTROLYTIC NICKEL,新品目通道历史回补【#45】,新品目通道历史回补【#45】,5183,49.5193,,RC002
5183,精炼镍,2024-10-30,2024-10,PT CNGR DING XING NEW ENERGY,PT CNGR DING XING NEW ENERGY,IMIP(Morowali),Bahudopi,ETERNAL TSINGSHAN GROUP LIMITED,China,Xiamen,75021000,100.4015,,99,HS750210 Ni≥99% 产品标准(口径#44),99.4,1598177.02,15918,16079,ELECTROLYTIC NICKEL,新品目通道历史回补【#45】,新品目通道历史回补【#45】,5184,100.4015,,RC002
5184,精炼镍,2024-10-30,2024-10,PT CNGR DING XING NEW ENERGY,PT CNGR DING XING NEW ENERGY,IMIP(Morowali),Bahudopi,ETERNAL TSINGSHAN GROUP LIMITED,China,Xiamen,75021000,111.1644,,99,HS750210 Ni≥99% 产品标准(口径#44),110.05,1769499.36,15918,16079,ELECTROLYTIC NICKEL,新品目通道历史回补【#45】,新品目通道历史回补【#45】,5185,111.1644,,RC002
5185,精炼镍,2024-10-30,2024-10,PT CNGR DING XING NEW ENERGY,PT CNGR DING XING NEW ENERGY,IMIP(Morowali),Bahudopi,ETERNAL TSINGSHAN GROUP LIMITED,China,Xiamen,75021000,24.0479,,99,HS750210 Ni≥99% 产品标准(口径#44),23.81,382791.11,15918,16079,ELECTROLYTIC NICKEL,新品目通道历史回补【#45】,新品目通道历史回补【#45】,5186,24.0479,,RC002
5186,精炼镍,2024-10-30,2024-10,PT CNGR DING XING NEW ENERGY,PT CNGR DING XING NEW ENERGY,IMIP(Morowali),Bahudopi,ETERNAL TSINGSHAN GROUP LIMITED,China,Xiamen,75021000,100.2192,,99,HS750210 Ni≥99% 产品标准(口径#44),99.22,1601478.76,15980,16141,ELECTROLYTIC NICKEL,新品目通道历史回补【#45】,新品目通道历史回补【#45】,5187,100.2192,,RC002
5187,精炼镍,2024-10-30,2024-10,PT CNGR DING XING NEW ENERGY,PT CNGR DING XING NEW ENERGY,IMIP(Morowali),Bahudopi,ETERNAL TSINGSHAN GROUP LIMITED,China,Xiamen,75021000,49.5188,,99,HS750210 Ni≥99% 产品标准(口径#44),49.02,791298.54,15980,16141,ELECTROLYTIC NICKEL,新品目通道历史回补【#45】,新品目通道历史回补【#45】,5188,49.5188,,RC002
5217,硫酸镍,2024-11-04,2024-11,PT HALMAHERA PERSADA LYGEND,PT HALMAHERA PERSADA LYGEND,Obi(Harita),Obi Island,"Ningbo Lygend Wisdom Co., Ltd.",China,Zhapu,28332400,3960,,22.2,化学计量(NiSO4·6H2O 22.2%),879.12,11987276,3027,13636,NICKEL SULFATE,,中间品矩阵(75章+720150等),5218,3960,,NC162
5218,硫酸镍,2024-11-04,2024-11,PT HALMAHERA PERSADA LYGEND,PT HALMAHERA PERSADA LYGEND,Obi(Harita),Obi Island,"Ningbo Lygend Wisdom Co., Ltd.",China,Zhapu,28332400,3940,,22.2,化学计量(NiSO4·6H2O 22.2%),874.68,11926735,3027,13636,NICKEL SULFATE,,中间品矩阵(75章+720150等),5219,3940,,NC162
5219,精炼镍,2024-11-04,2024-11,PT CNGR DING XING NEW ENERGY,PT CNGR DING XING NEW ENERGY,IMIP(Morowali),Bahudopi,EDDINOX CO LTD,South Korea,Incheon,75021000,12.0398,,99,HS750210 Ni≥99% 产品标准(口径#44),11.92,191647.85,15918,16079,ELECTROLYTIC NICKEL,新品目通道历史回补【#45】,新品目通道历史回补【#45】,5220,12.0398,,RC012
5220,精炼镍,2024-11-04,2024-11,PT CNGR DING XING NEW ENERGY,PT CNGR DING XING NEW ENERGY,IMIP(Morowali),Bahudopi,UNI METAL CO LTD,South Korea,Busan (ex Pusan),75021000,40,,99,HS750210 Ni≥99% 产品标准(口径#44),39.6,641914.4,16048,16210,ELECTROLYTIC NICKEL,新品目通道历史回补【#45】,新品目通道历史回补【#45】,5221,40,,RC014
5221,精炼镍,2024-11-04,2024-11,PT CNGR DING XING NEW ENERGY,PT CNGR DING XING NEW ENERGY,IMIP(Morowali),Bahudopi,UNI METAL CO LTD,South Korea,Busan (ex Pusan),75021000,40,,99,HS750210 Ni≥99% 产品标准(口径#44),39.6,641914.4,16048,16210,ELECTROLYTIC NICKEL,新品目通道历史回补【#45】,新品目通道历史回补【#45】,5222,40,,RC014
5254,硫酸镍,2024-11-09,2024-11,PT HALMAHERA PERSADA LYGEND,PT HALMAHERA PERSADA LYGEND,Obi(Harita),Obi Island,"Ningbo Lygend Wisdom Co., Ltd.",China,Zhapu,28332400,1500,,22.2,化学计量(NiSO4·6H2O 22.2%),333,4518225,3012,13568,NICKEL SULFATE,同日同额拆单(tradeId不同，非重复),中间品矩阵(75章+720150等),5255,1500,,NC162
5255,硫酸镍,2024-11-09,2024-11,PT HALMAHERA PERSADA LYGEND,PT HALMAHERA PERSADA LYGEND,Obi(Harita),Obi Island,"Ningbo Lygend Wisdom Co., Ltd.",China,Zhapu,28332400,1500,,22.2,化学计量(NiSO4·6H2O 22.2%),333,4518225,3012,13568,NICKEL SULFATE,同日同额拆单(tradeId不同，非重复),中间品矩阵(75章+720150等),5256,1500,,NC162
5421,精炼镍,2024-11-25,2024-11,PT CNGR DING XING NEW ENERGY,PT CNGR DING XING NEW ENERGY,IMIP(Morowali),Bahudopi,C STEINWEG ASIA PTE LTD,Singapore,SINGAPORE,75021000,197.8456,,99,HS750210 Ni≥99% 产品标准(口径#44),195.87,3285141.11,16605,16772,ELECTROLYTIC NICKEL,新品目通道历史回补【#45】,新品目通道历史回补【#45】,5422,197.8456,,RC024
5422,精炼镍,2024-11-25,2024-11,PT CNGR DING XING NEW ENERGY,PT CNGR DING XING NEW ENERGY,IMIP(Morowali),Bahudopi,HENRY BATH SINGAPORE PTE LTD,Singapore,SINGAPORE,75021000,500.4353,,99,HS750210 Ni≥99% 产品标准(口径#44),495.43,8309512.97,16605,16772,ELECTROLYTIC NICKEL,新品目通道历史回补【#45】,新品目通道历史回补【#45】,5423,500.4353,,RC036
5423,精炼镍,2024-11-25,2024-11,PT CNGR DING XING NEW ENERGY,PT CNGR DING XING NEW ENERGY,IMIP(Morowali),Bahudopi,SUZUKI SANGYO KABUSHIKI GAISHA,Japan,Yokohama,75021000,25.4676,,99,HS750210 Ni≥99% 产品标准(口径#44),25.21,422878.55,16605,16772,ELECTROLYTIC NICKEL,新品目通道历史回补【#45】,新品目通道历史回补【#45】,5424,25.4676,,RC016
5424,精炼镍,2024-11-25,2024-11,PT CNGR DING XING NEW ENERGY,PT CNGR DING XING NEW ENERGY,IMIP(Morowali),Bahudopi,C STEINWEG ASIA PTE LTD,Singapore,SINGAPORE,75021000,102.0919,,99,HS750210 Ni≥99% 产品标准(口径#44),101.07,1695192.1,16605,16772,ELECTROLYTIC NICKEL,新品目通道历史回补【#45】,新品目通道历史回补【#45】,5425,102.0919,,RC024
5425,精炼镍,2024-11-25,2024-11,PT CNGR DING XING NEW ENERGY,PT CNGR DING XING NEW ENERGY,IMIP(Morowali),Bahudopi,ACCESS WORLD KAOHSIUNG LTD C O FORMOSA LOGISTICS CORP,"Taiwan, China",Kaohsiung,75021000,473.6372,,99,HS750210 Ni≥99% 产品标准(口径#44),468.9,7864542.04,16605,16772,ELECTROLYTIC NICKEL,新品目通道历史回补【#45】,新品目通道历史回补【#45】,5426,473.6372,,RC023
5470,硫酸镍,2024-11-27,2024-11,PT HALMAHERA PERSADA LYGEND,PT HALMAHERA PERSADA LYGEND,Obi(Harita),Obi Island,"Ningbo Lygend Wisdom Co., Ltd.",China,Zhapu,28332400,3920,,22.2,化学计量(NiSO4·6H2O 22.2%),870.24,11333778,2891,13024,NICKEL SULFATE,,中间品矩阵(75章+720150等),5471,3920,,NC162
5471,硫酸镍,2024-11-27,2024-11,PT HALMAHERA PERSADA LYGEND,PT HALMAHERA PERSADA LYGEND,Obi(Harita),Obi Island,"Ningbo Lygend Wisdom Co., Ltd.",China,Zhapu,28332400,3940,,22.2,化学计量(NiSO4·6H2O 22.2%),874.68,11391604,2891,13024,NICKEL SULFATE,,中间品矩阵(75章+720150等),5472,3940,,NC162
5511,精炼镍,2024-12-01,2024-12,PT CNGR DING XING NEW ENERGY,PT CNGR DING XING NEW ENERGY,IMIP(Morowali),Bahudopi,XIN DA STEVEDORING,Singapore,SINGAPORE,75021000,197.8742,,99,HS750210 Ni≥99% 产品标准(口径#44),195.9,3285616.01,16605,16772,ELECTROLYTIC NICKEL,新品目通道历史回补【#45】,新品目通道历史回补【#45】,5512,197.8742,,RC034
5512,精炼镍,2024-12-01,2024-12,PT CNGR DING XING NEW ENERGY,PT CNGR DING XING NEW ENERGY,IMIP(Morowali),Bahudopi,ETERNAL TSINGSHAN GROUP LIMITED,China,Xiamen,75021000,24.0686,,99,HS750210 Ni≥99% 产品标准(口径#44),23.83,383120.61,15918,16079,ELECTROLYTIC NICKEL,新品目通道历史回补【#45】,新品目通道历史回补【#45】,5513,24.0686,,RC002
5513,精炼镍,2024-12-01,2024-12,PT CNGR DING XING NEW ENERGY,PT CNGR DING XING NEW ENERGY,IMIP(Morowali),Bahudopi,HENRY BATH SINGAPORE PTE LTD,Singapore,SINGAPORE,75021000,299.8121,,99,HS750210 Ni≥99% 产品标准(口径#44),296.81,4978251,16605,16772,ELECTROLYTIC NICKEL,新品目通道历史回补【#45】,新品目通道历史回补【#45】,5514,299.8121,,RC036
5514,精炼镍,2024-12-01,2024-12,PT CNGR DING XING NEW ENERGY,PT CNGR DING XING NEW ENERGY,IMIP(Morowali),Bahudopi,TAE EU WAREHOUSING KOREA CO LTD,South Korea,Busan (ex Pusan),75021000,119.9853,,99,HS750210 Ni≥99% 产品标准(口径#44),118.79,1992304.31,16605,16772,ELECTROLYTIC NICKEL,新品目通道历史回补【#45】,新品目通道历史回补【#45】,5515,119.9853,,RC004
5515,精炼镍,2024-12-01,2024-12,PT CNGR DING XING NEW ENERGY,PT CNGR DING XING NEW ENERGY,IMIP(Morowali),Bahudopi,HANWA CO LTD,Japan,Yokohama,75021000,38.9973,,99,HS750210 Ni≥99% 产品标准(口径#44),38.61,647533.4,16605,16772,ELECTROLYTIC NICKEL,新品目通道历史回补【#45】,新品目通道历史回补【#45】,5516,38.9973,,MC045
5516,精炼镍,2024-12-01,2024-12,PT CNGR DING XING NEW ENERGY,PT CNGR DING XING NEW ENERGY,IMIP(Morowali),Bahudopi,ETERNAL TSINGSHAN GROUP LIMITED,China,Xiamen,75021000,100.451,,99,HS750210 Ni≥99% 产品标准(口径#44),99.45,1667945.66,16605,16772,ELECTROLYTIC NICKEL,新品目通道历史回补【#45】,新品目通道历史回补【#45】,5517,100.451,,RC002
5517,精炼镍,2024-12-01,2024-12,PT CNGR DING XING NEW ENERGY,PT CNGR DING XING NEW ENERGY,IMIP(Morowali),Bahudopi,ETERNAL TSINGSHAN GROUP LIMITED,China,Xiamen,75021000,100.3398,,99,HS750210 Ni≥99% 产品标准(口径#44),99.34,1666099.23,16605,16772,ELECTROLYTIC NICKEL,新品目通道历史回补【#45】,新品目通道历史回补【#45】,5518,100.3398,,RC002
5518,精炼镍,2024-12-01,2024-12,PT CNGR DING XING NEW ENERGY,PT CNGR DING XING NEW ENERGY,IMIP(Morowali),Bahudopi,HANWA CO LTD,Japan,Kobe,75021000,20.2082,,99,HS750210 Ni≥99% 产品标准(口径#44),20.01,312998.34,15489,15645,ELECTROLYTIC NICKEL,新品目通道历史回补【#45】,新品目通道历史回补【#45】,5519,20.2082,,MC045
5519,精炼镍,2024-12-01,2024-12,PT CNGR DING XING NEW ENERGY,PT CNGR DING XING NEW ENERGY,IMIP(Morowali),Bahudopi,ETERNAL TSINGSHAN GROUP LIMITED,China,Xiamen,75021000,150.1825,,99,HS750210 Ni≥99% 产品标准(口径#44),148.68,2493715.83,16605,16772,ELECTROLYTIC NICKEL,新品目通道历史回补【#45】,新品目通道历史回补【#45】,5520,150.1825,,RC002
5520,精炼镍,2024-12-01,2024-12,PT CNGR DING XING NEW ENERGY,PT CNGR DING XING NEW ENERGY,IMIP(Morowali),Bahudopi,HENRY BATH SINGAPORE PTE LTD,Singapore,SINGAPORE,75021000,503.9977,,99,HS750210 Ni≥99% 产品标准(口径#44),498.96,8368665.09,16605,16772,ELECTROLYTIC NICKEL,新品目通道历史回补【#45】,新品目通道历史回补【#45】,5521,503.9977,,RC036
5521,精炼镍,2024-12-01,2024-12,PT CNGR DING XING NEW ENERGY,PT CNGR DING XING NEW ENERGY,IMIP(Morowali),Bahudopi,C STEINWEG ASIA PTE LTD,Singapore,SINGAPORE,75021000,428.7481,,99,HS750210 Ni≥99% 产品标准(口径#44),424.46,7119177.84,16605,16772,ELECTROLYTIC NICKEL,新品目通道历史回补【#45】,新品目通道历史回补【#45】,5522,428.7481,,RC024
5544,硫酸镍,2024-12-04,2024-12,PT HALMAHERA PERSADA LYGEND,PT HALMAHERA PERSADA LYGEND,Obi(Harita),Obi Island,"Ningbo Lygend Wisdom Co., Ltd.",China,Zhapu,28332400,2200,,22.2,化学计量(NiSO4·6H2O 22.2%),488.4,6301922,2865,12903,NICKEL SULFATE,同日同额拆单(tradeId不同，非重复),中间品矩阵(75章+720150等),5545,2200,,NC162
5545,硫酸镍,2024-12-04,2024-12,PT HALMAHERA PERSADA LYGEND,PT HALMAHERA PERSADA LYGEND,Obi(Harita),Obi Island,"Ningbo Lygend Wisdom Co., Ltd.",China,Zhapu,28332400,2200,,22.2,化学计量(NiSO4·6H2O 22.2%),488.4,6301922,2865,12903,NICKEL SULFATE,同日同额拆单(tradeId不同，非重复),中间品矩阵(75章+720150等),5546,2200,,NC162
5550,精炼镍,2024-12-05,2024-12,PT CNGR DING XING NEW ENERGY,PT CNGR DING XING NEW ENERGY,IMIP(Morowali),Bahudopi,UNI METAL CO LTD,South Korea,Incheon,75021000,40,,99,HS750210 Ni≥99% 产品标准(口径#44),39.6,641914.4,16048,16210,ELECTROLYTIC NICKEL,新品目通道历史回补【#45】,新品目通道历史回补【#45】,5551,40,,RC014
5551,精炼镍,2024-12-05,2024-12,PT CNGR DING XING NEW ENERGY,PT CNGR DING XING NEW ENERGY,IMIP(Morowali),Bahudopi,KOREA NON FERROUS METALS CO,South Korea,Incheon,75021000,59.887,,99,HS750210 Ni≥99% 产品标准(口径#44),59.29,953272.88,15918,16079,ELECTROLYTIC NICKEL,新品目通道历史回补【#45】,新品目通道历史回补【#45】,5552,59.887,,RC009
5552,精炼镍,2024-12-05,2024-12,PT CNGR DING XING NEW ENERGY,PT CNGR DING XING NEW ENERGY,IMIP(Morowali),Bahudopi,HANSMET CO,South Korea,Incheon,75021000,20,,99,HS750210 Ni≥99% 产品标准(口径#44),19.8,332091.4,16605,16772,ELECTROLYTIC NICKEL,新品目通道历史回补【#45】,新品目通道历史回补【#45】,5553,20,,RC007
5616,精炼镍,2024-12-14,2024-12,PT CNGR DING XING NEW ENERGY,PT CNGR DING XING NEW ENERGY,IMIP(Morowali),Bahudopi,JINDAL STAINLESS LIMITED,India,Paradip Port,75021000,19.9991,,99,HS750210 Ni≥99% 产品标准(口径#44),19.8,309759.66,15489,15645,ELECTROLYTIC NICKEL,新品目通道历史回补【#45】,新品目通道历史回补【#45】,5617,19.9991,,NC127
5649,精炼镍,2024-12-17,2024-12,PT CNGR DING XING NEW ENERGY,PT CNGR DING XING NEW ENERGY,IMIP(Morowali),Bahudopi,PGS EAST ASIA PTE LTD,Singapore,SINGAPORE,75021000,497.455,,99,HS750210 Ni≥99% 产品标准(口径#44),492.48,7730570.09,15540,15697,ELECTROLYTIC NICKEL,新品目通道历史回补【#45】,新品目通道历史回补【#45】,5650,497.455,,RC033
5650,精炼镍,2024-12-17,2024-12,PT CNGR DING XING NEW ENERGY,PT CNGR DING XING NEW ENERGY,IMIP(Morowali),Bahudopi,"C. Steinweg Logistics (Shanghai Waigaoqiao Bonded Logistics Zone) Co., Ltd.",China,Shanghai,75021000,500.4455,,99,HS750210 Ni≥99% 产品标准(口径#44),495.44,8309682.34,16605,16772,ELECTROLYTIC NICKEL,新品目通道历史回补【#45】,新品目通道历史回补【#45】,5651,500.4455,,NC019
5651,精炼镍,2024-12-17,2024-12,PT CNGR DING XING NEW ENERGY,PT CNGR DING XING NEW ENERGY,IMIP(Morowali),Bahudopi,STEINWEG SHARAF INDIA PRIVATE LIMITED,India,Mundra,75021000,50.5976,,99,HS750210 Ni≥99% 产品标准(口径#44),50.09,840151.39,16605,16772,ELECTROLYTIC NICKEL,新品目通道历史回补【#45】,新品目通道历史回补【#45】,5652,50.5976,,NC228
5652,精炼镍,2024-12-17,2024-12,PT CNGR DING XING NEW ENERGY,PT CNGR DING XING NEW ENERGY,IMIP(Morowali),Bahudopi,WALSIN LIHWA CORPORATION,"Taiwan, China",Kaohsiung,75021000,40.1228,,99,HS750210 Ni≥99% 产品标准(口径#44),39.72,621449.21,15489,15645,ELECTROLYTIC NICKEL,新品目通道历史回补【#45】,新品目通道历史回补【#45】,5653,40.1228,,B035
5676,硫酸镍,2024-12-19,2024-12,PT HALMAHERA PERSADA LYGEND,PT HALMAHERA PERSADA LYGEND,Obi(Harita),Obi Island,"Ningbo Lygend Wisdom Co., Ltd.",China,Zhapu,28332400,3920,,22.2,化学计量(NiSO4·6H2O 22.2%),870.24,10891916,2779,12516,NICKEL SULFATE,,中间品矩阵(75章+720150等),5677,3920,,NC162
5677,硫酸镍,2024-12-19,2024-12,PT HALMAHERA PERSADA LYGEND,PT HALMAHERA PERSADA LYGEND,Obi(Harita),Obi Island,"Ningbo Lygend Wisdom Co., Ltd.",China,Zhapu,28332400,3900,,22.2,化学计量(NiSO4·6H2O 22.2%),865.8,10836345,2779,12516,NICKEL SULFATE,,中间品矩阵(75章+720150等),5678,3900,,NC162
5678,精炼镍,2024-12-19,2024-12,PT CNGR DING XING NEW ENERGY,PT CNGR DING XING NEW ENERGY,IMIP(Morowali),Bahudopi,ACCESS WORLD BUSAN LIMITED,South Korea,Busan (ex Pusan),75021000,59.0864,,99,HS750210 Ni≥99% 产品标准(口径#44),58.5,981104.26,16605,16772,ELECTROLYTIC NICKEL,新品目通道历史回补【#45】,新品目通道历史回补【#45】,5679,59.0864,,RC005
5679,精炼镍,2024-12-19,2024-12,PT CNGR DING XING NEW ENERGY,PT CNGR DING XING NEW ENERGY,IMIP(Morowali),Bahudopi,"C. Steinweg Logistics (Shanghai Waigaoqiao Bonded Logistics Zone) Co., Ltd.",China,Shanghai,75021000,503.8158,,99,HS750210 Ni≥99% 产品标准(口径#44),498.78,7894914.5,15670,15829,ELECTROLYTIC NICKEL,新品目通道历史回补【#45】,新品目通道历史回补【#45】,5680,503.8158,,NC019
5680,精炼镍,2024-12-19,2024-12,PT CNGR DING XING NEW ENERGY,PT CNGR DING XING NEW ENERGY,IMIP(Morowali),Bahudopi,KOREA NON FERROUS METALS CO,South Korea,Incheon,75021000,59.1656,,99,HS750210 Ni≥99% 产品标准(口径#44),58.57,982419.35,16605,16772,ELECTROLYTIC NICKEL,新品目通道历史回补【#45】,新品目通道历史回补【#45】,5681,59.1656,,RC009
5681,精炼镍,2024-12-19,2024-12,PT CNGR DING XING NEW ENERGY,PT CNGR DING XING NEW ENERGY,IMIP(Morowali),Bahudopi,TCC TRADING CORP,South Korea,Busan (ex Pusan),75021000,39.4587,,99,HS750210 Ni≥99% 产品标准(口径#44),39.06,655194.75,16605,16772,ELECTROLYTIC NICKEL,新品目通道历史回补【#45】,新品目通道历史回补【#45】,5682,39.4587,,RC021
5682,精炼镍,2024-12-19,2024-12,PT CNGR DING XING NEW ENERGY,PT CNGR DING XING NEW ENERGY,IMIP(Morowali),Bahudopi,HANWA CO LTD,Japan,Yokohama,75021000,20,,99,HS750210 Ni≥99% 产品标准(口径#44),19.8,334691.4,16735,16904,ELECTROLYTIC NICKEL,新品目通道历史回补【#45】,新品目通道历史回补【#45】,5683,20,,MC045
5683,精炼镍,2024-12-19,2024-12,PT CNGR DING XING NEW ENERGY,PT CNGR DING XING NEW ENERGY,IMIP(Morowali),Bahudopi,VDM METALS INTERNATIONAL GMBH,Germany,Hamburg,75021000,23.939,,99,HS750210 Ni≥99% 产品标准(口径#44),23.7,372017.81,15540,15697,ELECTROLYTIC NICKEL,新品目通道历史回补【#45】,新品目通道历史回补【#45】,5684,23.939,,RC037
5789,精炼镍,2024-12-29,2024-12,PT CNGR DING XING NEW ENERGY,PT CNGR DING XING NEW ENERGY,IMIP(Morowali),Bahudopi,HANWA CO LTD,Japan,Yokohama,75021000,19.7598,,99,HS750210 Ni≥99% 产品标准(口径#44),19.56,328102.98,16605,16772,ELECTROLYTIC NICKEL,新品目通道历史回补【#45】,新品目通道历史回补【#45】,5790,19.7598,,MC045
5790,精炼镍,2024-12-29,2024-12,PT CNGR DING XING NEW ENERGY,PT CNGR DING XING NEW ENERGY,IMIP(Morowali),Bahudopi,HANWA CO LTD,Japan,Yokohama,75021000,20,,99,HS750210 Ni≥99% 产品标准(口径#44),19.8,334691.4,16735,16904,ELECTROLYTIC NICKEL,新品目通道历史回补【#45】,新品目通道历史回补【#45】,5791,20,,MC045
5791,精炼镍,2024-12-29,2024-12,PT CNGR DING XING NEW ENERGY,PT CNGR DING XING NEW ENERGY,IMIP(Morowali),Bahudopi,CNGR HONG KONG MATERIAL SCIENCE AND TECHNOLOGY CO LIMITED,South Korea,Busan (ex Pusan),75021000,95.7848,,99,HS750210 Ni≥99% 产品标准(口径#44),94.83,1590465.42,16605,16772,ELECTROLYTIC NICKEL,新品目通道历史回补【#45】,新品目通道历史回补【#45】,5792,95.7848,,B008
5792,精炼镍,2024-12-29,2024-12,PT CNGR DING XING NEW ENERGY,PT CNGR DING XING NEW ENERGY,IMIP(Morowali),Bahudopi,HANWA CO LTD,Japan,Yokohama,75021000,80,,99,HS750210 Ni≥99% 产品标准(口径#44),79.2,1338765.6,16735,16904,ELECTROLYTIC NICKEL,新品目通道历史回补【#45】,新品目通道历史回补【#45】,5793,80,,MC045
5793,精炼镍,2024-12-29,2024-12,PT CNGR DING XING NEW ENERGY,PT CNGR DING XING NEW ENERGY,IMIP(Morowali),Bahudopi,ACCESS WORLD KAOHSIUNG LTD C O FORMOSA LOGISTICS CORP,"Taiwan, China",Kaohsiung,75021000,450.9629,,99,HS750210 Ni≥99% 产品标准(口径#44),446.45,7008071.7,15540,15697,ELECTROLYTIC NICKEL,新品目通道历史回补【#45】,新品目通道历史回补【#45】,5794,450.9629,,RC023
5794,精炼镍,2024-12-29,2024-12,PT CNGR DING XING NEW ENERGY,PT CNGR DING XING NEW ENERGY,IMIP(Morowali),Bahudopi,CNGR HONG KONG MATERIAL SCIENCE AND TECHNOLOGY CO LIMITED,Singapore,SINGAPORE,75021000,406.6963,,99,HS750210 Ni≥99% 产品标准(口径#44),402.63,6320158.11,15540,15697,ELECTROLYTIC NICKEL,新品目通道历史回补【#45】,新品目通道历史回补【#45】,5795,406.6963,,B008
5795,精炼镍,2024-12-29,2024-12,PT CNGR DING XING NEW ENERGY,PT CNGR DING XING NEW ENERGY,IMIP(Morowali),Bahudopi,C STEINWEG,United States,Baltimore,75021000,197.8475,,99,HS750210 Ni≥99% 产品标准(口径#44),195.87,3064396.62,15489,15645,ELECTROLYTIC NICKEL,新品目通道历史回补【#45】,新品目通道历史回补【#45】,5796,197.8475,,RC038
5836,硫酸镍,2025-01-01,2025-01,PT HALMAHERA PERSADA LYGEND,PT HALMAHERA PERSADA LYGEND,Obi(Harita),Obi Island,"Ningbo Lygend Wisdom Co., Ltd.",China,Zhapu,28332400,2500,,22.2,化学计量(NiSO4·6H2O 22.2%),555,6922325,2769,12473,NICKEL SULFATE,同日同额拆单(tradeId不同，非重复),中间品矩阵(75章+720150等),5837,2500,,NC162
5837,硫酸镍,2025-01-01,2025-01,PT HALMAHERA PERSADA LYGEND,PT HALMAHERA PERSADA LYGEND,Obi(Harita),Obi Island,"Ningbo Lygend Wisdom Co., Ltd.",China,Zhapu,28332400,2500,,22.2,化学计量(NiSO4·6H2O 22.2%),555,6922325,2769,12473,NICKEL SULFATE,同日同额拆单(tradeId不同，非重复),中间品矩阵(75章+720150等),5838,2500,,NC162
5838,精炼镍,2025-01-01,2025-01,PT CNGR DING XING NEW ENERGY,PT CNGR DING XING NEW ENERGY,IMIP(Morowali),Bahudopi,C STEINWEG LOGISTICS TAIWAN CO LTD,"Taiwan, China",Kaohsiung,75021000,479.7453,,99,HS750210 Ni≥99% 产品标准(口径#44),474.95,7455357.1,15540,15697,ELECTROLYTIC NICKEL,新品目通道历史回补【#45】,新品目通道历史回补【#45】,5839,479.7453,,RC032
5859,精炼镍,2025-01-04,2025-01,PT CNGR DING XING NEW ENERGY,PT CNGR DING XING NEW ENERGY,IMIP(Morowali),Bahudopi,C STEINWEG ASIA PTE LTD,Singapore,SINGAPORE,75021000,102.166,,99,HS750210 Ni≥99% 产品标准(口径#44),101.14,1696422.5,16605,16772,ELECTROLYTIC NICKEL,新品目通道历史回补【#45】,新品目通道历史回补【#45】,5860,102.166,,RC024
5901,精炼镍,2025-01-09,2025-01,PT CNGR DING XING NEW ENERGY,PT CNGR DING XING NEW ENERGY,IMIP(Morowali),Bahudopi,ETERNAL TSINGSHAN GROUP LIMITED,China,XIAMEN,75021000,50.3178,,99,HS750210 Ni≥99% 产品标准(口径#44),49.81,835505.43,16605,16772,ELECTROLYTIC NICKEL,新品目通道历史回补【#45】,新品目通道历史回补【#45】,5902,50.3178,,RC002
5902,精炼镍,2025-01-09,2025-01,PT CNGR DING XING NEW ENERGY,PT CNGR DING XING NEW ENERGY,IMIP(Morowali),Bahudopi,ETERNAL TSINGSHAN GROUP LIMITED,China,XIAMEN,75021000,49.4388,,99,HS750210 Ni≥99% 产品标准(口径#44),48.94,820910.02,16605,16772,ELECTROLYTIC NICKEL,新品目通道历史回补【#45】,新品目通道历史回补【#45】,5903,49.4388,,RC002
5903,精炼镍,2025-01-09,2025-01,PT CNGR DING XING NEW ENERGY,PT CNGR DING XING NEW ENERGY,IMIP(Morowali),Bahudopi,ETERNAL TSINGSHAN GROUP LIMITED,China,XIAMEN,75021000,99.8121,,99,HS750210 Ni≥99% 产品标准(口径#44),98.81,1657337,16605,16772,ELECTROLYTIC NICKEL,新品目通道历史回补【#45】,新品目通道历史回补【#45】,5904,99.8121,,RC002
5915,精炼镍,2025-01-10,2025-01,PT CNGR DING XING NEW ENERGY,PT CNGR DING XING NEW ENERGY,IMIP(Morowali),Bahudopi,UNI METAL CO LTD,South Korea,Busan (ex Pusan),75021000,40,,99,HS750210 Ni≥99% 产品标准(口径#44),39.6,669382.8,16735,16904,ELECTROLYTIC NICKEL,新品目通道历史回补【#45】,新品目通道历史回补【#45】,5916,40,,RC014
5916,精炼镍,2025-01-10,2025-01,PT ETERNAL NICKEL INDUSTRY,PT ETERNAL NICKEL INDUSTRY,爪哇(GJI),Tanjung Priok,KOTHARI METALS LTD,India,Chennai (Ex Madras),75021000,59.9677,99.994,99,HS750210 Ni≥99% 产品标准(口径#44),59.37,897746.45,14970,15122,NICKEL CATHODES NI: 99.994%,新品目通道历史回补【#45】,新品目通道历史回补【#45】,5917,59.9677,,NC132
5917,精炼镍,2025-01-10,2025-01,PT ETERNAL NICKEL INDUSTRY,PT ETERNAL NICKEL INDUSTRY,爪哇(GJI),Tanjung Priok,KOTHARI METALS LTD,India,Mundra,75021000,49.7378,99.996,99,HS750210 Ni≥99% 产品标准(口径#44),49.24,744599.73,14970,15122,NICKEL CATHODES NI: 99.996%,新品目通道历史回补【#45】,新品目通道历史回补【#45】,5918,49.7378,,NC132
5918,精炼镍,2025-01-10,2025-01,PT ETERNAL NICKEL INDUSTRY,PT ETERNAL NICKEL INDUSTRY,爪哇(GJI),Tanjung Priok,KOTHARI METALS LTD,India,Jawaharlal Nehru (Nhava S,75021000,25.4108,99.995,99,HS750210 Ni≥99% 产品标准(口径#44),25.16,380412.38,14970,15122,NICKEL CATHODES NI: 99.995%,新品目通道历史回补【#45】,新品目通道历史回补【#45】,5919,25.4108,,NC132
5938,硫酸镍,2025-01-12,2025-01,PT HALMAHERA PERSADA LYGEND,PT HALMAHERA PERSADA LYGEND,Obi(Harita),Obi Island,"Ningbo Lygend Wisdom Co., Ltd.",China,Zhapu,28332400,3920,,22.2,化学计量(NiSO4·6H2O 22.2%),870.24,10872826,2774,12494,NICKEL SULFATE,,中间品矩阵(75章+720150等),5939,3920,,NC162
5939,硫酸镍,2025-01-12,2025-01,PT HALMAHERA PERSADA LYGEND,PT HALMAHERA PERSADA LYGEND,Obi(Harita),Obi Island,"Ningbo Lygend Wisdom Co., Ltd.",China,Zhapu,28332400,3900,,22.2,化学计量(NiSO4·6H2O 22.2%),865.8,10817352,2774,12494,NICKEL SULFATE,,中间品矩阵(75章+720150等),5940,3900,,NC162
5945,精炼镍,2025-01-13,2025-01,PT CNGR DING XING NEW ENERGY,PT CNGR DING XING NEW ENERGY,IMIP(Morowali),Bahudopi,HANWA CO LTD,Japan,Yokohama,75021000,19.7471,,99,HS750210 Ni≥99% 产品标准(口径#44),19.55,301548.09,15270,15425,ELECTROLYTIC NICKEL,新品目通道历史回补【#45】,新品目通道历史回补【#45】,5946,19.7471,,MC045
5946,精炼镍,2025-01-13,2025-01,PT CNGR DING XING NEW ENERGY,PT CNGR DING XING NEW ENERGY,IMIP(Morowali),Bahudopi,C STEINWEG ASIA PTE LTD,Singapore,SINGAPORE,75021000,102.2642,,99,HS750210 Ni≥99% 产品标准(口径#44),101.24,1589210.21,15540,15697,ELECTROLYTIC NICKEL,新品目通道历史回补【#45】,新品目通道历史回补【#45】,5947,102.2642,,RC024
5947,精炼镍,2025-01-13,2025-01,PT CNGR DING XING NEW ENERGY,PT CNGR DING XING NEW ENERGY,IMIP(Morowali),Bahudopi,"China Ordins Group Co., Ltd.",China,Huangpu,75021000,497.8325,,99,HS750210 Ni≥99% 产品标准(口径#44),492.85,7736436.53,15540,15697,ELECTROLYTIC NICKEL,新品目通道历史回补【#45】,新品目通道历史回补【#45】,5948,497.8325,,RC039
5948,精炼镍,2025-01-13,2025-01,PT CNGR DING XING NEW ENERGY,PT CNGR DING XING NEW ENERGY,IMIP(Morowali),Bahudopi,HANWA CO LTD,Japan,Yokohama,75021000,80,,99,HS750210 Ni≥99% 产品标准(口径#44),79.2,1253619.2,15670,15829,ELECTROLYTIC NICKEL,新品目通道历史回补【#45】,新品目通道历史回补【#45】,5949,80,,MC045
5949,精炼镍,2025-01-13,2025-01,PT CNGR DING XING NEW ENERGY,PT CNGR DING XING NEW ENERGY,IMIP(Morowali),Bahudopi,HANWA CO LTD,Japan,Yokohama,75021000,20,,99,HS750210 Ni≥99% 产品标准(口径#44),19.8,308010,15401,15556,ELECTROLYTIC NICKEL,新品目通道历史回补【#45】,新品目通道历史回补【#45】,5950,20,,MC045
5950,精炼镍,2025-01-13,2025-01,PT ETERNAL NICKEL INDUSTRY,PT ETERNAL NICKEL INDUSTRY,爪哇(GJI),Tanjung Priok,KOTHARI METALS LTD,India,Calcutta,75021000,40.3294,99.991,99,HS750210 Ni≥99% 产品标准(口径#44),39.93,603751.28,14970,15122,NICKEL CATHODES NI: 99.991%,新品目通道历史回补【#45】,新品目通道历史回补【#45】,5951,40.3294,,NC132
5951,精炼镍,2025-01-13,2025-01,PT CNGR DING XING NEW ENERGY,PT CNGR DING XING NEW ENERGY,IMIP(Morowali),Bahudopi,HONGKONG KINCO INTERNATIONALDEVELOPMENT CO LIMITED,China,Huangpu,75021000,300.5505,,99,HS750210 Ni≥99% 产品标准(口径#44),297.54,4619611.46,15370,15526,ELECTROLYTIC NICKEL,新品目通道历史回补【#45】,新品目通道历史回补【#45】,5952,300.5505,,RC040
5964,精炼镍,2025-01-15,2025-01,PT CNGR DING XING NEW ENERGY,PT CNGR DING XING NEW ENERGY,IMIP(Morowali),Bahudopi,XIN DA STEVEDORING,Singapore,SINGAPORE,75021000,198.2721,,99,HS750210 Ni≥99% 产品标准(口径#44),196.29,3292222.96,16605,16772,ELECTROLYTIC NICKEL,新品目通道历史回补【#45】,新品目通道历史回补【#45】,5965,198.2721,,RC034
5965,精炼镍,2025-01-15,2025-01,PT CNGR DING XING NEW ENERGY,PT CNGR DING XING NEW ENERGY,IMIP(Morowali),Bahudopi,C STEINWEG ASIA PTE LTD,Singapore,SINGAPORE,75021000,300.0599,,99,HS750210 Ni≥99% 产品标准(口径#44),297.06,4612070.69,15370,15526,ELECTROLYTIC NICKEL,新品目通道历史回补【#45】,新品目通道历史回补【#45】,5966,300.0599,,RC024
5966,精炼镍,2025-01-15,2025-01,PT CNGR DING XING NEW ENERGY,PT CNGR DING XING NEW ENERGY,IMIP(Morowali),Bahudopi,Pgs(China) Ltd.,China,Shanghai,75021000,499.1055,,99,HS750210 Ni≥99% 产品标准(口径#44),494.11,7621590.54,15271,15425,ELECTROLYTIC NICKEL,新品目通道历史回补【#45】,新品目通道历史回补【#45】,5967,499.1055,,MC086
5967,精炼镍,2025-01-15,2025-01,PT CNGR DING XING NEW ENERGY,PT CNGR DING XING NEW ENERGY,IMIP(Morowali),Bahudopi,KOREA NON FERROUS METALS CO,South Korea,Incheon,75021000,59.154,,99,HS750210 Ni≥99% 产品标准(口径#44),58.56,903311.16,15271,15425,ELECTROLYTIC NICKEL,新品目通道历史回补【#45】,新品目通道历史回补【#45】,5968,59.154,,RC009
5968,精炼镍,2025-01-15,2025-01,PT ETERNAL NICKEL INDUSTRY,PT ETERNAL NICKEL INDUSTRY,爪哇(GJI),Tanjung Priok,HANSMET CO,South Korea,Incheon,75021000,19.3881,99.99,99,HS750210 Ni≥99% 产品标准(口径#44),19.19,287341.34,14821,14970,NICKEL CATHODES NI: 99.990%,新品目通道历史回补【#45】,新品目通道历史回补【#45】,5969,19.3881,,RC007
5992,精炼镍,2025-01-17,2025-01,PT ETERNAL NICKEL INDUSTRY,PT ETERNAL NICKEL INDUSTRY,爪哇(GJI),Tanjung Priok,GAVRILL METAL PRIVATE LIMITED,India,Jawaharlal Nehru (Nhava S,75021000,24.1668,99.99,99,HS750210 Ni≥99% 产品标准(口径#44),23.93,361789.08,14971,15122,NICKEL CATHODES NI: 99.990%,新品目通道历史回补【#45】,新品目通道历史回补【#45】,5993,24.1668,,RC041
6022,精炼镍,2025-01-20,2025-01,PT ETERNAL NICKEL INDUSTRY,PT ETERNAL NICKEL INDUSTRY,爪哇(GJI),Tanjung Priok,TAE EU WAREHOUSING KOREA CO LTD,South Korea,Busan (ex Pusan),75021000,329.0525,99.99,99,HS750210 Ni≥99% 产品标准(口径#44),325.76,4926080.45,14970,15122,NICKEL CATHODES NI: 99.990%,新品目通道历史回补【#45】,新品目通道历史回补【#45】,6023,329.0525,,RC004
6039,精炼镍,2025-01-21,2025-01,PT ETERNAL NICKEL INDUSTRY,PT ETERNAL NICKEL INDUSTRY,爪哇(GJI),Tanjung Priok,M M CERAMICS AND FERRO ALLOYS,India,Jawaharlal Nehru (Nhava S,75021000,24.1519,99.99,99,HS750210 Ni≥99% 产品标准(口径#44),23.91,361566.02,14971,15122,NICKEL CATHODES NI: 99.990%,新品目通道历史回补【#45】,新品目通道历史回补【#45】,6040,24.1519,,RC042
6040,精炼镍,2025-01-21,2025-01,PT ETERNAL NICKEL INDUSTRY,PT ETERNAL NICKEL INDUSTRY,爪哇(GJI),Tanjung Priok,INDIA TRADE LINK PRIVATE LIMITED,India,Jawaharlal Nehru (Nhava S,75021000,24.1564,99.989,99,HS750210 Ni≥99% 产品标准(口径#44),23.91,361633.39,14971,15122,NICKEL CATHODES NI: 99.989%,新品目通道历史回补【#45】,新品目通道历史回补【#45】,6041,24.1564,,RC043
6075,精炼镍,2025-01-24,2025-01,PT ETERNAL NICKEL INDUSTRY,PT ETERNAL NICKEL INDUSTRY,爪哇(GJI),Tanjung Priok,ACCESS WORLD KAOHSIUNG LTD,"Taiwan, China",Kaohsiung,75021000,397.7927,99.99,99,HS750210 Ni≥99% 产品标准(口径#44),393.81,5991684.92,15062,15214,NICKEL CATHODES NI: 99.990%,新品目通道历史回补【#45】,新品目通道历史回补【#45】,6076,397.7927,,RC017
6106,精炼镍,2025-01-28,2025-01,PT CNGR DING XING NEW ENERGY,PT CNGR DING XING NEW ENERGY,IMIP(Morowali),Bahudopi,STEINWEG SHARAF INDIA PRIVATE LIMITED,India,Mundra,75021000,250.4251,,99,HS750210 Ni≥99% 产品标准(口径#44),247.92,3824116.49,15271,15425,ELECTROLYTIC NICKEL,新品目通道历史回补【#45】,新品目通道历史回补【#45】,6107,250.4251,,NC228
6107,精炼镍,2025-01-28,2025-01,PT CNGR DING XING NEW ENERGY,PT CNGR DING XING NEW ENERGY,IMIP(Morowali),Bahudopi,HONGKONG KINCO INTERNATIONALDEVELOPMENT CO LIMITED,China,Huangpu,75021000,299.8892,,99,HS750210 Ni≥99% 产品标准(口径#44),296.89,4609446.95,15371,15526,ELECTROLYTIC NICKEL,新品目通道历史回补【#45】,新品目通道历史回补【#45】,6108,299.8892,,RC040
6108,精炼镍,2025-01-28,2025-01,PT CNGR DING XING NEW ENERGY,PT CNGR DING XING NEW ENERGY,IMIP(Morowali),Bahudopi,ACCESS WORLD KAOHSIUNG LTD C O FORMOSA LOGISTICS CORP,"Taiwan, China",Kaohsiung,75021000,250.5701,,99,HS750210 Ni≥99% 产品标准(口径#44),248.06,3826330.71,15270,15425,ELECTROLYTIC NICKEL,新品目通道历史回补【#45】,新品目通道历史回补【#45】,6109,250.5701,,RC023
6121,硫酸镍,2025-01-29,2025-01,PT HALMAHERA PERSADA LYGEND,PT HALMAHERA PERSADA LYGEND,Obi(Harita),Obi Island,"Ningbo Lygend Wisdom Co., Ltd.",China,Zhangjiagang,28332400,1000,,22.2,化学计量(NiSO4·6H2O 22.2%),222,2766460,2766,12462,NICKEL SULFATE,同日同额拆单(tradeId不同，非重复),中间品矩阵(75章+720150等),6122,1000,,NC162
6122,硫酸镍,2025-01-29,2025-01,PT HALMAHERA PERSADA LYGEND,PT HALMAHERA PERSADA LYGEND,Obi(Harita),Obi Island,"Ningbo Lygend Wisdom Co., Ltd.",China,Zhangjiagang,28332400,1000,,22.2,化学计量(NiSO4·6H2O 22.2%),222,2766460,2766,12462,NICKEL SULFATE,同日同额拆单(tradeId不同，非重复),中间品矩阵(75章+720150等),6123,1000,,NC162
6135,精炼镍,2025-01-30,2025-01,PT CNGR DING XING NEW ENERGY,PT CNGR DING XING NEW ENERGY,IMIP(Morowali),Bahudopi,"China Ordins Group Co., Ltd.",China,Shekou,75021000,149.9498,,99,HS750210 Ni≥99% 产品标准(口径#44),148.45,2304803.4,15370,15526,ELECTROLYTIC NICKEL,新品目通道历史回补【#45】,新品目通道历史回补【#45】,6136,149.9498,,RC039
6166,精炼镍,2025-02-04,2025-02,PT CNGR DING XING NEW ENERGY,PT CNGR DING XING NEW ENERGY,IMIP(Morowali),Bahudopi,"China Ordins Group Co., Ltd.",China,Huangpu,75021000,497.7961,,99,HS750210 Ni≥99% 产品标准(口径#44),492.82,7651374.96,15371,15526,ELECTROLYTIC NICKEL,新品目通道历史回补【#45】,新品目通道历史回补【#45】,6167,497.7961,,RC039
6167,精炼镍,2025-02-04,2025-02,PT CNGR DING XING NEW ENERGY,PT CNGR DING XING NEW ENERGY,IMIP(Morowali),Bahudopi,C STEINWEG ASIA PTE LTD,Singapore,SINGAPORE,75021000,101.9175,,99,HS750210 Ni≥99% 产品标准(口径#44),100.9,1566522.93,15370,15526,ELECTROLYTIC NICKEL,新品目通道历史回补【#45】,新品目通道历史回补【#45】,6168,101.9175,,RC024
6181,硫酸镍,2025-02-06,2025-02,PT HALMAHERA PERSADA LYGEND,PT HALMAHERA PERSADA LYGEND,Obi(Harita),Obi Island,"Ningbo Lygend Wisdom Co., Ltd.",China,Zhapu,28332400,4000,,22.2,化学计量(NiSO4·6H2O 22.2%),888,11063960,2766,12459,NICKEL SULFATE,同日同额拆单(tradeId不同，非重复),中间品矩阵(75章+720150等),6182,4000,,NC162
6182,硫酸镍,2025-02-06,2025-02,PT HALMAHERA PERSADA LYGEND,PT HALMAHERA PERSADA LYGEND,Obi(Harita),Obi Island,"Ningbo Lygend Wisdom Co., Ltd.",China,Zhapu,28332400,4000,,22.2,化学计量(NiSO4·6H2O 22.2%),888,11063960,2766,12459,NICKEL SULFATE,同日同额拆单(tradeId不同，非重复),中间品矩阵(75章+720150等),6183,4000,,NC162
6215,硫酸镍,2025-02-10,2025-02,PT HALMAHERA PERSADA LYGEND,PT HALMAHERA PERSADA LYGEND,Obi(Harita),Obi Island,"Ningbo Lygend Wisdom Co., Ltd.",China,Zhapu,28332400,1880,,22.2,化学计量(NiSO4·6H2O 22.2%),417.36,5233018,2784,12538,NICKEL SULFATE,同日同额拆单(tradeId不同，非重复),中间品矩阵(75章+720150等),6216,1880,,NC162
6216,硫酸镍,2025-02-10,2025-02,PT HALMAHERA PERSADA LYGEND,PT HALMAHERA PERSADA LYGEND,Obi(Harita),Obi Island,"Ningbo Lygend Wisdom Co., Ltd.",China,Zhapu,28332400,1880,,22.2,化学计量(NiSO4·6H2O 22.2%),417.36,5233018,2784,12538,NICKEL SULFATE,同日同额拆单(tradeId不同，非重复),中间品矩阵(75章+720150等),6217,1880,,NC162
6217,精炼镍,2025-02-10,2025-02,PT ETERNAL NICKEL INDUSTRY,PT ETERNAL NICKEL INDUSTRY,IWIP(Weda Bay),Weda,TAE EU WAREHOUSING KOREA CO LTD,South Korea,Busan (ex Pusan),75021000,409.9044,99.99,99,HS750210 Ni≥99% 产品标准(口径#44),405.81,6136473.82,14970,15122,NICKEL CATHODES NI: 99.990%,新品目通道历史回补【#45】,新品目通道历史回补【#45】,6218,409.9044,,RC004
6218,精炼镍,2025-02-10,2025-02,PT ETERNAL NICKEL INDUSTRY,PT ETERNAL NICKEL INDUSTRY,IWIP(Weda Bay),Weda,ACCESS WORLD KAOHSIUNG LTD,"Taiwan, China",Kaohsiung,75021000,97.5294,99.99,99,HS750210 Ni≥99% 产品标准(口径#44),96.55,1417102.18,14530,14677,NICKEL CATHODES NI: 99.990%,新品目通道历史回补【#45】,新品目通道历史回补【#45】,6219,97.5294,,RC017
6219,精炼镍,2025-02-10,2025-02,PT ETERNAL NICKEL INDUSTRY,PT ETERNAL NICKEL INDUSTRY,IWIP(Weda Bay),Weda,HANSMET CO,Japan,Yokohama,75021000,19.6078,99.99,99,HS750210 Ni≥99% 产品标准(口径#44),19.41,293538.57,14971,15122,NICKEL CATHODES NI: 99.990%,新品目通道历史回补【#45】,新品目通道历史回补【#45】,6220,19.6078,,RC007
6220,精炼镍,2025-02-10,2025-02,PT ETERNAL NICKEL INDUSTRY,PT ETERNAL NICKEL INDUSTRY,IWIP(Weda Bay),Weda,TAE EU WAREHOUSING KOREA CO LTD,South Korea,Busan (ex Pusan),75021000,73.4016,99.99,99,HS750210 Ni≥99% 产品标准(口径#44),72.67,1098858.65,14970,15122,NICKEL CATHODES NI: 99.990%,新品目通道历史回补【#45】,新品目通道历史回补【#45】,6221,73.4016,,RC004
6230,精炼镍,2025-02-11,2025-02,PT CNGR DING XING NEW ENERGY,PT CNGR DING XING NEW ENERGY,IMIP(Morowali),Bahudopi,HONG KONG RUI PU CO LIMITED,China,XIAMEN,75021000,100.543,,99,HS750210 Ni≥99% 产品标准(口径#44),99.54,1545396.18,15370,15526,ELECTROLYTIC NICKEL,新品目通道历史回补【#45】,新品目通道历史回补【#45】,6231,100.543,,B038
6231,精炼镍,2025-02-11,2025-02,PT CNGR DING XING NEW ENERGY,PT CNGR DING XING NEW ENERGY,IMIP(Morowali),Bahudopi,HONG KONG RUI PU CO LIMITED,China,XIAMEN,75021000,149.9635,,99,HS750210 Ni≥99% 产品标准(口径#44),148.46,2305013.98,15371,15526,ELECTROLYTIC NICKEL,新品目通道历史回补【#45】,新品目通道历史回补【#45】,6232,149.9635,,B038
6232,精炼镍,2025-02-11,2025-02,PT CNGR DING XING NEW ENERGY,PT CNGR DING XING NEW ENERGY,IMIP(Morowali),Bahudopi,HONG KONG RUI PU CO LIMITED,China,XIAMEN,75021000,299.9076,,99,HS750210 Ni≥99% 产品标准(口径#44),296.91,4609729.77,15371,15526,ELECTROLYTIC NICKEL,新品目通道历史回补【#45】,新品目通道历史回补【#45】,6233,299.9076,,B038
6288,精炼镍,2025-02-17,2025-02,PT CNGR DING XING NEW ENERGY,PT CNGR DING XING NEW ENERGY,IMIP(Morowali),Bahudopi,HANSMET CO,South Korea,Incheon,75021000,19.9412,,99,HS750210 Ni≥99% 产品标准(口径#44),19.74,323936.22,16245,16409,ELECTROLYTIC NICKEL,新品目通道历史回补【#45】,新品目通道历史回补【#45】,6289,19.9412,,RC007
6289,精炼镍,2025-02-17,2025-02,PT CNGR DING XING NEW ENERGY,PT CNGR DING XING NEW ENERGY,IMIP(Morowali),Bahudopi,PGS EAST ASIA PTE LTD,Singapore,SINGAPORE,75021000,299.8965,,99,HS750210 Ni≥99% 产品标准(口径#44),296.9,4533436.42,15117,15269,ELECTROLYTIC NICKEL,新品目通道历史回补【#45】,新品目通道历史回补【#45】,6290,299.8965,,RC033
6290,精炼镍,2025-02-17,2025-02,PT CNGR DING XING NEW ENERGY,PT CNGR DING XING NEW ENERGY,IMIP(Morowali),Bahudopi,Pgs(China) Ltd.,China,Shanghai,75021000,501.6428,,99,HS750210 Ni≥99% 产品标准(口径#44),496.63,7584001.39,15118,15271,ELECTROLYTIC NICKEL,新品目通道历史回补【#45】,新品目通道历史回补【#45】,6291,501.6428,,MC086
6333,精炼镍,2025-02-21,2025-02,PT ETERNAL NICKEL INDUSTRY,PT ETERNAL NICKEL INDUSTRY,IWIP(Weda Bay),Weda,TAE EU WAREHOUSING KOREA CO LTD,South Korea,Busan (ex Pusan),75021000,12.1032,99.99,99,HS750210 Ni≥99% 产品标准(口径#44),11.98,179375.48,14821,14970,NICKEL CATHODES NI: 99.990%,新品目通道历史回补【#45】,新品目通道历史回补【#45】,6334,12.1032,,RC004
6334,精炼镍,2025-02-21,2025-02,PT ETERNAL NICKEL INDUSTRY,PT ETERNAL NICKEL INDUSTRY,IWIP(Weda Bay),Weda,TAE EU WAREHOUSING KOREA CO LTD,South Korea,Busan (ex Pusan),75021000,88.5261,99.989,99,HS750210 Ni≥99% 产品标准(口径#44),87.64,1325279.98,14970,15122,NICKEL CATHODES NI: 99.989%,新品目通道历史回补【#45】,新品目通道历史回补【#45】,6335,88.5261,,RC004
6335,精炼镍,2025-02-21,2025-02,PT ETERNAL NICKEL INDUSTRY,PT ETERNAL NICKEL INDUSTRY,IWIP(Weda Bay),Weda,TAE EU WAREHOUSING KOREA CO LTD,South Korea,Busan (ex Pusan),75021000,263.4752,99.99,99,HS750210 Ni≥99% 产品标准(口径#44),260.84,3920152.65,14879,15029,NICKEL CATHODES NI: 99.990%,新品目通道历史回补【#45】,新品目通道历史回补【#45】,6336,263.4752,,RC004
6336,精炼镍,2025-02-21,2025-02,PT ETERNAL NICKEL INDUSTRY,PT ETERNAL NICKEL INDUSTRY,IWIP(Weda Bay),Weda,H AND M METAL WAREHOUSING KOREA CO LTD,South Korea,Busan (ex Pusan),75021000,98.0097,99.9,99,HS750210 Ni≥99% 产品标准(口径#44),97.03,1443780.89,14731,14880,NICKEL CATHODES NI: 99.900%,新品目通道历史回补【#45】,新品目通道历史回补【#45】,6337,98.0097,,RC011
6337,精炼镍,2025-02-21,2025-02,PT CNGR DING XING NEW ENERGY,PT CNGR DING XING NEW ENERGY,IMIP(Morowali),Bahudopi,"Shanghai Guochu Logistics Co., Ltd.",China,Zhangjiagang,75021000,102.0363,,99,HS750210 Ni≥99% 产品标准(口径#44),101.02,1568348.95,15371,15526,ELECTROLYTIC NICKEL,新品目通道历史回补【#45】,新品目通道历史回补【#45】,6338,102.0363,,RC044
6338,精炼镍,2025-02-21,2025-02,PT ETERNAL NICKEL INDUSTRY,PT ETERNAL NICKEL INDUSTRY,IWIP(Weda Bay),Weda,HANSMET CO,South Korea,Incheon,75021000,19.6046,99.99,99,HS750210 Ni≥99% 产品标准(口径#44),19.41,284854.84,14530,14677,NICKEL CATHODES NI: 99.990%,新品目通道历史回补【#45】,新品目通道历史回补【#45】,6339,19.6046,,RC007
6339,精炼镍,2025-02-21,2025-02,PT ETERNAL NICKEL INDUSTRY,PT ETERNAL NICKEL INDUSTRY,IWIP(Weda Bay),Weda,KOREA NON FERROUS METALS CO,South Korea,Incheon,75021000,79.3454,99.99,99,HS750210 Ni≥99% 产品标准(口径#44),78.55,1168837.09,14731,14880,NICKEL CATHODES NI: 99.990%,新品目通道历史回补【#45】,新品目通道历史回补【#45】,6340,79.3454,,RC009
6340,精炼镍,2025-02-21,2025-02,PT ETERNAL NICKEL INDUSTRY,PT ETERNAL NICKEL INDUSTRY,IWIP(Weda Bay),Weda,HANWA CO LTD,Japan,Yokohama,75021000,19.6005,99.989,99,HS750210 Ni≥99% 产品标准(口径#44),19.4,284795.27,14530,14677,NICKEL CATHODES NI: 99.989%,新品目通道历史回补【#45】,新品目通道历史回补【#45】,6341,19.6005,,MC045
6345,精炼镍,2025-02-22,2025-02,PT CNGR DING XING NEW ENERGY,PT CNGR DING XING NEW ENERGY,IMIP(Morowali),Bahudopi,HONG KONG RUI PU CO LIMITED,China,Xiamen,75021000,100.3098,,99,HS750210 Ni≥99% 产品标准(口径#44),99.31,1532597.32,15279,15433,ELECTROLYTIC NICKEL,新品目通道历史回补【#45】,新品目通道历史回补【#45】,6346,100.3098,,B038
6346,精炼镍,2025-02-22,2025-02,PT CNGR DING XING NEW ENERGY,PT CNGR DING XING NEW ENERGY,IMIP(Morowali),Bahudopi,HONG KONG RUI PU CO LIMITED,China,Xiamen,75021000,101.8994,,99,HS750210 Ni≥99% 产品标准(口径#44),100.88,1556884.25,15279,15433,ELECTROLYTIC NICKEL,新品目通道历史回补【#45】,新品目通道历史回补【#45】,6347,101.8994,,B038
6347,精炼镍,2025-02-22,2025-02,PT CNGR DING XING NEW ENERGY,PT CNGR DING XING NEW ENERGY,IMIP(Morowali),Bahudopi,HONG KONG RUI PU CO LIMITED,China,Xiamen,75021000,49.4057,,99,HS750210 Ni≥99% 产品标准(口径#44),48.91,754851.9,15279,15433,ELECTROLYTIC NICKEL,新品目通道历史回补【#45】,新品目通道历史回补【#45】,6348,49.4057,,B038
6348,精炼镍,2025-02-22,2025-02,PT CNGR DING XING NEW ENERGY,PT CNGR DING XING NEW ENERGY,IMIP(Morowali),Bahudopi,HONG KONG RUI PU CO LIMITED,China,Xiamen,75021000,126.0095,,99,HS750210 Ni≥99% 产品标准(口径#44),124.75,1925253.79,15279,15433,ELECTROLYTIC NICKEL,新品目通道历史回补【#45】,新品目通道历史回补【#45】,6349,126.0095,,B038
6371,精炼镍,2025-02-24,2025-02,PT CNGR DING XING NEW ENERGY,PT CNGR DING XING NEW ENERGY,IMIP(Morowali),Bahudopi,HANWA CO LTD,Japan,Yokohama,75021000,80,,99,HS750210 Ni≥99% 产品标准(口径#44),79.2,1232691.2,15409,15564,ELECTROLYTIC NICKEL,新品目通道历史回补【#45】,新品目通道历史回补【#45】,6372,80,,MC045
6372,精炼镍,2025-02-24,2025-02,PT CNGR DING XING NEW ENERGY,PT CNGR DING XING NEW ENERGY,IMIP(Morowali),Bahudopi,STEINWEG SHARAF INDIA PRIVATE LIMITED,India,Mundra,75021000,175.5549,,99,HS750210 Ni≥99% 产品标准(口径#44),173.8,2653805.49,15117,15269,ELECTROLYTIC NICKEL,新品目通道历史回补【#45】,新品目通道历史回补【#45】,6373,175.5549,,NC228
6373,精炼镍,2025-02-24,2025-02,PT CNGR DING XING NEW ENERGY,PT CNGR DING XING NEW ENERGY,IMIP(Morowali),Bahudopi,SUZUKI SANGYO KABUSHIKI GAISHA,Japan,Yokohama,75021000,25.594,,99,HS750210 Ni≥99% 产品标准(口径#44),25.34,386896.05,15117,15269,ELECTROLYTIC NICKEL,新品目通道历史回补【#45】,新品目通道历史回补【#45】,6374,25.594,,RC016
6374,精炼镍,2025-02-24,2025-02,PT CNGR DING XING NEW ENERGY,PT CNGR DING XING NEW ENERGY,IMIP(Morowali),Bahudopi,"C.Steinweg Logistics(Guangzhou) Co., Ltd.",China,Huangpu,75021000,100.7522,,99,HS750210 Ni≥99% 产品标准(口径#44),99.74,1523037.76,15117,15269,ELECTROLYTIC NICKEL,新品目通道历史回补【#45】,新品目通道历史回补【#45】,6375,100.7522,,B003
6375,精炼镍,2025-02-24,2025-02,PT CNGR DING XING NEW ENERGY,PT CNGR DING XING NEW ENERGY,IMIP(Morowali),Bahudopi,ACCESS WORLD KAOHSIUNG LTD C O FORMOSA LOGISTICS CORP,"Taiwan, China",Kaohsiung,75021000,201.2091,,99,HS750210 Ni≥99% 产品标准(口径#44),199.2,3041611.57,15117,15269,ELECTROLYTIC NICKEL,新品目通道历史回补【#45】,新品目通道历史回补【#45】,6376,201.2091,,RC023
6376,精炼镍,2025-02-24,2025-02,PT CNGR DING XING NEW ENERGY,PT CNGR DING XING NEW ENERGY,IMIP(Morowali),Bahudopi,HANSMET CO,South Korea,Incheon,75021000,20,,99,HS750210 Ni≥99% 产品标准(口径#44),19.8,305410,15271,15425,ELECTROLYTIC NICKEL,新品目通道历史回补【#45】,新品目通道历史回补【#45】,6377,20,,RC007
6377,精炼镍,2025-02-24,2025-02,PT CNGR DING XING NEW ENERGY,PT CNGR DING XING NEW ENERGY,IMIP(Morowali),Bahudopi,HANWA CO LTD,Japan,Yokohama,75021000,20,,99,HS750210 Ni≥99% 产品标准(口径#44),19.8,308010,15401,15556,ELECTROLYTIC NICKEL,新品目通道历史回补【#45】,新品目通道历史回补【#45】,6378,20,,MC045
6392,精炼镍,2025-02-25,2025-02,PT CNGR DING XING NEW ENERGY,PT CNGR DING XING NEW ENERGY,IMIP(Morowali),Bahudopi,"China Ordins Group Co., Ltd.",China,Qinzhou,75021000,503.3889,,99,HS750210 Ni≥99% 产品标准(口径#44),498.36,7616440.18,15130,15283,ELECTROLYTIC NICKEL,新品目通道历史回补【#45】,新品目通道历史回补【#45】,6393,503.3889,,RC039
6404,精炼镍,2025-02-26,2025-02,PT CNGR DING XING NEW ENERGY,PT CNGR DING XING NEW ENERGY,IMIP(Morowali),Bahudopi,WALSIN LIHWA CORPORATION,"Taiwan, China",Kaohsiung,75021000,20.0625,,99,HS750210 Ni≥99% 产品标准(口径#44),19.86,290477.72,14479,14625,ELECTROLYTIC NICKEL,新品目通道历史回补【#45】,新品目通道历史回补【#45】,6405,20.0625,,B035
6405,精炼镍,2025-02-26,2025-02,PT CNGR DING XING NEW ENERGY,PT CNGR DING XING NEW ENERGY,IMIP(Morowali),Bahudopi,WALSIN LIHWA CORPORATION,"Taiwan, China",Kaohsiung,75021000,19.7163,,99,HS750210 Ni≥99% 产品标准(口径#44),19.52,301238.25,15279,15433,ELECTROLYTIC NICKEL,新品目通道历史回补【#45】,新品目通道历史回补【#45】,6406,19.7163,,B035
6414,精炼镍,2025-02-27,2025-02,PT ETERNAL NICKEL INDUSTRY,PT ETERNAL NICKEL INDUSTRY,IWIP(Weda Bay),Weda,KOTHARI METALS LTD,India,Chennai (Ex Madras),75021000,24.2348,99.99,99,HS750210 Ni≥99% 产品标准(口径#44),23.99,352131.64,14530,14677,NICKEL CATHODES NI: 99.990%,新品目通道历史回补【#45】,新品目通道历史回补【#45】,6415,24.2348,,NC132
6415,精炼镍,2025-02-27,2025-02,PT ETERNAL NICKEL INDUSTRY,PT ETERNAL NICKEL INDUSTRY,IWIP(Weda Bay),Weda,PHOOLCHAND BHAGATSINGH,India,Jawaharlal Nehru (Nhava S,75021000,25.3246,99.99,99,HS750210 Ni≥99% 产品标准(口径#44),25.07,379121.92,14970,15122,NICKEL CATHODES NI: 99.990%,新品目通道历史回补【#45】,新品目通道历史回补【#45】,6416,25.3246,,RC045
6416,精炼镍,2025-02-27,2025-02,PT ETERNAL NICKEL INDUSTRY,PT ETERNAL NICKEL INDUSTRY,IWIP(Weda Bay),Weda,KOTHARI METALS LTD,India,Jawaharlal Nehru (Nhava S,75021000,25.3404,99.99,99,HS750210 Ni≥99% 产品标准(口径#44),25.09,368196.01,14530,14677,NICKEL CATHODES NI: 99.990%,新品目通道历史回补【#45】,新品目通道历史回补【#45】,6417,25.3404,,NC132
6417,精炼镍,2025-02-27,2025-02,PT ETERNAL NICKEL INDUSTRY,PT ETERNAL NICKEL INDUSTRY,IWIP(Weda Bay),Weda,STEINWEG SHARAF INDIA PRIVATE LIMITED,India,Jawaharlal Nehru (Nhava S,75021000,79.404,99.99,99,HS750210 Ni≥99% 产品标准(口径#44),78.61,1169700.32,14731,14880,NICKEL CATHODES NI: 99.990%,新品目通道历史回补【#45】,新品目通道历史回补【#45】,6418,79.404,,NC228
6418,精炼镍,2025-02-27,2025-02,PT ETERNAL NICKEL INDUSTRY,PT ETERNAL NICKEL INDUSTRY,IWIP(Weda Bay),Weda,STEINWEG SHARAF INDIA PRIVATE LIMITED,India,Jawaharlal Nehru (Nhava S,75021000,60.0286,99.99,99,HS750210 Ni≥99% 产品标准(口径#44),59.43,872215.56,14530,14677,NICKEL CATHODES NI: 99.990%,新品目通道历史回补【#45】,新品目通道历史回补【#45】,6419,60.0286,,NC228
6419,精炼镍,2025-02-27,2025-02,PT ETERNAL NICKEL INDUSTRY,PT ETERNAL NICKEL INDUSTRY,IWIP(Weda Bay),Weda,PHOOLCHAND BHAGATSINGH,India,Jawaharlal Nehru (Nhava S,75021000,40.4936,99.99,99,HS750210 Ni≥99% 产品标准(口径#44),40.09,588372.01,14530,14677,NICKEL CATHODES NI% 99.99,新品目通道历史回补【#45】,新品目通道历史回补【#45】,6420,40.4936,,RC045
6420,精炼镍,2025-02-27,2025-02,PT ETERNAL NICKEL INDUSTRY,PT ETERNAL NICKEL INDUSTRY,IWIP(Weda Bay),Weda,MTC BUSINESS PVT LTD,India,Jawaharlal Nehru (Nhava S,75021000,24.1584,99.99,99,HS750210 Ni≥99% 产品标准(口径#44),23.92,361663.33,14971,15122,NICKEL CATHODES NI: 99.990%,新品目通道历史回补【#45】,新品目通道历史回补【#45】,6421,24.1584,,NC157
6421,精炼镍,2025-02-27,2025-02,PT ETERNAL NICKEL INDUSTRY,PT ETERNAL NICKEL INDUSTRY,IWIP(Weda Bay),Weda,KOTHARI METALS LTD,India,Mundra,75021000,23.9898,99.99,99,HS750210 Ni≥99% 产品标准(口径#44),23.75,348571.79,14530,14677,NICKEL CATHODES NI: 99.990%,新品目通道历史回补【#45】,新品目通道历史回补【#45】,6422,23.9898,,NC132
6422,精炼镍,2025-02-27,2025-02,PT ETERNAL NICKEL INDUSTRY,PT ETERNAL NICKEL INDUSTRY,IWIP(Weda Bay),Weda,STAR EXPORTS,India,Jawaharlal Nehru (Nhava S,75021000,24.0704,99.99,99,HS750210 Ni≥99% 产品标准(口径#44),23.83,360345.92,14970,15122,NICKEL CATHODES NI: 99.990%,新品目通道历史回补【#45】,新品目通道历史回补【#45】,6423,24.0704,,NC227
6436,硫酸镍,2025-03-01,2025-03,PT HALMAHERA PERSADA LYGEND,PT HALMAHERA PERSADA LYGEND,Obi(Harita),Obi Island,"Ningbo Lygend Wisdom Co., Ltd.",China,Zhapu,28332400,3940,,22.2,化学计量(NiSO4·6H2O 22.2%),874.68,11084993,2813,12673,NICKEL SULFATE,同日同额拆单(tradeId不同，非重复),中间品矩阵(75章+720150等),6437,3940,,NC162
6437,硫酸镍,2025-03-01,2025-03,PT HALMAHERA PERSADA LYGEND,PT HALMAHERA PERSADA LYGEND,Obi(Harita),Obi Island,"Ningbo Lygend Wisdom Co., Ltd.",China,Zhapu,28332400,3940,,22.2,化学计量(NiSO4·6H2O 22.2%),874.68,11084993,2813,12673,NICKEL SULFATE,同日同额拆单(tradeId不同，非重复),中间品矩阵(75章+720150等),6438,3940,,NC162
6468,硫酸镍,2025-03-03,2025-03,PT HALMAHERA PERSADA LYGEND,PT HALMAHERA PERSADA LYGEND,Obi(Harita),Obi Island,"Ningbo Lygend Wisdom Co., Ltd.",China,Zhangjiagang,28332400,2340,,22.2,化学计量(NiSO4·6H2O 22.2%),519.48,6571890,2809,12651,NICKEL SULFATE,同日同额拆单(tradeId不同，非重复),中间品矩阵(75章+720150等),6469,2340,,NC162
6469,硫酸镍,2025-03-03,2025-03,PT HALMAHERA PERSADA LYGEND,PT HALMAHERA PERSADA LYGEND,Obi(Harita),Obi Island,"Ningbo Lygend Wisdom Co., Ltd.",China,Zhangjiagang,28332400,2340,,22.2,化学计量(NiSO4·6H2O 22.2%),519.48,6571890,2809,12651,NICKEL SULFATE,同日同额拆单(tradeId不同，非重复),中间品矩阵(75章+720150等),6470,2340,,NC162
6531,精炼镍,2025-03-07,2025-03,PT ETERNAL NICKEL INDUSTRY,PT ETERNAL NICKEL INDUSTRY,IWIP(Weda Bay),Weda,H AND M METAL WAREHOUSING KOREA CO LTD,South Korea,Busan (ex Pusan),75021000,98.6116,99.99,99,HS750210 Ni≥99% 产品标准(口径#44),97.63,1461275.99,14818,14968,NICKEL CATHODES NI: 99.990%,新品目通道历史回补【#45】,新品目通道历史回补【#45】,6532,98.6116,,RC011
6626,精炼镍,2025-03-16,2025-03,PT CNGR DING XING NEW ENERGY,PT CNGR DING XING NEW ENERGY,IMIP(Morowali),Bahudopi,PGS EAST ASIA PTE LTD KOREA BRANCH,South Korea,Pusan,75021000,504.132,,99,HS750210 Ni≥99% 产品标准(口径#44),499.09,7620711.38,15117,15269,ELECTROLYTIC NICKEL,新品目通道历史回补【#45】,新品目通道历史回补【#45】,6627,504.132,,RC046
6627,精炼镍,2025-03-16,2025-03,PT CNGR DING XING NEW ENERGY,PT CNGR DING XING NEW ENERGY,IMIP(Morowali),Bahudopi,SQC METALS LIMITED,Singapore,SINGAPORE,75021000,101.9599,,99,HS750210 Ni≥99% 产品标准(口径#44),100.94,1541276.83,15117,15269,ELECTROLYTIC NICKEL,新品目通道历史回补【#45】,新品目通道历史回补【#45】,6628,101.9599,,RC047
6628,精炼镍,2025-03-16,2025-03,PT CNGR DING XING NEW ENERGY,PT CNGR DING XING NEW ENERGY,IMIP(Morowali),Bahudopi,C STEINWEG ASIA PTE LTD,Singapore,SINGAPORE,75021000,101.7129,,99,HS750210 Ni≥99% 产品标准(口径#44),100.7,1537543.05,15116,15269,ELECTROLYTIC NICKEL,新品目通道历史回补【#45】,新品目通道历史回补【#45】,6629,101.7129,,RC024
6629,精炼镍,2025-03-16,2025-03,PT CNGR DING XING NEW ENERGY,PT CNGR DING XING NEW ENERGY,IMIP(Morowali),Bahudopi,C STEINWEG ASIA PTE LTD,Singapore,SINGAPORE,75021000,102.0644,,99,HS750210 Ni≥99% 产品标准(口径#44),101.04,1542856.5,15116,15269,ELECTROLYTIC NICKEL,新品目通道历史回补【#45】,新品目通道历史回补【#45】,6630,102.0644,,RC024
6630,精炼镍,2025-03-16,2025-03,PT CNGR DING XING NEW ENERGY,PT CNGR DING XING NEW ENERGY,IMIP(Morowali),Bahudopi,PGS EAST ASIA PTE LTD KOREA BRANCH,South Korea,Pusan,75021000,503.7789,,99,HS750210 Ni≥99% 产品标准(口径#44),498.74,7615373.74,15116,15269,ELECTROLYTIC NICKEL,新品目通道历史回补【#45】,新品目通道历史回补【#45】,6631,503.7789,,RC046
6647,精炼镍,2025-03-18,2025-03,PT CNGR DING XING NEW ENERGY,PT CNGR DING XING NEW ENERGY,IMIP(Morowali),Bahudopi,HONG KONG RUI PU CO LIMITED,China,Xiamen,75021000,150.234,,99,HS750210 Ni≥99% 产品标准(口径#44),148.73,2279763.39,15175,15328,ELECTROLYTIC NICKEL,新品目通道历史回补【#45】,新品目通道历史回补【#45】,6648,150.234,,B038
6648,精炼镍,2025-03-18,2025-03,PT CNGR DING XING NEW ENERGY,PT CNGR DING XING NEW ENERGY,IMIP(Morowali),Bahudopi,HONG KONG RUI PU CO LIMITED,China,Xiamen,75021000,74.9511,,99,HS750210 Ni≥99% 产品标准(口径#44),74.2,1137364.2,15175,15328,ELECTROLYTIC NICKEL,新品目通道历史回补【#45】,新品目通道历史回补【#45】,6649,74.9511,,B038
6649,精炼镍,2025-03-18,2025-03,PT CNGR DING XING NEW ENERGY,PT CNGR DING XING NEW ENERGY,IMIP(Morowali),Bahudopi,GLENCORE INTERNATIONAL AG,China,NINGBO,75021000,100.5208,,99,HS750210 Ni≥99% 产品标准(口径#44),99.52,1519522.67,15116,15269,ELECTROLYTIC NICKEL,新品目通道历史回补【#45】,新品目通道历史回补【#45】,6650,100.5208,,RC048
6650,精炼镍,2025-03-18,2025-03,PT CNGR DING XING NEW ENERGY,PT CNGR DING XING NEW ENERGY,IMIP(Morowali),Bahudopi,"C. Steinweg Logistics (Shanghai Waigaoqiao Bonded Logistics Zone) Co., Ltd.",China,Shanghai,75021000,500.9004,,99,HS750210 Ni≥99% 产品标准(口径#44),495.89,7571860.9,15117,15269,ELECTROLYTIC NICKEL,新品目通道历史回补【#45】,新品目通道历史回补【#45】,6651,500.9004,,NC019
6651,精炼镍,2025-03-18,2025-03,PT CNGR DING XING NEW ENERGY,PT CNGR DING XING NEW ENERGY,IMIP(Morowali),Bahudopi,HONG KONG RUI PU CO LIMITED,China,Xiamen,75021000,100.723,,99,HS750210 Ni≥99% 产品标准(口径#44),99.72,1528446.34,15175,15328,ELECTROLYTIC NICKEL,新品目通道历史回补【#45】,新品目通道历史回补【#45】,6652,100.723,,B038
6652,精炼镍,2025-03-18,2025-03,PT CNGR DING XING NEW ENERGY,PT CNGR DING XING NEW ENERGY,IMIP(Morowali),Bahudopi,HANWA CO LTD,Japan,Yokohama,75021000,80,,99,HS750210 Ni≥99% 产品标准(口径#44),79.2,1224380,15305,15459,ELECTROLYTIC NICKEL,新品目通道历史回补【#45】,新品目通道历史回补【#45】,6653,80,,MC045
6653,精炼镍,2025-03-18,2025-03,PT CNGR DING XING NEW ENERGY,PT CNGR DING XING NEW ENERGY,IMIP(Morowali),Bahudopi,HONG KONG RUI PU CO LIMITED,China,Xiamen,75021000,200.6178,,99,HS750210 Ni≥99% 产品标准(口径#44),198.61,3044324.96,15175,15328,ELECTROLYTIC NICKEL,新品目通道历史回补【#45】,新品目通道历史回补【#45】,6654,200.6178,,B038
6681,精炼镍,2025-03-22,2025-03,PT CNGR DING XING NEW ENERGY,PT CNGR DING XING NEW ENERGY,IMIP(Morowali),Bahudopi,"China Ordins Group Co., Ltd.",China,NINGBO,75021000,299.5725,,99,HS750210 Ni≥99% 产品标准(口径#44),296.58,4545937.79,15175,15328,ELECTROLYTIC NICKEL,新品目通道历史回补【#45】,新品目通道历史回补【#45】,6682,299.5725,,RC039
6682,精炼镍,2025-03-22,2025-03,PT CNGR DING XING NEW ENERGY,PT CNGR DING XING NEW ENERGY,IMIP(Morowali),Bahudopi,"China Ordins Group Co., Ltd.",China,NINGBO,75021000,149.9196,,99,HS750210 Ni≥99% 产品标准(口径#44),148.42,2274992.45,15175,15328,ELECTROLYTIC NICKEL,新品目通道历史回补【#45】,新品目通道历史回补【#45】,6683,149.9196,,RC039
6731,硫酸镍,2025-03-26,2025-03,PT HALMAHERA PERSADA LYGEND,PT HALMAHERA PERSADA LYGEND,Obi(Harita),Obi Island,"Ningbo Lygend Wisdom Co., Ltd.",China,Zhapu,28332400,3880,,22.2,化学计量(NiSO4·6H2O 22.2%),861.36,11128344,2868,12920,NICKEL SULFATE,,中间品矩阵(75章+720150等),6732,3880,,NC162
6732,硫酸镍,2025-03-26,2025-03,PT HALMAHERA PERSADA LYGEND,PT HALMAHERA PERSADA LYGEND,Obi(Harita),Obi Island,"Ningbo Lygend Wisdom Co., Ltd.",China,Zhapu,28332400,3900,,22.2,化学计量(NiSO4·6H2O 22.2%),865.8,11185707,2868,12920,NICKEL SULFATE,,中间品矩阵(75章+720150等),6733,3900,,NC162
6748,精炼镍,2025-03-28,2025-03,PT CNGR DING XING NEW ENERGY,PT CNGR DING XING NEW ENERGY,IMIP(Morowali),Bahudopi,WALSIN LIHWA CORPORATION,"Taiwan, China",Kaohsiung,75021000,40.492,,99,HS750210 Ni≥99% 产品标准(口径#44),40.09,614455.98,15175,15328,ELECTROLYTIC NICKEL,新品目通道历史回补【#45】,新品目通道历史回补【#45】,6749,40.492,,B035
6749,精炼镍,2025-03-28,2025-03,PT CNGR DING XING NEW ENERGY,PT CNGR DING XING NEW ENERGY,IMIP(Morowali),Bahudopi,HONGKONG KINCO INTERNATIONALDEVELOPMENT CO LIMITED,China,Qinzhou,75021000,299.7012,,99,HS750210 Ni≥99% 产品标准(口径#44),296.7,4562875.84,15225,15379,ELECTROLYTIC NICKEL,新品目通道历史回补【#45】,新品目通道历史回补【#45】,6750,299.7012,,RC040
6750,精炼镍,2025-03-28,2025-03,PT ETERNAL NICKEL INDUSTRY,PT ETERNAL NICKEL INDUSTRY,IWIP(Weda Bay),Weda,STEINWEG SHARAF INDIA PRIVATE LIMITED,India,Jawaharlal Nehru (Nhava S,75021000,79.0993,99.99,99,HS750210 Ni≥99% 产品标准(口径#44),78.31,1172132.98,14819,14968,NICKEL CATHODES NI: 99.990%,新品目通道历史回补【#45】,新品目通道历史回补【#45】,6751,79.0993,,NC228
6751,精炼镍,2025-03-28,2025-03,PT ETERNAL NICKEL INDUSTRY,PT ETERNAL NICKEL INDUSTRY,IWIP(Weda Bay),Weda,STAR EXPORTS,India,Jawaharlal Nehru (Nhava S,75021000,25.4324,99.99,99,HS750210 Ni≥99% 产品标准(口径#44),25.18,374644.68,14731,14880,NICKEL CATHODES NI: 99.990%,新品目通道历史回补【#45】,新品目通道历史回补【#45】,6752,25.4324,,NC227
6752,精炼镍,2025-03-28,2025-03,PT ETERNAL NICKEL INDUSTRY,PT ETERNAL NICKEL INDUSTRY,IWIP(Weda Bay),Weda,SINGHANIA RESOURCES PRIVATE LIMITED,India,Mundra,75021000,49.8157,99.99,99,HS750210 Ni≥99% 产品标准(口径#44),49.32,733835.08,14731,14880,NICKEL CATHODES NI: 99.990%,新品目通道历史回补【#45】,新品目通道历史回补【#45】,6753,49.8157,,RC049
6753,精炼镍,2025-03-28,2025-03,PT ETERNAL NICKEL INDUSTRY,PT ETERNAL NICKEL INDUSTRY,IWIP(Weda Bay),Weda,TAE EU WAREHOUSING KOREA CO LTD,South Korea,Busan (ex Pusan),75021000,280.3068,99.99,99,HS750210 Ni≥99% 产品标准(口径#44),277.5,4127618.54,14725,14874,NICKEL CATHODES NI: 99.990%,新品目通道历史回补【#45】,新品目通道历史回补【#45】,6754,280.3068,,RC004
6754,精炼镍,2025-03-28,2025-03,PT ETERNAL NICKEL INDUSTRY,PT ETERNAL NICKEL INDUSTRY,IWIP(Weda Bay),Weda,PHOOLCHAND BHAGATSINGH,India,Jawaharlal Nehru (Nhava S,75021000,24.0469,99.99,99,HS750210 Ni≥99% 产品标准(口径#44),23.81,354234.88,14731,14880,NICKEL CATHODES NI: 99.990%,新品目通道历史回补【#45】,新品目通道历史回补【#45】,6755,24.0469,,RC045
6755,精炼镍,2025-03-28,2025-03,PT ETERNAL NICKEL INDUSTRY,PT ETERNAL NICKEL INDUSTRY,IWIP(Weda Bay),Weda,TAE EU WAREHOUSING KOREA CO LTD,South Korea,Busan (ex Pusan),75021000,214.2628,99.99,99,HS750210 Ni≥99% 产品标准(口径#44),212.12,3165679.3,14775,14924,NICKEL CATHODES NI: 99.990%,新品目通道历史回补【#45】,新品目通道历史回补【#45】,6756,214.2628,,RC004
6777,硫酸镍,2025-03-29,2025-03,PT INDONESIA SERVICE PROVIDER,PT INDONESIA SERVICE PROVIDER,"IMIP(出口代理,Bahodopi)",Bahudopi,RICH FORTUNE INT L INDUSTRIAL LIMITED,China,Dongguan,28332400,3170,,22.2,化学计量(NiSO4·6H2O 22.2%),703.74,10226506.22,3226,14532,NICKEL SULFATE HEXAHYDRATE,,中间品矩阵(75章+720150等),6778,0,跨抬头同票特征候选；参考合计仅保留IQEM行，原记录保留,B042
6778,硫酸镍,2025-03-29,2025-03,PT INDONESIA QINGMEI ENERGY MATERIALS,INDONESIA QINGMEI ENERGY MATERIALS,,Bahudopi,RICH FORTUNE INT L INDUSTRIAL LIMITED,China,Dongguan,28332400,3170,,22.2,化学计量(NiSO4·6H2O 22.2%),703.74,10226506.22,3226,14532,NICKEL SULFATE HEXAHYDRATE,全历史档并集补票【#65】,中间品矩阵(75章+720150等),6779,3170,跨抬头同票特征候选；参考合计仅保留IQEM行，原记录保留,B042
6822,硫酸镍,2025-04-03,2025-04,PT HALMAHERA PERSADA LYGEND,PT HALMAHERA PERSADA LYGEND,Obi(Harita),Obi Island,"Ningbo Lygend Wisdom Co., Ltd.",China,Zhangjiagang,28332400,1400,,22.2,化学计量(NiSO4·6H2O 22.2%),310.8,4030208,2879,12967,NICKEL SULFATE,,中间品矩阵(75章+720150等),6823,1400,,NC162
6823,硫酸镍,2025-04-03,2025-04,PT HALMAHERA PERSADA LYGEND,PT HALMAHERA PERSADA LYGEND,Obi(Harita),Obi Island,"Ningbo Lygend Wisdom Co., Ltd.",China,Zhangjiagang,28332400,1380,,22.2,化学计量(NiSO4·6H2O 22.2%),306.36,3972634,2879,12967,NICKEL SULFATE,,中间品矩阵(75章+720150等),6824,1380,,NC162
6830,精炼镍,2025-04-04,2025-04,PT CNGR DING XING NEW ENERGY,PT CNGR DING XING NEW ENERGY,IMIP(Morowali),Bahudopi,HONG KONG RUI PU CO LIMITED,China,Xiamen,75021000,40.4676,,99,HS750210 Ni≥99% 产品标准(口径#44),40.06,581711.63,14375,14520,ELECTROLYTIC NICKEL,新品目通道历史回补【#45】,新品目通道历史回补【#45】,6831,40.4676,,B038
6845,精炼镍,2025-04-06,2025-04,PT CNGR DING XING NEW ENERGY,PT CNGR DING XING NEW ENERGY,IMIP(Morowali),Bahudopi,SUZUKI SANGYO KABUSHIKI GAISHA,Japan,Yokohama,75021000,25.399,,99,HS750210 Ni≥99% 产品标准(口径#44),25.15,383943.98,15116,15269,ELECTROLYTIC NICKEL,新品目通道历史回补【#45】,新品目通道历史回补【#45】,6846,25.399,,RC016
6846,精炼镍,2025-04-06,2025-04,PT CNGR DING XING NEW ENERGY,PT CNGR DING XING NEW ENERGY,IMIP(Morowali),Bahudopi,TOYOTA TUSHO MATERIAL INCORPORATION,Japan,Osaka,75021000,40,,99,HS750210 Ni≥99% 产品标准(口径#44),39.6,613820,15346,15501,ELECTROLYTIC NICKEL,新品目通道历史回补【#45】,新品目通道历史回补【#45】,6847,40,,RC026
6847,精炼镍,2025-04-06,2025-04,PT CNGR DING XING NEW ENERGY,PT CNGR DING XING NEW ENERGY,IMIP(Morowali),Bahudopi,ACCESS WORLD KAOHSIUNG LTD C O FORMOSA LOGISTICS CORP,"Taiwan, China",Kaohsiung,75021000,374.7285,,99,HS750210 Ni≥99% 产品标准(口径#44),370.98,5664583.37,15116,15269,ELECTROLYTIC NICKEL,新品目通道历史回补【#45】,新品目通道历史回补【#45】,6848,374.7285,,RC023
6848,精炼镍,2025-04-06,2025-04,PT CNGR DING XING NEW ENERGY,PT CNGR DING XING NEW ENERGY,IMIP(Morowali),Bahudopi,TOYOTA TUSHO MATERIAL INCORPORATION,Japan,Osaka,75021000,40,,99,HS750210 Ni≥99% 产品标准(口径#44),39.6,613820,15346,15501,ELECTROLYTIC NICKEL,新品目通道历史回补【#45】,新品目通道历史回补【#45】,6849,40,,RC026
6849,精炼镍,2025-04-06,2025-04,PT CNGR DING XING NEW ENERGY,PT CNGR DING XING NEW ENERGY,IMIP(Morowali),Bahudopi,C STEINWEG ASIA PTE LTD,Singapore,SINGAPORE,75021000,102.0494,,99,HS750210 Ni≥99% 产品标准(口径#44),101.03,1542629.76,15117,15269,ELECTROLYTIC NICKEL,新品目通道历史回补【#45】,新品目通道历史回补【#45】,6850,102.0494,,RC024
6850,精炼镍,2025-04-06,2025-04,PT CNGR DING XING NEW ENERGY,PT CNGR DING XING NEW ENERGY,IMIP(Morowali),Bahudopi,TOYOTA TUSHO MATERIAL INCORPORATION,Japan,Tokyo,75021000,20,,99,HS750210 Ni≥99% 产品标准(口径#44),19.8,308190,15410,15565,ELECTROLYTIC NICKEL,新品目通道历史回补【#45】,新品目通道历史回补【#45】,6851,20,,RC026
6851,精炼镍,2025-04-06,2025-04,PT CNGR DING XING NEW ENERGY,PT CNGR DING XING NEW ENERGY,IMIP(Morowali),Bahudopi,C STEINWEG ASIA PTE LTD,Singapore,SINGAPORE,75021000,102.0267,,99,HS750210 Ni≥99% 产品标准(口径#44),101.01,1542286.61,15116,15269,ELECTROLYTIC NICKEL,新品目通道历史回补【#45】,新品目通道历史回补【#45】,6852,102.0267,,RC024
6870,精炼镍,2025-04-07,2025-04,PT ETERNAL NICKEL INDUSTRY,PT ETERNAL NICKEL INDUSTRY,IWIP(Weda Bay),Weda,KOREA NON FERROUS METALS CO,South Korea,Incheon,75021000,79.3264,99.99,99,HS750210 Ni≥99% 产品标准(口径#44),78.53,1175498.26,14819,14968,NICKEL CATHODES NI: 99.990%,新品目通道历史回补【#45】,新品目通道历史回补【#45】,6871,79.3264,,RC009
6871,精炼镍,2025-04-07,2025-04,PT ETERNAL NICKEL INDUSTRY,PT ETERNAL NICKEL INDUSTRY,IWIP(Weda Bay),Weda,HANWA CO LTD,Japan,Yokohama,75021000,19.5422,99.99,99,HS750210 Ni≥99% 产品标准(口径#44),19.35,289586.09,14818,14968,NICKEL CATHODES NI: 99.990%,新品目通道历史回补【#45】,新品目通道历史回补【#45】,6872,19.5422,,MC045
6872,精炼镍,2025-04-07,2025-04,PT ETERNAL NICKEL INDUSTRY,PT ETERNAL NICKEL INDUSTRY,IWIP(Weda Bay),Weda,KOTHARI METALS LTD,India,Calcutta,75021000,50.3708,99.99,99,HS750210 Ni≥99% 产品标准(口径#44),49.87,783493.62,15555,15712,NICKEL CATHODES NI: 99.990%,新品目通道历史回补【#45】,新品目通道历史回补【#45】,6873,50.3708,,NC132
6873,精炼镍,2025-04-07,2025-04,PT ETERNAL NICKEL INDUSTRY,PT ETERNAL NICKEL INDUSTRY,IWIP(Weda Bay),Weda,HANSMET CO,South Korea,Incheon,75021000,19.5586,99.99,99,HS750210 Ni≥99% 产品标准(口径#44),19.36,289829.11,14818,14968,NICKEL CATHODES NI: 99.990%,新品目通道历史回补【#45】,新品目通道历史回补【#45】,6874,19.5586,,RC007
6874,精炼镍,2025-04-07,2025-04,PT ETERNAL NICKEL INDUSTRY,PT ETERNAL NICKEL INDUSTRY,IWIP(Weda Bay),Weda,KOTHARI METALS LTD,India,Calcutta,75021000,50.0068,99.99,99,HS750210 Ni≥99% 产品标准(口径#44),49.51,741025.77,14819,14968,NICKEL CATHODES NI: 99.990%,新品目通道历史回补【#45】,新品目通道历史回补【#45】,6875,50.0068,,NC132
6890,精炼镍,2025-04-09,2025-04,PT CNGR DING XING NEW ENERGY,PT CNGR DING XING NEW ENERGY,IMIP(Morowali),Bahudopi,SEAH MNS CORP,South Korea,Busan (ex Pusan),75021000,60,,99,HS750210 Ni≥99% 产品标准(口径#44),59.4,927225,15454,15610,ELECTROLYTIC NICKEL,新品目通道历史回补【#45】,新品目通道历史回补【#45】,6891,60,,RC050
6957,硫酸镍,2025-04-17,2025-04,PT HALMAHERA PERSADA LYGEND,PT HALMAHERA PERSADA LYGEND,Obi(Harita),Obi Island,"Ningbo Lygend Wisdom Co., Ltd.",China,Zhapu,28332400,6620,,22.2,化学计量(NiSO4·6H2O 22.2%),1469.64,19551243,2953,13303,NICKEL SULFATE,,中间品矩阵(75章+720150等),6958,6620,,NC162
6958,硫酸镍,2025-04-17,2025-04,PT HALMAHERA PERSADA LYGEND,PT HALMAHERA PERSADA LYGEND,Obi(Harita),Obi Island,"Ningbo Lygend Wisdom Co., Ltd.",China,Zhapu,28332400,1160,,22.2,化学计量(NiSO4·6H2O 22.2%),257.52,3425898,2953,13303,NICKEL SULFATE,,中间品矩阵(75章+720150等),6959,1160,,NC162
6959,精炼镍,2025-04-17,2025-04,PT CNGR DING XING NEW ENERGY,PT CNGR DING XING NEW ENERGY,IMIP(Morowali),Bahudopi,SUZUKI SANGYO KABUSHIKI GAISHA,Japan,Yokohama,75021000,25.4777,,99,HS750210 Ni≥99% 产品标准(口径#44),25.22,385133.65,15116,15269,ELECTROLYTIC NICKEL,新品目通道历史回补【#45】,新品目通道历史回补【#45】,6960,25.4777,,RC016
6960,精炼镍,2025-04-17,2025-04,PT CNGR DING XING NEW ENERGY,PT CNGR DING XING NEW ENERGY,IMIP(Morowali),Bahudopi,ACCESS WORLD KAOHSIUNG LTD,"Taiwan, China",Kaohsiung,75021000,374.709,,99,HS750210 Ni≥99% 产品标准(口径#44),370.96,5664288.6,15117,15269,ELECTROLYTIC NICKEL,新品目通道历史回补【#45】,新品目通道历史回补【#45】,6961,374.709,,RC017
6961,精炼镍,2025-04-17,2025-04,PT CNGR DING XING NEW ENERGY,PT CNGR DING XING NEW ENERGY,IMIP(Morowali),Bahudopi,"Glencore(Beijing)Trading Co., Ltd.",China,NINGBO,75021000,100.2958,,99,HS750210 Ni≥99% 产品标准(口径#44),99.29,1516121.46,15116,15269,ELECTROLYTIC NICKEL,新品目通道历史回补【#45】,新品目通道历史回补【#45】,6962,100.2958,,RC051
6962,精炼镍,2025-04-17,2025-04,PT CNGR DING XING NEW ENERGY,PT CNGR DING XING NEW ENERGY,IMIP(Morowali),Bahudopi,"C. Steinweg Logistics (Shanghai Waigaoqiao Bonded Logistics Zone) Co., Ltd.",China,Shanghai,75021000,499.1821,,99,HS750210 Ni≥99% 产品标准(口径#44),494.19,7545886.21,15116,15269,ELECTROLYTIC NICKEL,新品目通道历史回补【#45】,新品目通道历史回补【#45】,6963,499.1821,,NC019
6966,硫酸镍,2025-04-18,2025-04,PT HALMAHERA PERSADA LYGEND,PT HALMAHERA PERSADA LYGEND,Obi(Harita),Obi Island,"Ningbo Lygend Wisdom Co., Ltd.",China,Zhangjiagang,28332400,2000,,22.2,化学计量(NiSO4·6H2O 22.2%),444,5851220,2926,13178,NICKEL SULFATE,同日同额拆单(tradeId不同，非重复),中间品矩阵(75章+720150等),6967,2000,,NC162
6967,硫酸镍,2025-04-18,2025-04,PT HALMAHERA PERSADA LYGEND,PT HALMAHERA PERSADA LYGEND,Obi(Harita),Obi Island,"Ningbo Lygend Wisdom Co., Ltd.",China,Zhangjiagang,28332400,2000,,22.2,化学计量(NiSO4·6H2O 22.2%),444,5851220,2926,13178,NICKEL SULFATE,同日同额拆单(tradeId不同，非重复),中间品矩阵(75章+720150等),6968,2000,,NC162
6970,精炼镍,2025-04-19,2025-04,PT CNGR DING XING NEW ENERGY,PT CNGR DING XING NEW ENERGY,IMIP(Morowali),Bahudopi,HONG KONG RUI PU CO LIMITED,China,Dongguan,75021000,149.8982,,99,HS750210 Ni≥99% 产品标准(口径#44),148.4,2399048.74,16005,16166,ELECTROLYTIC NICKEL,新品目通道历史回补【#45】,新品目通道历史回补【#45】,6971,149.8982,,B038
6971,精炼镍,2025-04-19,2025-04,PT CNGR DING XING NEW ENERGY,PT CNGR DING XING NEW ENERGY,IMIP(Morowali),Bahudopi,HONG KONG RUI PU CO LIMITED,China,Dongguan,75021000,199.5555,,99,HS750210 Ni≥99% 产品标准(口径#44),197.56,3193789.99,16005,16166,ELECTROLYTIC NICKEL,新品目通道历史回补【#45】,新品目通道历史回补【#45】,6972,199.5555,,B038
7012,精炼镍,2025-04-24,2025-04,PT CNGR DING XING NEW ENERGY,PT CNGR DING XING NEW ENERGY,IMIP(Morowali),Bahudopi,C STEINWEG ASIA PTE LTD,Singapore,Singapore,75021000,102.079,,99,HS750210 Ni≥99% 产品标准(口径#44),101.06,1633725.4,16005,16166,ELECTROLYTIC NICKEL,新品目通道历史回补【#45】,新品目通道历史回补【#45】,7013,102.079,,RC024
7013,精炼镍,2025-04-24,2025-04,PT CNGR DING XING NEW ENERGY,PT CNGR DING XING NEW ENERGY,IMIP(Morowali),Bahudopi,C STEINWEG,United States,Baltimore,75021000,24.4747,,99,HS750210 Ni≥99% 产品标准(口径#44),24.23,379223.73,15495,15651,ELECTROLYTIC NICKEL,新品目通道历史回补【#45】,新品目通道历史回补【#45】,7014,24.4747,,RC038
7014,精炼镍,2025-04-24,2025-04,PT CNGR DING XING NEW ENERGY,PT CNGR DING XING NEW ENERGY,IMIP(Morowali),Bahudopi,"China Ordins Group Co., Ltd.",China,Huangpu,75021000,497.8893,,99,HS750210 Ni≥99% 产品标准(口径#44),492.91,7968479.26,16005,16166,ELECTROLYTIC NICKEL,新品目通道历史回补【#45】,新品目通道历史回补【#45】,7015,497.8893,,RC039
7015,精炼镍,2025-04-24,2025-04,PT CNGR DING XING NEW ENERGY,PT CNGR DING XING NEW ENERGY,IMIP(Morowali),Bahudopi,HONGKONG KINCO INTERNATIONALDEVELOPMENT CO LIMITED,China,NINGBO,75021000,300.1918,,99,HS750210 Ni≥99% 产品标准(口径#44),297.19,4804425.67,16005,16166,ELECTROLYTIC NICKEL,新品目通道历史回补【#45】,新品目通道历史回补【#45】,7016,300.1918,,RC040
7016,精炼镍,2025-04-24,2025-04,PT CNGR DING XING NEW ENERGY,PT CNGR DING XING NEW ENERGY,IMIP(Morowali),Bahudopi,HANWA CO LTD,Japan,Yokohama,75021000,19.8424,,99,HS750210 Ni≥99% 产品标准(口径#44),19.64,300702.05,15155,15308,ELECTROLYTIC NICKEL,新品目通道历史回补【#45】,新品目通道历史回补【#45】,7017,19.8424,,MC045
7017,精炼镍,2025-04-24,2025-04,PT CNGR DING XING NEW ENERGY,PT CNGR DING XING NEW ENERGY,IMIP(Morowali),Bahudopi,HANWA CO LTD,Japan,Yokohama,75021000,40,,99,HS750210 Ni≥99% 产品标准(口径#44),39.6,649340.8,16234,16397,ELECTROLYTIC NICKEL,新品目通道历史回补【#45】,新品目通道历史回补【#45】,7018,40,,MC045
7040,精炼镍,2025-04-26,2025-04,PT ETERNAL NICKEL INDUSTRY,PT ETERNAL NICKEL INDUSTRY,IWIP(Weda Bay),Weda,MTC BUSINESS PVT LTD,India,Jawaharlal Nehru (Nhava S,75021000,24.038,99.99,99,HS750210 Ni≥99% 产品标准(口径#44),23.8,356207.1,14818,14968,NICKEL CATHODES NI: 99.990%,新品目通道历史回补【#45】,新品目通道历史回补【#45】,7041,24.038,,NC157
7041,精炼镍,2025-04-26,2025-04,PT ETERNAL NICKEL INDUSTRY,PT ETERNAL NICKEL INDUSTRY,IWIP(Weda Bay),Weda,TAE EU WAREHOUSING KOREA CO LTD,South Korea,Busan (ex Pusan),75021000,167.9222,99.99,99,HS750210 Ni≥99% 产品标准(口径#44),166.24,2488355.12,14818,14968,NICKEL CATHODES NI: 99.990%,新品目通道历史回补【#45】,新品目通道历史回补【#45】,7042,167.9222,,RC004
7042,精炼镍,2025-04-26,2025-04,PT ETERNAL NICKEL INDUSTRY,PT ETERNAL NICKEL INDUSTRY,IWIP(Weda Bay),Weda,STEINWEG SHARAF INDIA PRIVATE LIMITED,India,Jawaharlal Nehru (Nhava S,75021000,79.2242,99.99,99,HS750210 Ni≥99% 产品标准(口径#44),78.43,1178228.64,14872,15022,NICKEL CATHODES NI: 99.990%,新品目通道历史回补【#45】,新品目通道历史回补【#45】,7043,79.2242,,NC228
7043,精炼镍,2025-04-26,2025-04,PT ETERNAL NICKEL INDUSTRY,PT ETERNAL NICKEL INDUSTRY,IWIP(Weda Bay),Weda,SINGHANIA RESOURCES PRIVATE LIMITED,India,Mundra,75021000,49.3608,99.99,99,HS750210 Ni≥99% 产品标准(口径#44),48.87,731453.01,14818,14968,NICKEL CATHODES NI: 99.990%,新品目通道历史回补【#45】,新品目通道历史回补【#45】,7044,49.3608,,RC049
7044,精炼镍,2025-04-26,2025-04,PT ETERNAL NICKEL INDUSTRY,PT ETERNAL NICKEL INDUSTRY,IWIP(Weda Bay),Weda,HANSMET CO,South Korea,Incheon,75021000,19.632,99.99,99,HS750210 Ni≥99% 产品标准(口径#44),19.44,290916.79,14818,14968,NICKEL CATHODES NI: 99.990%,新品目通道历史回补【#45】,新品目通道历史回补【#45】,7045,19.632,,RC007
7045,精炼镍,2025-04-26,2025-04,PT ETERNAL NICKEL INDUSTRY,PT ETERNAL NICKEL INDUSTRY,IWIP(Weda Bay),Weda,ACCESS WORLD KAOHSIUNG LTD,"Taiwan, China",Kaohsiung,75021000,98.9656,99.99,99,HS750210 Ni≥99% 产品标准(口径#44),97.98,1466521.74,14818,14968,NICKEL CATHODES NI: 99.990%,新品目通道历史回补【#45】,新品目通道历史回补【#45】,7046,98.9656,,RC017
7046,精炼镍,2025-04-26,2025-04,PT ETERNAL NICKEL INDUSTRY,PT ETERNAL NICKEL INDUSTRY,IWIP(Weda Bay),Weda,STAR EXPORTS,South Korea,Busan (ex Pusan),75021000,25.3782,99.99,99,HS750210 Ni≥99% 产品标准(口径#44),25.12,376066.86,14819,14968,NICKEL CATHODES NI: 99.990%,新品目通道历史回补【#45】,新品目通道历史回补【#45】,7047,25.3782,,NC227
7047,精炼镍,2025-04-26,2025-04,PT ETERNAL NICKEL INDUSTRY,PT ETERNAL NICKEL INDUSTRY,IWIP(Weda Bay),Weda,TAE EU WAREHOUSING KOREA CO LTD,South Korea,Busan (ex Pusan),75021000,122.8288,99.99,99,HS750210 Ni≥99% 产品标准(口径#44),121.6,1820138.57,14818,14968,NICKEL CATHODES NI: 99.990%,新品目通道历史回补【#45】,新品目通道历史回补【#45】,7048,122.8288,,RC004
7094,精炼镍,2025-05-01,2025-05,PT CNGR DING XING NEW ENERGY,PT CNGR DING XING NEW ENERGY,IMIP(Morowali),Bahudopi,SEAH MNS CORP,South Korea,Busan (ex Pusan),75021000,40,,99,HS750210 Ni≥99% 产品标准(口径#44),39.6,649340.8,16234,16397,ELECTROLYTIC NICKEL,新品目通道历史回补【#45】,新品目通道历史回补【#45】,7095,40,,RC050
7151,硫酸镍,2025-05-06,2025-05,PT INDONESIA SERVICE PROVIDER,PT INDONESIA SERVICE PROVIDER,"IMIP(出口代理,Bahodopi)",Bahudopi,RICH FORTUNE INT L INDUSTRIAL LIMITED,China,Wuhan,28332400,1200,,22.2,化学计量(NiSO4·6H2O 22.2%),266.4,3833481.88,3195,14390,NICKEL SULFATE HEXAHYDRATE,,中间品矩阵(75章+720150等),7152,0,跨抬头同票特征候选；参考合计仅保留IQEM行，原记录保留,B042
7152,硫酸镍,2025-05-06,2025-05,PT INDONESIA QINGMEI ENERGY MATERIALS,INDONESIA QINGMEI ENERGY MATERIALS,,Bahudopi,RICH FORTUNE INT L INDUSTRIAL LIMITED,China,Wuhan,28332400,1200,,22.2,化学计量(NiSO4·6H2O 22.2%),266.4,3833481.88,3195,14390,NICKEL SULFATE HEXAHYDRATE,全历史档并集补票【#65】；币种人民币(源已折美元@7.22),中间品矩阵(75章+720150等),7153,1200,跨抬头同票特征候选；参考合计仅保留IQEM行，原记录保留,B042
7165,精炼镍,2025-05-07,2025-05,PT CNGR DING XING NEW ENERGY,PT CNGR DING XING NEW ENERGY,IMIP(Morowali),Bahudopi,TRAXYS EUROPE S A,Singapore,Singapore,75021000,101.9306,,99,HS750210 Ni≥99% 产品标准(口径#44),100.91,1544656.31,15154,15307,ELECTROLYTIC NICKEL,新品目通道历史回补【#45】,新品目通道历史回补【#45】,7166,101.9306,,RC052
7166,精炼镍,2025-05-07,2025-05,PT CNGR DING XING NEW ENERGY,PT CNGR DING XING NEW ENERGY,IMIP(Morowali),Bahudopi,"C. Steinweg Logistics (Shanghai Waigaoqiao Bonded Logistics Zone) Co., Ltd.",China,Shanghai,75021000,501.0819,,99,HS750210 Ni≥99% 产品标准(口径#44),496.07,7574604.54,15116,15269,ELECTROLYTIC NICKEL,新品目通道历史回补【#45】,新品目通道历史回补【#45】,7167,501.0819,,NC019
7167,精炼镍,2025-05-07,2025-05,PT CNGR DING XING NEW ENERGY,PT CNGR DING XING NEW ENERGY,IMIP(Morowali),Bahudopi,C STEINWEG ASIA PTE LTD,Singapore,Singapore,75021000,101.971,,99,HS750210 Ni≥99% 产品标准(口径#44),100.95,1545268.53,15154,15307,ELECTROLYTIC NICKEL,新品目通道历史回补【#45】,新品目通道历史回补【#45】,7168,101.971,,RC024
7168,精炼镍,2025-05-07,2025-05,PT CNGR DING XING NEW ENERGY,PT CNGR DING XING NEW ENERGY,IMIP(Morowali),Bahudopi,"China Ordins Group Co., Ltd.",China,Huangpu,75021000,299.76,,99,HS750210 Ni≥99% 产品标准(口径#44),296.76,4531322.04,15117,15269,ELECTROLYTIC NICKEL,新品目通道历史回补【#45】,新品目通道历史回补【#45】,7169,299.76,,RC039
7169,精炼镍,2025-05-07,2025-05,PT CNGR DING XING NEW ENERGY,PT CNGR DING XING NEW ENERGY,IMIP(Morowali),Bahudopi,C STEINWEG ASIA PTE LTD,Singapore,Singapore,75021000,101.936,,99,HS750210 Ni≥99% 产品标准(口径#44),100.92,1544738.14,15154,15307,ELECTROLYTIC NICKEL,新品目通道历史回补【#45】,新品目通道历史回补【#45】,7170,101.936,,RC024
7170,精炼镍,2025-05-07,2025-05,PT CNGR DING XING NEW ENERGY,PT CNGR DING XING NEW ENERGY,IMIP(Morowali),Bahudopi,WPC LOGISTICS S PTE LTD,Singapore,Singapore,75021000,10,,99,HS750210 Ni≥99% 产品标准(口径#44),9.9,154470,15447,15603,ELECTROLYTIC NICKEL,新品目通道历史回补【#45】,新品目通道历史回补【#45】,7171,10,,RC053
7183,硫酸镍,2025-05-10,2025-05,PT HALMAHERA PERSADA LYGEND,PT HALMAHERA PERSADA LYGEND,Obi(Harita),Obi Island,"Ningbo Lygend Wisdom Co., Ltd.",China,Zhapu,28332400,5460,,22.2,化学计量(NiSO4·6H2O 22.2%),1212.12,16171264,2962,13341,NICKEL SULFATE,,中间品矩阵(75章+720150等),7184,5460,,NC162
7184,硫酸镍,2025-05-10,2025-05,PT HALMAHERA PERSADA LYGEND,PT HALMAHERA PERSADA LYGEND,Obi(Harita),Obi Island,"Ningbo Lygend Wisdom Co., Ltd.",China,Zhapu,28332400,2260,,22.2,化学计量(NiSO4·6H2O 22.2%),501.72,6693600,2962,13341,NICKEL SULFATE,,中间品矩阵(75章+720150等),7185,2260,,NC162
7185,精炼镍,2025-05-10,2025-05,PT CNGR DING XING NEW ENERGY,PT CNGR DING XING NEW ENERGY,IMIP(Morowali),Bahudopi,HANWA CO LTD,Japan,Yokohama,75021000,40,,99,HS750210 Ni≥99% 产品标准(口径#44),39.6,615540,15389,15544,ELECTROLYTIC NICKEL,新品目通道历史回补【#45】,新品目通道历史回补【#45】,7186,40,,MC045
7186,精炼镍,2025-05-10,2025-05,PT CNGR DING XING NEW ENERGY,PT CNGR DING XING NEW ENERGY,IMIP(Morowali),Bahudopi,HANWA CO LTD,Japan,"Nagoya, Aichi",75021000,40,,99,HS750210 Ni≥99% 产品标准(口径#44),39.6,615540,15389,15544,ELECTROLYTIC NICKEL,新品目通道历史回补【#45】,新品目通道历史回补【#45】,7187,40,,MC045
7187,精炼镍,2025-05-10,2025-05,PT CNGR DING XING NEW ENERGY,PT CNGR DING XING NEW ENERGY,IMIP(Morowali),Bahudopi,PGS EAST ASIA PTE LTD,Singapore,Singapore,75021000,204.06,,99,HS750210 Ni≥99% 产品标准(口径#44),202.02,3092325.24,15154,15307,ELECTROLYTIC NICKEL,新品目通道历史回补【#45】,新品目通道历史回补【#45】,7188,204.06,,RC033
7188,精炼镍,2025-05-10,2025-05,PT CNGR DING XING NEW ENERGY,PT CNGR DING XING NEW ENERGY,IMIP(Morowali),Bahudopi,HONGKONG KINCO INTERNATIONAL DEVELOPMENT CO LIMITED,China,Huangpu,75021000,299.9113,,99,HS750210 Ni≥99% 产品标准(口径#44),296.91,4544855.84,15154,15307,ELECTROLYTIC NICKEL,新品目通道历史回补【#45】,新品目通道历史回补【#45】,7189,299.9113,,RC040
7189,精炼镍,2025-05-10,2025-05,PT CNGR DING XING NEW ENERGY,PT CNGR DING XING NEW ENERGY,IMIP(Morowali),Bahudopi,TRAXYS EUROPE S A,Singapore,Singapore,75021000,300.0544,,99,HS750210 Ni≥99% 产品标准(口径#44),297.05,4547024.38,15154,15307,ELECTROLYTIC NICKEL,新品目通道历史回补【#45】,新品目通道历史回补【#45】,7190,300.0544,,RC052
7219,硫酸镍,2025-05-14,2025-05,PT INDONESIA SERVICE PROVIDER,PT INDONESIA SERVICE PROVIDER,"IMIP(出口代理,Bahodopi)",Bahudopi,BLUESTONE SPECIALTY CHEMICALS LLC,United States,Chicago,28332400,4,,22.2,化学计量(NiSO4·6H2O 22.2%),0.89,14400,3600,16216,NICKEL SULFATE HEXAHYDRATE,,中间品矩阵(75章+720150等),7220,0,跨抬头同票特征候选；参考合计仅保留IQEM行，原记录保留,RC054
7220,硫酸镍,2025-05-14,2025-05,PT INDONESIA QINGMEI ENERGY MATERIALS,INDONESIA QINGMEI ENERGY MATERIALS,,Bahudopi,BLUESTONE SPECIALTY CHEMICALS LLC,United States,Chicago,28332400,4,,22.2,化学计量(NiSO4·6H2O 22.2%),0.89,14400,3600,16216,NICKEL SULFATE HEXAHYDRATE,全历史档并集补票【#65】,中间品矩阵(75章+720150等),7221,4,跨抬头同票特征候选；参考合计仅保留IQEM行，原记录保留,RC054
7228,精炼镍,2025-05-15,2025-05,PT ETERNAL NICKEL INDUSTRY,PT ETERNAL NICKEL INDUSTRY,IWIP(Weda Bay),Weda,KOTHARI METALS LTD,India,Jawaharlal Nehru (Nhava S,75021000,49.6176,99.99,99,HS750210 Ni≥99% 产品标准(口径#44),49.12,737916.92,14872,15022,NICKEL CATHODES NI: 99.990%,新品目通道历史回补【#45】,新品目通道历史回补【#45】,7229,49.6176,,NC132
7229,精炼镍,2025-05-15,2025-05,PT ETERNAL NICKEL INDUSTRY,PT ETERNAL NICKEL INDUSTRY,IWIP(Weda Bay),Weda,H AND M METAL WAREHOUSING KOREA CO LTD,South Korea,Busan (ex Pusan),75021000,99.0653,99.99,99,HS750210 Ni≥99% 产品标准(口径#44),98.07,1473307.07,14872,15022,NICKEL CATHODES NI: 99.990%,新品目通道历史回补【#45】,新品目通道历史回补【#45】,7230,99.0653,,RC011
7230,精炼镍,2025-05-15,2025-05,PT ETERNAL NICKEL INDUSTRY,PT ETERNAL NICKEL INDUSTRY,IWIP(Weda Bay),Weda,STEINWEG DISTRIPARK BUSAN CO LTD,South Korea,Busan (ex Pusan),75021000,311.8132,99.99,99,HS750210 Ni≥99% 产品标准(口径#44),308.7,4586616.27,14710,14858,NICKEL CATHODES NI: 99.990%,新品目通道历史回补【#45】,新品目通道历史回补【#45】,7231,311.8132,,RC055
7231,精炼镍,2025-05-15,2025-05,PT ETERNAL NICKEL INDUSTRY,PT ETERNAL NICKEL INDUSTRY,IWIP(Weda Bay),Weda,ACCESS WORLD KAOHSIUNG LTD,"Taiwan, China",Kaohsiung,75021000,98.9044,99.99,99,HS750210 Ni≥99% 产品标准(口径#44),97.92,1470914.15,14872,15022,NICKEL CATHODES NI: 99.990%,新品目通道历史回补【#45】,新品目通道历史回补【#45】,7232,98.9044,,RC017
7232,精炼镍,2025-05-15,2025-05,PT ETERNAL NICKEL INDUSTRY,PT ETERNAL NICKEL INDUSTRY,IWIP(Weda Bay),Weda,KOREA NON FERROUS METALS CO,South Korea,Incheon,75021000,79.3962,99.99,99,HS750210 Ni≥99% 产品标准(口径#44),78.6,1180786.64,14872,15022,NICKEL CATHODES NI: 99.990%,新品目通道历史回补【#45】,新品目通道历史回补【#45】,7233,79.3962,,RC009
7249,硫酸镍,2025-05-17,2025-05,PT HALMAHERA PERSADA LYGEND,PT HALMAHERA PERSADA LYGEND,Obi(Harita),Obi Island,"Ningbo Lygend Wisdom Co., Ltd.",China,Zhapu,28332400,1420,,22.2,化学计量(NiSO4·6H2O 22.2%),315.24,4157291,2928,13188,NICKEL SULFATE,同日同额拆单(tradeId不同，非重复),中间品矩阵(75章+720150等),7250,1420,,NC162
7250,硫酸镍,2025-05-17,2025-05,PT HALMAHERA PERSADA LYGEND,PT HALMAHERA PERSADA LYGEND,Obi(Harita),Obi Island,"Ningbo Lygend Wisdom Co., Ltd.",China,Zhapu,28332400,1420,,22.2,化学计量(NiSO4·6H2O 22.2%),315.24,4157291,2928,13188,NICKEL SULFATE,同日同额拆单(tradeId不同，非重复),中间品矩阵(75章+720150等),7251,1420,,NC162
7279,精炼镍,2025-05-21,2025-05,PT CNGR DING XING NEW ENERGY,PT CNGR DING XING NEW ENERGY,IMIP(Morowali),Bahudopi,"China Ordins Group Co., Ltd.",China,NINGBO,75021000,59.8884,,99,HS750210 Ni≥99% 产品标准(口径#44),59.29,907878.2,15160,15313,ELECTROLYTIC NICKEL,新品目通道历史回补【#45】,新品目通道历史回补【#45】,7280,59.8884,,RC039
7280,精炼镍,2025-05-21,2025-05,PT CNGR DING XING NEW ENERGY,PT CNGR DING XING NEW ENERGY,IMIP(Morowali),Bahudopi,"China Ordins Group Co., Ltd.",China,NINGBO,75021000,299.6776,,99,HS750210 Ni≥99% 产品标准(口径#44),296.68,4542962.58,15160,15313,ELECTROLYTIC NICKEL,新品目通道历史回补【#45】,新品目通道历史回补【#45】,7281,299.6776,,RC039
7302,精炼镍,2025-05-23,2025-05,PT CNGR DING XING NEW ENERGY,PT CNGR DING XING NEW ENERGY,IMIP(Morowali),Bahudopi,C STEINWEG ASIA PTE LTD,Singapore,SINGAPORE,75021000,101.9662,,99,HS750210 Ni≥99% 产品标准(口径#44),100.95,1545195.79,15154,15307,ELECTROLYTIC NICKEL,新品目通道历史回补【#45】,新品目通道历史回补【#45】,7303,101.9662,,RC024
7303,精炼镍,2025-05-23,2025-05,PT CNGR DING XING NEW ENERGY,PT CNGR DING XING NEW ENERGY,IMIP(Morowali),Bahudopi,C STEINWEG ASIA PTE LTD,Singapore,SINGAPORE,75021000,102.0182,,99,HS750210 Ni≥99% 产品标准(口径#44),101,1545983.8,15154,15307,ELECTROLYTIC NICKEL,新品目通道历史回补【#45】,新品目通道历史回补【#45】,7304,102.0182,,RC024
7304,精炼镍,2025-05-23,2025-05,PT CNGR DING XING NEW ENERGY,PT CNGR DING XING NEW ENERGY,IMIP(Morowali),Bahudopi,"China Ordins Group Co., Ltd.",China,Qinzhou,75021000,503.6092,,99,HS750210 Ni≥99% 产品标准(口径#44),498.57,7631693.82,15154,15307,ELECTROLYTIC NICKEL,新品目通道历史回补【#45】,新品目通道历史回补【#45】,7305,503.6092,,RC039
7305,精炼镍,2025-05-23,2025-05,PT CNGR DING XING NEW ENERGY,PT CNGR DING XING NEW ENERGY,IMIP(Morowali),Bahudopi,TOYOTA TUSHO MATERIAL INCORPORATED,Japan,Chuo-ku/Tokyo,75021000,20,,99,HS750210 Ni≥99% 产品标准(口径#44),19.8,308940,15447,15603,ELECTROLYTIC NICKEL,新品目通道历史回补【#45】,新品目通道历史回补【#45】,7306,20,,RC056
7306,精炼镍,2025-05-23,2025-05,PT CNGR DING XING NEW ENERGY,PT CNGR DING XING NEW ENERGY,IMIP(Morowali),Bahudopi,TOYOTA TUSHO MATERIAL INCORPORATED,Japan,Osaka,75021000,40,,99,HS750210 Ni≥99% 产品标准(口径#44),39.6,615320,15383,15538,ELECTROLYTIC NICKEL,新品目通道历史回补【#45】,新品目通道历史回补【#45】,7307,40,,RC056
7307,精炼镍,2025-05-23,2025-05,PT CNGR DING XING NEW ENERGY,PT CNGR DING XING NEW ENERGY,IMIP(Morowali),Bahudopi,PGS EAST ASIA PTE LTD,Singapore,SINGAPORE,75021000,204.2638,,99,HS750210 Ni≥99% 产品标准(口径#44),202.22,3095413.63,15154,15307,ELECTROLYTIC NICKEL,新品目通道历史回补【#45】,新品目通道历史回补【#45】,7308,204.2638,,RC033
7368,精炼镍,2025-05-28,2025-05,PT CNGR DING XING NEW ENERGY,PT CNGR DING XING NEW ENERGY,IMIP(Morowali),Bahudopi,SUZUKI SANGYO KABUSHIKI GAISHA,Japan,Yokohama,75021000,25.2172,,99,HS750210 Ni≥99% 产品标准(口径#44),24.97,381195.8,15116,15269,ELECTROLYTIC NICKEL,新品目通道历史回补【#45】,新品目通道历史回补【#45】,7369,25.2172,,RC016
7369,精炼镍,2025-05-28,2025-05,PT CNGR DING XING NEW ENERGY,PT CNGR DING XING NEW ENERGY,IMIP(Morowali),Bahudopi,"China Ordins Group Co., Ltd.",China,NINGBO,75021000,100.6245,,99,HS750210 Ni≥99% 产品标准(口径#44),99.62,1521090.25,15116,15269,ELECTROLYTIC NICKEL,新品目通道历史回补【#45】,新品目通道历史回补【#45】,7370,100.6245,,RC039
7370,精炼镍,2025-05-28,2025-05,PT CNGR DING XING NEW ENERGY,PT CNGR DING XING NEW ENERGY,IMIP(Morowali),Bahudopi,STEINWEG SHARAF INDIA PRIVATE LIMITED,India,Mundra,75021000,250.9419,,99,HS750210 Ni≥99% 产品标准(口径#44),248.43,3793363.23,15116,15269,ELECTROLYTIC NICKEL,新品目通道历史回补【#45】,新品目通道历史回补【#45】,7371,250.9419,,NC228
7371,精炼镍,2025-05-28,2025-05,PT CNGR DING XING NEW ENERGY,PT CNGR DING XING NEW ENERGY,IMIP(Morowali),Bahudopi,HANWA CO LTD,Japan,"Nagoya, Aichi",75021000,40.4661,,99,HS750210 Ni≥99% 产品标准(口径#44),40.06,622348.38,15379,15535,ELECTROLYTIC NICKEL,新品目通道历史回补【#45】,新品目通道历史回补【#45】,7372,40.4661,,MC045
7372,精炼镍,2025-05-28,2025-05,PT CNGR DING XING NEW ENERGY,PT CNGR DING XING NEW ENERGY,IMIP(Morowali),Bahudopi,HANSMET CO,South Korea,Incheon,75021000,20,,99,HS750210 Ni≥99% 产品标准(口径#44),19.8,307840,15392,15547,ELECTROLYTIC NICKEL,新品目通道历史回补【#45】,新品目通道历史回补【#45】,7373,20,,RC007
7373,精炼镍,2025-05-28,2025-05,PT CNGR DING XING NEW ENERGY,PT CNGR DING XING NEW ENERGY,IMIP(Morowali),Bahudopi,HANSMET CO,South Korea,Incheon,75021000,19.7169,,99,HS750210 Ni≥99% 产品标准(口径#44),19.52,297473.31,15087,15240,ELECTROLYTIC NICKEL,新品目通道历史回补【#45】,新品目通道历史回补【#45】,7374,19.7169,,RC007
7374,精炼镍,2025-05-28,2025-05,PT CNGR DING XING NEW ENERGY,PT CNGR DING XING NEW ENERGY,IMIP(Morowali),Bahudopi,"China Ordins Group Co., Ltd.",China,Shanghai,75021000,250.7119,,99,HS750210 Ni≥99% 产品标准(口径#44),248.2,3789886.44,15117,15269,ELECTROLYTIC NICKEL,新品目通道历史回补【#45】,新品目通道历史回补【#45】,7375,250.7119,,RC039
7375,精炼镍,2025-05-28,2025-05,PT CNGR DING XING NEW ENERGY,PT CNGR DING XING NEW ENERGY,IMIP(Morowali),Bahudopi,ACCESS WORLD KAOHSIUNG LTD C O FORMOSA LOGISTICS CORP,"Taiwan, China",Kaohsiung,75021000,124.6547,,99,HS750210 Ni≥99% 产品标准(口径#44),123.41,1884342.77,15116,15269,ELECTROLYTIC NICKEL,新品目通道历史回补【#45】,新品目通道历史回补【#45】,7376,124.6547,,RC023
7388,精炼镍,2025-05-29,2025-05,PT CNGR DING XING NEW ENERGY,PT CNGR DING XING NEW ENERGY,IMIP(Morowali),Bahudopi,SEAH MNS CORP,South Korea,Busan (ex Pusan),75021000,60,,99,HS750210 Ni≥99% 产品标准(口径#44),59.4,923310,15389,15544,ELECTROLYTIC NICKEL,新品目通道历史回补【#45】,新品目通道历史回补【#45】,7389,60,,RC050
7389,精炼镍,2025-05-29,2025-05,PT CNGR DING XING NEW ENERGY,PT CNGR DING XING NEW ENERGY,IMIP(Morowali),Bahudopi,HONG KONG RUI PU CO LIMITED,China,Xiamen,75021000,200.9536,,99,HS750210 Ni≥99% 产品标准(口径#44),198.94,3068630.12,15270,15425,ELECTROLYTIC NICKEL,新品目通道历史回补【#45】,新品目通道历史回补【#45】,7390,200.9536,,B038
7390,精炼镍,2025-05-29,2025-05,PT CNGR DING XING NEW ENERGY,PT CNGR DING XING NEW ENERGY,IMIP(Morowali),Bahudopi,HONG KONG RUI PU CO LIMITED,China,Xiamen,75021000,150.1962,,99,HS750210 Ni≥99% 产品标准(口径#44),148.69,2276899.29,15159,15313,ELECTROLYTIC NICKEL,新品目通道历史回补【#45】,新品目通道历史回补【#45】,7391,150.1962,,B038
7391,精炼镍,2025-05-29,2025-05,PT CNGR DING XING NEW ENERGY,PT CNGR DING XING NEW ENERGY,IMIP(Morowali),Bahudopi,SEAH MNS CORP,South Korea,Busan (ex Pusan),75021000,20,,99,HS750210 Ni≥99% 产品标准(口径#44),19.8,307770,15389,15544,ELECTROLYTIC NICKEL,新品目通道历史回补【#45】,新品目通道历史回补【#45】,7392,20,,RC050
7395,精炼镍,2025-05-30,2025-05,PT CNGR DING XING NEW ENERGY,PT CNGR DING XING NEW ENERGY,IMIP(Morowali),Bahudopi,WALSIN LIHWA CORPORATION,"Taiwan, China",Kaohsiung,75021000,40.2403,,99,HS750210 Ni≥99% 产品标准(口径#44),39.84,578438.35,14375,14520,ELECTROLYTIC NICKEL,新品目通道历史回补【#45】,新品目通道历史回补【#45】,7396,40.2403,,B035
7412,硫酸镍,2025-05-31,2025-05,PT HALMAHERA PERSADA LYGEND,PT HALMAHERA PERSADA LYGEND,Obi(Harita),Obi Island,"Ningbo Lygend Wisdom Co., Ltd.",China,Zhapu,28332400,3760,,22.2,化学计量(NiSO4·6H2O 22.2%),834.72,11177089,2973,13390,NICKEL SULFATE,,中间品矩阵(75章+720150等),7413,3760,,NC162
7413,硫酸镍,2025-05-31,2025-05,PT HALMAHERA PERSADA LYGEND,PT HALMAHERA PERSADA LYGEND,Obi(Harita),Obi Island,"Ningbo Lygend Wisdom Co., Ltd.",China,Zhapu,28332400,3740,,22.2,化学计量(NiSO4·6H2O 22.2%),830.28,11117636,2973,13390,NICKEL SULFATE,,中间品矩阵(75章+720150等),7414,3740,,NC162
7414,精炼镍,2025-05-31,2025-05,PT ETERNAL NICKEL INDUSTRY,PT ETERNAL NICKEL INDUSTRY,IWIP(Weda Bay),Weda,C STEINWEG DISTRIPARK BUSAN CO LTD,South Korea,Busan (ex Pusan),75021000,360.2362,99.99,99,HS750210 Ni≥99% 产品标准(口径#44),356.63,5357461.59,14872,15022,NICKEL CATHODES NI: 99.990%,新品目通道历史回补【#45】,新品目通道历史回补【#45】,7415,360.2362,,RC057
7415,精炼镍,2025-05-31,2025-05,PT ETERNAL NICKEL INDUSTRY,PT ETERNAL NICKEL INDUSTRY,IWIP(Weda Bay),Weda,HANSMET CO,South Korea,Incheon,75021000,19.7594,99.99,99,HS750210 Ni≥99% 产品标准(口径#44),19.56,293863.38,14872,15022,NICKEL CATHODES NI: 99.990%,新品目通道历史回补【#45】,新品目通道历史回补【#45】,7416,19.7594,,RC007
7424,精炼镍,2025-06-01,2025-06,PT ETERNAL NICKEL INDUSTRY,PT ETERNAL NICKEL INDUSTRY,IWIP(Weda Bay),Weda,IXM S A,China,Huangpu,75021000,509.1905,99.99,99,HS750210 Ni≥99% 产品标准(口径#44),504.1,7572721.85,14872,15022,NICKEL CATHODES NI: 99.990%,新品目通道历史回补【#45】,新品目通道历史回补【#45】,7425,509.1905,,NC111
7425,精炼镍,2025-06-01,2025-06,PT ETERNAL NICKEL INDUSTRY,PT ETERNAL NICKEL INDUSTRY,IWIP(Weda Bay),Weda,KOREA NON FERROUS METALS CO,South Korea,Incheon,75021000,78.0506,99.99,99,HS750210 Ni≥99% 产品标准(口径#44),77.27,1160774.77,14872,15022,NICKEL CATHODES NI: 99.990%,新品目通道历史回补【#45】,新品目通道历史回补【#45】,7426,78.0506,,RC009
7426,精炼镍,2025-06-01,2025-06,PT ETERNAL NICKEL INDUSTRY,PT ETERNAL NICKEL INDUSTRY,IWIP(Weda Bay),Weda,C STEINWEG DISTRIPARK BUSAN CO LTD,South Korea,Busan (ex Pusan),75021000,282.6249,99.99,99,HS750210 Ni≥99% 产品标准(口径#44),279.8,4203220.12,14872,15022,NICKEL CATHODES NI: 99.990%,新品目通道历史回补【#45】,新品目通道历史回补【#45】,7427,282.6249,,RC057
7427,精炼镍,2025-06-01,2025-06,PT ETERNAL NICKEL INDUSTRY,PT ETERNAL NICKEL INDUSTRY,IWIP(Weda Bay),Weda,STEINWEG SHARAF INDIA PRIVATE LIMITED,India,Jawaharlal Nehru (Nhava S,75021000,79.5944,99.99,99,HS750210 Ni≥99% 产品标准(口径#44),78.8,1183734.28,14872,15022,NICKEL CATHODES NI: 99.990%,新品目通道历史回补【#45】,新品目通道历史回补【#45】,7428,79.5944,,NC228
7428,精炼镍,2025-06-01,2025-06,PT ETERNAL NICKEL INDUSTRY,PT ETERNAL NICKEL INDUSTRY,IWIP(Weda Bay),Weda,C STEINWEG DISTRIPARK BUSAN CO LTD,South Korea,Busan (ex Pusan),75021000,6.0268,99.99,99,HS750210 Ni≥99% 产品标准(口径#44),5.97,88651.21,14709,14858,NICKEL CATHODES NI: 99.990%,新品目通道历史回补【#45】,新品目通道历史回补【#45】,7429,6.0268,,RC057
7429,精炼镍,2025-06-01,2025-06,PT ETERNAL NICKEL INDUSTRY,PT ETERNAL NICKEL INDUSTRY,IWIP(Weda Bay),Weda,C STEINWEG DISTRIPARK BUSAN CO LTD,South Korea,Busan (ex Pusan),75021000,287.8877,99.99,99,HS750210 Ni≥99% 产品标准(口径#44),285.01,4234684.12,14709,14858,NICKEL CATHODES NI: 99.990%,新品目通道历史回补【#45】,新品目通道历史回补【#45】,7430,287.8877,,RC057
7430,精炼镍,2025-06-01,2025-06,PT ETERNAL NICKEL INDUSTRY,PT ETERNAL NICKEL INDUSTRY,IWIP(Weda Bay),Weda,"C. Steinweg Logistics (Shanghai Waigaoqiao Bonded Logistics Zone) Co., Ltd.",China,Shanghai,75021000,124.6212,99.99,99,HS750210 Ni≥99% 产品标准(口径#44),123.37,1853376.46,14872,15022,NICKEL CATHODES NI: 99.990%,新品目通道历史回补【#45】,新品目通道历史回补【#45】,7431,124.6212,,NC019
7431,精炼镍,2025-06-01,2025-06,PT ETERNAL NICKEL INDUSTRY,PT ETERNAL NICKEL INDUSTRY,IWIP(Weda Bay),Weda,HANSMET CO,South Korea,Incheon,75021000,19.3432,99.99,99,HS750210 Ni≥99% 产品标准(口径#44),19.15,280542.94,14503,14650,NICKEL CATHODES NI: 99.990%,新品目通道历史回补【#45】,新品目通道历史回补【#45】,7432,19.3432,,RC007
7463,硫酸镍,2025-06-06,2025-06,PT HALMAHERA PERSADA LYGEND,PT HALMAHERA PERSADA LYGEND,Obi(Harita),Obi Island,"Ningbo Lygend Wisdom Co., Ltd.",China,Zhapu,28332400,2480,,22.2,化学计量(NiSO4·6H2O 22.2%),550.56,7310494,2948,13278,NICKEL SULFATE,,中间品矩阵(75章+720150等),7464,2480,,NC162
7464,硫酸镍,2025-06-06,2025-06,PT HALMAHERA PERSADA LYGEND,PT HALMAHERA PERSADA LYGEND,Obi(Harita),Obi Island,"Ningbo Lygend Wisdom Co., Ltd.",China,Zhapu,28332400,1220,,22.2,化学计量(NiSO4·6H2O 22.2%),270.84,3596292,2948,13278,NICKEL SULFATE,,中间品矩阵(75章+720150等),7465,1220,,NC162
7506,精炼镍,2025-06-12,2025-06,PT ETERNAL NICKEL INDUSTRY,PT ETERNAL NICKEL INDUSTRY,IWIP(Weda Bay),Weda,"C. Steinweg Logistics (Shanghai Waigaoqiao Bonded Logistics Zone) Co., Ltd.",China,Shanghai,75021000,370.8435,99.99,99,HS750210 Ni≥99% 产品标准(口径#44),367.14,5497662.18,14825,14974,NICKEL CATHODES NI: 99.990%,新品目通道历史回补【#45】,新品目通道历史回补【#45】,7507,370.8435,,NC019
7507,精炼镍,2025-06-12,2025-06,PT ETERNAL NICKEL INDUSTRY,PT ETERNAL NICKEL INDUSTRY,IWIP(Weda Bay),Weda,HONGKONG KINCO INTERNATIONAL DEVELOPMENT CO LIMITED,China,Shanghai,75021000,442.5226,99.99,99,HS750210 Ni≥99% 产品标准(口径#44),438.1,6560286.91,14825,14974,NICKEL CATHODES NI: 99.990%,新品目通道历史回补【#45】,新品目通道历史回补【#45】,7508,442.5226,,RC040
7508,精炼镍,2025-06-12,2025-06,PT ETERNAL NICKEL INDUSTRY,PT ETERNAL NICKEL INDUSTRY,IWIP(Weda Bay),Weda,ACCESS WORLD KAOHSIUNG LTD,"Taiwan, China",Kaohsiung,75021000,436.8142,99.99,99,HS750210 Ni≥99% 产品标准(口径#44),432.45,6475661.31,14825,14974,NICKEL CATHODES NI: 99.990%,新品目通道历史回补【#45】,新品目通道历史回补【#45】,7509,436.8142,,RC017
7519,精炼镍,2025-06-13,2025-06,PT CNGR DING XING NEW ENERGY,PT CNGR DING XING NEW ENERGY,IMIP(Morowali),Bahudopi,"China Ordins Group Co., Ltd.",China,Huangpu,75021000,299.6232,,99,HS750210 Ni≥99% 产品标准(口径#44),296.63,4540489.97,15154,15307,ELECTROLYTIC NICKEL,新品目通道历史回补【#45】,新品目通道历史回补【#45】,7520,299.6232,,RC039
7520,精炼镍,2025-06-13,2025-06,PT CNGR DING XING NEW ENERGY,PT CNGR DING XING NEW ENERGY,IMIP(Morowali),Bahudopi,TOYOTA TUSHO MATERIAL INCORPORATED SYMPHONY TOYOTA BLDG,Japan,Chuo-ku/Tokyo,75021000,40,,99,HS750210 Ni≥99% 产品标准(口径#44),39.6,617880,15447,15603,ELECTROLYTIC NICKEL,新品目通道历史回补【#45】,新品目通道历史回补【#45】,7521,40,,RC058
7521,精炼镍,2025-06-13,2025-06,PT CNGR DING XING NEW ENERGY,PT CNGR DING XING NEW ENERGY,IMIP(Morowali),Bahudopi,HONGKONG KINCO INTERNATIONAL DEVELOPMENT CO LIMITED,China,Shanghai,75021000,250.4207,,99,HS750210 Ni≥99% 产品标准(口径#44),247.92,3785484.51,15116,15269,ELECTROLYTIC NICKEL,新品目通道历史回补【#45】,新品目通道历史回补【#45】,7522,250.4207,,RC040
7522,精炼镍,2025-06-13,2025-06,PT CNGR DING XING NEW ENERGY,PT CNGR DING XING NEW ENERGY,IMIP(Morowali),Bahudopi,TOYOTA TUSHO MATERIAL INCORPORATED SYMPHONY TOYOTA BLDG,Japan,Osaka,75021000,60,,99,HS750210 Ni≥99% 产品标准(口径#44),59.4,926820,15447,15603,ELECTROLYTIC NICKEL,新品目通道历史回补【#45】,新品目通道历史回补【#45】,7523,60,,RC058
7523,精炼镍,2025-06-13,2025-06,PT CNGR DING XING NEW ENERGY,PT CNGR DING XING NEW ENERGY,IMIP(Morowali),Bahudopi,HONGKONG KINCO INTERNATIONAL DEVELOPMENT CO LIMITED,China,Qinzhou,75021000,503.4521,,99,HS750210 Ni≥99% 产品标准(口径#44),498.42,7629313.12,15154,15307,ELECTROLYTIC NICKEL,新品目通道历史回补【#45】,新品目通道历史回补【#45】,7524,503.4521,,RC040
7532,精炼镍,2025-06-14,2025-06,PT CNGR DING XING NEW ENERGY,PT CNGR DING XING NEW ENERGY,IMIP(Morowali),Bahudopi,HANWA CO LTD,Japan,Yokohama,75021000,40.5993,,99,HS750210 Ni≥99% 产品标准(口径#44),40.19,620144.16,15275,15429,ELECTROLYTIC NICKEL,新品目通道历史回补【#45】,新品目通道历史回补【#45】,7533,40.5993,,MC045
7533,精炼镍,2025-06-14,2025-06,PT CNGR DING XING NEW ENERGY,PT CNGR DING XING NEW ENERGY,IMIP(Morowali),Bahudopi,HONGKONG KINCO INTERNATIONAL DEVELOPMENT CO LIMITED,China,Shanghai,75021000,124.2737,,99,HS750210 Ni≥99% 产品标准(口径#44),123.03,1878583.39,15117,15269,ELECTROLYTIC NICKEL,新品目通道历史回补【#45】,新品目通道历史回补【#45】,7534,124.2737,,RC040
7534,精炼镍,2025-06-14,2025-06,PT CNGR DING XING NEW ENERGY,PT CNGR DING XING NEW ENERGY,IMIP(Morowali),Bahudopi,HANWA CO LTD ADDRESS,Japan,Yokohama,75021000,80,,99,HS750210 Ni≥99% 产品标准(口径#44),79.2,1240300,15504,15660,ELECTROLYTIC NICKEL,新品目通道历史回补【#45】,新品目通道历史回补【#45】,7535,80,,RC059
7535,精炼镍,2025-06-14,2025-06,PT CNGR DING XING NEW ENERGY,PT CNGR DING XING NEW ENERGY,IMIP(Morowali),Bahudopi,"China Ordins Group Co., Ltd.",China,Shanghai,75021000,175.1219,,99,HS750210 Ni≥99% 产品标准(口径#44),173.37,2647230.2,15116,15269,ELECTROLYTIC NICKEL,新品目通道历史回补【#45】,新品目通道历史回补【#45】,7536,175.1219,,RC039
7536,精炼镍,2025-06-14,2025-06,PT CNGR DING XING NEW ENERGY,PT CNGR DING XING NEW ENERGY,IMIP(Morowali),Bahudopi,HONGKONG KINCO INTERNATIONAL DEVELOPMENT CO LIMITED,China,Shanghai,75021000,300.429,,99,HS750210 Ni≥99% 产品标准(口径#44),297.42,4552701.07,15154,15307,ELECTROLYTIC NICKEL,新品目通道历史回补【#45】,新品目通道历史回补【#45】,7537,300.429,,RC040
7555,精炼镍,2025-06-16,2025-06,PT CNGR DING XING NEW ENERGY,PT CNGR DING XING NEW ENERGY,IMIP(Morowali),Bahudopi,HONG KONG RUI PU CO LIMITED,China,Xiamen,75021000,149.7957,,99,HS750210 Ni≥99% 产品标准(口径#44),148.3,2288091.87,15275,15429,ELECTROLYTIC NICKEL,新品目通道历史回补【#45】,新品目通道历史回补【#45】,7556,149.7957,,B038
7556,精炼镍,2025-06-16,2025-06,PT CNGR DING XING NEW ENERGY,PT CNGR DING XING NEW ENERGY,IMIP(Morowali),Bahudopi,HONG KONG RUI PU CO LIMITED,China,Xiamen,75021000,201.133,,99,HS750210 Ni≥99% 产品标准(口径#44),199.12,3072256.29,15275,15429,ELECTROLYTIC NICKEL,新品目通道历史回补【#45】,新品目通道历史回补【#45】,7557,201.133,,B038
7585,硫酸镍,2025-06-19,2025-06,PT INDONESIA SERVICE PROVIDER,PT INDONESIA SERVICE PROVIDER,"IMIP(出口代理,Bahodopi)",Bahudopi,RICH FORTUNE INT L INDUSTRIAL LIMITED,China,Wuhan,28332400,1000,,22.2,化学计量(NiSO4·6H2O 22.2%),222,3281440.52,3281,14781,NICKEL SULFATE HEXAHYDRATE,,中间品矩阵(75章+720150等),7586,0,跨抬头同票特征候选；参考合计仅保留IQEM行，原记录保留,B042
7586,硫酸镍,2025-06-19,2025-06,PT INDONESIA QINGMEI ENERGY MATERIALS,INDONESIA QINGMEI ENERGY MATERIALS,,Bahudopi,RICH FORTUNE INT L INDUSTRIAL LIMITED,China,Wuhan,28332400,1000,,22.2,化学计量(NiSO4·6H2O 22.2%),222,3281440.52,3281,14781,NICKEL SULFATE HEXAHYDRATE,全历史档并集补票【#65】；币种人民币(源已折美元@7.19),中间品矩阵(75章+720150等),7587,1000,跨抬头同票特征候选；参考合计仅保留IQEM行，原记录保留,B042
7643,硫酸镍,2025-06-24,2025-06,PT HALMAHERA PERSADA LYGEND,PT HALMAHERA PERSADA LYGEND,Obi(Harita),Obi Island,"Ningbo Lygend Wisdom Co., Ltd.",China,Zhapu,28332400,5120,,22.2,化学计量(NiSO4·6H2O 22.2%),1136.64,15183104,2965,13358,NICKEL SULFATE,,中间品矩阵(75章+720150等),7644,5120,,NC162
7644,硫酸镍,2025-06-24,2025-06,PT HALMAHERA PERSADA LYGEND,PT HALMAHERA PERSADA LYGEND,Obi(Harita),Obi Island,"Ningbo Lygend Wisdom Co., Ltd.",China,Zhapu,28332400,2680,,22.2,化学计量(NiSO4·6H2O 22.2%),594.96,7947406,2965,13358,NICKEL SULFATE,,中间品矩阵(75章+720150等),7645,2680,,NC162
7645,精炼镍,2025-06-24,2025-06,PT CNGR DING XING NEW ENERGY,PT CNGR DING XING NEW ENERGY,IMIP(Morowali),Bahudopi,HONGKONG KINCO INTERNATIONAL DEVELOPMENT CO LIMITED,China,Shanghai,75021000,599.8699,,99,HS750210 Ni≥99% 产品标准(口径#44),593.87,9090428.46,15154,15307,ELECTROLYTIC NICKEL,新品目通道历史回补【#45】,新品目通道历史回补【#45】,7646,599.8699,,RC040
7646,精炼镍,2025-06-24,2025-06,PT CNGR DING XING NEW ENERGY,PT CNGR DING XING NEW ENERGY,IMIP(Morowali),Bahudopi,HONGKONG KINCO INTERNATIONAL DEVELOPMENT CO LIMITED,China,Shanghai,75021000,599.8286,,99,HS750210 Ni≥99% 产品标准(口径#44),593.83,9089802.6,15154,15307,ELECTROLYTIC NICKEL,新品目通道历史回补【#45】,新品目通道历史回补【#45】,7647,599.8286,,RC040
7647,精炼镍,2025-06-24,2025-06,PT CNGR DING XING NEW ENERGY,PT CNGR DING XING NEW ENERGY,IMIP(Morowali),Bahudopi,"China Ordins Group Co., Ltd.",China,NINGBO,75021000,400.5512,,99,HS750210 Ni≥99% 产品标准(口径#44),396.55,6049033.27,15102,15254,ELECTROLYTIC NICKEL,新品目通道历史回补【#45】,新品目通道历史回补【#45】,7648,400.5512,,RC039
7648,精炼镍,2025-06-24,2025-06,PT CNGR DING XING NEW ENERGY,PT CNGR DING XING NEW ENERGY,IMIP(Morowali),Bahudopi,"China Ordins Group Co., Ltd.",China,NINGBO,75021000,240.1832,,99,HS750210 Ni≥99% 产品标准(口径#44),237.78,3668738.33,15275,15429,ELECTROLYTIC NICKEL,新品目通道历史回补【#45】,新品目通道历史回补【#45】,7649,240.1832,,RC039
7678,硫酸镍,2025-06-27,2025-06,PT HALMAHERA PERSADA LYGEND,PT HALMAHERA PERSADA LYGEND,Obi(Harita),Obi Island,"Lygend Resources & Technology Co., Ltd.",China,Zhangjiagang,28332400,2000,,22.2,化学计量(NiSO4·6H2O 22.2%),444,5911860,2956,13315,NICKEL SULFATE,,中间品矩阵(75章+720150等),7679,2000,,NC140
7679,硫酸镍,2025-06-27,2025-06,PT HALMAHERA PERSADA LYGEND,PT HALMAHERA PERSADA LYGEND,Obi(Harita),Obi Island,"Lygend Resources & Technology Co., Ltd.",China,Zhangjiagang,28332400,1820,,22.2,化学计量(NiSO4·6H2O 22.2%),404.04,5379793,2956,13315,NICKEL SULFATE,,中间品矩阵(75章+720150等),7680,1820,,NC140
7698,精炼镍,2025-06-30,2025-06,PT CNGR DING XING NEW ENERGY,PT CNGR DING XING NEW ENERGY,IMIP(Morowali),Bahudopi,ACCESS WORLD KAOHSIUNG LTD C O FORMOSA LOGISTICS CORP,"Taiwan, China",Kaohsiung,75021000,374.8592,,99,HS750210 Ni≥99% 产品标准(口径#44),371.11,5666559.1,15117,15269,ELECTROLYTIC NICKEL,新品目通道历史回补【#45】,新品目通道历史回补【#45】,7699,374.8592,,RC023
7699,精炼镍,2025-06-30,2025-06,PT CNGR DING XING NEW ENERGY,PT CNGR DING XING NEW ENERGY,IMIP(Morowali),Bahudopi,"China Ordins Group Co., Ltd.",China,Huangpu,75021000,100.7249,,99,HS750210 Ni≥99% 产品标准(口径#44),99.72,1522607.95,15116,15269,ELECTROLYTIC NICKEL,新品目通道历史回补【#45】,新品目通道历史回补【#45】,7700,100.7249,,RC039
7700,精炼镍,2025-06-30,2025-06,PT CNGR DING XING NEW ENERGY,PT CNGR DING XING NEW ENERGY,IMIP(Morowali),Bahudopi,SUZUKI SANGYO KABUSHIKI GAISHA,Japan,Yokohama,75021000,25.2539,,99,HS750210 Ni≥99% 产品标准(口径#44),25,381750.58,15117,15269,ELECTROLYTIC NICKEL,新品目通道历史回补【#45】,新品目通道历史回补【#45】,7701,25.2539,,RC016
7712,精炼镍,2025-07-01,2025-07,PT ETERNAL NICKEL INDUSTRY,PT ETERNAL NICKEL INDUSTRY,IWIP(Weda Bay),Weda,IXM S A,China,Shanghai,75021000,502.758,99.99,99,HS750210 Ni≥99% 产品标准(口径#44),497.73,7489118.36,14896,15047,NICKEL CATHODES NI: 99.990%,新品目通道历史回补【#45】,新品目通道历史回补【#45】,7713,502.758,,NC111
7713,精炼镍,2025-07-01,2025-07,PT ETERNAL NICKEL INDUSTRY,PT ETERNAL NICKEL INDUSTRY,IWIP(Weda Bay),Weda,HANSMET CO,South Korea,Incheon,75021000,20.8566,99.99,99,HS750210 Ni≥99% 产品标准(口径#44),20.65,306790.16,14710,14858,NICKEL CATHODES NI: 99.990%,新品目通道历史回补【#45】,新品目通道历史回补【#45】,7714,20.8566,,RC007
7714,精炼镍,2025-07-01,2025-07,PT ETERNAL NICKEL INDUSTRY,PT ETERNAL NICKEL INDUSTRY,IWIP(Weda Bay),Weda,STEINWEG SHARAF INDIA PRIVATE LIMITED,India,Jawaharlal Nehru (Nhava S,75021000,130.649,99.99,99,HS750210 Ni≥99% 产品标准(口径#44),129.34,1946156.65,14896,15047,NICKEL CATHODES NI: 99.990%,新品目通道历史回补【#45】,新品目通道历史回补【#45】,7715,130.649,,NC228
7715,精炼镍,2025-07-01,2025-07,PT ETERNAL NICKEL INDUSTRY,PT ETERNAL NICKEL INDUSTRY,IWIP(Weda Bay),Weda,IXM S A,China,Shanghai,75021000,200.8328,99.99,99,HS750210 Ni≥99% 产品标准(口径#44),198.82,2991619.45,14896,15047,NICKEL CATHODES NI: 99.990%,新品目通道历史回补【#45】,新品目通道历史回补【#45】,7716,200.8328,,NC111
7716,精炼镍,2025-07-01,2025-07,PT ETERNAL NICKEL INDUSTRY,PT ETERNAL NICKEL INDUSTRY,IWIP(Weda Bay),Weda,"C. Steinweg Logistics (Shanghai Waigaoqiao Bonded Logistics Zone) Co., Ltd.",China,Shanghai,75021000,504.8089,99.99,99,HS750210 Ni≥99% 产品标准(口径#44),499.76,7519668.71,14896,15047,NICKEL CATHODES NI: 99.990%,新品目通道历史回补【#45】,新品目通道历史回补【#45】,7717,504.8089,,NC019
7717,精炼镍,2025-07-01,2025-07,PT ETERNAL NICKEL INDUSTRY,PT ETERNAL NICKEL INDUSTRY,IWIP(Weda Bay),Weda,ACCESS WORLD KAOHSIUNG LTD,"Taiwan, China",Kaohsiung,75021000,356.2315,99.99,99,HS750210 Ni≥99% 产品标准(口径#44),352.67,5281042.93,14825,14974,NICKEL CATHODES NI: 99.990%,新品目通道历史回补【#45】,新品目通道历史回补【#45】,7718,356.2315,,RC017
7718,精炼镍,2025-07-01,2025-07,PT ETERNAL NICKEL INDUSTRY,PT ETERNAL NICKEL INDUSTRY,IWIP(Weda Bay),Weda,KOREA NON FERROUS METALS CO,South Korea,Incheon,75021000,79.628,99.99,99,HS750210 Ni≥99% 产品标准(口径#44),78.83,1180465.19,14825,14974,NICKEL CATHODES NI: 99.990%,新品目通道历史回补【#45】,新品目通道历史回补【#45】,7719,79.628,,RC009
7816,精炼镍,2025-07-11,2025-07,PT ETERNAL NICKEL INDUSTRY,PT ETERNAL NICKEL INDUSTRY,IWIP(Weda Bay),Weda,HONG KONG RUI PU CO LIMITED,China,Ningde,75021000,101.889,99.99,99,HS750210 Ni≥99% 产品标准(口径#44),100.87,1476142.36,14488,14634,NICKEL CATHODES NI: 99.990%,新品目通道历史回补【#45】,新品目通道历史回补【#45】,7817,101.889,,B038
7817,精炼镍,2025-07-11,2025-07,PT CNGR DING XING NEW ENERGY,PT CNGR DING XING NEW ENERGY,IMIP(Morowali),Bahudopi,"Jinchuan Group Trading Co., Ltd.",South Korea,Busan (ex Pusan),75021000,204.0781,,99,HS750210 Ni≥99% 产品标准(口径#44),202.04,3016478.4,14781,14930,ELECTROLYTIC NICKEL,新品目通道历史回补【#45】,新品目通道历史回补【#45】,7818,204.0781,,NC125
7818,精炼镍,2025-07-11,2025-07,PT CNGR DING XING NEW ENERGY,PT CNGR DING XING NEW ENERGY,IMIP(Morowali),Bahudopi,SEAH MNS CORP,South Korea,Busan (ex Pusan),75021000,60,,99,HS750210 Ni≥99% 产品标准(口径#44),59.4,900600,15010,15162,ELECTROLYTIC NICKEL,新品目通道历史回补【#45】,新品目通道历史回补【#45】,7819,60,,RC050
7852,精炼镍,2025-07-14,2025-07,PT CNGR DING XING NEW ENERGY,PT CNGR DING XING NEW ENERGY,IMIP(Morowali),Bahudopi,"C.Steinweg Logistics(Guangzhou) Co., Ltd.",China,Huangpu,75021000,101.8526,,99,HS750210 Ni≥99% 产品标准(口径#44),100.83,1632595.33,16029,16191,ELECTROLYTIC NICKEL,新品目通道历史回补【#45】,新品目通道历史回补【#45】,7853,101.8526,,B003
7853,精炼镍,2025-07-14,2025-07,PT CNGR DING XING NEW ENERGY,PT CNGR DING XING NEW ENERGY,IMIP(Morowali),Bahudopi,TOYOTA TUSHO MATERIAL INCORPORATED,Japan,Osaka,75021000,60,,99,HS750210 Ni≥99% 产品标准(口径#44),59.4,975480,16258,16422,ELECTROLYTIC NICKEL,新品目通道历史回补【#45】,新品目通道历史回补【#45】,7854,60,,RC056
7854,精炼镍,2025-07-14,2025-07,PT CNGR DING XING NEW ENERGY,PT CNGR DING XING NEW ENERGY,IMIP(Morowali),Bahudopi,TOYOTA TUSHO MATERIAL INCORPORATED,Japan,Narita Apt/Tokyo,75021000,40,,99,HS750210 Ni≥99% 产品标准(口径#44),39.6,650320,16258,16422,ELECTROLYTIC NICKEL,新品目通道历史回补【#45】,新品目通道历史回补【#45】,7855,40,,RC056
7855,精炼镍,2025-07-14,2025-07,PT CNGR DING XING NEW ENERGY,PT CNGR DING XING NEW ENERGY,IMIP(Morowali),Bahudopi,C STEINWEG ASIA PTE LTD,Singapore,Singapore,75021000,101.8571,,99,HS750210 Ni≥99% 产品标准(口径#44),100.84,1632667.46,16029,16191,ELECTROLYTIC NICKEL,新品目通道历史回补【#45】,新品目通道历史回补【#45】,7856,101.8571,,RC024
7856,精炼镍,2025-07-14,2025-07,PT CNGR DING XING NEW ENERGY,PT CNGR DING XING NEW ENERGY,IMIP(Morowali),Bahudopi,ACCESS WORLD LOGISTICS SINGAPORE PTE LTD,Singapore,Singapore,75021000,300.4543,,99,HS750210 Ni≥99% 产品标准(口径#44),297.45,4815981.97,16029,16191,ELECTROLYTIC NICKEL,新品目通道历史回补【#45】,新品目通道历史回补【#45】,7857,300.4543,,RC018
7857,精炼镍,2025-07-14,2025-07,PT CNGR DING XING NEW ENERGY,PT CNGR DING XING NEW ENERGY,IMIP(Morowali),Bahudopi,TOYOTA TUSHO MATERIAL INCORPORATED,Japan,Narita Apt/Tokyo,75021000,20,,99,HS750210 Ni≥99% 产品标准(口径#44),19.8,325160,16258,16422,ELECTROLYTIC NICKEL,新品目通道历史回补【#45】,新品目通道历史回补【#45】,7858,20,,RC056
7858,精炼镍,2025-07-14,2025-07,PT CNGR DING XING NEW ENERGY,PT CNGR DING XING NEW ENERGY,IMIP(Morowali),Bahudopi,"Hongkong Kinco International Development Co.,Limited",China,Huangpu,75021000,300.1999,,99,HS750210 Ni≥99% 产品标准(口径#44),297.2,4811904.2,16029,16191,ELECTROLYTIC NICKEL,新品目通道历史回补【#45】,新品目通道历史回补【#45】,7859,300.1999,,RC040
7867,精炼镍,2025-07-15,2025-07,PT ETERNAL NICKEL INDUSTRY,PT ETERNAL NICKEL INDUSTRY,IWIP(Weda Bay),Weda,"C. Steinweg Logistics (Shanghai Waigaoqiao Bonded Logistics Zone) Co., Ltd.",China,Shanghai,75021000,201.2261,99.99,99,HS750210 Ni≥99% 产品标准(口径#44),199.21,2915623.32,14489,14636,NICKEL CATHODES NI: 99.990%,新品目通道历史回补【#45】,新品目通道历史回补【#45】,7868,201.2261,,NC019
7868,精炼镍,2025-07-15,2025-07,PT ETERNAL NICKEL INDUSTRY,PT ETERNAL NICKEL INDUSTRY,IWIP(Weda Bay),Weda,MTC BUSINESS PVT LTD,India,Jawaharlal Nehru (Nhava S,75021000,23.938,99.99,99,HS750210 Ni≥99% 产品标准(口径#44),23.7,354874.87,14825,14974,NICKEL CATHODES NI: 99.990%,新品目通道历史回补【#45】,新品目通道历史回补【#45】,7869,23.938,,NC157
7869,精炼镍,2025-07-15,2025-07,PT ETERNAL NICKEL INDUSTRY,PT ETERNAL NICKEL INDUSTRY,IWIP(Weda Bay),Weda,CALCUTTA METAL DEPOT,India,Calcutta,75021000,23.9956,99.99,99,HS750210 Ni≥99% 产品标准(口径#44),23.76,347679.21,14489,14636,NICKEL CATHODES NI: 99.990%,新品目通道历史回补【#45】,新品目通道历史回补【#45】,7870,23.9956,,RC060
7870,精炼镍,2025-07-15,2025-07,PT ETERNAL NICKEL INDUSTRY,PT ETERNAL NICKEL INDUSTRY,IWIP(Weda Bay),Weda,THYSSENKRUPP MATERIALS TRADING GMBH,Netherlands,Rotterdam,75021000,49.5234,99.99,99,HS750210 Ni≥99% 产品标准(口径#44),49.03,717558.9,14489,14636,NICKEL CATHODES NI: 99.990%,新品目通道历史回补【#45】,新品目通道历史回补【#45】,7871,49.5234,,RC061
7871,精炼镍,2025-07-15,2025-07,PT ETERNAL NICKEL INDUSTRY,PT ETERNAL NICKEL INDUSTRY,IWIP(Weda Bay),Weda,CALCUTTA METAL DEPOT,India,Calcutta,75021000,48.1434,99.99,99,HS750210 Ni≥99% 产品标准(口径#44),47.66,697563.68,14489,14636,NICKEL CATHODES NI: 99.990%,新品目通道历史回补【#45】,新品目通道历史回补【#45】,7872,48.1434,,RC060
7872,精炼镍,2025-07-15,2025-07,PT ETERNAL NICKEL INDUSTRY,PT ETERNAL NICKEL INDUSTRY,IWIP(Weda Bay),Weda,IXM S A,China,Shanghai,75021000,864.6566,99.99,99,HS750210 Ni≥99% 产品标准(口径#44),856.01,12818317.93,14825,14974,NICKEL CATHODES NI: 99.990%,新品目通道历史回补【#45】,新品目通道历史回补【#45】,7873,864.6566,,NC111
7873,精炼镍,2025-07-15,2025-07,PT ETERNAL NICKEL INDUSTRY,PT ETERNAL NICKEL INDUSTRY,IWIP(Weda Bay),Weda,C STEINWEG ASIA PTE LTD,Singapore,Singapore,75021000,1045.7995,99.99,99,HS750210 Ni≥99% 产品标准(口径#44),1035.34,15152892.24,14489,14636,NICKEL CATHODES NI: 99.990%,新品目通道历史回补【#45】,新品目通道历史回补【#45】,7874,1045.7995,,RC024
7889,硫酸镍,2025-07-17,2025-07,PT HALMAHERA PERSADA LYGEND,PT HALMAHERA PERSADA LYGEND,Obi(Harita),Obi Island,"Lygend Resources & Technology Co., Ltd.",China,Zhapu,28332400,5880,,22.2,化学计量(NiSO4·6H2O 22.2%),1305.36,17149373,2917,13138,NICKEL SULFATE,,中间品矩阵(75章+720150等),7890,5880,,NC140
7890,硫酸镍,2025-07-17,2025-07,PT HALMAHERA PERSADA LYGEND,PT HALMAHERA PERSADA LYGEND,Obi(Harita),Obi Island,"Lygend Resources & Technology Co., Ltd.",China,Zhapu,28332400,1920,,22.2,化学计量(NiSO4·6H2O 22.2%),426.24,5599795,2917,13138,NICKEL SULFATE,,中间品矩阵(75章+720150等),7891,1920,,NC140
7925,精炼镍,2025-07-20,2025-07,PT CNGR DING XING NEW ENERGY,PT CNGR DING XING NEW ENERGY,IMIP(Morowali),Bahudopi,"China Ordins Group Co., Ltd.",China,Shanghai,75021000,500.7624,,99,HS750210 Ni≥99% 产品标准(口径#44),495.75,8026720.51,16029,16191,ELECTROLYTIC NICKEL,新品目通道历史回补【#45】,新品目通道历史回补【#45】,7926,500.7624,,RC039
7926,精炼镍,2025-07-20,2025-07,PT CNGR DING XING NEW ENERGY,PT CNGR DING XING NEW ENERGY,IMIP(Morowali),Bahudopi,"China Ordins Group Co., Ltd.",China,Shanghai,75021000,200.8118,,99,HS750210 Ni≥99% 产品标准(口径#44),198.8,3218812.34,16029,16191,ELECTROLYTIC NICKEL,新品目通道历史回补【#45】,新品目通道历史回补【#45】,7927,200.8118,,RC039
7927,精炼镍,2025-07-20,2025-07,PT CNGR DING XING NEW ENERGY,PT CNGR DING XING NEW ENERGY,IMIP(Morowali),Bahudopi,"China Ordins Group Co., Ltd.",China,Shanghai,75021000,25.2742,,99,HS750210 Ni≥99% 产品标准(口径#44),25.02,405120.15,16029,16191,ELECTROLYTIC NICKEL,新品目通道历史回补【#45】,新品目通道历史回补【#45】,7928,25.2742,,RC039
7928,精炼镍,2025-07-20,2025-07,PT CNGR DING XING NEW ENERGY,PT CNGR DING XING NEW ENERGY,IMIP(Morowali),Bahudopi,TCC TRADING CORP,South Korea,Busan (ex Pusan),75021000,40.6178,,99,HS750210 Ni≥99% 产品标准(口径#44),40.21,606801.09,14939,15090,ELECTROLYTIC NICKEL,新品目通道历史回补【#45】,新品目通道历史回补【#45】,7929,40.6178,,RC021
7929,精炼镍,2025-07-20,2025-07,PT CNGR DING XING NEW ENERGY,PT CNGR DING XING NEW ENERGY,IMIP(Morowali),Bahudopi,HANWA CO LTD,Japan,Yokohama,75021000,40.3548,,99,HS750210 Ni≥99% 产品标准(口径#44),39.95,602872.06,14939,15090,ELECTROLYTIC NICKEL,新品目通道历史回补【#45】,新品目通道历史回补【#45】,7930,40.3548,,MC045
7930,精炼镍,2025-07-20,2025-07,PT CNGR DING XING NEW ENERGY,PT CNGR DING XING NEW ENERGY,IMIP(Morowali),Bahudopi,HANSMET CO,South Korea,Incheon,75021000,19.7261,,99,HS750210 Ni≥99% 产品标准(口径#44),19.53,294693.93,14939,15090,ELECTROLYTIC NICKEL,新品目通道历史回补【#45】,新品目通道历史回补【#45】,7931,19.7261,,RC007
7949,硫酸镍,2025-07-22,2025-07,PT HALMAHERA PERSADA LYGEND,PT HALMAHERA PERSADA LYGEND,Obi(Harita),Obi Island,"Lygend Resources & Technology Co., Ltd.",China,Zhangjiagang,28332400,1940,,22.2,化学计量(NiSO4·6H2O 22.2%),430.68,5635409,2905,13085,NICKEL SULFATE,,中间品矩阵(75章+720150等),7950,1940,,NC140
7950,硫酸镍,2025-07-22,2025-07,PT HALMAHERA PERSADA LYGEND,PT HALMAHERA PERSADA LYGEND,Obi(Harita),Obi Island,"Lygend Resources & Technology Co., Ltd.",China,Zhangjiagang,28332400,1920,,22.2,化学计量(NiSO4·6H2O 22.2%),426.24,5577312,2905,13085,NICKEL SULFATE,,中间品矩阵(75章+720150等),7951,1920,,NC140
7951,精炼镍,2025-07-22,2025-07,PT CNGR DING XING NEW ENERGY,PT CNGR DING XING NEW ENERGY,IMIP(Morowali),Bahudopi,SEAH MNS CORP,South Korea,Busan (ex Pusan),75021000,60,,99,HS750210 Ni≥99% 产品标准(口径#44),59.4,910097.4,15168,15322,ELECTROLYTIC NICKEL,新品目通道历史回补【#45】,新品目通道历史回补【#45】,7952,60,,RC050
7960,精炼镍,2025-07-24,2025-07,PT CNGR DING XING NEW ENERGY,PT CNGR DING XING NEW ENERGY,IMIP(Morowali),Bahudopi,SUZUKI SANGYO KABUSHIKI GAISHA,Japan,Yokohama,75021000,25.2885,,99,HS750210 Ni≥99% 产品标准(口径#44),25.04,382273.61,15116,15269,ELECTROLYTIC NICKEL,新品目通道历史回补【#45】,新品目通道历史回补【#45】,7961,25.2885,,RC016
7961,精炼镍,2025-07-24,2025-07,PT CNGR DING XING NEW ENERGY,PT CNGR DING XING NEW ENERGY,IMIP(Morowali),Bahudopi,SQC METALS LIMITED,Singapore,SINGAPORE,75021000,503.9078,,99,HS750210 Ni≥99% 产品标准(口径#44),498.87,8077138.13,16029,16191,ELECTROLYTIC NICKEL,新品目通道历史回补【#45】,新品目通道历史回补【#45】,7962,503.9078,,RC047
7962,精炼镍,2025-07-24,2025-07,PT CNGR DING XING NEW ENERGY,PT CNGR DING XING NEW ENERGY,IMIP(Morowali),Bahudopi,HANWA CO LTD,Japan,Yokohama,75021000,80,,99,HS750210 Ni≥99% 产品标准(口径#44),79.2,1209080,15114,15266,ELECTROLYTIC NICKEL,新品目通道历史回补【#45】,新品目通道历史回补【#45】,7963,80,,MC045
7963,精炼镍,2025-07-24,2025-07,PT CNGR DING XING NEW ENERGY,PT CNGR DING XING NEW ENERGY,IMIP(Morowali),Bahudopi,"China Ordins Group Co., Ltd.",China,Huangpu,75021000,100.4982,,99,HS750210 Ni≥99% 产品标准(口径#44),99.49,1519181.04,15116,15269,ELECTROLYTIC NICKEL,新品目通道历史回补【#45】,新品目通道历史回补【#45】,7964,100.4982,,RC039
7964,精炼镍,2025-07-24,2025-07,PT CNGR DING XING NEW ENERGY,PT CNGR DING XING NEW ENERGY,IMIP(Morowali),Bahudopi,CNGR HONGKONG MATERIAL SCIENCE AND TECHNOLOGY CO LIMITED,China,Shanghai,75021000,300.0237,,99,HS750210 Ni≥99% 产品标准(口径#44),297.02,4809079.89,16029,16191,ELECTROLYTIC NICKEL,新品目通道历史回补【#45】,新品目通道历史回补【#45】,7965,300.0237,,B008
7965,精炼镍,2025-07-24,2025-07,PT CNGR DING XING NEW ENERGY,PT CNGR DING XING NEW ENERGY,IMIP(Morowali),Bahudopi,CNGR HONGKONG MATERIAL SCIENCE AND TECHNOLOGY CO LIMITED,China,Shanghai,75021000,204.3555,,99,HS750210 Ni≥99% 产品标准(口径#44),202.31,3275614.31,16029,16191,ELECTROLYTIC NICKEL,新品目通道历史回补【#45】,新品目通道历史回补【#45】,7966,204.3555,,B008
8028,精炼镍,2025-07-30,2025-07,PT CNGR DING XING NEW ENERGY,PT CNGR DING XING NEW ENERGY,IMIP(Morowali),Bahudopi,WALSIN LIHWA CORPORATION,"Taiwan, China",Taichung,75021000,20.1051,,99,HS750210 Ni≥99% 产品标准(口径#44),19.9,283266.58,14089,14232,ELECTROLYTIC NICKEL,新品目通道历史回补【#45】,新品目通道历史回补【#45】,8029,20.1051,,B035
8029,精炼镍,2025-07-30,2025-07,PT CNGR DING XING NEW ENERGY,PT CNGR DING XING NEW ENERGY,IMIP(Morowali),Bahudopi,C STEINWEG LOGISTICS TAIWAN CO LTD,"Taiwan, China",Kaohsiung,75021000,101.8415,,99,HS750210 Ni≥99% 产品标准(口径#44),100.82,1521439.7,14939,15090,ELECTROLYTIC NICKEL,新品目通道历史回补【#45】,新品目通道历史回补【#45】,8030,101.8415,,RC032
8069,精炼镍,2025-08-03,2025-08,PT ETERNAL NICKEL INDUSTRY,PT ETERNAL NICKEL INDUSTRY,IWIP(Weda Bay),Weda,"C. Steinweg Logistics (Shanghai Waigaoqiao Bonded Logistics Zone) Co., Ltd.",China,Shanghai,75021000,301.5732,99.99,99,HS750210 Ni≥99% 产品标准(口径#44),298.56,4369117.13,14488,14634,NICKEL CATHODES NI: 99.990%,新品目通道历史回补【#45】,新品目通道历史回补【#45】,8070,301.5732,,NC019
8070,精炼镍,2025-08-03,2025-08,PT ETERNAL NICKEL INDUSTRY,PT ETERNAL NICKEL INDUSTRY,IWIP(Weda Bay),Weda,ACCESS WORLD KAOHSIUNG LTD,"Taiwan, China",Kaohsiung,75021000,508.6469,99.99,99,HS750210 Ni≥99% 产品标准(口径#44),503.56,7369932.44,14489,14636,NICKEL CATHODES NI: 99.990%,新品目通道历史回补【#45】,新品目通道历史回补【#45】,8071,508.6469,,RC017
8071,精炼镍,2025-08-03,2025-08,PT ETERNAL NICKEL INDUSTRY,PT ETERNAL NICKEL INDUSTRY,IWIP(Weda Bay),Weda,C STEINWEG ASIA PTE LTD,Singapore,Singapore,75021000,432.0306,99.99,99,HS750210 Ni≥99% 产品标准(口径#44),427.71,6404745.64,14825,14974,NICKEL CATHODES NI: 99.990%,新品目通道历史回补【#45】,新品目通道历史回补【#45】,8072,432.0306,,RC024
8072,精炼镍,2025-08-03,2025-08,PT ETERNAL NICKEL INDUSTRY,PT ETERNAL NICKEL INDUSTRY,IWIP(Weda Bay),Weda,C STEINWEG ASIA PTE LTD,Singapore,Singapore,75021000,252.087,99.99,99,HS750210 Ni≥99% 产品标准(口径#44),249.57,3652173.43,14488,14634,NICKEL CATHODES NI: 99.990%,新品目通道历史回补【#45】,新品目通道历史回补【#45】,8073,252.087,,RC024
8073,精炼镍,2025-08-03,2025-08,PT ETERNAL NICKEL INDUSTRY,PT ETERNAL NICKEL INDUSTRY,IWIP(Weda Bay),Weda,ACCESS WORLD KAOHSIUNG LTD,"Taiwan, China",Kaohsiung,75021000,203.2409,99.99,99,HS750210 Ni≥99% 产品标准(口径#44),201.21,2944816.34,14489,14636,NICKEL CATHODES NI: 99.990%,新品目通道历史回补【#45】,新品目通道历史回补【#45】,8074,203.2409,,RC017
8074,精炼镍,2025-08-03,2025-08,PT ETERNAL NICKEL INDUSTRY,PT ETERNAL NICKEL INDUSTRY,IWIP(Weda Bay),Weda,C STEINWEG ASIA PTE LTD,Singapore,Singapore,75021000,630.6858,99.99,99,HS750210 Ni≥99% 产品标准(口径#44),624.38,9138189.46,14489,14636,NICKEL CATHODES NI: 99.990%,新品目通道历史回补【#45】,新品目通道历史回补【#45】,8075,630.6858,,RC024
8075,精炼镍,2025-08-03,2025-08,PT ETERNAL NICKEL INDUSTRY,PT ETERNAL NICKEL INDUSTRY,IWIP(Weda Bay),Weda,KOREA NON FERROUS METALS CO,South Korea,Incheon,75021000,79.6474,99.99,99,HS750210 Ni≥99% 产品标准(口径#44),78.85,1153911.62,14488,14634,NICKEL CATHODES NI: 99.990%,新品目通道历史回补【#45】,新品目通道历史回补【#45】,8076,79.6474,,RC009
8076,精炼镍,2025-08-03,2025-08,PT ETERNAL NICKEL INDUSTRY,PT ETERNAL NICKEL INDUSTRY,IWIP(Weda Bay),Weda,C STEINWEG ASIA PTE LTD,Singapore,Singapore,75021000,300.3486,99.99,99,HS750210 Ni≥99% 产品标准(口径#44),297.35,4351375.43,14488,14634,NICKEL CATHODES NI: 99.990%,新品目通道历史回补【#45】,新品目通道历史回补【#45】,8077,300.3486,,RC024
8077,精炼镍,2025-08-03,2025-08,PT ETERNAL NICKEL INDUSTRY,PT ETERNAL NICKEL INDUSTRY,IWIP(Weda Bay),Weda,ACCESS WORLD KAOHSIUNG LTD,"Taiwan, China",Kaohsiung,75021000,200.9876,99.99,99,HS750210 Ni≥99% 产品标准(口径#44),198.98,2911858.1,14488,14634,NICKEL CATHODES NI: 99.990%,新品目通道历史回补【#45】,新品目通道历史回补【#45】,8078,200.9876,,RC017
8078,精炼镍,2025-08-03,2025-08,PT ETERNAL NICKEL INDUSTRY,PT ETERNAL NICKEL INDUSTRY,IWIP(Weda Bay),Weda,ACCESS WORLD KAOHSIUNG LTD,"Taiwan, China",Kaohsiung,75021000,121.6996,99.99,99,HS750210 Ni≥99% 产品标准(口径#44),120.48,1763340.8,14489,14636,NICKEL CATHODES NI: 99.990%,新品目通道历史回补【#45】,新品目通道历史回补【#45】,8079,121.6996,,RC017
8079,精炼镍,2025-08-03,2025-08,PT ETERNAL NICKEL INDUSTRY,PT ETERNAL NICKEL INDUSTRY,IWIP(Weda Bay),Weda,ACCESS WORLD KAOHSIUNG LTD,"Taiwan, China",Kaohsiung,75021000,300.1996,99.99,99,HS750210 Ni≥99% 产品标准(口径#44),297.2,4349216.75,14488,14634,NICKEL CATHODES NI: 99.990%,新品目通道历史回补【#45】,新品目通道历史回补【#45】,8080,300.1996,,RC017
8080,精炼镍,2025-08-03,2025-08,PT ETERNAL NICKEL INDUSTRY,PT ETERNAL NICKEL INDUSTRY,IWIP(Weda Bay),Weda,HANSMET CO,South Korea,Incheon,75021000,19.65,99.99,99,HS750210 Ni≥99% 产品标准(口径#44),19.45,291306.34,14825,14974,NICKEL CATHODES NI: 99.990%,新品目通道历史回补【#45】,新品目通道历史回补【#45】,8081,19.65,,RC007
8081,精炼镍,2025-08-03,2025-08,PT ETERNAL NICKEL INDUSTRY,PT ETERNAL NICKEL INDUSTRY,IWIP(Weda Bay),Weda,SEAH CSS CORP,South Korea,Busan (ex Pusan),75021000,55.7826,99.99,99,HS750210 Ni≥99% 产品标准(口径#44),55.22,843180.57,15115,15268,NICKEL CATHODES NI: 99.990%,新品目通道历史回补【#45】,新品目通道历史回补【#45】,8082,55.7826,,NC202
8101,精炼镍,2025-08-04,2025-08,PT CNGR DING XING NEW ENERGY,PT CNGR DING XING NEW ENERGY,IMIP(Morowali),Bahudopi,HONG KONG RUI PU CO LIMITED,China,NINGBO,75021000,199.6678,,99,HS750210 Ni≥99% 产品标准(口径#44),197.67,3000507.86,15027,15179,ELECTROLYTIC NICKEL,新品目通道历史回补【#45】,新品目通道历史回补【#45】,8102,199.6678,,B038
8102,精炼镍,2025-08-04,2025-08,PT CNGR DING XING NEW ENERGY,PT CNGR DING XING NEW ENERGY,IMIP(Morowali),Bahudopi,"China Ordins Group Co., Ltd.",China,NINGBO,75021000,402.2085,,99,HS750210 Ni≥99% 产品标准(口径#44),398.19,6044188.23,15027,15179,ELECTROLYTIC NICKEL,新品目通道历史回补【#45】,新品目通道历史回补【#45】,8103,402.2085,,RC039
8124,硫酸镍,2025-08-06,2025-08,PT HUAXIANG REFINING INDONESIA,PT HUAXIANG REFINING INDONESIA,待核(华翔精炼?),Tanjung Priok,PANASONIC OPERATIONAL EXELLENCE CO LTD,Japan,Kobe,28332400,10,,22.2,化学计量(NiSO4·6H2O 22.2%),2.22,33424.95,3342,15056,NICKEL SULFATE HEXAHYDRATE,,中间品矩阵(75章+720150等),8125,10,,RC062
8131,精炼镍,2025-08-07,2025-08,PT CNGR DING XING NEW ENERGY,PT CNGR DING XING NEW ENERGY,IMIP(Morowali),Bahudopi,KPC CORPORATION,South Korea,Busan (ex Pusan),75021000,20,,99,HS750210 Ni≥99% 产品标准(口径#44),19.8,305710,15286,15440,ELECTROLYTIC NICKEL,新品目通道历史回补【#45】,新品目通道历史回补【#45】,8132,20,,RC063
8142,硫酸镍,2025-08-08,2025-08,PT HALMAHERA PERSADA LYGEND,PT HALMAHERA PERSADA LYGEND,Obi(Harita),Obi Island,"Ningbo Lygend Wisdom Co., Ltd.",China,Zhapu,28332400,800,,22.2,化学计量(NiSO4·6H2O 22.2%),177.6,2326032,2908,13097,NICKEL SULFATE,同日同额拆单(tradeId不同，非重复),中间品矩阵(75章+720150等),8143,800,,NC162
8143,硫酸镍,2025-08-08,2025-08,PT HALMAHERA PERSADA LYGEND,PT HALMAHERA PERSADA LYGEND,Obi(Harita),Obi Island,"Ningbo Lygend Wisdom Co., Ltd.",China,Zhapu,28332400,800,,22.2,化学计量(NiSO4·6H2O 22.2%),177.6,2326032,2908,13097,NICKEL SULFATE,同日同额拆单(tradeId不同，非重复),中间品矩阵(75章+720150等),8144,800,,NC162
8144,硫酸镍,2025-08-08,2025-08,PT INDONESIA SERVICE PROVIDER,PT INDONESIA SERVICE PROVIDER,"IMIP(出口代理,Bahodopi)",Bahudopi,UMICORE SPECIALTY CHEMICALS SUBIC INC,Philippines,Subic Bay,28332400,60,,22.2,化学计量(NiSO4·6H2O 22.2%),13.32,198554.92,3309,14907,NICKEL SULFATE HEXAHYDRATE,,中间品矩阵(75章+720150等),8145,0,跨抬头同票特征候选；参考合计仅保留IQEM行，原记录保留,RC064
8145,硫酸镍,2025-08-08,2025-08,PT INDONESIA QINGMEI ENERGY MATERIALS,INDONESIA QINGMEI ENERGY MATERIALS,,Bahudopi,UMICORE SPECIALTY CHEMICALS SUBIC INC,Philippines,Subic Bay,28332400,60,,22.2,化学计量(NiSO4·6H2O 22.2%),13.32,198554.92,3309,14907,NICKEL SULFATE HEXAHYDRATE,全历史档并集补票【#65】,中间品矩阵(75章+720150等),8146,60,跨抬头同票特征候选；参考合计仅保留IQEM行，原记录保留,RC064
8157,精炼镍,2025-08-09,2025-08,PT CNGR DING XING NEW ENERGY,PT CNGR DING XING NEW ENERGY,IMIP(Morowali),Bahudopi,HONG KONG RUI PU CO LIMITED,China,Xiamen,75021000,107.9416,,99,HS750210 Ni≥99% 产品标准(口径#44),106.86,1612570.87,14939,15090,ELECTROLYTIC NICKEL,新品目通道历史回补【#45】,新品目通道历史回补【#45】,8158,107.9416,,B038
8162,硫酸镍,2025-08-10,2025-08,PT INDONESIA SERVICE PROVIDER,PT INDONESIA SERVICE PROVIDER,"IMIP(出口代理,Bahodopi)",Bahudopi,NEW HORIZON INTERNATIONAL HOLDING LIMITED,China,Wuhan,28332400,300,,22.2,化学计量(NiSO4·6H2O 22.2%),66.6,969984,3233,14564,NICKEL SULFATE HEXAHYDRATE,,中间品矩阵(75章+720150等),8163,0,跨抬头同票特征候选；参考合计仅保留IQEM行，原记录保留,MC079
8163,硫酸镍,2025-08-10,2025-08,PT INDONESIA QINGMEI ENERGY MATERIALS,INDONESIA QINGMEI ENERGY MATERIALS,,Bahudopi,NEW HORIZON INTERNATIONAL HOLDING LIMITED,China,Wuhan,28332400,300,,22.2,化学计量(NiSO4·6H2O 22.2%),66.6,969984,3233,14564,NICKEL SULFATE HEXAHYDRATE,全历史档并集补票【#65】,中间品矩阵(75章+720150等),8164,300,跨抬头同票特征候选；参考合计仅保留IQEM行，原记录保留,MC079
8170,精炼镍,2025-08-11,2025-08,PT ETERNAL NICKEL INDUSTRY,PT ETERNAL NICKEL INDUSTRY,IWIP(Weda Bay),Weda,HONG KONG RUI PU CO LIMITED,China,Ningde,75021000,25.4841,99.99,99,HS750210 Ni≥99% 产品标准(口径#44),25.23,366289.6,14373,14518,"NICKEL CATHODES NI: 99.990%,",新品目通道历史回补【#45】,新品目通道历史回补【#45】,8171,25.4841,,B038
8171,精炼镍,2025-08-11,2025-08,PT ETERNAL NICKEL INDUSTRY,PT ETERNAL NICKEL INDUSTRY,IWIP(Weda Bay),Weda,HONG KONG RUI PU CO LIMITED,China,Ningde,75021000,100.5874,99.99,99,HS750210 Ni≥99% 产品标准(口径#44),99.58,1457285.1,14488,14634,"NICKEL CATHODES NI: 99.990%,",新品目通道历史回补【#45】,新品目通道历史回补【#45】,8172,100.5874,,B038
8172,精炼镍,2025-08-11,2025-08,PT ETERNAL NICKEL INDUSTRY,PT ETERNAL NICKEL INDUSTRY,IWIP(Weda Bay),Weda,HONG KONG RUI PU CO LIMITED,China,Ningde,75021000,25.4794,99.99,99,HS750210 Ni≥99% 产品标准(口径#44),25.22,365363.13,14340,14484,"NICKEL CATHODES NI: 99.990%,",新品目通道历史回补【#45】,新品目通道历史回补【#45】,8173,25.4794,,B038
8202,精炼镍,2025-08-14,2025-08,PT CNGR DING XING NEW ENERGY,PT CNGR DING XING NEW ENERGY,IMIP(Morowali),Bahudopi,SANCT CORPORATION,Japan,Kobe,75021000,19.8778,,99,HS750210 Ni≥99% 产品标准(口径#44),19.68,280739.34,14123,14266,ELECTROLYTIC NICKEL,新品目通道历史回补【#45】,新品目通道历史回补【#45】,8203,19.8778,,RC065
8203,精炼镍,2025-08-14,2025-08,PT CNGR DING XING NEW ENERGY,PT CNGR DING XING NEW ENERGY,IMIP(Morowali),Bahudopi,"China Ordins Group Co., Ltd.",China,Shanghai,75021000,300.0277,,99,HS750210 Ni≥99% 产品标准(口径#44),297.03,4503793.81,15011,15163,ELECTROLYTIC NICKEL,新品目通道历史回补【#45】,新品目通道历史回补【#45】,8204,300.0277,,RC039
8204,精炼镍,2025-08-14,2025-08,PT ETERNAL NICKEL INDUSTRY,PT ETERNAL NICKEL INDUSTRY,IWIP(Weda Bay),Weda,C STEINWEG ASIA PTE LTD,Singapore,Singapore,75021000,251.9334,99.99,99,HS750210 Ni≥99% 产品标准(口径#44),249.41,3658894.27,14523,14670,"NICKEL CATHODES NI: 99.990%,",新品目通道历史回补【#45】,新品目通道历史回补【#45】,8205,251.9334,,RC024
8205,精炼镍,2025-08-14,2025-08,PT CNGR DING XING NEW ENERGY,PT CNGR DING XING NEW ENERGY,IMIP(Morowali),Bahudopi,C STEINWEG ASIA PTE LTD,Singapore,SINGAPORE,75021000,101.9404,,99,HS750210 Ni≥99% 产品标准(口径#44),100.92,1530253.85,15011,15163,ELECTROLYTIC NICKEL,新品目通道历史回补【#45】,新品目通道历史回补【#45】,8206,101.9404,,RC024
8206,精炼镍,2025-08-14,2025-08,PT CNGR DING XING NEW ENERGY,PT CNGR DING XING NEW ENERGY,IMIP(Morowali),Bahudopi,ACCESS WORLD KAOHSIUNG LTD C O FORMOSA LOGISTICS CORP,"Taiwan, China",Kaohsiung,75021000,374.8701,,99,HS750210 Ni≥99% 产品标准(口径#44),371.12,5666723.87,15117,15269,ELECTROLYTIC NICKEL,新品目通道历史回补【#45】,新品目通道历史回补【#45】,8207,374.8701,,RC023
8207,精炼镍,2025-08-14,2025-08,PT ETERNAL NICKEL INDUSTRY,PT ETERNAL NICKEL INDUSTRY,IWIP(Weda Bay),Weda,WALSIN LIHWA CORPORATION,"Taiwan, China",Kaohsiung,75021000,20.5586,99.99,99,HS750210 Ni≥99% 产品标准(口径#44),20.35,298608.53,14525,14671,"NICKEL CATHODES NI: 99.990%,",新品目通道历史回补【#45】,新品目通道历史回补【#45】,8208,20.5586,,B035
8208,精炼镍,2025-08-14,2025-08,PT ETERNAL NICKEL INDUSTRY,PT ETERNAL NICKEL INDUSTRY,IWIP(Weda Bay),Weda,C STEINWEG ASIA PTE LTD,Singapore,Singapore,75021000,508.4217,99.99,99,HS750210 Ni≥99% 产品标准(口径#44),503.34,7383940.54,14523,14670,"NICKEL CATHODES NI: 99.990%,",新品目通道历史回补【#45】,新品目通道历史回补【#45】,8209,508.4217,,RC024
8209,精炼镍,2025-08-14,2025-08,PT CNGR DING XING NEW ENERGY,PT CNGR DING XING NEW ENERGY,IMIP(Morowali),Bahudopi,"C. Steinweg Logistics (Shanghai Waigaoqiao Bonded Logistics Zone) Co., Ltd.",China,Shanghai,75021000,499.2484,,99,HS750210 Ni≥99% 产品标准(口径#44),494.26,8021424.04,16067,16229,ELECTROLYTIC NICKEL,新品目通道历史回补【#45】,新品目通道历史回补【#45】,8210,499.2484,,NC019
8210,精炼镍,2025-08-14,2025-08,PT CNGR DING XING NEW ENERGY,PT CNGR DING XING NEW ENERGY,IMIP(Morowali),Bahudopi,HONGKONG KINCO INTERNATIONAL DEVELOPMENT CO LIMITED,China,Huangpu,75021000,300.1853,,99,HS750210 Ni≥99% 产品标准(口径#44),297.18,4506159.59,15011,15163,ELECTROLYTIC NICKEL,新品目通道历史回补【#45】,新品目通道历史回补【#45】,8211,300.1853,,RC040
8230,硫酸镍,2025-08-16,2025-08,PT HALMAHERA PERSADA LYGEND,PT HALMAHERA PERSADA LYGEND,Obi(Harita),Obi Island,"Ningbo Lygend Wisdom Co., Ltd.",China,Zhapu,28332400,2800,,22.2,化学计量(NiSO4·6H2O 22.2%),621.6,8112272,2897,13051,NICKEL SULFATE,同日同额拆单(tradeId不同，非重复),中间品矩阵(75章+720150等),8231,2800,,NC162
8231,硫酸镍,2025-08-16,2025-08,PT HALMAHERA PERSADA LYGEND,PT HALMAHERA PERSADA LYGEND,Obi(Harita),Obi Island,"Ningbo Lygend Wisdom Co., Ltd.",China,Zhapu,28332400,2800,,22.2,化学计量(NiSO4·6H2O 22.2%),621.6,8112272,2897,13051,NICKEL SULFATE,同日同额拆单(tradeId不同，非重复),中间品矩阵(75章+720150等),8232,2800,,NC162
8232,精炼镍,2025-08-16,2025-08,PT CNGR DING XING NEW ENERGY,PT CNGR DING XING NEW ENERGY,IMIP(Morowali),Bahudopi,"C.Steinweg Logistics(Guangzhou) Co., Ltd.",China,Huangpu,75021000,102.069,,99,HS750210 Ni≥99% 产品标准(口径#44),101.05,1532184.3,15011,15163,ELECTROLYTIC NICKEL,新品目通道历史回补【#45】,新品目通道历史回补【#45】,8233,102.069,,B003
8233,精炼镍,2025-08-16,2025-08,PT CNGR DING XING NEW ENERGY,PT CNGR DING XING NEW ENERGY,IMIP(Morowali),Bahudopi,TOYOTA TSUSHO MATERIAL INCORPORATED,Japan,Osaka,75021000,20,,99,HS750210 Ni≥99% 产品标准(口径#44),19.8,304805.2,15240,15394,ELECTROLYTIC NICKEL,新品目通道历史回补【#45】,新品目通道历史回补【#45】,8234,20,,RC066
8234,精炼镍,2025-08-16,2025-08,PT CNGR DING XING NEW ENERGY,PT CNGR DING XING NEW ENERGY,IMIP(Morowali),Bahudopi,SANCT CORPORATION,Japan,Kobe,75021000,10,,99,HS750210 Ni≥99% 产品标准(口径#44),9.9,150112.6,15011,15163,ELECTROLYTIC NICKEL,新品目通道历史回补【#45】,新品目通道历史回补【#45】,8235,10,,RC065
8235,精炼镍,2025-08-16,2025-08,PT CNGR DING XING NEW ENERGY,PT CNGR DING XING NEW ENERGY,IMIP(Morowali),Bahudopi,HANWA CO LTD,Japan,Yokohama,75021000,19.6674,,99,HS750210 Ni≥99% 产品标准(口径#44),19.47,295232.45,15011,15163,ELECTROLYTIC NICKEL,新品目通道历史回补【#45】,新品目通道历史回补【#45】,8236,19.6674,,MC045
8236,精炼镍,2025-08-16,2025-08,PT CNGR DING XING NEW ENERGY,PT CNGR DING XING NEW ENERGY,IMIP(Morowali),Bahudopi,TOYOTA TSUSHO MATERIAL INCORPORATED,Japan,Chuo-ku/Tokyo,75021000,60,,99,HS750210 Ni≥99% 产品标准(口径#44),59.4,914415.6,15240,15394,NICKEL CATHODES,新品目通道历史回补【#45】,新品目通道历史回补【#45】,8237,60,,RC066
8243,硫酸镍,2025-08-17,2025-08,PT HALMAHERA PERSADA LYGEND,PT HALMAHERA PERSADA LYGEND,Obi(Harita),Obi Island,"Ningbo Lygend Wisdom Co., Ltd.",China,Zhangjiagang,28332400,2980,,22.2,化学计量(NiSO4·6H2O 22.2%),661.56,8550097,2869,12924,NICKEL SULFATE,,中间品矩阵(75章+720150等),8244,2980,,NC162
8244,硫酸镍,2025-08-17,2025-08,PT HALMAHERA PERSADA LYGEND,PT HALMAHERA PERSADA LYGEND,Obi(Harita),Obi Island,"Ningbo Lygend Wisdom Co., Ltd.",China,Zhangjiagang,28332400,1880,,22.2,化学计量(NiSO4·6H2O 22.2%),417.36,5394021,2869,12924,NICKEL SULFATE,,中间品矩阵(75章+720150等),8245,1880,,NC162
8269,精炼镍,2025-08-20,2025-08,PT CNGR DING XING NEW ENERGY,PT CNGR DING XING NEW ENERGY,IMIP(Morowali),Bahudopi,HONG KONG RUI PU CO LIMITED,China,NINGBO,75021000,201.1025,,99,HS750210 Ni≥99% 产品标准(口径#44),199.09,3018801.91,15011,15163,NICKEL CATHODES,新品目通道历史回补【#45】,新品目通道历史回补【#45】,8270,201.1025,,B038
8270,精炼镍,2025-08-20,2025-08,PT CNGR DING XING NEW ENERGY,PT CNGR DING XING NEW ENERGY,IMIP(Morowali),Bahudopi,HONG KONG RUI PU CO LIMITED,China,Xiamen,75021000,149.8973,,99,HS750210 Ni≥99% 产品标准(口径#44),148.4,2250147.34,15011,15163,NICKEL CATHODES,新品目通道历史回补【#45】,新品目通道历史回补【#45】,8271,149.8973,,B038
8271,精炼镍,2025-08-20,2025-08,PT CNGR DING XING NEW ENERGY,PT CNGR DING XING NEW ENERGY,IMIP(Morowali),Bahudopi,"China Ordins Group Co., Ltd.",China,NINGBO,75021000,600.1028,,99,HS750210 Ni≥99% 产品标准(口径#44),594.1,9008299.16,15011,15163,NICKEL CATHODES,新品目通道历史回补【#45】,新品目通道历史回补【#45】,8272,600.1028,,RC039
8304,精炼镍,2025-08-24,2025-08,PT ETERNAL NICKEL INDUSTRY,PT ETERNAL NICKEL INDUSTRY,IWIP(Weda Bay),Weda,ACCESS WORLD KAOHSIUNG LTD,"Taiwan, China",Kaohsiung,75021000,400.5026,99.99,99,HS750210 Ni≥99% 产品标准(口径#44),396.5,5802381.54,14488,14634,"NICKEL CATHODES NI: 99.990%,",新品目通道历史回补【#45】,新品目通道历史回补【#45】,8305,400.5026,,RC017
8305,精炼镍,2025-08-24,2025-08,PT ETERNAL NICKEL INDUSTRY,PT ETERNAL NICKEL INDUSTRY,IWIP(Weda Bay),Weda,ACCESS WORLD KAOHSIUNG LTD,"Taiwan, China",Kaohsiung,75021000,381.1316,99.99,99,HS750210 Ni≥99% 产品标准(口径#44),377.32,5535273.32,14523,14670,"NICKEL CATHODES NI: 99.990%,",新品目通道历史回补【#45】,新品目通道历史回补【#45】,8306,381.1316,,RC017
8306,精炼镍,2025-08-24,2025-08,PT ETERNAL NICKEL INDUSTRY,PT ETERNAL NICKEL INDUSTRY,IWIP(Weda Bay),Weda,WALSIN LIHWA CORPORATION,"Taiwan, China",Kaohsiung,75021000,29.8643,99.99,99,HS750210 Ni≥99% 产品标准(口径#44),29.57,433771.49,14525,14671,"NICKEL CATHODES NI: 99.990%,",新品目通道历史回补【#45】,新品目通道历史回补【#45】,8307,29.8643,,B035
8342,硫酸镍,2025-08-28,2025-08,PT INDONESIA SERVICE PROVIDER,PT INDONESIA SERVICE PROVIDER,"IMIP(出口代理,Bahodopi)",Bahudopi,GEM HONG KONG INTERNATIONAL CO LIMITED,China,Wuhan,28332400,800,,22.2,化学计量(NiSO4·6H2O 22.2%),177.6,2503312,3129,14095,NICKEL SULFATE HEXAHYDRATE,,中间品矩阵(75章+720150等),8343,0,跨抬头同票特征候选；参考合计仅保留IQEM行，原记录保留,RC067
8343,硫酸镍,2025-08-28,2025-08,PT HALMAHERA PERSADA LYGEND,PT HALMAHERA PERSADA LYGEND,Obi(Harita),Obi Island,"Ningbo Lygend Wisdom Co., Ltd.",China,Zhapu,28332400,980,,22.2,化学计量(NiSO4·6H2O 22.2%),217.56,2842598,2901,13066,NICKEL SULFATE,同日同额拆单(tradeId不同，非重复),中间品矩阵(75章+720150等),8344,980,,NC162
8344,硫酸镍,2025-08-28,2025-08,PT INDONESIA SERVICE PROVIDER,PT INDONESIA SERVICE PROVIDER,"IMIP(出口代理,Bahodopi)",Bahudopi,GEM HONG KONG INTERNATIONAL CO LIMITED,China,Wuhan,28332400,2500,,22.2,化学计量(NiSO4·6H2O 22.2%),555,7822850,3129,14095,NICKEL SULFATE HEXAHYDRATE,,中间品矩阵(75章+720150等),8345,0,跨抬头同票特征候选；参考合计仅保留IQEM行，原记录保留,RC067
8345,硫酸镍,2025-08-28,2025-08,PT HALMAHERA PERSADA LYGEND,PT HALMAHERA PERSADA LYGEND,Obi(Harita),Obi Island,"Ningbo Lygend Wisdom Co., Ltd.",China,Zhapu,28332400,980,,22.2,化学计量(NiSO4·6H2O 22.2%),217.56,2842598,2901,13066,NICKEL SULFATE,同日同额拆单(tradeId不同，非重复),中间品矩阵(75章+720150等),8346,980,,NC162
8346,硫酸镍,2025-08-28,2025-08,PT INDONESIA QINGMEI ENERGY MATERIALS,INDONESIA QINGMEI ENERGY MATERIALS,,Bahudopi,GEM HONG KONG INTERNATIONAL CO LIMITED,China,Wuhan,28332400,800,,22.2,化学计量(NiSO4·6H2O 22.2%),177.6,2503312,3129,14095,NICKEL SULFATE HEXAHYDRATE,全历史档并集补票【#65】,中间品矩阵(75章+720150等),8347,800,跨抬头同票特征候选；参考合计仅保留IQEM行，原记录保留,RC067
8347,硫酸镍,2025-08-28,2025-08,PT INDONESIA QINGMEI ENERGY MATERIALS,INDONESIA QINGMEI ENERGY MATERIALS,,Bahudopi,GEM HONG KONG INTERNATIONAL CO LIMITED,China,Wuhan,28332400,2500,,22.2,化学计量(NiSO4·6H2O 22.2%),555,7822850,3129,14095,NICKEL SULFATE HEXAHYDRATE,全历史档并集补票【#65】,中间品矩阵(75章+720150等),8348,2500,跨抬头同票特征候选；参考合计仅保留IQEM行，原记录保留,RC067
8348,精炼镍,2025-08-28,2025-08,PT CNGR DING XING NEW ENERGY,PT CNGR DING XING NEW ENERGY,IMIP(Morowali),Bahudopi,HONGKONG KINCO INTERNATIONAL DEVELOPMENT CO LIMITED,China,Shanghai,75021000,504.0444,,99,HS750210 Ni≥99% 产品标准(口径#44),499,7566341.54,15011,15163,NICKEL CATHODES,新品目通道历史回补【#45】,新品目通道历史回补【#45】,8349,504.0444,,RC040
8349,精炼镍,2025-08-28,2025-08,PT CNGR DING XING NEW ENERGY,PT CNGR DING XING NEW ENERGY,IMIP(Morowali),Bahudopi,"China Ordins Group Co., Ltd.",China,Huangpu,75021000,599.6705,,99,HS750210 Ni≥99% 产品标准(口径#44),593.67,9001809.79,15011,15163,NICKEL CATHODES,新品目通道历史回补【#45】,新品目通道历史回补【#45】,8350,599.6705,,RC039
8350,精炼镍,2025-08-28,2025-08,PT CNGR DING XING NEW ENERGY,PT CNGR DING XING NEW ENERGY,IMIP(Morowali),Bahudopi,HANWA CO LTD,Japan,Yokohama,75021000,40,,99,HS750210 Ni≥99% 产品标准(口径#44),39.6,606220,15156,15309,NICKEL CATHODES,新品目通道历史回补【#45】,新品目通道历史回补【#45】,8351,40,,MC045
8351,精炼镍,2025-08-28,2025-08,PT CNGR DING XING NEW ENERGY,PT CNGR DING XING NEW ENERGY,IMIP(Morowali),Bahudopi,"China Ordins Group Co., Ltd.",China,Huangpu,75021000,100.4771,,99,HS750210 Ni≥99% 产品标准(口径#44),99.47,1518862.08,15116,15269,NICKEL CATHODES,新品目通道历史回补【#45】,新品目通道历史回补【#45】,8352,100.4771,,RC039
8352,精炼镍,2025-08-28,2025-08,PT CNGR DING XING NEW ENERGY,PT CNGR DING XING NEW ENERGY,IMIP(Morowali),Bahudopi,SUZUKI SANGYO KABUSHIKI GAISHA,Japan,Yokohama,75021000,25.4331,,99,HS750210 Ni≥99% 产品标准(口径#44),25.18,381782.88,15011,15163,NICKEL CATHODES,新品目通道历史回补【#45】,新品目通道历史回补【#45】,8353,25.4331,,RC016
8372,硫酸镍,2025-08-29,2025-08,PT INDONESIA SERVICE PROVIDER,PT INDONESIA SERVICE PROVIDER,"IMIP(出口代理,Bahodopi)",Bahudopi,HANWA COLTD,Japan,Kobe,28332400,20,,22.2,化学计量(NiSO4·6H2O 22.2%),4.44,69389,3469,15628,NICKEL SULFATE HEXAHYDRATE,,中间品矩阵(75章+720150等),8373,0,跨抬头同票特征候选；参考合计仅保留IQEM行，原记录保留,MC045
8373,硫酸镍,2025-08-29,2025-08,PT INDONESIA QINGMEI ENERGY MATERIALS,INDONESIA QINGMEI ENERGY MATERIALS,,Bahudopi,HANWA COLTD,Japan,Kobe,28332400,20,,22.2,化学计量(NiSO4·6H2O 22.2%),4.44,69389,3469,15628,NICKEL SULFATE HEXAHYDRATE,全历史档并集补票【#65】,中间品矩阵(75章+720150等),8374,20,跨抬头同票特征候选；参考合计仅保留IQEM行，原记录保留,MC045
8384,精炼镍,2025-08-30,2025-08,PT CNGR DING XING NEW ENERGY,PT CNGR DING XING NEW ENERGY,IMIP(Morowali),Bahudopi,WALSIN LIHWA CORPORATION,"Taiwan, China",Kaohsiung,75021000,19.6404,,99,HS750210 Ni≥99% 产品标准(口径#44),19.44,277386.48,14123,14266,NICKEL CATHODES,新品目通道历史回补【#45】,新品目通道历史回补【#45】,8385,19.6404,,B035
8385,精炼镍,2025-08-30,2025-08,PT CNGR DING XING NEW ENERGY,PT CNGR DING XING NEW ENERGY,IMIP(Morowali),Bahudopi,C STEINWEG LOGISTICS TAIWAN CO LTD,"Taiwan, China",Kaohsiung,75021000,95.885,,99,HS750210 Ni≥99% 产品标准(口径#44),94.93,1439354.67,15011,15163,NICKEL CATHODES,新品目通道历史回补【#45】,新品目通道历史回补【#45】,8386,95.885,,RC032
8417,精炼镍,2025-09-03,2025-09,PT CNGR DING XING NEW ENERGY,PT CNGR DING XING NEW ENERGY,IMIP(Morowali),Bahudopi,SEAH MNS CORP,South Korea,Busan (ex Pusan),75021000,60.0455,,99,HS750210 Ni≥99% 产品标准(口径#44),59.45,901358.61,15011,15163,NICKEL CATHODES,新品目通道历史回补【#45】,新品目通道历史回补【#45】,8418,60.0455,,RC050
8434,精炼镍,2025-09-04,2025-09,PT ETERNAL NICKEL INDUSTRY,PT ETERNAL NICKEL INDUSTRY,IWIP(Weda Bay),Weda,ACCESS WORLD LOGISTICS SINGAPORE PTE LTD,Singapore,Singapore,75021000,714.2836,99.99,99,HS750210 Ni≥99% 产品标准(口径#44),707.14,10373726.44,14523,14670,"NICKEL CATHODES NI: 99.990%,",新品目通道历史回补【#45】,新品目通道历史回补【#45】,8435,714.2836,,RC018
8460,硫酸镍,2025-09-06,2025-09,PT HALMAHERA PERSADA LYGEND,PT HALMAHERA PERSADA LYGEND,Obi(Harita),Obi Island,"Ningbo Lygend Wisdom Co., Ltd.",China,Zhapu,28332400,4000,,22.2,化学计量(NiSO4·6H2O 22.2%),888,11753200,2938,13236,NICKEL SULFATE,同日同额拆单(tradeId不同，非重复),中间品矩阵(75章+720150等),8461,4000,,NC162
8461,硫酸镍,2025-09-06,2025-09,PT HALMAHERA PERSADA LYGEND,PT HALMAHERA PERSADA LYGEND,Obi(Harita),Obi Island,"Ningbo Lygend Wisdom Co., Ltd.",China,Zhapu,28332400,4000,,22.2,化学计量(NiSO4·6H2O 22.2%),888,11753200,2938,13236,NICKEL SULFATE,同日同额拆单(tradeId不同，非重复),中间品矩阵(75章+720150等),8462,4000,,NC162
8462,精炼镍,2025-09-06,2025-09,PT CNGR DING XING NEW ENERGY,PT CNGR DING XING NEW ENERGY,IMIP(Morowali),Bahudopi,C STEINWEG ASIA PTE LTD,Singapore,SINGAPORE,75021000,101.9949,,99,HS750210 Ni≥99% 产品标准(口径#44),100.97,1531071.96,15011,15163,NICKEL CATHODES,新品目通道历史回补【#45】,新品目通道历史回补【#45】,8463,101.9949,,RC024
8463,精炼镍,2025-09-06,2025-09,PT CNGR DING XING NEW ENERGY,PT CNGR DING XING NEW ENERGY,IMIP(Morowali),Bahudopi,TOYOTA TSUSHO MATERIAL INCORPORATED,Japan,Chuo-ku/Tokyo,75021000,40,,99,HS750210 Ni≥99% 产品标准(口径#44),39.6,605520,15138,15291,NICKEL CATHODES,新品目通道历史回补【#45】,新品目通道历史回补【#45】,8464,40,,RC066
8464,精炼镍,2025-09-06,2025-09,PT CNGR DING XING NEW ENERGY,PT CNGR DING XING NEW ENERGY,IMIP(Morowali),Bahudopi,"C. Steinweg Logistics (Shanghai Waigaoqiao Bonded Logistics Zone) Co., Ltd.",China,Shanghai,75021000,300.0124,,99,HS750210 Ni≥99% 产品标准(口径#44),297.01,4503564.14,15011,15163,NICKEL CATHODES,新品目通道历史回补【#45】,新品目通道历史回补【#45】,8465,300.0124,,NC019
8465,精炼镍,2025-09-06,2025-09,PT CNGR DING XING NEW ENERGY,PT CNGR DING XING NEW ENERGY,IMIP(Morowali),Bahudopi,TOYOTA TSUSHO MATERIAL INCORPORATED,Japan,Osaka,75021000,40,,99,HS750210 Ni≥99% 产品标准(口径#44),39.6,623320,15583,15740,NICKEL CATHODES,新品目通道历史回补【#45】,新品目通道历史回补【#45】,8466,40,,RC066
8466,精炼镍,2025-09-06,2025-09,PT CNGR DING XING NEW ENERGY,PT CNGR DING XING NEW ENERGY,IMIP(Morowali),Bahudopi,ACCESS WORLD KAOHSIUNG LTD C O FORMOSA LOGISTICS CORP,"Taiwan, China",Kaohsiung,75021000,375.0725,,99,HS750210 Ni≥99% 产品标准(口径#44),371.32,5669783.45,15117,15269,NICKEL CATHODES,新品目通道历史回补【#45】,新品目通道历史回补【#45】,8467,375.0725,,RC023
8467,精炼镍,2025-09-06,2025-09,PT CNGR DING XING NEW ENERGY,PT CNGR DING XING NEW ENERGY,IMIP(Morowali),Bahudopi,"China Ordins Group Co., Ltd.",China,Huangpu,75021000,299.8004,,99,HS750210 Ni≥99% 产品标准(口径#44),296.8,4466126.56,14897,15047,NICKEL CATHODES,新品目通道历史回补【#45】,新品目通道历史回补【#45】,8468,299.8004,,RC039
8468,精炼镍,2025-09-06,2025-09,PT CNGR DING XING NEW ENERGY,PT CNGR DING XING NEW ENERGY,IMIP(Morowali),Bahudopi,HONGKONG KINCO INTERNATIONAL DEVELOPMENT CO LIMITED,China,Shanghai,75021000,402.1913,,99,HS750210 Ni≥99% 产品标准(口径#44),398.17,6175245.22,15354,15509,NICKEL CATHODES,新品目通道历史回补【#45】,新品目通道历史回补【#45】,8469,402.1913,,RC040
8469,精炼镍,2025-09-06,2025-09,PT CNGR DING XING NEW ENERGY,PT CNGR DING XING NEW ENERGY,IMIP(Morowali),Bahudopi,"C.Steinweg Logistics(Guangzhou) Co., Ltd.",China,Huangpu,75021000,102.0417,,99,HS750210 Ni≥99% 产品标准(口径#44),101.02,1531774.49,15011,15163,NICKEL CATHODES,新品目通道历史回补【#45】,新品目通道历史回补【#45】,8470,102.0417,,B003
8484,硫酸镍,2025-09-08,2025-09,PT INDONESIA SERVICE PROVIDER,PT INDONESIA SERVICE PROVIDER,"IMIP(出口代理,Bahodopi)",Bahudopi,UMICORE SPECIALTY CHEMICALS SUBIC INC,Philippines,Subic Bay,28332400,60,,22.2,化学计量(NiSO4·6H2O 22.2%),13.32,196740,3279,14770,NICKEL SULFATE,,中间品矩阵(75章+720150等),8485,0,跨抬头同票特征候选；参考合计仅保留IQEM行，原记录保留,RC064
8485,硫酸镍,2025-09-08,2025-09,PT INDONESIA SERVICE PROVIDER,PT INDONESIA SERVICE PROVIDER,"IMIP(出口代理,Bahodopi)",Bahudopi,XIANGYU SINGAPORE PTE LTD,China,Wuhan,28332400,1175,,22.2,化学计量(NiSO4·6H2O 22.2%),260.85,3758883.75,3199,14410,NICKEL SULFATE,,中间品矩阵(75章+720150等),8486,0,跨抬头同票特征候选；参考合计仅保留IQEM行，原记录保留,B060
8486,硫酸镍,2025-09-08,2025-09,PT INDONESIA QINGMEI ENERGY MATERIALS,INDONESIA QINGMEI ENERGY MATERIALS,,Bahudopi,UMICORE SPECIALTY CHEMICALS SUBIC INC,Philippines,Subic Bay,28332400,60,,22.2,化学计量(NiSO4·6H2O 22.2%),13.32,196740,3279,14770,NICKEL SULFATE,全历史档并集补票【#65】,中间品矩阵(75章+720150等),8487,60,跨抬头同票特征候选；参考合计仅保留IQEM行，原记录保留,RC064
8487,硫酸镍,2025-09-08,2025-09,PT INDONESIA QINGMEI ENERGY MATERIALS,INDONESIA QINGMEI ENERGY MATERIALS,,Bahudopi,XIANGYU SINGAPORE PTE LTD,China,Wuhan,28332400,1175,,22.2,化学计量(NiSO4·6H2O 22.2%),260.85,3758883.75,3199,14410,NICKEL SULFATE,全历史档并集补票【#65】,中间品矩阵(75章+720150等),8488,1175,跨抬头同票特征候选；参考合计仅保留IQEM行，原记录保留,B060
8488,精炼镍,2025-09-08,2025-09,PT CNGR DING XING NEW ENERGY,PT CNGR DING XING NEW ENERGY,IMIP(Morowali),Bahudopi,HANSMET CO,South Korea,Incheon,75021000,19.6687,,99,HS750210 Ni≥99% 产品标准(口径#44),19.47,292896.45,14892,15042,NICKEL CATHODES,新品目通道历史回补【#45】,新品目通道历史回补【#45】,8489,19.6687,,RC007
8489,精炼镍,2025-09-08,2025-09,PT CNGR DING XING NEW ENERGY,PT CNGR DING XING NEW ENERGY,IMIP(Morowali),Bahudopi,HANWA CO LTD,Japan,"Nagoya, Aichi",75021000,40,,99,HS750210 Ni≥99% 产品标准(口径#44),39.6,604820,15121,15273,NICKEL CATHODES,新品目通道历史回补【#45】,新品目通道历史回补【#45】,8490,40,,MC045
8567,精炼镍,2025-09-13,2025-09,PT ETERNAL NICKEL INDUSTRY,PT ETERNAL NICKEL INDUSTRY,IWIP(Weda Bay),Weda,ACCESS WORLD LOGISTICS SINGAPORE PTE LTD,Singapore,Singapore,75021000,378.6256,99.99,99,HS750210 Ni≥99% 产品标准(口径#44),374.84,5498878.03,14523,14670,"NICKEL CATHODES NI: 99.990%,",新品目通道历史回补【#45】,新品目通道历史回补【#45】,8568,378.6256,,RC018
8568,精炼镍,2025-09-13,2025-09,PT ETERNAL NICKEL INDUSTRY,PT ETERNAL NICKEL INDUSTRY,IWIP(Weda Bay),Weda,GRAFTON LOGISTICS SERVICES SINGAPORE PTE LTD,Singapore,Singapore,75021000,378.7548,99.99,99,HS750210 Ni≥99% 产品标准(口径#44),374.97,5457477.91,14409,14555,"NICKEL CATHODES NI: 99.990%,",新品目通道历史回补【#45】,新品目通道历史回补【#45】,8569,378.7548,,RC068
8569,精炼镍,2025-09-13,2025-09,PT ETERNAL NICKEL INDUSTRY,PT ETERNAL NICKEL INDUSTRY,IWIP(Weda Bay),Weda,ACCESS WORLD LOGISTICS SINGAPORE PTE LTD,Singapore,Singapore,75021000,480.5376,99.99,99,HS750210 Ni≥99% 产品标准(口径#44),475.73,6924066.28,14409,14555,"NICKEL CATHODES NI: 99.990%,",新品目通道历史回补【#45】,新品目通道历史回补【#45】,8570,480.5376,,RC018
8582,硫酸镍,2025-09-15,2025-09,PT HALMAHERA PERSADA LYGEND,PT HALMAHERA PERSADA LYGEND,Obi(Harita),Obi Island,"Ningbo Lygend Wisdom Co., Ltd.",China,Zhapu,28332400,2000,,22.2,化学计量(NiSO4·6H2O 22.2%),444,5928800,2964,13353,NICKEL SULFATE,同日同额拆单(tradeId不同，非重复),中间品矩阵(75章+720150等),8583,2000,,NC162
8583,硫酸镍,2025-09-15,2025-09,PT HALMAHERA PERSADA LYGEND,PT HALMAHERA PERSADA LYGEND,Obi(Harita),Obi Island,"Ningbo Lygend Wisdom Co., Ltd.",China,Zhapu,28332400,2000,,22.2,化学计量(NiSO4·6H2O 22.2%),444,5928800,2964,13353,NICKEL SULFATE,同日同额拆单(tradeId不同，非重复),中间品矩阵(75章+720150等),8584,2000,,NC162
8628,精炼镍,2025-09-19,2025-09,PT CNGR DING XING NEW ENERGY,PT CNGR DING XING NEW ENERGY,IMIP(Morowali),Bahudopi,HANWA CO LTD,Japan,Yokohama,75021000,19.6393,,99,HS750210 Ni≥99% 产品标准(口径#44),19.44,292566.65,14897,15047,NICKEL CATHODES,新品目通道历史回补【#45】,新品目通道历史回补【#45】,8629,19.6393,,MC045
8629,精炼镍,2025-09-19,2025-09,PT CNGR DING XING NEW ENERGY,PT CNGR DING XING NEW ENERGY,IMIP(Morowali),Bahudopi,HONG KONG RUI PU CO LIMITED,China,Xiamen,75021000,149.6966,,99,HS750210 Ni≥99% 产品标准(口径#44),148.2,2230030.25,14897,15047,NICKEL CATHODES,新品目通道历史回补【#45】,新品目通道历史回补【#45】,8630,149.6966,,B038
8630,精炼镍,2025-09-19,2025-09,PT CNGR DING XING NEW ENERGY,PT CNGR DING XING NEW ENERGY,IMIP(Morowali),Bahudopi,HANSMET CO,South Korea,Incheon,75021000,19.6586,,99,HS750210 Ni≥99% 产品标准(口径#44),19.46,292854.16,14897,15047,NICKEL CATHODES,新品目通道历史回补【#45】,新品目通道历史回补【#45】,8631,19.6586,,RC007
8631,精炼镍,2025-09-19,2025-09,PT CNGR DING XING NEW ENERGY,PT CNGR DING XING NEW ENERGY,IMIP(Morowali),Bahudopi,HANWA CO LTD,Japan,"Nagoya, Aichi",75021000,80,,99,HS750210 Ni≥99% 产品标准(口径#44),79.2,1210080,15126,15279,NICKEL CATHODES,新品目通道历史回补【#45】,新品目通道历史回补【#45】,8632,80,,MC045
8641,硫酸镍,2025-09-20,2025-09,PT INDONESIA SERVICE PROVIDER,PT INDONESIA SERVICE PROVIDER,"IMIP(出口代理,Bahodopi)",Bahudopi,XIANGYU SINGAPORE PTE LTD,China,Wuhan,28332400,1403,,22.2,化学计量(NiSO4·6H2O 22.2%),311.47,4496264.25,3205,14436,NICKEL SULFATE,,中间品矩阵(75章+720150等),8642,0,跨抬头同票特征候选；参考合计仅保留IQEM行，原记录保留,B060
8642,硫酸镍,2025-09-20,2025-09,PT INDONESIA QINGMEI ENERGY MATERIALS,INDONESIA QINGMEI ENERGY MATERIALS,,Bahudopi,XIANGYU SINGAPORE PTE LTD,China,Wuhan,28332400,1403,,22.2,化学计量(NiSO4·6H2O 22.2%),311.47,4496264.25,3205,14436,NICKEL SULFATE,全历史档并集补票【#65】,中间品矩阵(75章+720150等),8643,1403,跨抬头同票特征候选；参考合计仅保留IQEM行，原记录保留,B060
8651,精炼镍,2025-09-21,2025-09,PT CNGR DING XING NEW ENERGY,PT CNGR DING XING NEW ENERGY,IMIP(Morowali),Bahudopi,"China Ordins Group Co., Ltd.",China,Huangpu,75021000,299.939,,99,HS750210 Ni≥99% 产品标准(口径#44),296.94,4579918.56,15269,15424,NICKEL CATHODES,新品目通道历史回补【#45】,新品目通道历史回补【#45】,8652,299.939,,RC039
8652,精炼镍,2025-09-21,2025-09,PT CNGR DING XING NEW ENERGY,PT CNGR DING XING NEW ENERGY,IMIP(Morowali),Bahudopi,PGS EAST ASIA PTE LTD,Singapore,Singapore,75021000,402.021,,99,HS750210 Ni≥99% 产品标准(口径#44),398,6138659.66,15270,15424,NICKEL CATHODES,新品目通道历史回补【#45】,新品目通道历史回补【#45】,8653,402.021,,RC033
8653,精炼镍,2025-09-21,2025-09,PT CNGR DING XING NEW ENERGY,PT CNGR DING XING NEW ENERGY,IMIP(Morowali),Bahudopi,"Hongkong Kinco International Development Co.,Limited",China,Huangpu,75021000,300.0048,,99,HS750210 Ni≥99% 产品标准(口径#44),297,4580923.29,15269,15424,NICKEL CATHODES,新品目通道历史回补【#45】,新品目通道历史回补【#45】,8654,300.0048,,RC040
8666,精炼镍,2025-09-23,2025-09,PT CNGR DING XING NEW ENERGY,PT CNGR DING XING NEW ENERGY,IMIP(Morowali),Bahudopi,"China Ordins Group Co., Ltd.",China,NINGBO,75021000,501.1975,,99,HS750210 Ni≥99% 产品标准(口径#44),496.19,7466339.16,14897,15047,NICKEL CATHODES,新品目通道历史回补【#45】,新品目通道历史回补【#45】,8667,501.1975,,RC039
8667,精炼镍,2025-09-23,2025-09,PT CNGR DING XING NEW ENERGY,PT CNGR DING XING NEW ENERGY,IMIP(Morowali),Bahudopi,HONG KONG RUI PU CO LIMITED,China,NINGBO,75021000,201.3381,,99,HS750210 Ni≥99% 产品标准(口径#44),199.32,2999333.68,14897,15047,NICKEL CATHODES,新品目通道历史回补【#45】,新品目通道历史回补【#45】,8668,201.3381,,B038
8690,硫酸镍,2025-09-25,2025-09,PT INDONESIA SERVICE PROVIDER,PT INDONESIA SERVICE PROVIDER,"IMIP(出口代理,Bahodopi)",Bahudopi,UMICORE SPECIALTY CHEMICALS SUBIC INC,Philippines,Subic Bay,28332400,60,,22.2,化学计量(NiSO4·6H2O 22.2%),13.32,198360,3306,14892,NICKEL SULFATE,,中间品矩阵(75章+720150等),8691,0,跨抬头同票特征候选；参考合计仅保留IQEM行，原记录保留,RC064
8691,硫酸镍,2025-09-25,2025-09,PT INDONESIA QINGMEI ENERGY MATERIALS,INDONESIA QINGMEI ENERGY MATERIALS,,Bahudopi,UMICORE SPECIALTY CHEMICALS SUBIC INC,Philippines,Subic Bay,28332400,60,,22.2,化学计量(NiSO4·6H2O 22.2%),13.32,198360,3306,14892,NICKEL SULFATE,全历史档并集补票【#65】,中间品矩阵(75章+720150等),8692,60,跨抬头同票特征候选；参考合计仅保留IQEM行，原记录保留,RC064
8708,精炼镍,2025-09-26,2025-09,PT CNGR DING XING NEW ENERGY,PT CNGR DING XING NEW ENERGY,IMIP(Morowali),Bahudopi,SUZUKI SANGYO KABUSHIKI GAISHA,Japan,Yokohama,75021000,25.401,,99,HS750210 Ni≥99% 产品标准(口径#44),25.15,383974.22,15117,15269,NICKEL CATHODES,新品目通道历史回补【#45】,新品目通道历史回补【#45】,8709,25.401,,RC016
8709,精炼镍,2025-09-26,2025-09,PT CNGR DING XING NEW ENERGY,PT CNGR DING XING NEW ENERGY,IMIP(Morowali),Bahudopi,HONG KONG RUI PU CO LIMITED,China,Shanghai,75021000,500.8665,,99,HS750210 Ni≥99% 产品标准(口径#44),495.86,7571348.45,15117,15269,NICKEL CATHODES,新品目通道历史回补【#45】,新品目通道历史回补【#45】,8710,500.8665,,B038
8710,精炼镍,2025-09-26,2025-09,PT CNGR DING XING NEW ENERGY,PT CNGR DING XING NEW ENERGY,IMIP(Morowali),Bahudopi,"China Ordins Group Co., Ltd.",China,Huangpu,75021000,100.6852,,99,HS750210 Ni≥99% 产品标准(口径#44),99.68,1522007.83,15117,15269,NICKEL CATHODES,新品目通道历史回补【#45】,新品目通道历史回补【#45】,8711,100.6852,,RC039
8711,精炼镍,2025-09-26,2025-09,PT CNGR DING XING NEW ENERGY,PT CNGR DING XING NEW ENERGY,IMIP(Morowali),Bahudopi,C STEINWEG LOGISTICS TAIWAN CO LTD,"Taiwan, China",Kaohsiung,75021000,375.0505,,99,HS750210 Ni≥99% 产品标准(口径#44),371.3,5669450.88,15116,15269,NICKEL CATHODES,新品目通道历史回补【#45】,新品目通道历史回补【#45】,8712,375.0505,,RC032
8733,硫酸镍,2025-09-28,2025-09,PT HALMAHERA PERSADA LYGEND,PT HALMAHERA PERSADA LYGEND,Obi(Harita),Obi Island,"Ningbo Lygend Wisdom Co., Ltd.",China,Zhapu,28332400,3200,,22.2,化学计量(NiSO4·6H2O 22.2%),710.4,9531072,2978,13416,NICKEL SULFATE,同日同额拆单(tradeId不同，非重复),中间品矩阵(75章+720150等),8734,3200,,NC162
8734,硫酸镍,2025-09-28,2025-09,PT HALMAHERA PERSADA LYGEND,PT HALMAHERA PERSADA LYGEND,Obi(Harita),Obi Island,"Ningbo Lygend Wisdom Co., Ltd.",China,Zhapu,28332400,3200,,22.2,化学计量(NiSO4·6H2O 22.2%),710.4,9531072,2978,13416,NICKEL SULFATE,同日同额拆单(tradeId不同，非重复),中间品矩阵(75章+720150等),8735,3200,,NC162
8740,精炼镍,2025-09-29,2025-09,PT CNGR DING XING NEW ENERGY,PT CNGR DING XING NEW ENERGY,IMIP(Morowali),Bahudopi,WALSIN LIHWA CORPORATION,"Taiwan, China",Kaohsiung,75021000,19.8555,,99,HS750210 Ni≥99% 产品标准(口径#44),19.66,278155.7,14009,14151,NICKEL CATHODES,新品目通道历史回补【#45】,新品目通道历史回补【#45】,8741,19.8555,,B035
8754,硫酸镍,2025-09-30,2025-09,PT INDONESIA SERVICE PROVIDER,PT INDONESIA SERVICE PROVIDER,"IMIP(出口代理,Bahodopi)",Bahudopi,XIANGYU SINGAPORE PTE LTD,China,Wuhan,28332400,1925,,22.2,化学计量(NiSO4·6H2O 22.2%),427.35,6145966.75,3193,14382,NICKEL SULFATE,,中间品矩阵(75章+720150等),8755,0,跨抬头同票特征候选；参考合计仅保留IQEM行，原记录保留,B060
8755,硫酸镍,2025-09-30,2025-09,PT INDONESIA SERVICE PROVIDER,PT INDONESIA SERVICE PROVIDER,"IMIP(出口代理,Bahodopi)",Bahudopi,XIANGYU SINGAPORE PTE LTD,China,Wuhan,28332400,1000,,22.2,化学计量(NiSO4·6H2O 22.2%),222,3192710,3193,14382,NICKEL SULFATE,,中间品矩阵(75章+720150等),8756,0,跨抬头同票特征候选；参考合计仅保留IQEM行，原记录保留,B060
8756,硫酸镍,2025-09-30,2025-09,PT INDONESIA QINGMEI ENERGY MATERIALS,INDONESIA QINGMEI ENERGY MATERIALS,,Bahudopi,XIANGYU SINGAPORE PTE LTD,China,Wuhan,28332400,1000,,22.2,化学计量(NiSO4·6H2O 22.2%),222,3192710,3193,14382,NICKEL SULFATE,全历史档并集补票【#65】,中间品矩阵(75章+720150等),8757,1000,跨抬头同票特征候选；参考合计仅保留IQEM行，原记录保留,B060
8757,硫酸镍,2025-09-30,2025-09,PT INDONESIA QINGMEI ENERGY MATERIALS,INDONESIA QINGMEI ENERGY MATERIALS,,Bahudopi,XIANGYU SINGAPORE PTE LTD,China,Wuhan,28332400,1925,,22.2,化学计量(NiSO4·6H2O 22.2%),427.35,6145966.75,3193,14382,NICKEL SULFATE,全历史档并集补票【#65】,中间品矩阵(75章+720150等),8758,1925,跨抬头同票特征候选；参考合计仅保留IQEM行，原记录保留,B060
8791,精炼镍,2025-10-03,2025-10,PT ETERNAL NICKEL INDUSTRY,PT ETERNAL NICKEL INDUSTRY,IWIP(Weda Bay),Weda,C STEINWEG ASIA PTE LTD,Singapore,Singapore,75021000,501.4258,99.99,99,HS750210 Ni≥99% 产品标准(口径#44),496.41,7225044.35,14409,14555,"NICKEL CATHODES NI: 99.990%,",新品目通道历史回补【#45】,新品目通道历史回补【#45】,8792,501.4258,,RC024
8792,精炼镍,2025-10-03,2025-10,PT ETERNAL NICKEL INDUSTRY,PT ETERNAL NICKEL INDUSTRY,IWIP(Weda Bay),Weda,ACCESS WORLD KAOHSIUNG LTD,"Taiwan, China",Kaohsiung,75021000,501.4072,99.99,99,HS750210 Ni≥99% 产品标准(口径#44),496.39,7224776.34,14409,14555,"NICKEL CATHODES NI: 99.990%,",新品目通道历史回补【#45】,新品目通道历史回补【#45】,8793,501.4072,,RC017
8793,精炼镍,2025-10-03,2025-10,PT ETERNAL NICKEL INDUSTRY,PT ETERNAL NICKEL INDUSTRY,IWIP(Weda Bay),Weda,"C. Steinweg Logistics (Shanghai Waigaoqiao Bonded Logistics Zone) Co., Ltd.",China,Shanghai,75021000,150.2712,99.99,99,HS750210 Ni≥99% 产品标准(口径#44),148.77,2165257.72,14409,14555,"NICKEL CATHODES NI: 99.990%,",新品目通道历史回补【#45】,新品目通道历史回补【#45】,8794,150.2712,,NC019
8794,精炼镍,2025-10-03,2025-10,PT ETERNAL NICKEL INDUSTRY,PT ETERNAL NICKEL INDUSTRY,IWIP(Weda Bay),Weda,METAAL TRANSPORT BV,Netherlands,Rotterdam,75021000,100.7456,99.99,99,HS750210 Ni≥99% 产品标准(口径#44),99.74,1451643.35,14409,14555,"NICKEL CATHODES NI: 99.990%,",新品目通道历史回补【#45】,新品目通道历史回补【#45】,8795,100.7456,,RC008
8795,精炼镍,2025-10-03,2025-10,PT ETERNAL NICKEL INDUSTRY,PT ETERNAL NICKEL INDUSTRY,IWIP(Weda Bay),Weda,ACCESS WORLD LOGISTICS SINGAPORE PTE LTD,Singapore,Singapore,75021000,726.3854,99.99,99,HS750210 Ni≥99% 产品标准(口径#44),719.12,10466487.23,14409,14555,"NICKEL CATHODES NI: 99.990%,",新品目通道历史回补【#45】,新品目通道历史回补【#45】,8796,726.3854,,RC018
8796,精炼镍,2025-10-03,2025-10,PT ETERNAL NICKEL INDUSTRY,PT ETERNAL NICKEL INDUSTRY,IWIP(Weda Bay),Weda,ACCESS WORLD KAOHSIUNG LTD,"Taiwan, China",Kaohsiung,75021000,50.9958,99.99,99,HS750210 Ni≥99% 产品标准(口径#44),50.49,740625.26,14523,14670,"NICKEL CATHODES NI: 99.990%,",新品目通道历史回补【#45】,新品目通道历史回补【#45】,8797,50.9958,,RC017
8797,精炼镍,2025-10-03,2025-10,PT ETERNAL NICKEL INDUSTRY,PT ETERNAL NICKEL INDUSTRY,IWIP(Weda Bay),Weda,KOREA NON FERROUS METALS CO,South Korea,Incheon,75021000,78.416,99.99,99,HS750210 Ni≥99% 产品标准(口径#44),77.63,1129896.14,14409,14555,"NICKEL CATHODES NI: 99.990%,",新品目通道历史回补【#45】,新品目通道历史回补【#45】,8798,78.416,,RC009
8798,精炼镍,2025-10-03,2025-10,PT ETERNAL NICKEL INDUSTRY,PT ETERNAL NICKEL INDUSTRY,IWIP(Weda Bay),Weda,SUZUKI SANGYO KABUSHIKI GAISHA,Japan,Yokohama,75021000,39.888,99.99,99,HS750210 Ni≥99% 产品标准(口径#44),39.49,562779.79,14109,14252,"NICKEL CATHODES NI: 99.990%,",新品目通道历史回补【#45】,新品目通道历史回补【#45】,8799,39.888,,RC016
8799,精炼镍,2025-10-03,2025-10,PT ETERNAL NICKEL INDUSTRY,PT ETERNAL NICKEL INDUSTRY,IWIP(Weda Bay),Weda,HANSMET CO,South Korea,Incheon,75021000,19.6172,99.99,99,HS750210 Ni≥99% 产品标准(口径#44),19.42,282664.23,14409,14555,"NICKEL CATHODES NI: 99.990%,",新品目通道历史回补【#45】,新品目通道历史回补【#45】,8800,19.6172,,RC007
8800,精炼镍,2025-10-03,2025-10,PT ETERNAL NICKEL INDUSTRY,PT ETERNAL NICKEL INDUSTRY,IWIP(Weda Bay),Weda,ACCESS WORLD KAOHSIUNG LTD,"Taiwan, China",Kaohsiung,75021000,49.5684,99.99,99,HS750210 Ni≥99% 产品标准(口径#44),49.07,714231.08,14409,14555,"NICKEL CATHODES NI: 99.990%,",新品目通道历史回补【#45】,新品目通道历史回补【#45】,8801,49.5684,,RC017
8801,精炼镍,2025-10-03,2025-10,PT ETERNAL NICKEL INDUSTRY,PT ETERNAL NICKEL INDUSTRY,IWIP(Weda Bay),Weda,ACCESS WORLD LOGISTICS SINGAPORE PTE LTD,Singapore,Singapore,75021000,504.4502,99.99,99,HS750210 Ni≥99% 产品标准(口径#44),499.41,7268622.93,14409,14555,"NICKEL CATHODES NI: 99.990%,",新品目通道历史回补【#45】,新品目通道历史回补【#45】,8802,504.4502,,RC018
8802,精炼镍,2025-10-03,2025-10,PT ETERNAL NICKEL INDUSTRY,PT ETERNAL NICKEL INDUSTRY,IWIP(Weda Bay),Weda,SEAH CHANGWON INTEGRATED SPECIAL STEEL CORPORATION,South Korea,Busan (ex Pusan),75021000,58.833,99.99,99,HS750210 Ni≥99% 产品标准(口径#44),58.24,872184.52,14825,14974,"NICKEL CATHODES NI: 99.990%,",新品目通道历史回补【#45】,新品目通道历史回补【#45】,8803,58.833,,RC069
8803,精炼镍,2025-10-03,2025-10,PT ETERNAL NICKEL INDUSTRY,PT ETERNAL NICKEL INDUSTRY,IWIP(Weda Bay),Weda,HANSMET CO,South Korea,Incheon,75021000,19.6392,99.99,99,HS750210 Ni≥99% 产品标准(口径#44),19.44,282981.23,14409,14555,"NICKEL CATHODES NI: 99.990%,",新品目通道历史回补【#45】,新品目通道历史回补【#45】,8804,19.6392,,RC007
8804,精炼镍,2025-10-03,2025-10,PT ETERNAL NICKEL INDUSTRY,PT ETERNAL NICKEL INDUSTRY,IWIP(Weda Bay),Weda,"C. Steinweg Logistics (Shanghai Waigaoqiao Bonded Logistics Zone) Co., Ltd.",China,Shanghai,75021000,149.9832,99.99,99,HS750210 Ni≥99% 产品标准(口径#44),148.48,2161107.93,14409,14555,"NICKEL CATHODES NI: 99.990%,",新品目通道历史回补【#45】,新品目通道历史回补【#45】,8805,149.9832,,NC019
8805,精炼镍,2025-10-03,2025-10,PT ETERNAL NICKEL INDUSTRY,PT ETERNAL NICKEL INDUSTRY,IWIP(Weda Bay),Weda,KOREA NON FERROUS METALS CO,South Korea,Incheon,75021000,39.2422,99.99,99,HS750210 Ni≥99% 产品标准(口径#44),38.85,565440.86,14409,14555,"NICKEL CATHODES NI: 99.990%,",新品目通道历史回补【#45】,新品目通道历史回补【#45】,8806,39.2422,,RC009
8834,硫酸镍,2025-10-06,2025-10,PT HALMAHERA PERSADA LYGEND,PT HALMAHERA PERSADA LYGEND,Obi(Harita),Obi Island,"Ningbo Lygend Wisdom Co., Ltd.",China,Zhapu,28332400,1520,,22.2,化学计量(NiSO4·6H2O 22.2%),337.44,4478847,2947,13273,NICKEL SULFATE,,中间品矩阵(75章+720150等),8835,1520,,NC162
8835,硫酸镍,2025-10-06,2025-10,PT HALMAHERA PERSADA LYGEND,PT HALMAHERA PERSADA LYGEND,Obi(Harita),Obi Island,"Ningbo Lygend Wisdom Co., Ltd.",China,Zhapu,28332400,1500,,22.2,化学计量(NiSO4·6H2O 22.2%),333,4419915,2947,13273,NICKEL SULFATE,,中间品矩阵(75章+720150等),8836,1500,,NC162
8844,精炼镍,2025-10-07,2025-10,PT CNGR DING XING NEW ENERGY,PT CNGR DING XING NEW ENERGY,IMIP(Morowali),Bahudopi,C STEINWEG LOGISTICS TAIWAN CO LTD,"Taiwan, China",Kaohsiung,75021000,198.4658,,99,HS750210 Ni≥99% 产品标准(口径#44),196.48,2997032.05,15101,15254,NICKEL CATHODES,新品目通道历史回补【#45】,新品目通道历史回补【#45】,8845,198.4658,,RC032
8866,精炼镍,2025-10-10,2025-10,PT CNGR DING XING NEW ENERGY,PT CNGR DING XING NEW ENERGY,IMIP(Morowali),Bahudopi,ACCESS WORLD LOGISTICS SINGAPORE PTE LTD,Singapore,Singapore,75021000,101.9831,,99,HS750210 Ni≥99% 产品标准(口径#44),100.96,1519293.23,14897,15048,NICKEL CATHODES,新品目通道历史回补【#45】,新品目通道历史回补【#45】,8867,101.9831,,RC018
8867,精炼镍,2025-10-10,2025-10,PT CNGR DING XING NEW ENERGY,PT CNGR DING XING NEW ENERGY,IMIP(Morowali),Bahudopi,"C. Steinweg Logistics (Shanghai Waigaoqiao Bonded Logistics Zone) Co., Ltd.",China,Shanghai,75021000,300.2436,,99,HS750210 Ni≥99% 产品标准(口径#44),297.24,4472879.03,14897,15048,NICKEL CATHODES,新品目通道历史回补【#45】,新品目通道历史回补【#45】,8868,300.2436,,NC019
8868,精炼镍,2025-10-10,2025-10,PT CNGR DING XING NEW ENERGY,PT CNGR DING XING NEW ENERGY,IMIP(Morowali),Bahudopi,C STEINWEG ASIA PTE LTD,Singapore,Singapore,75021000,102.2177,,99,HS750210 Ni≥99% 产品标准(口径#44),101.2,1522788.19,14898,15048,NICKEL CATHODES,新品目通道历史回补【#45】,新品目通道历史回补【#45】,8869,102.2177,,RC024
8869,精炼镍,2025-10-10,2025-10,PT CNGR DING XING NEW ENERGY,PT CNGR DING XING NEW ENERGY,IMIP(Morowali),Bahudopi,TOYOTA TSUSHO MATERIAL INCORPORATED,Japan,Osaka,75021000,40,,99,HS750210 Ni≥99% 产品标准(口径#44),39.6,605060,15127,15279,NICKEL CATHODES,新品目通道历史回补【#45】,新品目通道历史回补【#45】,8870,40,,RC066
8870,精炼镍,2025-10-10,2025-10,PT CNGR DING XING NEW ENERGY,PT CNGR DING XING NEW ENERGY,IMIP(Morowali),Bahudopi,HONGKONG KINCO INTERNATIONAL DEVELOPMENT CO LIMITED,China,Huangpu,75021000,300.4331,,99,HS750210 Ni≥99% 产品标准(口径#44),297.43,4475702.11,14898,15048,NICKEL CATHODES,新品目通道历史回补【#45】,新品目通道历史回补【#45】,8871,300.4331,,RC040
8893,精炼镍,2025-10-13,2025-10,PT CNGR DING XING NEW ENERGY,PT CNGR DING XING NEW ENERGY,IMIP(Morowali),Bahudopi,HONG KONG RUI PU CO LIMITED,China,Shanghai,75021000,402.3212,,99,HS750210 Ni≥99% 产品标准(口径#44),398.3,5993580.08,14898,15048,NICKEL CATHODES,新品目通道历史回补【#45】,新品目通道历史回补【#45】,8894,402.3212,,B038
8894,精炼镍,2025-10-13,2025-10,PT CNGR DING XING NEW ENERGY,PT CNGR DING XING NEW ENERGY,IMIP(Morowali),Bahudopi,TRAXYS EUROPE S A,Singapore,Singapore,75021000,300.1788,,99,HS750210 Ni≥99% 产品标准(口径#44),297.18,4471913.67,14897,15048,NICKEL CATHODES,新品目通道历史回补【#45】,新品目通道历史回补【#45】,8895,300.1788,,RC052
8895,精炼镍,2025-10-13,2025-10,PT CNGR DING XING NEW ENERGY,PT CNGR DING XING NEW ENERGY,IMIP(Morowali),Bahudopi,TOYOTA TSUSHO MATERIAL INCORPORATED,Japan,Chuo-ku/Tokyo,75021000,40,,99,HS750210 Ni≥99% 产品标准(口径#44),39.6,605060,15127,15279,NICKEL CATHODES,新品目通道历史回补【#45】,新品目通道历史回补【#45】,8896,40,,RC066
8896,精炼镍,2025-10-13,2025-10,PT CNGR DING XING NEW ENERGY,PT CNGR DING XING NEW ENERGY,IMIP(Morowali),Bahudopi,"China Ordins Group Co., Ltd.",China,Huangpu,75021000,100.5566,,99,HS750210 Ni≥99% 产品标准(口径#44),99.55,1520063.84,15116,15269,NICKEL CATHODES,新品目通道历史回补【#45】,新品目通道历史回补【#45】,8897,100.5566,,RC039
8912,精炼镍,2025-10-14,2025-10,PT ETERNAL NICKEL INDUSTRY,PT ETERNAL NICKEL INDUSTRY,IWIP(Weda Bay),Weda,HONG KONG RUI PU CO LIMITED,China,Ningde,75021000,74.8694,99.99,99,HS750210 Ni≥99% 产品标准(口径#44),74.12,1078793.18,14409,14555,NICKEL CATHODES NI: 99.990%,新品目通道历史回补【#45】,新品目通道历史回补【#45】,8913,74.8694,,B038
8913,精炼镍,2025-10-14,2025-10,PT ETERNAL NICKEL INDUSTRY,PT ETERNAL NICKEL INDUSTRY,IWIP(Weda Bay),Weda,HONG KONG RUI PU CO LIMITED,China,Ningde,75021000,25.4836,99.99,99,HS750210 Ni≥99% 产品标准(口径#44),25.23,367193.19,14409,14555,NICKEL CATHODES NI: 99.990%,新品目通道历史回补【#45】,新品目通道历史回补【#45】,8914,25.4836,,B038
8925,硫酸镍,2025-10-15,2025-10,PT INDONESIA SERVICE PROVIDER,PT INDONESIA SERVICE PROVIDER,"IMIP(出口代理,Bahodopi)",Bahudopi,BH MINING AND PETROLEUM PTE LTD,China,Wuhan,28332400,1875,,22.2,化学计量(NiSO4·6H2O 22.2%),416.25,6022368.75,3212,14468,NICKEL SULFATE,,中间品矩阵(75章+720150等),8926,0,跨抬头同票特征候选；参考合计仅保留IQEM行，原记录保留,RC070
8926,硫酸镍,2025-10-15,2025-10,PT INDONESIA QINGMEI ENERGY MATERIALS,INDONESIA QINGMEI ENERGY MATERIALS,,Bahudopi,BH MINING AND PETROLEUM PTE LTD,China,Wuhan,28332400,1875,,22.2,化学计量(NiSO4·6H2O 22.2%),416.25,6022368.75,3212,14468,NICKEL SULFATE,全历史档并集补票【#65】,中间品矩阵(75章+720150等),8927,1875,跨抬头同票特征候选；参考合计仅保留IQEM行，原记录保留,RC070
8927,精炼镍,2025-10-15,2025-10,PT CNGR DING XING NEW ENERGY,PT CNGR DING XING NEW ENERGY,IMIP(Morowali),Bahudopi,"China Ordins Group Co., Ltd.",China,NINGBO,75021000,502.005,,99,HS750210 Ni≥99% 产品标准(口径#44),496.98,7556204.36,15052,15204,NICKEL CATHODES,新品目通道历史回补【#45】,新品目通道历史回补【#45】,8928,502.005,,RC039
8928,精炼镍,2025-10-15,2025-10,PT CNGR DING XING NEW ENERGY,PT CNGR DING XING NEW ENERGY,IMIP(Morowali),Bahudopi,C STEINWEG LOGISTICS TAIWAN CO LTD,"Taiwan, China",Kaohsiung,75021000,198.6638,,99,HS750210 Ni≥99% 产品标准(口径#44),196.68,2990297.45,15052,15204,NICKEL CATHODES,新品目通道历史回补【#45】,新品目通道历史回补【#45】,8929,198.6638,,RC032
8929,精炼镍,2025-10-15,2025-10,PT CNGR DING XING NEW ENERGY,PT CNGR DING XING NEW ENERGY,IMIP(Morowali),Bahudopi,HANWA CO LTD,Japan,"Nagoya, Aichi",75021000,80,,99,HS750210 Ni≥99% 产品标准(口径#44),79.2,1222484,15281,15435,NICKEL CATHODES,新品目通道历史回补【#45】,新品目通道历史回补【#45】,8930,80,,MC045
8930,精炼镍,2025-10-15,2025-10,PT CNGR DING XING NEW ENERGY,PT CNGR DING XING NEW ENERGY,IMIP(Morowali),Bahudopi,C STEINWEG LOGISTICS TAIWAN CO LTD,"Taiwan, China",Kaohsiung,75021000,150.0342,,99,HS750210 Ni≥99% 产品标准(口径#44),148.53,2258322.28,15052,15204,NICKEL CATHODES,新品目通道历史回补【#45】,新品目通道历史回补【#45】,8931,150.0342,,RC032
8931,精炼镍,2025-10-15,2025-10,PT CNGR DING XING NEW ENERGY,PT CNGR DING XING NEW ENERGY,IMIP(Morowali),Bahudopi,HANSMET CO,South Korea,Incheon,75021000,39.3809,,99,HS750210 Ni≥99% 产品标准(口径#44),38.99,592763.28,15052,15204,NICKEL CATHODES,新品目通道历史回补【#45】,新品目通道历史回补【#45】,8932,39.3809,,RC007
8932,精炼镍,2025-10-15,2025-10,PT CNGR DING XING NEW ENERGY,PT CNGR DING XING NEW ENERGY,IMIP(Morowali),Bahudopi,HANWA CO LTD,Japan,Yokohama,75021000,19.7304,,99,HS750210 Ni≥99% 产品标准(口径#44),19.53,296982.97,15052,15204,NICKEL CATHODES,新品目通道历史回补【#45】,新品目通道历史回补【#45】,8933,19.7304,,MC045
8933,精炼镍,2025-10-15,2025-10,PT CNGR DING XING NEW ENERGY,PT CNGR DING XING NEW ENERGY,IMIP(Morowali),Bahudopi,ACCESS WORLD LOGISTICS SINGAPORE PTE LTD,Singapore,Singapore,75021000,58.9923,,99,HS750210 Ni≥99% 产品标准(口径#44),58.4,887955.05,15052,15204,NICKEL CATHODES,新品目通道历史回补【#45】,新品目通道历史回补【#45】,8934,58.9923,,RC018
8999,硫酸镍,2025-10-21,2025-10,PT HALMAHERA PERSADA LYGEND,PT HALMAHERA PERSADA LYGEND,Obi(Harita),Obi Island,"Ningbo Lygend Wisdom Co., Ltd.",China,Zhapu,28332400,3420,,22.2,化学计量(NiSO4·6H2O 22.2%),759.24,10303639,3013,13571,NICKEL SULFATE,,中间品矩阵(75章+720150等),9000,3420,,NC162
9000,硫酸镍,2025-10-21,2025-10,PT HALMAHERA PERSADA LYGEND,PT HALMAHERA PERSADA LYGEND,Obi(Harita),Obi Island,"Ningbo Lygend Wisdom Co., Ltd.",China,Zhapu,28332400,3400,,22.2,化学计量(NiSO4·6H2O 22.2%),754.8,10243384,3013,13571,NICKEL SULFATE,,中间品矩阵(75章+720150等),9001,3400,,NC162
9025,硫酸镍,2025-10-25,2025-10,PT INDONESIA SERVICE PROVIDER,PT INDONESIA SERVICE PROVIDER,"IMIP(出口代理,Bahodopi)",Bahudopi,UMICORE SPECIALTY CHEMICALS SUBIC INC,Philippines,Subic Bay,28332400,20,,22.2,化学计量(NiSO4·6H2O 22.2%),4.44,66680,3334,15018,NICKEL SULFATE,,中间品矩阵(75章+720150等),9026,0,跨抬头同票特征候选；参考合计仅保留IQEM行，原记录保留,RC064
9026,硫酸镍,2025-10-25,2025-10,PT HALMAHERA PERSADA LYGEND,PT HALMAHERA PERSADA LYGEND,Obi(Harita),Obi Island,"Ningbo Lygend Wisdom Co., Ltd.",China,Zhangjiagang,28332400,1560,,22.2,化学计量(NiSO4·6H2O 22.2%),346.32,4711325,3020,13604,NICKEL SULFATE,同日同额拆单(tradeId不同，非重复),中间品矩阵(75章+720150等),9027,1560,,NC162
9027,硫酸镍,2025-10-25,2025-10,PT HALMAHERA PERSADA LYGEND,PT HALMAHERA PERSADA LYGEND,Obi(Harita),Obi Island,"Ningbo Lygend Wisdom Co., Ltd.",China,Zhangjiagang,28332400,1560,,22.2,化学计量(NiSO4·6H2O 22.2%),346.32,4711325,3020,13604,NICKEL SULFATE,同日同额拆单(tradeId不同，非重复),中间品矩阵(75章+720150等),9028,1560,,NC162
9028,硫酸镍,2025-10-25,2025-10,PT INDONESIA QINGMEI ENERGY MATERIALS,INDONESIA QINGMEI ENERGY MATERIALS,,Bahudopi,UMICORE SPECIALTY CHEMICALS SUBIC INC,Philippines,Subic Bay,28332400,20,,22.2,化学计量(NiSO4·6H2O 22.2%),4.44,66680,3334,15018,NICKEL SULFATE,全历史档并集补票【#65】,中间品矩阵(75章+720150等),9029,20,跨抬头同票特征候选；参考合计仅保留IQEM行，原记录保留,RC064
9029,精炼镍,2025-10-25,2025-10,PT ETERNAL NICKEL INDUSTRY,PT ETERNAL NICKEL INDUSTRY,IWIP(Weda Bay),Weda,C STEINWEG ASIA PTE LTD,Singapore,Singapore,75021000,124.1644,99.99,99,HS750210 Ni≥99% 产品标准(口径#44),122.92,1813054.78,14602,14750,NICKEL CATHODES NI: 99.990%,新品目通道历史回补【#45】,新品目通道历史回补【#45】,9030,124.1644,,RC024
9030,精炼镍,2025-10-25,2025-10,PT ETERNAL NICKEL INDUSTRY,PT ETERNAL NICKEL INDUSTRY,IWIP(Weda Bay),Weda,KOREA NON FERROUS METALS CO,South Korea,Incheon,75021000,39.2046,99.99,99,HS750210 Ni≥99% 产品标准(口径#44),38.81,572467.53,14602,14750,NICKEL CATHODES NI: 99.990%,新品目通道历史回补【#45】,新品目通道历史回补【#45】,9031,39.2046,,RC009
9031,精炼镍,2025-10-25,2025-10,PT ETERNAL NICKEL INDUSTRY,PT ETERNAL NICKEL INDUSTRY,IWIP(Weda Bay),Weda,SEAH CHANGWON INTEGRATED SPECIAL STEEL CORPORATION,South Korea,Busan (ex Pusan),75021000,98.0386,99.99,99,HS750210 Ni≥99% 产品标准(口径#44),97.06,1442738.06,14716,14865,NICKEL CATHODES NI: 99.990%,新品目通道历史回补【#45】,新品目通道历史回补【#45】,9032,98.0386,,RC069
9032,精炼镍,2025-10-25,2025-10,PT ETERNAL NICKEL INDUSTRY,PT ETERNAL NICKEL INDUSTRY,IWIP(Weda Bay),Weda,ACCESS WORLD LOGISTICS SINGAPORE PTE LTD,Singapore,Singapore,75021000,300.2244,99.99,99,HS750210 Ni≥99% 产品标准(口径#44),297.22,4325933.38,14409,14555,NICKEL CATHODES NI: 99.990%,新品目通道历史回补【#45】,新品目通道历史回补【#45】,9033,300.2244,,RC018
9033,精炼镍,2025-10-25,2025-10,PT ETERNAL NICKEL INDUSTRY,PT ETERNAL NICKEL INDUSTRY,IWIP(Weda Bay),Weda,ACCESS WORLD LOGISTICS SINGAPORE PTE LTD,Singapore,Singapore,75021000,372.1574,99.99,99,HS750210 Ni≥99% 产品标准(口径#44),368.44,5362415.98,14409,14555,NICKEL CATHODES NI: 99.990%,新品目通道历史回补【#45】,新品目通道历史回补【#45】,9034,372.1574,,RC018
9034,精炼镍,2025-10-25,2025-10,PT ETERNAL NICKEL INDUSTRY,PT ETERNAL NICKEL INDUSTRY,IWIP(Weda Bay),Weda,HANSMET CO,South Korea,Incheon,75021000,19.6184,99.99,99,HS750210 Ni≥99% 产品标准(口径#44),19.42,289856.96,14775,14924,NICKEL CATHODES NI: 99.990%,新品目通道历史回补【#45】,新品目通道历史回补【#45】,9035,19.6184,,RC007
9035,精炼镍,2025-10-25,2025-10,PT ETERNAL NICKEL INDUSTRY,PT ETERNAL NICKEL INDUSTRY,IWIP(Weda Bay),Weda,ACCESS WORLD LOGISTICS SINGAPORE PTE LTD,Singapore,Singapore,75021000,281.0478,99.99,99,HS750210 Ni≥99% 产品标准(口径#44),278.24,4103874.03,14602,14750,NICKEL CATHODES NI: 99.990%,新品目通道历史回补【#45】,新品目通道历史回补【#45】,9036,281.0478,,RC018
9036,精炼镍,2025-10-25,2025-10,PT ETERNAL NICKEL INDUSTRY,PT ETERNAL NICKEL INDUSTRY,IWIP(Weda Bay),Weda,ACCESS WORLD LOGISTICS SINGAPORE PTE LTD,Singapore,Singapore,75021000,198.37,99.99,99,HS750210 Ni≥99% 产品标准(口径#44),196.39,2896608.66,14602,14750,NICKEL CATHODES NI: 99.990%,新品目通道历史回补【#45】,新品目通道历史回补【#45】,9037,198.37,,RC018
9037,精炼镍,2025-10-25,2025-10,PT ETERNAL NICKEL INDUSTRY,PT ETERNAL NICKEL INDUSTRY,IWIP(Weda Bay),Weda,"C. Steinweg Logistics (Shanghai Waigaoqiao Bonded Logistics Zone) Co., Ltd.",China,Shanghai,75021000,500.2652,99.99,99,HS750210 Ni≥99% 产品标准(口径#44),495.26,7208321.27,14409,14555,NICKEL CATHODES NI: 99.990%,新品目通道历史回补【#45】,新品目通道历史回补【#45】,9038,500.2652,,NC019
9038,精炼镍,2025-10-25,2025-10,PT ETERNAL NICKEL INDUSTRY,PT ETERNAL NICKEL INDUSTRY,IWIP(Weda Bay),Weda,SUZUKI SANGYO KABUSHIKI GAISHA,Japan,Yokohama,75021000,25.4672,99.99,99,HS750210 Ni≥99% 产品标准(口径#44),25.21,371873.33,14602,14750,NICKEL CATHODES NI: 99.990%,新品目通道历史回补【#45】,新品目通道历史回补【#45】,9039,25.4672,,RC016
9039,精炼镍,2025-10-25,2025-10,PT ETERNAL NICKEL INDUSTRY,PT ETERNAL NICKEL INDUSTRY,IWIP(Weda Bay),Weda,"C. Steinweg Logistics (Shanghai Waigaoqiao Bonded Logistics Zone) Co., Ltd.",China,Shanghai,75021000,345.0882,99.99,99,HS750210 Ni≥99% 产品标准(口径#44),341.64,5038995.15,14602,14750,NICKEL CATHODES NI: 99.990%,新品目通道历史回补【#45】,新品目通道历史回补【#45】,9040,345.0882,,NC019
9040,精炼镍,2025-10-25,2025-10,PT ETERNAL NICKEL INDUSTRY,PT ETERNAL NICKEL INDUSTRY,IWIP(Weda Bay),Weda,"C. Steinweg Logistics (Shanghai Waigaoqiao Bonded Logistics Zone) Co., Ltd.",China,Shanghai,75021000,288.3328,99.99,99,HS750210 Ni≥99% 产品标准(口径#44),285.45,4210249.96,14602,14750,"NICKEL CATHODES NI: 99.990%,",新品目通道历史回补【#45】,新品目通道历史回补【#45】,9041,288.3328,,NC019
9041,精炼镍,2025-10-25,2025-10,PT ETERNAL NICKEL INDUSTRY,PT ETERNAL NICKEL INDUSTRY,IWIP(Weda Bay),Weda,WALSIN LIHWA CORP,"Taiwan, China",Kaohsiung,75021000,40.0756,99.99,99,HS750210 Ni≥99% 产品标准(口径#44),39.67,573163.23,14302,14447,"NICKEL CATHODES NI: 99.990%,",新品目通道历史回补【#45】,新品目通道历史回补【#45】,9042,40.0756,,NC262
9097,精炼镍,2025-11-06,2025-11,PT CNGR DING XING NEW ENERGY,PT CNGR DING XING NEW ENERGY,IMIP(Morowali),Bahudopi,"C. Steinweg Logistics (Shanghai Waigaoqiao Bonded Logistics Zone) Co., Ltd.",China,Shanghai,75021000,300.167,,99,HS750210 Ni≥99% 产品标准(口径#44),297.17,4532821.87,15101,15254,NICKEL CATHODES,新品目通道历史回补【#45】,新品目通道历史回补【#45】,9098,300.167,,NC019
9098,精炼镍,2025-11-06,2025-11,PT CNGR DING XING NEW ENERGY,PT CNGR DING XING NEW ENERGY,IMIP(Morowali),Bahudopi,HONGKONG KINCO INTERNATIONAL DEVELOPMENT CO LIMITED,China,Huangpu,75021000,299.878,,99,HS750210 Ni≥99% 产品标准(口径#44),296.88,4528457.68,15101,15254,NICKEL CATHODES,新品目通道历史回补【#45】,新品目通道历史回补【#45】,9099,299.878,,RC040
9099,精炼镍,2025-11-06,2025-11,PT CNGR DING XING NEW ENERGY,PT CNGR DING XING NEW ENERGY,IMIP(Morowali),Bahudopi,TOYOTA TSUSHO MATERIAL INCORPORATED,Japan,Chuo-ku/Tokyo,75021000,40,,99,HS750210 Ni≥99% 产品标准(口径#44),39.6,613200,15330,15485,NICKEL CATHODES,新品目通道历史回补【#45】,新品目通道历史回补【#45】,9100,40,,RC066
9127,硫酸镍,2025-11-11,2025-11,PT INDONESIA SERVICE PROVIDER,PT INDONESIA SERVICE PROVIDER,"IMIP(出口代理,Bahodopi)",Bahudopi,BH MINING AND PETROLEUM PTE LTD,China,Wuhan,28332400,1800,,22.2,化学计量(NiSO4·6H2O 22.2%),399.6,5667426,3149,14183,NICKEL SULFATE,,中间品矩阵(75章+720150等),9128,0,跨抬头同票特征候选；参考合计仅保留IQEM行，原记录保留,RC070
9128,硫酸镍,2025-11-11,2025-11,PT INDONESIA QINGMEI ENERGY MATERIALS,INDONESIA QINGMEI ENERGY MATERIALS,,Bahudopi,BH MINING AND PETROLEUM PTE LTD,China,Wuhan,28332400,1800,,22.2,化学计量(NiSO4·6H2O 22.2%),399.6,5667426,3149,14183,NICKEL SULFATE,全历史档并集补票【#65】,中间品矩阵(75章+720150等),9129,1800,跨抬头同票特征候选；参考合计仅保留IQEM行，原记录保留,RC070
9137,硫酸镍,2025-11-12,2025-11,PT HALMAHERA PERSADA LYGEND,PT HALMAHERA PERSADA LYGEND,Obi(Harita),Obi Island,"Ningbo Lygend Wisdom Co., Ltd.",China,Zhapu,28332400,1740,,22.2,化学计量(NiSO4·6H2O 22.2%),386.28,5347664,3073,13844,NICKEL SULFATE,,中间品矩阵(75章+720150等),9138,1740,,NC162
9138,硫酸镍,2025-11-12,2025-11,PT HALMAHERA PERSADA LYGEND,PT HALMAHERA PERSADA LYGEND,Obi(Harita),Obi Island,"Ningbo Lygend Wisdom Co., Ltd.",China,Zhapu,28332400,1760,,22.2,化学计量(NiSO4·6H2O 22.2%),390.72,5409131,3073,13844,NICKEL SULFATE,,中间品矩阵(75章+720150等),9139,1760,,NC162
9147,精炼镍,2025-11-14,2025-11,PT ETERNAL NICKEL INDUSTRY,PT ETERNAL NICKEL INDUSTRY,IWIP(Weda Bay),Weda,TAE EU WAREHOUSING KOREA CO LTD,South Korea,Busan (ex Pusan),75021000,12.0392,99.99,99,HS750210 Ni≥99% 产品标准(口径#44),11.92,173042.55,14373,14518,NICKEL CATHODES NI: 99.990%,新品目通道历史回补【#45】,新品目通道历史回补【#45】,9148,12.0392,,RC004
9148,精炼镍,2025-11-14,2025-11,PT ETERNAL NICKEL INDUSTRY,PT ETERNAL NICKEL INDUSTRY,IWIP(Weda Bay),Weda,SEAH CHANGWON INTEGRATED SPECIAL STEEL CORPORATION,South Korea,Incheon,75021000,314.884,99.99,99,HS750210 Ni≥99% 产品标准(口径#44),311.74,4566762.48,14503,14649,NICKEL CATHODES NI: 99.990%,新品目通道历史回补【#45】,新品目通道历史回补【#45】,9149,314.884,,RC069
9149,精炼镍,2025-11-14,2025-11,PT ETERNAL NICKEL INDUSTRY,PT ETERNAL NICKEL INDUSTRY,IWIP(Weda Bay),Weda,ACCESS WORLD LOGISTICS SINGAPORE PTE LTD,Singapore,Singapore,75021000,270.3654,99.99,99,HS750210 Ni≥99% 产品标准(口径#44),267.66,3941868.05,14580,14727,NICKEL CATHODES NI: 99.990%,新品目通道历史回补【#45】,新品目通道历史回补【#45】,9150,270.3654,,RC018
9150,精炼镍,2025-11-14,2025-11,PT ETERNAL NICKEL INDUSTRY,PT ETERNAL NICKEL INDUSTRY,IWIP(Weda Bay),Weda,SUZUKI SANGYO KABUSHIKI GAISHA,Japan,Yokohama,75021000,25.4734,99.99,99,HS750210 Ni≥99% 产品标准(口径#44),25.22,371396.57,14580,14727,NICKEL CATHODES NI: 99.990%,新品目通道历史回补【#45】,新品目通道历史回补【#45】,9151,25.4734,,RC016
9151,精炼镍,2025-11-14,2025-11,PT ETERNAL NICKEL INDUSTRY,PT ETERNAL NICKEL INDUSTRY,IWIP(Weda Bay),Weda,STEINWEG SHARAF INDIA PRIVATE LIMITED,India,Mundra,75021000,14.9716,99.99,99,HS750210 Ni≥99% 产品标准(口径#44),14.82,216031.35,14429,14575,NICKEL CATHODES NI: 99.990%,新品目通道历史回补【#45】,新品目通道历史回补【#45】,9152,14.9716,,NC228
9152,精炼镍,2025-11-14,2025-11,PT ETERNAL NICKEL INDUSTRY,PT ETERNAL NICKEL INDUSTRY,IWIP(Weda Bay),Weda,TAE EU WAREHOUSING KOREA CO LTD,South Korea,Busan (ex Pusan),75021000,5.962,99.99,99,HS750210 Ni≥99% 产品标准(口径#44),5.9,85693.38,14373,14518,NICKEL CATHODES NI: 99.990%,新品目通道历史回补【#45】,新品目通道历史回补【#45】,9153,5.962,,RC004
9153,精炼镍,2025-11-14,2025-11,PT ETERNAL NICKEL INDUSTRY,PT ETERNAL NICKEL INDUSTRY,IWIP(Weda Bay),Weda,HENRY BATH SINGAPORE PTE LTD,Singapore,Singapore,75021000,810.6116,99.99,99,HS750210 Ni≥99% 产品标准(口径#44),802.51,11818538.79,14580,14727,NICKEL CATHODES NI: 99.990%,新品目通道历史回补【#45】,新品目通道历史回补【#45】,9154,810.6116,,RC036
9154,精炼镍,2025-11-14,2025-11,PT ETERNAL NICKEL INDUSTRY,PT ETERNAL NICKEL INDUSTRY,IWIP(Weda Bay),Weda,SUZUKI SANGYO KABUSHIKI GAISHA,Japan,Yokohama,75021000,25.4728,99.99,99,HS750210 Ni≥99% 产品标准(口径#44),25.22,367557.48,14429,14575,NICKEL CATHODES NI: 99.990%,新品目通道历史回补【#45】,新品目通道历史回补【#45】,9155,25.4728,,RC016
9155,精炼镍,2025-11-14,2025-11,PT ETERNAL NICKEL INDUSTRY,PT ETERNAL NICKEL INDUSTRY,IWIP(Weda Bay),Weda,TAE EU WAREHOUSING KOREA CO LTD,South Korea,Busan (ex Pusan),75021000,12.0172,99.99,99,HS750210 Ni≥99% 产品标准(口径#44),11.9,176349.41,14675,14823,NICKEL CATHODES NI: 99.990%,新品目通道历史回补【#45】,新品目通道历史回补【#45】,9156,12.0172,,RC004
9156,精炼镍,2025-11-14,2025-11,PT CNGR DING XING NEW ENERGY,PT CNGR DING XING NEW ENERGY,IMIP(Morowali),Bahudopi,C STEINWEG ASIA PTE LTD,Singapore,Singapore,75021000,102.0001,,99,HS750210 Ni≥99% 产品标准(口径#44),100.98,1540303.51,15101,15254,NICKEL CATHODES,新品目通道历史回补【#45】,新品目通道历史回补【#45】,9157,102.0001,,RC024
9157,精炼镍,2025-11-14,2025-11,PT CNGR DING XING NEW ENERGY,PT CNGR DING XING NEW ENERGY,IMIP(Morowali),Bahudopi,PGS EAST ASIA PTE LTD,Singapore,Singapore,75021000,71.9631,,99,HS750210 Ni≥99% 产品标准(口径#44),71.24,1086714.77,15101,15254,NICKEL CATHODES,新品目通道历史回补【#45】,新品目通道历史回补【#45】,9158,71.9631,,RC033
9158,精炼镍,2025-11-14,2025-11,PT ETERNAL NICKEL INDUSTRY,PT ETERNAL NICKEL INDUSTRY,IWIP(Weda Bay),Weda,C STEINWEG ASIA PTE LTD,Singapore,Singapore,75021000,501.2778,99.99,99,HS750210 Ni≥99% 产品标准(口径#44),496.27,7308520.04,14580,14727,NICKEL CATHODES NI: 99.990%,新品目通道历史回补【#45】,新品目通道历史回补【#45】,9159,501.2778,,RC024
9159,精炼镍,2025-11-14,2025-11,PT ETERNAL NICKEL INDUSTRY,PT ETERNAL NICKEL INDUSTRY,IWIP(Weda Bay),Weda,KOREA NON FERROUS METALS CO,South Korea,Incheon,75021000,78.4626,99.99,99,HS750210 Ni≥99% 产品标准(口径#44),77.68,1143967.45,14580,14727,NICKEL CATHODES NI: 99.990%,新品目通道历史回补【#45】,新品目通道历史回补【#45】,9160,78.4626,,RC009
9160,精炼镍,2025-11-14,2025-11,PT ETERNAL NICKEL INDUSTRY,PT ETERNAL NICKEL INDUSTRY,IWIP(Weda Bay),Weda,C STEINWEG ASIA PTE LTD,Singapore,Singapore,75021000,124.686,99.99,99,HS750210 Ni≥99% 产品标准(口径#44),123.44,1817894.45,14580,14727,NICKEL CATHODES NI: 99.990%,新品目通道历史回补【#45】,新品目通道历史回补【#45】,9161,124.686,,RC024
9161,精炼镍,2025-11-14,2025-11,PT CNGR DING XING NEW ENERGY,PT CNGR DING XING NEW ENERGY,IMIP(Morowali),Bahudopi,ANGLO AMERICAN AGENCIES,Singapore,Singapore,75021000,198.2448,,99,HS750210 Ni≥99% 产品标准(口径#44),196.26,2993694.72,15101,15254,NICKEL CATHODES,新品目通道历史回补【#45】,新品目通道历史回补【#45】,9162,198.2448,,NC007
9162,精炼镍,2025-11-14,2025-11,PT ETERNAL NICKEL INDUSTRY,PT ETERNAL NICKEL INDUSTRY,IWIP(Weda Bay),Weda,C STEINWEG ASIA PTE LTD,Singapore,Singapore,75021000,500.2428,99.99,99,HS750210 Ni≥99% 产品标准(口径#44),495.24,7293429.97,14580,14727,NICKEL CATHODES NI: 99.990%,新品目通道历史回补【#45】,新品目通道历史回补【#45】,9163,500.2428,,RC024
9163,精炼镍,2025-11-14,2025-11,PT ETERNAL NICKEL INDUSTRY,PT ETERNAL NICKEL INDUSTRY,IWIP(Weda Bay),Weda,ACCESS WORLD LOGISTICS SINGAPORE PTE LTD,Singapore,Singapore,75021000,228.1032,99.99,99,HS750210 Ni≥99% 产品标准(口径#44),225.82,3325694.47,14580,14727,NICKEL CATHODES NI: 99.990%,新品目通道历史回补【#45】,新品目通道历史回补【#45】,9164,228.1032,,RC018
9164,精炼镍,2025-11-14,2025-11,PT ETERNAL NICKEL INDUSTRY,PT ETERNAL NICKEL INDUSTRY,IWIP(Weda Bay),Weda,TAE EU WAREHOUSING KOREA CO LTD,South Korea,Busan (ex Pusan),75021000,18.0526,99.99,99,HS750210 Ni≥99% 产品标准(口径#44),17.87,257412.02,14259,14403,NICKEL CATHODES NI: 99.990%,新品目通道历史回补【#45】,新品目通道历史回补【#45】,9165,18.0526,,RC004
9165,精炼镍,2025-11-14,2025-11,PT ETERNAL NICKEL INDUSTRY,PT ETERNAL NICKEL INDUSTRY,IWIP(Weda Bay),Weda,ACCESS WORLD LOGISTICS SINGAPORE PTE LTD,Singapore,Singapore,75021000,126.1738,99.99,99,HS750210 Ni≥99% 产品标准(口径#44),124.91,1839586.25,14580,14727,NICKEL CATHODES NI: 99.990%,新品目通道历史回补【#45】,新品目通道历史回补【#45】,9166,126.1738,,RC018
9166,精炼镍,2025-11-14,2025-11,PT CNGR DING XING NEW ENERGY,PT CNGR DING XING NEW ENERGY,IMIP(Morowali),Bahudopi,TRAXYS EUROPE S A,Singapore,Singapore,75021000,300.2274,,99,HS750210 Ni≥99% 产品标准(口径#44),297.23,4533733.97,15101,15254,ELECTROLYTIC NICKEL,新品目通道历史回补【#45】,新品目通道历史回补【#45】,9167,300.2274,,RC052
9183,精炼镍,2025-11-15,2025-11,PT CNGR DING XING NEW ENERGY,PT CNGR DING XING NEW ENERGY,IMIP(Morowali),Bahudopi,"China Ordins Group Co., Ltd.",China,Huangpu,75021000,456.1297,,99,HS750210 Ni≥99% 产品标准(口径#44),451.57,6888014.6,15101,15254,NICKEL CATHODES,新品目通道历史回补【#45】,新品目通道历史回补【#45】,9184,456.1297,,RC039
9184,精炼镍,2025-11-15,2025-11,PT CNGR DING XING NEW ENERGY,PT CNGR DING XING NEW ENERGY,IMIP(Morowali),Bahudopi,TOYOTA TSUSHO MATERIAL INCORPORATED,Japan,Osaka,75021000,40,,99,HS750210 Ni≥99% 产品标准(口径#44),39.6,613200,15330,15485,ELECTROLYTIC NICKEL,新品目通道历史回补【#45】,新品目通道历史回补【#45】,9185,40,,RC066
9199,硫酸镍,2025-11-18,2025-11,PT INDONESIA SERVICE PROVIDER,PT INDONESIA SERVICE PROVIDER,"IMIP(出口代理,Bahodopi)",Bahudopi,BH MINING AND PETROLEUM PTE LTD,China,Wuhan,28332400,860,,22.2,化学计量(NiSO4·6H2O 22.2%),190.92,2693236.2,3132,14107,NICKEL SULFATE,,中间品矩阵(75章+720150等),9200,0,跨抬头同票特征候选；参考合计仅保留IQEM行，原记录保留,RC070
9200,硫酸镍,2025-11-18,2025-11,PT INDONESIA QINGMEI ENERGY MATERIALS,INDONESIA QINGMEI ENERGY MATERIALS,,Bahudopi,BH MINING AND PETROLEUM PTE LTD,China,Wuhan,28332400,860,,22.2,化学计量(NiSO4·6H2O 22.2%),190.92,2693236.2,3132,14107,NICKEL SULFATE,全历史档并集补票【#65】,中间品矩阵(75章+720150等),9201,860,跨抬头同票特征候选；参考合计仅保留IQEM行，原记录保留,RC070
9214,精炼镍,2025-11-20,2025-11,PT CNGR DING XING NEW ENERGY,PT CNGR DING XING NEW ENERGY,IMIP(Morowali),Bahudopi,"China Ordins Group Co., Ltd.",China,Huangpu,75021000,551.7434,,99,HS750210 Ni≥99% 产品标准(口径#44),546.23,8331877.08,15101,15254,NICKEL CATHODES,新品目通道历史回补【#45】,新品目通道历史回补【#45】,9215,551.7434,,RC039
9220,硫酸镍,2025-11-21,2025-11,PT HALMAHERA PERSADA LYGEND,PT HALMAHERA PERSADA LYGEND,Obi(Harita),Obi Island,"Ningbo Lygend Wisdom Co., Ltd.",China,Zhapu,28332400,3800,,22.2,化学计量(NiSO4·6H2O 22.2%),843.6,11642136,3064,13801,NICKEL SULFATE,同日同额拆单(tradeId不同，非重复),中间品矩阵(75章+720150等),9221,3800,,NC162
9221,硫酸镍,2025-11-21,2025-11,PT HALMAHERA PERSADA LYGEND,PT HALMAHERA PERSADA LYGEND,Obi(Harita),Obi Island,"Ningbo Lygend Wisdom Co., Ltd.",China,Zhapu,28332400,3800,,22.2,化学计量(NiSO4·6H2O 22.2%),843.6,11642136,3064,13801,NICKEL SULFATE,同日同额拆单(tradeId不同，非重复),中间品矩阵(75章+720150等),9222,3800,,NC162
9222,精炼镍,2025-11-21,2025-11,PT CNGR DING XING NEW ENERGY,PT CNGR DING XING NEW ENERGY,IMIP(Morowali),Bahudopi,ANGLO AMERICAN AGENCIES,Singapore,Singapore,75021000,140.4935,,99,HS750210 Ni≥99% 产品标准(口径#44),139.09,2118611.07,15080,15232,NICKEL CATHODES,新品目通道历史回补【#45】,新品目通道历史回补【#45】,9223,140.4935,,NC007
9223,精炼镍,2025-11-21,2025-11,PT CNGR DING XING NEW ENERGY,PT CNGR DING XING NEW ENERGY,IMIP(Morowali),Bahudopi,C STEINWEG LOGISTICS TAIWAN CO LTD,"Taiwan, China",Kaohsiung,75021000,196.147,,99,HS750210 Ni≥99% 产品标准(口径#44),194.19,2957853.61,15080,15232,NICKEL CATHODES,新品目通道历史回补【#45】,新品目通道历史回补【#45】,9224,196.147,,RC032
9224,精炼镍,2025-11-21,2025-11,PT CNGR DING XING NEW ENERGY,PT CNGR DING XING NEW ENERGY,IMIP(Morowali),Bahudopi,HANSMET CO,South Korea,Incheon,75021000,39.2737,,99,HS750210 Ni≥99% 产品标准(口径#44),38.88,592238.76,15080,15232,NICKEL CATHODES,新品目通道历史回补【#45】,新品目通道历史回补【#45】,9225,39.2737,,RC007
9231,精炼镍,2025-11-22,2025-11,PT CNGR DING XING NEW ENERGY,PT CNGR DING XING NEW ENERGY,IMIP(Morowali),Bahudopi,TCC TRADING CORP,South Korea,Busan New Port,75021000,19.6595,,99,HS750210 Ni≥99% 产品标准(口径#44),19.46,296460.93,15080,15232,NICKEL CATHODES,新品目通道历史回补【#45】,新品目通道历史回补【#45】,9232,19.6595,,RC021
9232,精炼镍,2025-11-22,2025-11,PT CNGR DING XING NEW ENERGY,PT CNGR DING XING NEW ENERGY,IMIP(Morowali),Bahudopi,HANWA CO LTD,Japan,Yokohama,75021000,19.6946,,99,HS750210 Ni≥99% 产品标准(口径#44),19.5,296990.24,15080,15232,NICKEL CATHODES,新品目通道历史回补【#45】,新品目通道历史回补【#45】,9233,19.6946,,MC045
9233,精炼镍,2025-11-22,2025-11,PT CNGR DING XING NEW ENERGY,PT CNGR DING XING NEW ENERGY,IMIP(Morowali),Bahudopi,C STEINWEG LOGISTICS TAIWAN CO LTD,"Taiwan, China",Kaohsiung,75021000,132.0617,,99,HS750210 Ni≥99% 产品标准(口径#44),130.74,1991461.38,15080,15232,NICKEL CATHODES,新品目通道历史回补【#45】,新品目通道历史回补【#45】,9234,132.0617,,RC032
9234,精炼镍,2025-11-22,2025-11,PT CNGR DING XING NEW ENERGY,PT CNGR DING XING NEW ENERGY,IMIP(Morowali),Bahudopi,HANWA CO LTD,Japan,Yokohama,75021000,40,,99,HS750210 Ni≥99% 产品标准(口径#44),39.6,612351.2,15309,15463,NICKEL CATHODES,新品目通道历史回补【#45】,新品目通道历史回补【#45】,9235,40,,MC045
9235,精炼镍,2025-11-22,2025-11,PT CNGR DING XING NEW ENERGY,PT CNGR DING XING NEW ENERGY,IMIP(Morowali),Bahudopi,HANWA CO LTD,Japan,"Nagoya, Aichi",75021000,40,,99,HS750210 Ni≥99% 产品标准(口径#44),39.6,612351.2,15309,15463,NICKEL CATHODES,新品目通道历史回补【#45】,新品目通道历史回补【#45】,9236,40,,MC045
9256,精炼镍,2025-11-25,2025-11,PT CNGR DING XING NEW ENERGY,PT CNGR DING XING NEW ENERGY,IMIP(Morowali),Bahudopi,"China Ordins Group Co., Ltd.",China,Dongguan,75021000,500.8412,,99,HS750210 Ni≥99% 产品标准(口径#44),495.83,7510778.69,14996,15148,NICKEL CATHODES,新品目通道历史回补【#45】,新品目通道历史回补【#45】,9257,500.8412,,RC039
9302,精炼镍,2025-11-28,2025-11,PT CNGR DING XING NEW ENERGY,PT CNGR DING XING NEW ENERGY,IMIP(Morowali),Bahudopi,HONG KONG RUI PU CO LIMITED,China,Shanghai,75021000,100.5511,,99,HS750210 Ni≥99% 产品标准(口径#44),99.55,1518422.16,15101,15254,NICKEL CATHODES,新品目通道历史回补【#45】,新品目通道历史回补【#45】,9303,100.5511,,B038
9303,精炼镍,2025-11-28,2025-11,PT CNGR DING XING NEW ENERGY,PT CNGR DING XING NEW ENERGY,IMIP(Morowali),Bahudopi,"China Ordins Group Co., Ltd.",China,Huangpu,75021000,100.3663,,99,HS750210 Ni≥99% 产品标准(口径#44),99.36,1517187.17,15116,15269,NICKEL CATHODES,新品目通道历史回补【#45】,新品目通道历史回补【#45】,9304,100.3663,,RC039
9304,精炼镍,2025-11-28,2025-11,PT CNGR DING XING NEW ENERGY,PT CNGR DING XING NEW ENERGY,IMIP(Morowali),Bahudopi,HONG KONG RUI PU CO LIMITED,China,Shanghai,75021000,500.9112,,99,HS750210 Ni≥99% 产品标准(口径#44),495.9,7564260.03,15101,15254,NICKEL CATHODES,新品目通道历史回补【#45】,新品目通道历史回补【#45】,9305,500.9112,,B038
9305,精炼镍,2025-11-28,2025-11,PT CNGR DING XING NEW ENERGY,PT CNGR DING XING NEW ENERGY,IMIP(Morowali),Bahudopi,TOYOTA TSUSHO MATERIAL INCORPORATED,Japan,Chuo-ku/Tokyo,75021000,80,,99,HS750210 Ni≥99% 产品标准(口径#44),79.2,1226400,15330,15485,ELECTROLYTIC NICKEL,新品目通道历史回补【#45】,新品目通道历史回补【#45】,9306,80,,RC066
9306,精炼镍,2025-11-28,2025-11,PT CNGR DING XING NEW ENERGY,PT CNGR DING XING NEW ENERGY,IMIP(Morowali),Bahudopi,C STEINWEG ASIA PTE LTD,Singapore,Singapore,75021000,401.2049,,99,HS750210 Ni≥99% 产品标准(口径#44),397.19,5984372.29,14916,15067,NICKEL CATHODES,新品目通道历史回补【#45】,新品目通道历史回补【#45】,9307,401.2049,,RC024
9340,精炼镍,2025-12-01,2025-12,PT ETERNAL NICKEL INDUSTRY,PT ETERNAL NICKEL INDUSTRY,IWIP(Weda Bay),Weda,WALSIN LIHWA CORP,"Taiwan, China",Kaohsiung,75021000,35.8005,99.99,99,HS750210 Ni≥99% 产品标准(口径#44),35.44,512020.54,14302,14447,NICKEL CATHODES NI: 99.990%,新品目通道历史回补【#45】,新品目通道历史回补【#45】,9341,35.8005,,NC262
9341,精炼镍,2025-12-01,2025-12,PT ETERNAL NICKEL INDUSTRY,PT ETERNAL NICKEL INDUSTRY,IWIP(Weda Bay),Weda,"C. Steinweg Logistics (Shanghai Waigaoqiao Bonded Logistics Zone) Co., Ltd.",China,Shanghai,75021000,480.4224,99.99,99,HS750210 Ni≥99% 产品标准(口径#44),475.62,7004452.9,14580,14727,NICKEL CATHODES NI: 99.990%,新品目通道历史回补【#45】,新品目通道历史回补【#45】,9342,480.4224,,NC019
9342,精炼镍,2025-12-01,2025-12,PT ETERNAL NICKEL INDUSTRY,PT ETERNAL NICKEL INDUSTRY,IWIP(Weda Bay),Weda,SEAH CHANGWON INTEGRATED SPECIAL STEEL CORPORATION,South Korea,Incheon,75021000,235.5082,99.99,99,HS750210 Ni≥99% 产品标准(口径#44),233.15,3401902.62,14445,14591,NICKEL CATHODES NI: 99.990%,新品目通道历史回补【#45】,新品目通道历史回补【#45】,9343,235.5082,,RC069
9343,精炼镍,2025-12-01,2025-12,PT ETERNAL NICKEL INDUSTRY,PT ETERNAL NICKEL INDUSTRY,IWIP(Weda Bay),Weda,"C. Steinweg Logistics (Shanghai Waigaoqiao Bonded Logistics Zone) Co., Ltd.",China,Shanghai,75021000,498.7814,99.99,99,HS750210 Ni≥99% 产品标准(口径#44),493.79,7272123.08,14580,14727,NICKEL CATHODES NI: 99.990%,新品目通道历史回补【#45】,新品目通道历史回补【#45】,9344,498.7814,,NC019
9344,精炼镍,2025-12-01,2025-12,PT ETERNAL NICKEL INDUSTRY,PT ETERNAL NICKEL INDUSTRY,IWIP(Weda Bay),Weda,C STEINWEG ASIA PTE LTD,Singapore,Singapore,75021000,149.9354,99.99,99,HS750210 Ni≥99% 产品标准(口径#44),148.44,2186025.15,14580,14727,NICKEL CATHODES NI: 99.990%,新品目通道历史回补【#45】,新品目通道历史回补【#45】,9345,149.9354,,RC024
9345,精炼镍,2025-12-01,2025-12,PT ETERNAL NICKEL INDUSTRY,PT ETERNAL NICKEL INDUSTRY,IWIP(Weda Bay),Weda,C STEINWEG ASIA PTE LTD,Singapore,Singapore,75021000,1007.88,99.99,99,HS750210 Ni≥99% 产品标准(口径#44),997.8,14694668.67,14580,14727,NICKEL CATHODES NI: 99.990%,新品目通道历史回补【#45】,新品目通道历史回补【#45】,9346,1007.88,,RC024
9346,精炼镍,2025-12-01,2025-12,PT ETERNAL NICKEL INDUSTRY,PT ETERNAL NICKEL INDUSTRY,IWIP(Weda Bay),Weda,C STEINWEG ASIA PTE LTD,Singapore,Singapore,75021000,1.479,99.99,99,HS750210 Ni≥99% 产品标准(口径#44),1.46,21596.43,14602,14750,NICKEL CATHODES NI: 99.990%,新品目通道历史回补【#45】,新品目通道历史回补【#45】,9347,1.479,,RC024
9347,精炼镍,2025-12-01,2025-12,PT ETERNAL NICKEL INDUSTRY,PT ETERNAL NICKEL INDUSTRY,IWIP(Weda Bay),Weda,C STEINWEG ASIA PTE LTD,Singapore,Singapore,75021000,147.0587,99.99,99,HS750210 Ni≥99% 产品标准(口径#44),145.59,2144083.49,14580,14727,NICKEL CATHODES NI: 99.990%,新品目通道历史回补【#45】,新品目通道历史回补【#45】,9348,147.0587,,RC024
9348,精炼镍,2025-12-01,2025-12,PT CNGR DING XING NEW ENERGY,PT CNGR DING XING NEW ENERGY,IMIP(Morowali),Bahudopi,ANGLO AMERICAN AGENCIES,Singapore,Singapore,75021000,89.8466,,99,HS750210 Ni≥99% 产品标准(口径#44),88.95,1308166.5,14560,14707,NICKEL CATHODES,新品目通道历史回补【#45】,新品目通道历史回补【#45】,9349,89.8466,,NC007
9349,精炼镍,2025-12-01,2025-12,PT ETERNAL NICKEL INDUSTRY,PT ETERNAL NICKEL INDUSTRY,IWIP(Weda Bay),Weda,KOREA NON FERROUS METALS CO,South Korea,Incheon,75021000,79.3534,99.99,99,HS750210 Ni≥99% 产品标准(口径#44),78.56,1156955.11,14580,14727,NICKEL CATHODES NI: 99.990%,新品目通道历史回补【#45】,新品目通道历史回补【#45】,9350,79.3534,,RC009
9350,精炼镍,2025-12-01,2025-12,PT ETERNAL NICKEL INDUSTRY,PT ETERNAL NICKEL INDUSTRY,IWIP(Weda Bay),Weda,METAAL TRANSPORT BV,Netherlands,Rotterdam,75021000,100.4566,99.99,99,HS750210 Ni≥99% 产品标准(口径#44),99.45,1464635.13,14580,14727,NICKEL CATHODES NI: 99.990%,新品目通道历史回补【#45】,新品目通道历史回补【#45】,9351,100.4566,,RC008
9351,精炼镍,2025-12-01,2025-12,PT ETERNAL NICKEL INDUSTRY,PT ETERNAL NICKEL INDUSTRY,IWIP(Weda Bay),Weda,HANSMET CO,South Korea,Incheon,75021000,19.6152,99.99,99,HS750210 Ni≥99% 产品标准(口径#44),19.42,285985.3,14580,14727,NICKEL CATHODES NI: 99.990%,新品目通道历史回补【#45】,新品目通道历史回补【#45】,9352,19.6152,,RC007
9352,精炼镍,2025-12-01,2025-12,PT ETERNAL NICKEL INDUSTRY,PT ETERNAL NICKEL INDUSTRY,IWIP(Weda Bay),Weda,C STEINWEG ASIA PTE LTD,Singapore,Singapore,75021000,498.0785,99.99,99,HS750210 Ni≥99% 产品标准(口径#44),493.1,7261874.95,14580,14727,NICKEL CATHODES NI: 99.990%,新品目通道历史回补【#45】,新品目通道历史回补【#45】,9353,498.0785,,RC024
9353,精炼镍,2025-12-01,2025-12,PT ETERNAL NICKEL INDUSTRY,PT ETERNAL NICKEL INDUSTRY,IWIP(Weda Bay),Weda,HONGKONG KINCO INTERNATIONAL DEVELOPMENT CO LIMITED,China,Huangpu,75021000,498.6618,99.99,99,HS750210 Ni≥99% 产品标准(口径#44),493.68,7270379.34,14580,14727,NICKEL CATHODES NI: 99.990%,新品目通道历史回补【#45】,新品目通道历史回补【#45】,9354,498.6618,,RC040
9354,精炼镍,2025-12-01,2025-12,PT ETERNAL NICKEL INDUSTRY,PT ETERNAL NICKEL INDUSTRY,IWIP(Weda Bay),Weda,C STEINWEG ASIA PTE LTD,Singapore,Singapore,75021000,810.1964,99.99,99,HS750210 Ni≥99% 产品标准(口径#44),802.09,11812485.27,14580,14727,NICKEL CATHODES NI: 99.990%,新品目通道历史回补【#45】,新品目通道历史回补【#45】,9355,810.1964,,RC024
9355,精炼镍,2025-12-01,2025-12,PT ETERNAL NICKEL INDUSTRY,PT ETERNAL NICKEL INDUSTRY,IWIP(Weda Bay),Weda,C STEINWEG ASIA PTE LTD,Singapore,Singapore,75021000,496.5777,99.99,99,HS750210 Ni≥99% 产品标准(口径#44),491.61,7239993.62,14580,14727,NICKEL CATHODES NI: 99.990%,新品目通道历史回补【#45】,新品目通道历史回补【#45】,9356,496.5777,,RC024
9380,硫酸镍,2025-12-03,2025-12,PT HALMAHERA PERSADA LYGEND,PT HALMAHERA PERSADA LYGEND,Obi(Harita),Obi Island,"Lygend Resources & Technology Co., Ltd.",China,Zhangjiagang,28332400,2400,,22.2,化学计量(NiSO4·6H2O 22.2%),532.8,7349400,3062,13794,NICKEL SULFATE,同日同额拆单(tradeId不同，非重复),中间品矩阵(75章+720150等),9381,2400,,NC140
9381,硫酸镍,2025-12-03,2025-12,PT HALMAHERA PERSADA LYGEND,PT HALMAHERA PERSADA LYGEND,Obi(Harita),Obi Island,"Lygend Resources & Technology Co., Ltd.",China,Zhangjiagang,28332400,2400,,22.2,化学计量(NiSO4·6H2O 22.2%),532.8,7349400,3062,13794,NICKEL SULFATE,同日同额拆单(tradeId不同，非重复),中间品矩阵(75章+720150等),9382,2400,,NC140
9396,硫酸镍,2025-12-05,2025-12,PT INDONESIA SERVICE PROVIDER,PT INDONESIA SERVICE PROVIDER,"IMIP(出口代理,Bahodopi)",Bahudopi,BH MINING AND PETROLEUM PTE LTD,China,Wuhan,28332400,1320,,22.2,化学计量(NiSO4·6H2O 22.2%),293.04,4090600.8,3099,13959,NICKEL SULFATE,,中间品矩阵(75章+720150等),9397,0,跨抬头同票特征候选；参考合计仅保留IQEM行，原记录保留,RC070
9397,硫酸镍,2025-12-05,2025-12,PT INDONESIA QINGMEI ENERGY MATERIALS,INDONESIA QINGMEI ENERGY MATERIALS,,Bahudopi,BH MINING AND PETROLEUM PTE LTD,China,Wuhan,28332400,1320,,22.2,化学计量(NiSO4·6H2O 22.2%),293.04,4090600.8,3099,13959,NICKEL SULFATE,全历史档并集补票【#65】,中间品矩阵(75章+720150等),9398,1320,跨抬头同票特征候选；参考合计仅保留IQEM行，原记录保留,RC070
9420,精炼镍,2025-12-08,2025-12,PT CNGR DING XING NEW ENERGY,PT CNGR DING XING NEW ENERGY,IMIP(Morowali),Bahudopi,HONGKONG KINCO INTERNATIONAL DEVELOPMENT CO LIMITED,China,NINGBO,75021000,59.9947,,99,HS750210 Ni≥99% 产品标准(口径#44),59.39,870613.09,14512,14658,NICKEL CATHODES,新品目通道历史回补【#45】,新品目通道历史回补【#45】,9421,59.9947,,RC040
9430,硫酸镍,2025-12-10,2025-12,PT HALMAHERA PERSADA LYGEND,PT HALMAHERA PERSADA LYGEND,Obi(Harita),Obi Island,"Lygend Resources & Technology Co., Ltd.",China,Zhapu,28332400,3300,,22.2,化学计量(NiSO4·6H2O 22.2%),732.6,10045299,3044,13712,NICKEL SULFATE,同日同额拆单(tradeId不同，非重复),中间品矩阵(75章+720150等),9431,3300,,NC140
9431,硫酸镍,2025-12-10,2025-12,PT HALMAHERA PERSADA LYGEND,PT HALMAHERA PERSADA LYGEND,Obi(Harita),Obi Island,"Lygend Resources & Technology Co., Ltd.",China,Zhapu,28332400,3300,,22.2,化学计量(NiSO4·6H2O 22.2%),732.6,10045299,3044,13712,NICKEL SULFATE,同日同额拆单(tradeId不同，非重复),中间品矩阵(75章+720150等),9432,3300,,NC140
9432,精炼镍,2025-12-10,2025-12,PT CNGR DING XING NEW ENERGY,PT CNGR DING XING NEW ENERGY,IMIP(Morowali),Bahudopi,TRAXYS EUROPE S A,Singapore,Singapore,75021000,300.0781,,99,HS750210 Ni≥99% 产品标准(口径#44),297.08,4502971.97,15006,15158,NICKEL CATHODES,新品目通道历史回补【#45】,新品目通道历史回补【#45】,9433,300.0781,,RC052
9445,精炼镍,2025-12-11,2025-12,PT CNGR DING XING NEW ENERGY,PT CNGR DING XING NEW ENERGY,IMIP(Morowali),Bahudopi,TOYOTA TSUSHO MATERIAL INCORPORATED,Japan,Chuo-ku/Tokyo,75021000,60,,99,HS750210 Ni≥99% 产品标准(口径#44),59.4,914100,15235,15389,NICKEL CATHODES,新品目通道历史回补【#45】,新品目通道历史回补【#45】,9446,60,,RC066
9446,精炼镍,2025-12-11,2025-12,PT CNGR DING XING NEW ENERGY,PT CNGR DING XING NEW ENERGY,IMIP(Morowali),Bahudopi,SANCT CORPORATION,Japan,"Nagoya, Aichi",75021000,20,,99,HS750210 Ni≥99% 产品标准(口径#44),19.8,300120,15006,15158,NICKEL CATHODES,新品目通道历史回补【#45】,新品目通道历史回补【#45】,9447,20,,RC065
9447,精炼镍,2025-12-11,2025-12,PT CNGR DING XING NEW ENERGY,PT CNGR DING XING NEW ENERGY,IMIP(Morowali),Bahudopi,"C. Steinweg Logistics (Shanghai Waigaoqiao Bonded Logistics Zone) Co., Ltd.",China,Shanghai,75021000,300.3178,,99,HS750210 Ni≥99% 产品标准(口径#44),297.31,4506568.91,15006,15158,NICKEL CATHODES,新品目通道历史回补【#45】,新品目通道历史回补【#45】,9448,300.3178,,NC019
9448,精炼镍,2025-12-11,2025-12,PT CNGR DING XING NEW ENERGY,PT CNGR DING XING NEW ENERGY,IMIP(Morowali),Bahudopi,C STEINWEG ASIA PTE LTD,Singapore,Singapore,75021000,102.0725,,99,HS750210 Ni≥99% 产品标准(口径#44),101.05,1531699.94,15006,15158,NICKEL CATHODES,新品目通道历史回补【#45】,新品目通道历史回补【#45】,9449,102.0725,,RC024
9458,精炼镍,2025-12-13,2025-12,PT CNGR DING XING NEW ENERGY,PT CNGR DING XING NEW ENERGY,IMIP(Morowali),Bahudopi,C STEINWEG LOGISTICS TAIWAN CO LTD,"Taiwan, China",Kaohsiung,75021000,130.5066,,99,HS750210 Ni≥99% 产品标准(口径#44),129.2,1917044.07,14689,14838,NICKEL CATHODES,新品目通道历史回补【#45】,新品目通道历史回补【#45】,9459,130.5066,,RC032
9459,精炼镍,2025-12-13,2025-12,PT CNGR DING XING NEW ENERGY,PT CNGR DING XING NEW ENERGY,IMIP(Morowali),Bahudopi,C STEINWEG,United States,Baltimore,75021000,39.6805,,99,HS750210 Ni≥99% 产品标准(口径#44),39.28,567646.24,14305,14450,NICKEL CATHODES,新品目通道历史回补【#45】,新品目通道历史回补【#45】,9460,39.6805,,RC038
9460,精炼镍,2025-12-13,2025-12,PT CNGR DING XING NEW ENERGY,PT CNGR DING XING NEW ENERGY,IMIP(Morowali),Bahudopi,HANWA CO LTD,Japan,Yokohama,75021000,19.6658,,99,HS750210 Ni≥99% 产品标准(口径#44),19.47,288875.85,14689,14838,NICKEL CATHODES,新品目通道历史回补【#45】,新品目通道历史回补【#45】,9461,19.6658,,MC045
9461,精炼镍,2025-12-13,2025-12,PT CNGR DING XING NEW ENERGY,PT CNGR DING XING NEW ENERGY,IMIP(Morowali),Bahudopi,HANWA CO LTD,Japan,"Nagoya, Aichi",75021000,20.3879,,99,HS750210 Ni≥99% 产品标准(口径#44),20.18,281133.85,13789,13929,NICKEL CATHODES,新品目通道历史回补【#45】,新品目通道历史回补【#45】,9462,20.3879,,MC045
9462,精炼镍,2025-12-13,2025-12,PT CNGR DING XING NEW ENERGY,PT CNGR DING XING NEW ENERGY,IMIP(Morowali),Bahudopi,TCC TRADING CORP,South Korea,Busan (ex Pusan),75021000,19.7094,,99,HS750210 Ni≥99% 产品标准(口径#44),19.51,289516.3,14689,14838,NICKEL CATHODES,新品目通道历史回补【#45】,新品目通道历史回补【#45】,9463,19.7094,,RC021
9463,精炼镍,2025-12-13,2025-12,PT CNGR DING XING NEW ENERGY,PT CNGR DING XING NEW ENERGY,IMIP(Morowali),Bahudopi,HANSMET CO,South Korea,Incheon,75021000,39.3522,,99,HS750210 Ni≥99% 产品标准(口径#44),38.96,578054.3,14689,14838,NICKEL CATHODES,新品目通道历史回补【#45】,新品目通道历史回补【#45】,9464,39.3522,,RC007
9464,精炼镍,2025-12-13,2025-12,PT CNGR DING XING NEW ENERGY,PT CNGR DING XING NEW ENERGY,IMIP(Morowali),Bahudopi,HANWA CO LTD,Japan,Yokohama,75021000,80,,99,HS750210 Ni≥99% 产品标准(口径#44),79.2,1193460,14918,15069,NICKEL CATHODES,新品目通道历史回补【#45】,新品目通道历史回补【#45】,9465,80,,MC045
9465,精炼镍,2025-12-13,2025-12,PT CNGR DING XING NEW ENERGY,PT CNGR DING XING NEW ENERGY,IMIP(Morowali),Bahudopi,C STEINWEG LOGISTICS TAIWAN CO LTD,"Taiwan, China",Kaohsiung,75021000,197.5962,,99,HS750210 Ni≥99% 产品标准(口径#44),195.62,2902539.98,14689,14838,NICKEL CATHODES,新品目通道历史回补【#45】,新品目通道历史回补【#45】,9466,197.5962,,RC032
9515,精炼镍,2025-12-18,2025-12,PT CNGR DING XING NEW ENERGY,PT CNGR DING XING NEW ENERGY,IMIP(Morowali),Bahudopi,ANGLO AMERICAN AGENCIES,Singapore,Singapore,75021000,197.9749,,99,HS750210 Ni≥99% 产品标准(口径#44),196,2970811.35,15006,15158,NICKEL CATHODES,新品目通道历史回补【#45】,新品目通道历史回补【#45】,9516,197.9749,,NC007
9516,精炼镍,2025-12-18,2025-12,PT CNGR DING XING NEW ENERGY,PT CNGR DING XING NEW ENERGY,IMIP(Morowali),Bahudopi,FINO INC,South Korea,Incheon,75021000,22.3458,,99,HS750210 Ni≥99% 产品标准(口径#44),22.12,315209.85,14106,14248,NICKEL CATHODES,新品目通道历史回补【#45】,新品目通道历史回补【#45】,9517,22.3458,,RC071
9517,精炼镍,2025-12-18,2025-12,PT CNGR DING XING NEW ENERGY,PT CNGR DING XING NEW ENERGY,IMIP(Morowali),Bahudopi,HONGKONG KINCO INTERNATIONAL DEVELOPMENT CO LIMITED,China,Huangpu,75021000,504.5035,,99,HS750210 Ni≥99% 产品标准(口径#44),499.46,7570579.52,15006,15158,NICKEL CATHODES,新品目通道历史回补【#45】,新品目通道历史回补【#45】,9518,504.5035,,RC040
9518,精炼镍,2025-12-18,2025-12,PT CNGR DING XING NEW ENERGY,PT CNGR DING XING NEW ENERGY,IMIP(Morowali),Bahudopi,TOYOTA TSUSHO MATERIAL INCORPORATED,Japan,Osaka,75021000,40,,99,HS750210 Ni≥99% 产品标准(口径#44),39.6,613200,15330,15485,NICKEL CATHODES,新品目通道历史回补【#45】,新品目通道历史回补【#45】,9519,40,,RC066
9519,精炼镍,2025-12-18,2025-12,PT CNGR DING XING NEW ENERGY,PT CNGR DING XING NEW ENERGY,IMIP(Morowali),Bahudopi,HONGKONG KINCO INTERNATIONAL DEVELOPMENT CO LIMITED,China,Huangpu,75021000,299.6496,,99,HS750210 Ni≥99% 产品标准(口径#44),296.65,4496541.9,15006,15158,NICKEL CATHODES,新品目通道历史回补【#45】,新品目通道历史回补【#45】,9520,299.6496,,RC040
9520,精炼镍,2025-12-18,2025-12,PT CNGR DING XING NEW ENERGY,PT CNGR DING XING NEW ENERGY,IMIP(Morowali),Bahudopi,HONGKONG KINCO INTERNATIONAL DEVELOPMENT CO LIMITED,China,Huangpu,75021000,599.5262,,99,HS750210 Ni≥99% 产品标准(口径#44),593.53,8996490.16,15006,15158,NICKEL CATHODES,新品目通道历史回补【#45】,新品目通道历史回补【#45】,9521,599.5262,,RC040
9554,精炼镍,2025-12-20,2025-12,PT CNGR DING XING NEW ENERGY,PT CNGR DING XING NEW ENERGY,IMIP(Morowali),Bahudopi,"China Ordins Group Co., Ltd.",China,Dongguan,75021000,500.8523,,99,HS750210 Ni≥99% 产品标准(口径#44),495.84,7357144.65,14689,14838,NICKEL CATHODES,新品目通道历史回补【#45】,新品目通道历史回补【#45】,9555,500.8523,,RC039
9555,精炼镍,2025-12-20,2025-12,PT CNGR DING XING NEW ENERGY,PT CNGR DING XING NEW ENERGY,IMIP(Morowali),Bahudopi,SEAH MNS CORP,China,NINGBO,75021000,59.8963,,99,HS750210 Ni≥99% 产品标准(口径#44),59.3,879831.72,14689,14838,NICKEL CATHODES,新品目通道历史回补【#45】,新品目通道历史回补【#45】,9556,59.8963,,RC050
9560,硫酸镍,2025-12-21,2025-12,PT INDONESIA SERVICE PROVIDER,PT INDONESIA SERVICE PROVIDER,"IMIP(出口代理,Bahodopi)",Bahudopi,BH MINING AND PETROLEUM PTE LTD,China,Wuhan,28332400,1015,,22.2,化学计量(NiSO4·6H2O 22.2%),225.33,3066538.3,3021,13609,NICKEL SULFATE,,中间品矩阵(75章+720150等),9561,0,跨抬头同票特征候选；参考合计仅保留IQEM行，原记录保留,RC070
9561,硫酸镍,2025-12-21,2025-12,PT INDONESIA QINGMEI ENERGY MATERIALS,INDONESIA QINGMEI ENERGY MATERIALS,,Bahudopi,BH MINING AND PETROLEUM PTE LTD,China,Wuhan,28332400,1015,,22.2,化学计量(NiSO4·6H2O 22.2%),225.33,3066538.3,3021,13609,NICKEL SULFATE,全历史档并集补票【#65】,中间品矩阵(75章+720150等),9562,1015,跨抬头同票特征候选；参考合计仅保留IQEM行，原记录保留,RC070
9562,精炼镍,2025-12-21,2025-12,PT CNGR DING XING NEW ENERGY,PT CNGR DING XING NEW ENERGY,IMIP(Morowali),Bahudopi,"China Ordins Group Co., Ltd.",China,Huangpu,75021000,100.6483,,99,HS750210 Ni≥99% 产品标准(口径#44),99.64,1473415.63,14639,14787,NICKEL CATHODES,新品目通道历史回补【#45】,新品目通道历史回补【#45】,9563,100.6483,,RC039
9566,硫酸镍,2025-12-22,2025-12,PT HALMAHERA PERSADA LYGEND,PT HALMAHERA PERSADA LYGEND,Obi(Harita),Obi Island,"Lygend Resources & Technology Co., Ltd.",China,Zhapu,28332400,2500,,22.2,化学计量(NiSO4·6H2O 22.2%),555,7487550,2995,13491,NICKEL SULFATE,同日同额拆单(tradeId不同，非重复),中间品矩阵(75章+720150等),9567,2500,,NC140
9567,硫酸镍,2025-12-22,2025-12,PT HALMAHERA PERSADA LYGEND,PT HALMAHERA PERSADA LYGEND,Obi(Harita),Obi Island,"Lygend Resources & Technology Co., Ltd.",China,Zhapu,28332400,2500,,22.2,化学计量(NiSO4·6H2O 22.2%),555,7487550,2995,13491,NICKEL SULFATE,同日同额拆单(tradeId不同，非重复),中间品矩阵(75章+720150等),9568,2500,,NC140
9568,精炼镍,2025-12-22,2025-12,PT CNGR DING XING NEW ENERGY,PT CNGR DING XING NEW ENERGY,IMIP(Morowali),Bahudopi,WALSIN LIHWA CORPORATION,"Taiwan, China",Kaohsiung,75021000,19.8635,,99,HS750210 Ni≥99% 产品标准(口径#44),19.66,273902.77,13789,13929,NICKEL CATHODES,新品目通道历史回补【#45】,新品目通道历史回补【#45】,9569,19.8635,,B035
9586,精炼镍,2025-12-24,2025-12,PT ETERNAL NICKEL INDUSTRY,PT ETERNAL NICKEL INDUSTRY,IWIP(Weda Bay),Weda,SUZUKI SANGYO KABUSHIKI GAISHA,Japan,Yokohama,75021000,25.447,99.99,99,HS750210 Ni≥99% 产品标准(口径#44),25.19,378645.76,14880,15030,NICKEL CATHODES NI: 99.990%,新品目通道历史回补【#45】,新品目通道历史回补【#45】,9587,25.447,,RC016
9587,精炼镍,2025-12-24,2025-12,PT ETERNAL NICKEL INDUSTRY,PT ETERNAL NICKEL INDUSTRY,IWIP(Weda Bay),Weda,HANSMET CO,South Korea,Incheon,75021000,19.6734,99.99,99,HS750210 Ni≥99% 产品标准(口径#44),19.48,292735.86,14880,15030,NICKEL CATHODES NI: 99.990%,新品目通道历史回补【#45】,新品目通道历史回补【#45】,9588,19.6734,,RC007
9588,精炼镍,2025-12-24,2025-12,PT ETERNAL NICKEL INDUSTRY,PT ETERNAL NICKEL INDUSTRY,IWIP(Weda Bay),Weda,C STEINWEG ASIA PTE LTD,Singapore,Singapore,75021000,150.9966,99.99,99,HS750210 Ni≥99% 产品标准(口径#44),149.49,2246796.19,14880,15030,NICKEL CATHODES NI: 99.990%,新品目通道历史回补【#45】,新品目通道历史回补【#45】,9589,150.9966,,RC024
9589,精炼镍,2025-12-24,2025-12,PT ETERNAL NICKEL INDUSTRY,PT ETERNAL NICKEL INDUSTRY,IWIP(Weda Bay),Weda,HONGKONG KINCO INTERNATIONAL DEVELOPMENT CO LIMITED,China,Huangpu,75021000,126.1018,99.99,99,HS750210 Ni≥99% 产品标准(口径#44),124.84,1876367.04,14880,15030,NICKEL CATHODES NI: 99.990%,新品目通道历史回补【#45】,新品目通道历史回补【#45】,9590,126.1018,,RC040
9590,精炼镍,2025-12-24,2025-12,PT ETERNAL NICKEL INDUSTRY,PT ETERNAL NICKEL INDUSTRY,IWIP(Weda Bay),Weda,"C. Steinweg Logistics (Shanghai Waigaoqiao Bonded Logistics Zone) Co., Ltd.",China,Shanghai,75021000,528.0664,99.99,99,HS750210 Ni≥99% 产品标准(口径#44),522.79,7619602.1,14429,14575,NICKEL CATHODES NI: 99.990%,新品目通道历史回补【#45】,新品目通道历史回补【#45】,9591,528.0664,,NC019
9591,精炼镍,2025-12-24,2025-12,PT ETERNAL NICKEL INDUSTRY,PT ETERNAL NICKEL INDUSTRY,IWIP(Weda Bay),Weda,C STEINWEG ASIA PTE LTD,Singapore,Singapore,75021000,330.1156,99.99,99,HS750210 Ni≥99% 产品标准(口径#44),326.81,4912047.5,14880,15030,NICKEL CATHODES NI: 99.990%,新品目通道历史回补【#45】,新品目通道历史回补【#45】,9592,330.1156,,RC024
9592,精炼镍,2025-12-24,2025-12,PT ETERNAL NICKEL INDUSTRY,PT ETERNAL NICKEL INDUSTRY,IWIP(Weda Bay),Weda,STEINWEG SHARAF INDIA PRIVATE LIMITED,India,Jawaharlal Nehru (Nhava S,75021000,100.444,99.99,99,HS750210 Ni≥99% 产品标准(口径#44),99.44,1494584.62,14880,15030,NICKEL CATHODES NI: 99.990%,新品目通道历史回补【#45】,新品目通道历史回补【#45】,9593,100.444,,NC228
9593,精炼镍,2025-12-24,2025-12,PT ETERNAL NICKEL INDUSTRY,PT ETERNAL NICKEL INDUSTRY,IWIP(Weda Bay),Weda,SUZUKI SANGYO KABUSHIKI GAISHA,Japan,Yokohama,75021000,25.4476,99.99,99,HS750210 Ni≥99% 产品标准(口径#44),25.19,378654.69,14880,15030,NICKEL CATHODES NI: 99.990%,新品目通道历史回补【#45】,新品目通道历史回补【#45】,9594,25.4476,,RC016
9594,精炼镍,2025-12-24,2025-12,PT ETERNAL NICKEL INDUSTRY,PT ETERNAL NICKEL INDUSTRY,IWIP(Weda Bay),Weda,HONGKONG KINCO INTERNATIONAL DEVELOPMENT CO LIMITED,China,Huangpu,75021000,372.0978,99.99,99,HS750210 Ni≥99% 产品标准(口径#44),368.38,5536733.4,14880,15030,NICKEL CATHODES NI: 99.990%,新品目通道历史回补【#45】,新品目通道历史回补【#45】,9595,372.0978,,RC040
9595,精炼镍,2025-12-24,2025-12,PT ETERNAL NICKEL INDUSTRY,PT ETERNAL NICKEL INDUSTRY,IWIP(Weda Bay),Weda,HONGKONG KINCO INTERNATIONAL DEVELOPMENT CO LIMITED,China,Huangpu,75021000,504.618,99.99,99,HS750210 Ni≥99% 产品标准(口径#44),499.57,7508604.82,14880,15030,NICKEL CATHODES NI: 99.990%,新品目通道历史回补【#45】,新品目通道历史回补【#45】,9596,504.618,,RC040
9596,精炼镍,2025-12-24,2025-12,PT ETERNAL NICKEL INDUSTRY,PT ETERNAL NICKEL INDUSTRY,IWIP(Weda Bay),Weda,"C. Steinweg Logistics (Shanghai Waigaoqiao Bonded Logistics Zone) Co., Ltd.",China,Shanghai,75021000,499.3112,99.99,99,HS750210 Ni≥99% 产品标准(口径#44),494.32,7429640.81,14880,15030,NICKEL CATHODES NI: 99.990%,新品目通道历史回补【#45】,新品目通道历史回补【#45】,9597,499.3112,,NC019
9597,精炼镍,2025-12-24,2025-12,PT ETERNAL NICKEL INDUSTRY,PT ETERNAL NICKEL INDUSTRY,IWIP(Weda Bay),Weda,C STEINWEG ASIA PTE LTD,Singapore,Singapore,75021000,174.1,99.99,99,HS750210 Ni≥99% 产品标准(口径#44),172.36,2590569.7,14880,15030,NICKEL CATHODES NI: 99.990%,新品目通道历史回补【#45】,新品目通道历史回补【#45】,9598,174.1,,RC024
9598,精炼镍,2025-12-24,2025-12,PT ETERNAL NICKEL INDUSTRY,PT ETERNAL NICKEL INDUSTRY,IWIP(Weda Bay),Weda,SUZUKI SANGYO KABUSHIKI GAISHA,Japan,Yokohama,75021000,40.0318,99.99,99,HS750210 Ni≥99% 产品标准(口径#44),39.63,556011.68,13889,14030,NICKEL CATHODES NI: 99.990%,新品目通道历史回补【#45】,新品目通道历史回补【#45】,9599,40.0318,,RC016
9599,精炼镍,2025-12-24,2025-12,PT ETERNAL NICKEL INDUSTRY,PT ETERNAL NICKEL INDUSTRY,IWIP(Weda Bay),Weda,HONGKONG KINCO INTERNATIONAL DEVELOPMENT CO LIMITED,China,Huangpu,75021000,498.2004,99.99,99,HS750210 Ni≥99% 产品标准(口径#44),493.22,7413112.35,14880,15030,NICKEL CATHODES NI: 99.990%,新品目通道历史回补【#45】,新品目通道历史回补【#45】,9600,498.2004,,RC040
9600,精炼镍,2025-12-24,2025-12,PT ETERNAL NICKEL INDUSTRY,PT ETERNAL NICKEL INDUSTRY,IWIP(Weda Bay),Weda,WALSIN LIHWA CORP,"Taiwan, China",Kaohsiung,75021000,35.4908,99.99,99,HS750210 Ni≥99% 产品标准(口径#44),35.14,492940.59,13889,14030,NICKEL CATHODES NI: 99.990%,新品目通道历史回补【#45】,新品目通道历史回补【#45】,9601,35.4908,,NC262
9601,精炼镍,2025-12-24,2025-12,PT ETERNAL NICKEL INDUSTRY,PT ETERNAL NICKEL INDUSTRY,IWIP(Weda Bay),Weda,"Ixm (Shanghai) Corporate Management Co., Ltd.",China,Huangpu,75021000,684.316,99.99,99,HS750210 Ni≥99% 产品标准(口径#44),677.47,10182471.53,14880,15030,NICKEL CATHODES NI: 99.990%,新品目通道历史回补【#45】,新品目通道历史回补【#45】,9602,684.316,,NC112
9602,精炼镍,2025-12-24,2025-12,PT ETERNAL NICKEL INDUSTRY,PT ETERNAL NICKEL INDUSTRY,IWIP(Weda Bay),Weda,KOREA NON FERROUS METALS CO,South Korea,Incheon,75021000,78.4278,99.99,99,HS750210 Ni≥99% 产品标准(口径#44),77.64,1131654.33,14429,14575,NICKEL CATHODES NI: 99.990%,新品目通道历史回补【#45】,新品目通道历史回补【#45】,9603,78.4278,,RC009
9603,精炼镍,2025-12-24,2025-12,PT ETERNAL NICKEL INDUSTRY,PT ETERNAL NICKEL INDUSTRY,IWIP(Weda Bay),Weda,C STEINWEG ASIA PTE LTD,Singapore,Singapore,75021000,450.5204,99.99,99,HS750210 Ni≥99% 产品标准(口径#44),446.02,6703644.44,14880,15030,NICKEL CATHODES NI: 99.990%,新品目通道历史回补【#45】,新品目通道历史回补【#45】,9604,450.5204,,RC024
9604,精炼镍,2025-12-24,2025-12,PT ETERNAL NICKEL INDUSTRY,PT ETERNAL NICKEL INDUSTRY,IWIP(Weda Bay),Weda,"C. Steinweg Logistics (Shanghai Waigaoqiao Bonded Logistics Zone) Co., Ltd.",China,Shanghai,75021000,684.4418,99.99,99,HS750210 Ni≥99% 产品标准(口径#44),677.6,10184343.41,14880,15030,NICKEL CATHODES NI: 99.990%,新品目通道历史回补【#45】,新品目通道历史回补【#45】,9605,684.4418,,NC019
9625,精炼镍,2025-12-26,2025-12,PT CNGR DING XING NEW ENERGY,PT CNGR DING XING NEW ENERGY,IMIP(Morowali),Bahudopi,HONG KONG RUI PU CO LIMITED,China,Shanghai,75021000,500.5816,,99,HS750210 Ni≥99% 产品标准(口径#44),495.58,7511727.49,15006,15158,NICKEL CATHODES,新品目通道历史回补【#45】,新品目通道历史回补【#45】,9626,500.5816,,B038
9626,精炼镍,2025-12-26,2025-12,PT CNGR DING XING NEW ENERGY,PT CNGR DING XING NEW ENERGY,IMIP(Morowali),Bahudopi,C STEINWEG ASIA PTE LTD,Singapore,Singapore,75021000,400.2015,,99,HS750210 Ni≥99% 产品标准(口径#44),396.2,5858649.81,14639,14787,NICKEL CATHODES,新品目通道历史回补【#45】,新品目通道历史回补【#45】,9627,400.2015,,RC024
9640,硫酸镍,2025-12-28,2025-12,PT INDONESIA SERVICE PROVIDER,PT INDONESIA SERVICE PROVIDER,"IMIP(出口代理,Bahodopi)",Bahudopi,BH MINING AND PETROLEUM PTE LTD,China,Lianyungang,28332400,3050,,22.2,化学计量(NiSO4·6H2O 22.2%),677.1,9621804.5,3155,14210,NICKEL SULFATE,,中间品矩阵(75章+720150等),9641,0,跨抬头同票特征候选；参考合计仅保留IQEM行，原记录保留,RC070
9641,硫酸镍,2025-12-28,2025-12,PT INDONESIA QINGMEI ENERGY MATERIALS,INDONESIA QINGMEI ENERGY MATERIALS,,Bahudopi,BH MINING AND PETROLEUM PTE LTD,China,Lianyungang,28332400,3050,,22.2,化学计量(NiSO4·6H2O 22.2%),677.1,9621804.5,3155,14210,NICKEL SULFATE,全历史档并集补票【#65】,中间品矩阵(75章+720150等),9642,3050,跨抬头同票特征候选；参考合计仅保留IQEM行，原记录保留,RC070
9675,精炼镍,2025-12-30,2025-12,PT CNGR DING XING NEW ENERGY,PT CNGR DING XING NEW ENERGY,IMIP(Morowali),Bahudopi,ANGLO AMERICAN AGENCIES,Singapore,Singapore,75021000,200.8896,,99,HS750210 Ni≥99% 产品标准(口径#44),198.88,2950917.56,14689,14838,NICKEL CATHODES,新品目通道历史回补【#45】,新品目通道历史回补【#45】,9676,200.8896,,NC007
9676,精炼镍,2025-12-30,2025-12,PT CNGR DING XING NEW ENERGY,PT CNGR DING XING NEW ENERGY,IMIP(Morowali),Bahudopi,ANGLO AMERICAN AGENCIES,Singapore,Singapore,75021000,110.9654,,99,HS750210 Ni≥99% 产品标准(口径#44),109.86,1629998.5,14689,14838,NICKEL CATHODES,新品目通道历史回补【#45】,新品目通道历史回补【#45】,9677,110.9654,,NC007
9698,硫酸镍,2026-01-03,2026-01,PT HALMAHERA PERSADA LYGEND,PT HALMAHERA PERSADA LYGEND,Obi(Harita),Obi Island,"Lygend Resources & Technology Co., Ltd.",China,Zhapu,28332400,2900,,22.2,化学计量(NiSO4·6H2O 22.2%),643.8,8670507,2990,13468,NICKEL SULFATE,同日同额拆单(tradeId不同，非重复),中间品矩阵(75章+720150等),9699,2900,,NC140
9699,硫酸镍,2026-01-03,2026-01,PT HALMAHERA PERSADA LYGEND,PT HALMAHERA PERSADA LYGEND,Obi(Harita),Obi Island,"Lygend Resources & Technology Co., Ltd.",China,Zhapu,28332400,2900,,22.2,化学计量(NiSO4·6H2O 22.2%),643.8,8670507,2990,13468,NICKEL SULFATE,同日同额拆单(tradeId不同，非重复),中间品矩阵(75章+720150等),9700,2900,,NC140
9750,硫酸镍,2026-01-12,2026-01,PT HALMAHERA PERSADA LYGEND,PT HALMAHERA PERSADA LYGEND,Obi(Harita),Obi Island,"Lygend Resources & Technology Co., Ltd.",China,Zhapu,28332400,2440,,22.2,化学计量(NiSO4·6H2O 22.2%),541.68,7290622,2988,13459,NICKEL SULFATE,,中间品矩阵(75章+720150等),9751,2440,,NC140
9751,硫酸镍,2026-01-12,2026-01,PT HALMAHERA PERSADA LYGEND,PT HALMAHERA PERSADA LYGEND,Obi(Harita),Obi Island,"Lygend Resources & Technology Co., Ltd.",China,Zhapu,28332400,2420,,22.2,化学计量(NiSO4·6H2O 22.2%),537.24,7230863,2988,13459,NICKEL SULFATE,,中间品矩阵(75章+720150等),9752,2420,,NC140
9752,精炼镍,2026-01-12,2026-01,PT ETERNAL NICKEL INDUSTRY,PT ETERNAL NICKEL INDUSTRY,IWIP(Weda Bay),Weda,TRAFIGURA INDIA PVT LTD,India,Jawaharlal Nehru (Nhava S,75021000,40.5638,99.99,99,HS750210 Ni≥99% 产品标准(口径#44),40.16,569485.33,14039,14181,NICKEL CATHODES NI: 99.990%,新品目通道历史回补【#45】,新品目通道历史回补【#45】,9753,40.5638,,NC249
9753,精炼镍,2026-01-12,2026-01,PT ETERNAL NICKEL INDUSTRY,PT ETERNAL NICKEL INDUSTRY,IWIP(Weda Bay),Weda,"C. Steinweg Logistics (Shanghai Waigaoqiao Bonded Logistics Zone) Co., Ltd.",China,Shanghai,75021000,1140.2416,99.99,99,HS750210 Ni≥99% 产品标准(口径#44),1128.84,16624471.67,14580,14727,NICKEL CATHODES NI: 99.990%,新品目通道历史回补【#45】,新品目通道历史回补【#45】,9754,1140.2416,,NC019
9754,精炼镍,2026-01-12,2026-01,PT ETERNAL NICKEL INDUSTRY,PT ETERNAL NICKEL INDUSTRY,IWIP(Weda Bay),Weda,"Ixm (Shanghai) Corporate Management Co., Ltd.",China,Shanghai,75021000,1122.777,99.99,99,HS750210 Ni≥99% 产品标准(口径#44),1111.55,16369841.65,14580,14727,NICKEL CATHODES NI: 99.990%,新品目通道历史回补【#45】,新品目通道历史回补【#45】,9755,1122.777,,NC112
9755,精炼镍,2026-01-12,2026-01,PT ETERNAL NICKEL INDUSTRY,PT ETERNAL NICKEL INDUSTRY,IWIP(Weda Bay),Weda,TAE EU WAREHOUSING KOREA CO LTD,South Korea,Busan New Port,75021000,24.102,99.99,99,HS750210 Ni≥99% 产品标准(口径#44),23.86,342942.78,14229,14373,NICKEL CATHODES NI: 99.990%,新品目通道历史回补【#45】,新品目通道历史回补【#45】,9756,24.102,,RC004
9756,精炼镍,2026-01-12,2026-01,PT ETERNAL NICKEL INDUSTRY,PT ETERNAL NICKEL INDUSTRY,IWIP(Weda Bay),Weda,SEAH CHANGWON INTEGRATED SPECIAL STEEL CORPORATION,South Korea,Incheon,75021000,196.3772,99.99,99,HS750210 Ni≥99% 产品标准(口径#44),194.41,2855068.96,14539,14686,NICKEL CATHODES NI: 99.990%,新品目通道历史回补【#45】,新品目通道历史回补【#45】,9757,196.3772,,RC069
9782,硫酸镍,2026-01-14,2026-01,PT INDONESIA SERVICE PROVIDER,PT INDONESIA SERVICE PROVIDER,"IMIP(出口代理,Bahodopi)",Bahudopi,BH MINING AND PETROLEUM PTE LTD,China,Wuhan,28332400,815,,22.2,化学计量(NiSO4·6H2O 22.2%),180.93,3057162.8,3751,16897,NICKEL SULFATE,,中间品矩阵(75章+720150等),9783,0,跨抬头同票特征候选；参考合计仅保留IQEM行，原记录保留,RC070
9783,硫酸镍,2026-01-14,2026-01,PT INDONESIA QINGMEI ENERGY MATERIALS,INDONESIA QINGMEI ENERGY MATERIALS,,Bahudopi,BH MINING AND PETROLEUM PTE LTD,China,Wuhan,28332400,815,,22.2,化学计量(NiSO4·6H2O 22.2%),180.93,3057162.8,3751,16897,NICKEL SULFATE,全历史档并集补票【#65】,中间品矩阵(75章+720150等),9784,815,跨抬头同票特征候选；参考合计仅保留IQEM行，原记录保留,RC070
9784,精炼镍,2026-01-14,2026-01,PT CNGR DING XING NEW ENERGY,PT CNGR DING XING NEW ENERGY,IMIP(Morowali),Bahudopi,TOYOTA TSUSHO MATERIAL INCORPORATED,Japan,Chuo-ku/Tokyo,75021000,60,,99,HS750210 Ni≥99% 产品标准(口径#44),59.4,1057740,17629,17807,NICKEL CATHODES,新品目通道历史回补【#45】,新品目通道历史回补【#45】,9785,60,,RC066
9785,精炼镍,2026-01-14,2026-01,PT CNGR DING XING NEW ENERGY,PT CNGR DING XING NEW ENERGY,IMIP(Morowali),Bahudopi,TOYOTA TSUSHO MATERIAL INCORPORATED,Japan,Kobe,75021000,40,,99,HS750210 Ni≥99% 产品标准(口径#44),39.6,705160,17629,17807,NICKEL CATHODES,新品目通道历史回补【#45】,新品目通道历史回补【#45】,9786,40,,RC066
9786,精炼镍,2026-01-14,2026-01,PT CNGR DING XING NEW ENERGY,PT CNGR DING XING NEW ENERGY,IMIP(Morowali),Bahudopi,HONGKONG KINCO INTERNATIONAL DEVELOPMENT CO LIMITED,China,Huangpu,75021000,300.0325,,99,HS750210 Ni≥99% 产品标准(口径#44),297.03,5220565.5,17400,17576,NICKEL CATHODES,新品目通道历史回补【#45】,新品目通道历史回补【#45】,9787,300.0325,,RC040
9787,精炼镍,2026-01-14,2026-01,PT CNGR DING XING NEW ENERGY,PT CNGR DING XING NEW ENERGY,IMIP(Morowali),Bahudopi,"Shanghai Guochu Logistics Co., Ltd.",China,Shanghai,75021000,300.137,,99,HS750210 Ni≥99% 产品标准(口径#44),297.14,5222383.8,17400,17576,NICKEL CATHODES,新品目通道历史回补【#45】,新品目通道历史回补【#45】,9788,300.137,,RC044
9788,精炼镍,2026-01-14,2026-01,PT CNGR DING XING NEW ENERGY,PT CNGR DING XING NEW ENERGY,IMIP(Morowali),Bahudopi,TOYOTA TSUSHO MATERIAL INCORPORATED,Japan,Chuo-ku/Tokyo,75021000,20,,99,HS750210 Ni≥99% 产品标准(口径#44),19.8,348000,17400,17576,NICKEL CATHODES,新品目通道历史回补【#45】,新品目通道历史回补【#45】,9789,20,,RC066
9789,精炼镍,2026-01-14,2026-01,PT CNGR DING XING NEW ENERGY,PT CNGR DING XING NEW ENERGY,IMIP(Morowali),Bahudopi,CNGR HONGKONG MATERIAL SCIENCE AND TECHNOLOGY CO LIMITED,China,Huangpu,75021000,504.0912,,99,HS750210 Ni≥99% 产品标准(口径#44),499.05,8771186.88,17400,17576,NICKEL CATHODES,新品目通道历史回补【#45】,新品目通道历史回补【#45】,9790,504.0912,,B008
9838,精炼镍,2026-01-20,2026-01,PT CNGR DING XING NEW ENERGY,PT CNGR DING XING NEW ENERGY,IMIP(Morowali),Bahudopi,HONG KONG RUI PU CO LIMITED,China,Ningbo,75021000,200.7776,,99,HS750210 Ni≥99% 产品标准(口径#44),198.77,2987331.76,14879,15029,NICKEL CATHODES,新品目通道历史回补【#45】,新品目通道历史回补【#45】,9839,200.7776,,B038
9839,精炼镍,2026-01-20,2026-01,PT CNGR DING XING NEW ENERGY,PT CNGR DING XING NEW ENERGY,IMIP(Morowali),Bahudopi,"China Ordins Group Co., Ltd.",China,Ningbo,75021000,299.8,,99,HS750210 Ni≥99% 产品标准(口径#44),296.8,4460667.24,14879,15029,NICKEL CATHODES,新品目通道历史回补【#45】,新品目通道历史回补【#45】,9840,299.8,,RC039
9887,硫酸镍,2026-01-25,2026-01,PT HALMAHERA PERSADA LYGEND,PT HALMAHERA PERSADA LYGEND,Obi(Harita),Obi Island,"Ningbo Lygend Wisdom Co., Ltd.",China,Zhapu,28332400,3000,,22.2,化学计量(NiSO4·6H2O 22.2%),666,9554100,3185,14345,NICKEL SULFATE,同日同额拆单(tradeId不同，非重复),中间品矩阵(75章+720150等),9888,3000,,NC162
9888,硫酸镍,2026-01-25,2026-01,PT HALMAHERA PERSADA LYGEND,PT HALMAHERA PERSADA LYGEND,Obi(Harita),Obi Island,"Ningbo Lygend Wisdom Co., Ltd.",China,Zhapu,28332400,3000,,22.2,化学计量(NiSO4·6H2O 22.2%),666,9554100,3185,14345,NICKEL SULFATE,同日同额拆单(tradeId不同，非重复),中间品矩阵(75章+720150等),9889,3000,,NC162
9909,精炼镍,2026-01-28,2026-01,PT ETERNAL NICKEL INDUSTRY,PT ETERNAL NICKEL INDUSTRY,IWIP(Weda Bay),Weda,C STEINWEG ASIA PTE LTD,Singapore,Singapore,75021000,474.8858,99.99,99,HS750210 Ni≥99% 产品标准(口径#44),470.14,6923730.49,14580,14727,NICKEL CATHODES NI: 99.990%,新品目通道历史回补【#45】,新品目通道历史回补【#45】,9910,474.8858,,RC024
9910,精炼镍,2026-01-28,2026-01,PT ETERNAL NICKEL INDUSTRY,PT ETERNAL NICKEL INDUSTRY,IWIP(Weda Bay),Weda,HONGKONG KINCO INTERNATIONAL DEVELOPMENT CO LIMITED,China,Huangpu,75021000,498.2588,99.99,99,HS750210 Ni≥99% 产品标准(口径#44),493.28,7264503.69,14580,14727,NICKEL CATHODES NI: 99.990%,新品目通道历史回补【#45】,新品目通道历史回补【#45】,9911,498.2588,,RC040
9911,精炼镍,2026-01-28,2026-01,PT ETERNAL NICKEL INDUSTRY,PT ETERNAL NICKEL INDUSTRY,IWIP(Weda Bay),Weda,KOREA NON FERROUS METALS CO,South Korea,Incheon,75021000,80.925,99.99,99,HS750210 Ni≥99% 产品标准(口径#44),80.12,1179868.7,14580,14727,NICKEL CATHODES NI: 99.990%,新品目通道历史回补【#45】,新品目通道历史回补【#45】,9912,80.925,,RC009
9912,精炼镍,2026-01-28,2026-01,PT ETERNAL NICKEL INDUSTRY,PT ETERNAL NICKEL INDUSTRY,IWIP(Weda Bay),Weda,"C. Steinweg Logistics (Shanghai Waigaoqiao Bonded Logistics Zone) Co., Ltd.",China,Shanghai,75021000,499.5642,99.99,99,HS750210 Ni≥99% 产品标准(口径#44),494.57,7283536.13,14580,14727,NICKEL CATHODES NI: 99.990%,新品目通道历史回补【#45】,新品目通道历史回补【#45】,9913,499.5642,,NC019
9913,精炼镍,2026-01-28,2026-01,PT ETERNAL NICKEL INDUSTRY,PT ETERNAL NICKEL INDUSTRY,IWIP(Weda Bay),Weda,HANSMET CO,South Korea,Incheon,75021000,19.6032,99.99,99,HS750210 Ni≥99% 产品标准(口径#44),19.41,285810.34,14580,14727,NICKEL CATHODES NI: 99.990%,新品目通道历史回补【#45】,新品目通道历史回补【#45】,9914,19.6032,,RC007
9914,精炼镍,2026-01-28,2026-01,PT ETERNAL NICKEL INDUSTRY,PT ETERNAL NICKEL INDUSTRY,IWIP(Weda Bay),Weda,SUZUKI SANGYO KABUSHIKI GAISHA,Japan,Yokohama,75021000,25.3842,99.99,99,HS750210 Ni≥99% 产品标准(口径#44),25.13,370096.05,14580,14727,NICKEL CATHODES NI: 99.990%,新品目通道历史回补【#45】,新品目通道历史回补【#45】,9915,25.3842,,RC016
9928,精炼镍,2026-01-29,2026-01,PT CNGR DING XING NEW ENERGY,PT CNGR DING XING NEW ENERGY,IMIP(Morowali),Bahudopi,C STEINWEG ASIA PTE LTD,Singapore,Singapore,75021000,300.1507,,99,HS750210 Ni≥99% 产品标准(口径#44),297.15,5336979.6,17781,17961,NICKEL CATHODES,新品目通道历史回补【#45】,新品目通道历史回补【#45】,9929,300.1507,,RC024
9929,精炼镍,2026-01-29,2026-01,PT CNGR DING XING NEW ENERGY,PT CNGR DING XING NEW ENERGY,IMIP(Morowali),Bahudopi,C STEINWEG ASIA PTE LTD,Singapore,Singapore,75021000,149.1357,,99,HS750210 Ni≥99% 产品标准(口径#44),147.64,2715462.83,18208,18392,NICKEL CATHODES,新品目通道历史回补【#45】,新品目通道历史回补【#45】,9930,149.1357,,RC024
9930,精炼镍,2026-01-29,2026-01,PT CNGR DING XING NEW ENERGY,PT CNGR DING XING NEW ENERGY,IMIP(Morowali),Bahudopi,MANATEE GLOBAL PTE LTD,China,Shanghai,75021000,101.9303,,99,HS750210 Ni≥99% 产品标准(口径#44),100.91,1819659.72,17852,18032,NICKEL CATHODES,新品目通道历史回补【#45】,新品目通道历史回补【#45】,9931,101.9303,,RC072
9931,精炼镍,2026-01-29,2026-01,PT CNGR DING XING NEW ENERGY,PT CNGR DING XING NEW ENERGY,IMIP(Morowali),Bahudopi,C STEINWEG ASIA PTE LTD,Singapore,Singapore,75021000,498.3382,,99,HS750210 Ni≥99% 产品标准(口径#44),493.35,8860951.53,17781,17961,NICKEL CATHODES,新品目通道历史回补【#45】,新品目通道历史回补【#45】,9932,498.3382,,RC024
9932,精炼镍,2026-01-29,2026-01,PT CNGR DING XING NEW ENERGY,PT CNGR DING XING NEW ENERGY,IMIP(Morowali),Bahudopi,Walsin Lihwa Corp.,"Taiwan, China",Kaohsiung,75021000,19.8652,,99,HS750210 Ni≥99% 产品标准(口径#44),19.67,339675.05,17099,17272,NICKEL CATHODES,新品目通道历史回补【#45】,新品目通道历史回补【#45】,9933,19.8652,,NC262
9933,精炼镍,2026-01-29,2026-01,PT CNGR DING XING NEW ENERGY,PT CNGR DING XING NEW ENERGY,IMIP(Morowali),Bahudopi,"C. Steinweg Logistics (Shanghai Waigaoqiao Bonded Logistics Zone) Co., Ltd.",China,Shanghai,75021000,197.833,,99,HS750210 Ni≥99% 产品标准(口径#44),195.85,3531714.72,17852,18032,NICKEL CATHODES,新品目通道历史回补【#45】,新品目通道历史回补【#45】,9934,197.833,,NC019
9934,精炼镍,2026-01-29,2026-01,PT CNGR DING XING NEW ENERGY,PT CNGR DING XING NEW ENERGY,IMIP(Morowali),Bahudopi,TCC TRADING CORP,South Korea,Busan New Port,75021000,19.6314,,99,HS750210 Ni≥99% 产品标准(口径#44),19.44,292091.87,14879,15029,NICKEL CATHODES,新品目通道历史回补【#45】,新品目通道历史回补【#45】,9935,19.6314,,RC021
9935,精炼镍,2026-01-29,2026-01,PT CNGR DING XING NEW ENERGY,PT CNGR DING XING NEW ENERGY,IMIP(Morowali),Bahudopi,HANSMET CO,South Korea,Incheon,75021000,39.2896,,99,HS750210 Ni≥99% 产品标准(口径#44),38.9,584582.49,14879,15029,NICKEL CATHODES,新品目通道历史回补【#45】,新品目通道历史回补【#45】,9936,39.2896,,RC007
9936,精炼镍,2026-01-29,2026-01,PT CNGR DING XING NEW ENERGY,PT CNGR DING XING NEW ENERGY,IMIP(Morowali),Bahudopi,HONG KONG RUI PU CO LIMITED,China,Shanghai,75021000,500.8162,,99,HS750210 Ni≥99% 产品标准(口径#44),495.81,9005676.91,17982,18164,NICKEL CATHODES,新品目通道历史回补【#45】,新品目通道历史回补【#45】,9937,500.8162,,B038
9937,精炼镍,2026-01-29,2026-01,PT CNGR DING XING NEW ENERGY,PT CNGR DING XING NEW ENERGY,IMIP(Morowali),Bahudopi,HANWA CO LTD,Japan,Yokohama,75021000,19.7289,,99,HS750210 Ni≥99% 产品标准(口径#44),19.53,293542.55,14879,15029,NICKEL CATHODES,新品目通道历史回补【#45】,新品目通道历史回补【#45】,9938,19.7289,,MC045
9938,精炼镍,2026-01-29,2026-01,PT CNGR DING XING NEW ENERGY,PT CNGR DING XING NEW ENERGY,IMIP(Morowali),Bahudopi,"China Ordins Group Co., Ltd.",China,Huangpu,75021000,501.7788,,99,HS750210 Ni≥99% 产品标准(口径#44),496.76,8943705.33,17824,18004,NICKEL CATHODES,新品目通道历史回补【#45】,新品目通道历史回补【#45】,9939,501.7788,,RC039
9939,精炼镍,2026-01-29,2026-01,PT CNGR DING XING NEW ENERGY,PT CNGR DING XING NEW ENERGY,IMIP(Morowali),Bahudopi,SANCT CORPORATION,Japan,"Nagoya, Aichi",75021000,20,,99,HS750210 Ni≥99% 产品标准(口径#44),19.8,360200,18010,18192,NICKEL CATHODES,新品目通道历史回补【#45】,新品目通道历史回补【#45】,9940,20,,RC065
9940,精炼镍,2026-01-29,2026-01,PT CNGR DING XING NEW ENERGY,PT CNGR DING XING NEW ENERGY,IMIP(Morowali),Bahudopi,KOREA NON FERROUS METALS CO,South Korea,Incheon,75021000,39.3292,,99,HS750210 Ni≥99% 产品标准(口径#44),38.94,585171.69,14879,15029,NICKEL CATHODES,新品目通道历史回补【#45】,新品目通道历史回补【#45】,9941,39.3292,,RC009
9974,精炼镍,2026-01-31,2026-01,PT CNGR DING XING NEW ENERGY,PT CNGR DING XING NEW ENERGY,IMIP(Morowali),Bahudopi,SEAH MNS CORP,South Korea,Busan (ex Pusan),75021000,60.0503,,99,HS750210 Ni≥99% 产品标准(口径#44),59.45,893477,14879,15029,NICKEL CATHODES,新品目通道历史回补【#45】,新品目通道历史回补【#45】,9975,60.0503,,RC050
10011,硫酸镍,2026-02-05,2026-02,PT INDONESIA SERVICE PROVIDER,PT INDONESIA SERVICE PROVIDER,"IMIP(出口代理,Bahodopi)",Bahudopi,BH MINING AND PETROLEUM PTE LTD,China,Wuhan,28332400,1800,,22.2,化学计量(NiSO4·6H2O 22.2%),399.6,6945516,3859,17381,NICKEL SULFATE,,中间品矩阵(75章+720150等),10012,0,跨抬头同票特征候选；参考合计仅保留IQEM行，原记录保留,RC070
10012,硫酸镍,2026-02-05,2026-02,PT INDONESIA SERVICE PROVIDER,PT INDONESIA SERVICE PROVIDER,"IMIP(出口代理,Bahodopi)",Bahudopi,BH MINING AND PETROLEUM PTE LTD,China,Wuhan,28332400,1010,,22.2,化学计量(NiSO4·6H2O 22.2%),224.22,3734828.5,3698,16657,NICKEL SULFATE,,中间品矩阵(75章+720150等),10013,0,跨抬头同票特征候选；参考合计仅保留IQEM行，原记录保留,RC070
10013,硫酸镍,2026-02-05,2026-02,PT INDONESIA QINGMEI ENERGY MATERIALS,INDONESIA QINGMEI ENERGY MATERIALS,,Bahudopi,BH MINING AND PETROLEUM PTE LTD,China,Wuhan,28332400,1800,,22.2,化学计量(NiSO4·6H2O 22.2%),399.6,6945516,3859,17381,NICKEL SULFATE,全历史档并集补票【#65】,中间品矩阵(75章+720150等),10014,1800,跨抬头同票特征候选；参考合计仅保留IQEM行，原记录保留,RC070
10014,硫酸镍,2026-02-05,2026-02,PT INDONESIA QINGMEI ENERGY MATERIALS,INDONESIA QINGMEI ENERGY MATERIALS,,Bahudopi,BH MINING AND PETROLEUM PTE LTD,China,Wuhan,28332400,1010,,22.2,化学计量(NiSO4·6H2O 22.2%),224.22,3734828.5,3698,16657,NICKEL SULFATE,全历史档并集补票【#65】,中间品矩阵(75章+720150等),10015,1010,跨抬头同票特征候选；参考合计仅保留IQEM行，原记录保留,RC070
10031,精炼镍,2026-02-07,2026-02,PT ETERNAL NICKEL INDUSTRY,PT ETERNAL NICKEL INDUSTRY,IWIP(Weda Bay),Weda,HONGKONG KINCO INTERNATIONAL,China,Huangpu,75021000,500.5839,99.99,99,HS750210 Ni≥99% 产品标准(口径#44),495.58,7197800.79,14379,14524,NICKEL CATHODES NI: 99.990%,新品目通道历史回补【#45】,新品目通道历史回补【#45】,10032,500.5839,,RC073
10032,精炼镍,2026-02-07,2026-02,PT ETERNAL NICKEL INDUSTRY,PT ETERNAL NICKEL INDUSTRY,IWIP(Weda Bay),Weda,WALSIN LIHWA CORP,"Taiwan, China",Kaohsiung,75021000,35.4998,99.99,99,HS750210 Ni≥99% 产品标准(口径#44),35.14,605060.37,17044,17216,NICKEL CATHODES NI: 99.990%,新品目通道历史回补【#45】,新品目通道历史回补【#45】,10033,35.4998,,NC262
10033,精炼镍,2026-02-07,2026-02,PT ETERNAL NICKEL INDUSTRY,PT ETERNAL NICKEL INDUSTRY,IWIP(Weda Bay),Weda,SUZUKI SANGYO KABUSHIKI GAISHA,Japan,Yokohama,75021000,25.4136,99.99,99,HS750210 Ni≥99% 产品标准(口径#44),25.16,365417.33,14379,14524,NICKEL CATHODES NI: 99.990%,新品目通道历史回补【#45】,新品目通道历史回补【#45】,10034,25.4136,,RC016
10034,精炼镍,2026-02-07,2026-02,PT ETERNAL NICKEL INDUSTRY,PT ETERNAL NICKEL INDUSTRY,IWIP(Weda Bay),Weda,"Ixm (Shanghai) Corporate Management Co., Ltd.",China,Shanghai,75021000,503.8958,99.99,99,HS750210 Ni≥99% 产品标准(口径#44),498.86,7245421.97,14379,14524,NICKEL CATHODES NI: 99.990%,新品目通道历史回补【#45】,新品目通道历史回补【#45】,10035,503.8958,,NC112
10035,精炼镍,2026-02-07,2026-02,PT ETERNAL NICKEL INDUSTRY,PT ETERNAL NICKEL INDUSTRY,IWIP(Weda Bay),Weda,"Shanghai Guochu Logistics Co., Ltd.",China,Shanghai,75021000,402.4536,99.99,99,HS750210 Ni≥99% 产品标准(口径#44),398.43,6980175.36,17344,17519,NICKEL CATHODES NI: 99.990%,新品目通道历史回补【#45】,新品目通道历史回补【#45】,10036,402.4536,,RC044
10036,精炼镍,2026-02-07,2026-02,PT ETERNAL NICKEL INDUSTRY,PT ETERNAL NICKEL INDUSTRY,IWIP(Weda Bay),Weda,HONGKONG KINCO INTERNATIONAL DEVELOPMENT CO DEVELOPMENT,China,Huangpu,75021000,500.8428,99.99,99,HS750210 Ni≥99% 产品标准(口径#44),495.83,7201523.46,14379,14524,NICKEL CATHODES NI: 99.990%,新品目通道历史回补【#45】,新品目通道历史回补【#45】,10037,500.8428,,RC074
10037,精炼镍,2026-02-07,2026-02,PT ETERNAL NICKEL INDUSTRY,PT ETERNAL NICKEL INDUSTRY,IWIP(Weda Bay),Weda,C STEINWEG ASIA PTE LTD,Singapore,Singapore,75021000,598.0408,99.99,99,HS750210 Ni≥99% 产品标准(口径#44),592.06,8599115.04,14379,14524,NICKEL CATHODES NI: 99.990%,新品目通道历史回补【#45】,新品目通道历史回补【#45】,10038,598.0408,,RC024
10038,精炼镍,2026-02-07,2026-02,PT ETERNAL NICKEL INDUSTRY,PT ETERNAL NICKEL INDUSTRY,IWIP(Weda Bay),Weda,SUZUKI SANGYO KABUSHIKI GAISHA,Japan,Yokohama,75021000,25.4612,99.99,99,HS750210 Ni≥99% 产品标准(口径#44),25.21,366101.76,14379,14524,NICKEL CATHODES NI: 99.990%,新品目通道历史回补【#45】,新品目通道历史回补【#45】,10039,25.4612,,RC016
10039,精炼镍,2026-02-07,2026-02,PT ETERNAL NICKEL INDUSTRY,PT ETERNAL NICKEL INDUSTRY,IWIP(Weda Bay),Weda,C STEINWEG ASIA PTE LTD,Singapore,Singapore,75021000,305.364,99.99,99,HS750210 Ni≥99% 产品标准(口径#44),302.31,5296248.48,17344,17519,NICKEL CATHODES NI: 99.990%,新品目通道历史回补【#45】,新品目通道历史回补【#45】,10040,305.364,,RC024
10040,精炼镍,2026-02-07,2026-02,PT ETERNAL NICKEL INDUSTRY,PT ETERNAL NICKEL INDUSTRY,IWIP(Weda Bay),Weda,SEAH CHANGWON INTEGRATED SPECIAL STEEL CORPORATION,South Korea,Incheon,75021000,157.2888,99.99,99,HS750210 Ni≥99% 产品标准(口径#44),155.72,2291273.18,14567,14714,NICKEL CATHODES NI: 99.990%,新品目通道历史回补【#45】,新品目通道历史回补【#45】,10041,157.2888,,RC069
10066,精炼镍,2026-02-10,2026-02,PT CNGR DING XING NEW ENERGY,PT CNGR DING XING NEW ENERGY,IMIP(Morowali),Bahudopi,TOYOTA TUSHO MATERIAL INCORPORATED SYMPHONY TOYOTA BLDG,Japan,Chuo-ku/Tokyo,75021000,40,,99,HS750210 Ni≥99% 产品标准(口径#44),39.6,706960,17674,17853,NICKEL CATHODES,新品目通道历史回补【#45】,新品目通道历史回补【#45】,10067,40,,RC058
10067,精炼镍,2026-02-10,2026-02,PT CNGR DING XING NEW ENERGY,PT CNGR DING XING NEW ENERGY,IMIP(Morowali),Bahudopi,"C. Steinweg Logistics (Shanghai Waigaoqiao Bonded Logistics Zone) Co., Ltd.",China,Shanghai,75021000,197.8023,,99,HS750210 Ni≥99% 产品标准(口径#44),195.82,3450661.12,17445,17621,NICKEL CATHODES,新品目通道历史回补【#45】,新品目通道历史回补【#45】,10068,197.8023,,NC019
10068,精炼镍,2026-02-10,2026-02,PT CNGR DING XING NEW ENERGY,PT CNGR DING XING NEW ENERGY,IMIP(Morowali),Bahudopi,"China Ordins Group Co., Ltd.",China,Huangpu,75021000,299.9757,,99,HS750210 Ni≥99% 产品标准(口径#44),296.98,5233076.09,17445,17621,NICKEL CATHODES,新品目通道历史回补【#45】,新品目通道历史回补【#45】,10069,299.9757,,RC039
10069,精炼镍,2026-02-10,2026-02,PT CNGR DING XING NEW ENERGY,PT CNGR DING XING NEW ENERGY,IMIP(Morowali),Bahudopi,C STEINWEG ASIA PTE LTD,Singapore,Singapore,75021000,299.5835,,99,HS750210 Ni≥99% 产品标准(口径#44),296.59,5226234.16,17445,17621,NICKEL CATHODES,新品目通道历史回补【#45】,新品目通道历史回补【#45】,10070,299.5835,,RC024
10070,精炼镍,2026-02-10,2026-02,PT CNGR DING XING NEW ENERGY,PT CNGR DING XING NEW ENERGY,IMIP(Morowali),Bahudopi,TAE EU WAREHOUSING KOREA CO LTD,South Korea,Pusan,75021000,24.4097,,99,HS750210 Ni≥99% 产品标准(口径#44),24.17,414598.75,16985,17157,NICKEL CATHODES,新品目通道历史回补【#45】,新品目通道历史回补【#45】,10071,24.4097,,RC004
10071,精炼镍,2026-02-10,2026-02,PT CNGR DING XING NEW ENERGY,PT CNGR DING XING NEW ENERGY,IMIP(Morowali),Bahudopi,C STEINWEG ASIA PTE LTD,Singapore,Singapore,75021000,299.9613,,99,HS750210 Ni≥99% 产品标准(口径#44),296.96,5232824.88,17445,17621,NICKEL CATHODES,新品目通道历史回补【#45】,新品目通道历史回补【#45】,10072,299.9613,,RC024
10080,硫酸镍,2026-02-11,2026-02,PT INDONESIA SERVICE PROVIDER,PT INDONESIA SERVICE PROVIDER,"IMIP(出口代理,Bahodopi)",Bahudopi,SK ON CO LTD,South Korea,Incheon,28332400,118,,22.2,化学计量(NiSO4·6H2O 22.2%),26.2,393412,3334,15018,NICKEL SULFATE,,中间品矩阵(75章+720150等),10081,0,跨抬头同票特征候选；参考合计仅保留IQEM行，原记录保留,RC075
10081,硫酸镍,2026-02-11,2026-02,PT HALMAHERA PERSADA LYGEND,PT HALMAHERA PERSADA LYGEND,Obi(Harita),Obi Island,"Ningbo Lygend Wisdom Co., Ltd.",China,Zhapu,28332400,2420,,22.2,化学计量(NiSO4·6H2O 22.2%),537.24,8588507,3549,15986,NICKEL SULFATE,,中间品矩阵(75章+720150等),10082,2420,,NC162
10082,硫酸镍,2026-02-11,2026-02,PT HALMAHERA PERSADA LYGEND,PT HALMAHERA PERSADA LYGEND,Obi(Harita),Obi Island,"Ningbo Lygend Wisdom Co., Ltd.",China,Zhapu,28332400,2440,,22.2,化学计量(NiSO4·6H2O 22.2%),541.68,8659487,3549,15986,NICKEL SULFATE,,中间品矩阵(75章+720150等),10083,2440,,NC162
10083,硫酸镍,2026-02-11,2026-02,PT INDONESIA QINGMEI ENERGY MATERIALS,INDONESIA QINGMEI ENERGY MATERIALS,,Bahudopi,SK ON CO LTD,South Korea,Incheon,28332400,118,,22.2,化学计量(NiSO4·6H2O 22.2%),26.2,393412,3334,15018,NICKEL SULFATE,全历史档并集补票【#65】,中间品矩阵(75章+720150等),10084,118,跨抬头同票特征候选；参考合计仅保留IQEM行，原记录保留,RC075
10084,精炼镍,2026-02-11,2026-02,PT CNGR DING XING NEW ENERGY,PT CNGR DING XING NEW ENERGY,IMIP(Morowali),Bahudopi,HANWA CO LTD,Japan,Yokohama,75021000,40,,99,HS750210 Ni≥99% 产品标准(口径#44),39.6,722922,18073,18256,NICKEL CATHODES,新品目通道历史回补【#45】,新品目通道历史回补【#45】,10085,40,,MC045
10085,精炼镍,2026-02-11,2026-02,PT CNGR DING XING NEW ENERGY,PT CNGR DING XING NEW ENERGY,IMIP(Morowali),Bahudopi,HANWA CO LTD,Japan,"Nagoya, Aichi",75021000,40,,99,HS750210 Ni≥99% 产品标准(口径#44),39.6,722922,18073,18256,NICKEL CATHODES,新品目通道历史回补【#45】,新品目通道历史回补【#45】,10086,40,,MC045
10086,精炼镍,2026-02-11,2026-02,PT CNGR DING XING NEW ENERGY,PT CNGR DING XING NEW ENERGY,IMIP(Morowali),Bahudopi,C STEINWEG LOGISTICS TAIWAN CO LTD,"Taiwan, China",Kaohsiung,75021000,401.7196,,99,HS750210 Ni≥99% 产品标准(口径#44),397.7,7168304.63,17844,18024,NICKEL CATHODES,新品目通道历史回补【#45】,新品目通道历史回补【#45】,10087,401.7196,,RC032
10087,精炼镍,2026-02-11,2026-02,PT CNGR DING XING NEW ENERGY,PT CNGR DING XING NEW ENERGY,IMIP(Morowali),Bahudopi,HANWA CO LTD,Japan,"Nagoya, Aichi",75021000,20,,99,HS750210 Ni≥99% 产品标准(口径#44),19.8,361461,18073,18256,NICKEL CATHODES,新品目通道历史回补【#45】,新品目通道历史回补【#45】,10088,20,,MC045
10088,精炼镍,2026-02-11,2026-02,PT CNGR DING XING NEW ENERGY,PT CNGR DING XING NEW ENERGY,IMIP(Morowali),Bahudopi,HANWA CO LTD,Japan,Yokohama,75021000,19.6557,,99,HS750210 Ni≥99% 产品标准(口径#44),19.46,350737.29,17844,18024,NICKEL CATHODES,新品目通道历史回补【#45】,新品目通道历史回补【#45】,10089,19.6557,,MC045
10089,精炼镍,2026-02-11,2026-02,PT CNGR DING XING NEW ENERGY,PT CNGR DING XING NEW ENERGY,IMIP(Morowali),Bahudopi,C STEINWEG LOGISTICS TAIWAN CO LTD,"Taiwan, China",Kaohsiung,75021000,133.4322,,99,HS750210 Ni≥99% 产品标准(口径#44),132.1,2380970.85,17844,18024,NICKEL CATHODES,新品目通道历史回补【#45】,新品目通道历史回补【#45】,10090,133.4322,,RC032
10090,精炼镍,2026-02-11,2026-02,PT CNGR DING XING NEW ENERGY,PT CNGR DING XING NEW ENERGY,IMIP(Morowali),Bahudopi,C STEINWEG LOGISTICS TAIWAN CO LTD,"Taiwan, China",Kaohsiung,75021000,149.7781,,99,HS750210 Ni≥99% 产品标准(口径#44),148.28,2672647.91,17844,18024,NICKEL CATHODES,新品目通道历史回补【#45】,新品目通道历史回补【#45】,10091,149.7781,,RC032
10091,精炼镍,2026-02-11,2026-02,PT CNGR DING XING NEW ENERGY,PT CNGR DING XING NEW ENERGY,IMIP(Morowali),Bahudopi,HANWA CO LTD,Japan,Yokohama,75021000,60,,99,HS750210 Ni≥99% 产品标准(口径#44),59.4,1084383,18073,18256,NICKEL CATHODES,新品目通道历史回补【#45】,新品目通道历史回补【#45】,10092,60,,MC045
10092,精炼镍,2026-02-11,2026-02,PT CNGR DING XING NEW ENERGY,PT CNGR DING XING NEW ENERGY,IMIP(Morowali),Bahudopi,C STEINWEG LOGISTICS TAIWAN CO LTD,"Taiwan, China",Kaohsiung,75021000,401.6873,,99,HS750210 Ni≥99% 产品标准(口径#44),397.67,7167728.27,17844,18024,NICKEL CATHODES,新品目通道历史回补【#45】,新品目通道历史回补【#45】,10093,401.6873,,RC032
10140,硫酸镍,2026-02-14,2026-02,PT INDONESIA SERVICE PROVIDER,PT INDONESIA SERVICE PROVIDER,"IMIP(出口代理,Bahodopi)",Bahudopi,BH MINING AND PETROLEUM PTE LTD,China,Wuhan,28332400,2500,,22.2,化学计量(NiSO4·6H2O 22.2%),555,8704725,3482,15684,NICKEL SULFATE,,中间品矩阵(75章+720150等),10141,0,跨抬头同票特征候选；参考合计仅保留IQEM行，原记录保留,RC070
10141,硫酸镍,2026-02-14,2026-02,PT INDONESIA QINGMEI ENERGY MATERIALS,INDONESIA QINGMEI ENERGY MATERIALS,,Bahudopi,BH MINING AND PETROLEUM PTE LTD,China,Wuhan,28332400,2500,,22.2,化学计量(NiSO4·6H2O 22.2%),555,8704725,3482,15684,NICKEL SULFATE,全历史档并集补票【#65】,中间品矩阵(75章+720150等),10142,2500,跨抬头同票特征候选；参考合计仅保留IQEM行，原记录保留,RC070
10164,硫酸镍,2026-02-18,2026-02,PT HALMAHERA PERSADA LYGEND,PT HALMAHERA PERSADA LYGEND,Obi(Harita),Obi Island,"Ningbo Lygend Wisdom Co., Ltd.",China,Zhapu,28332400,2000,,22.2,化学计量(NiSO4·6H2O 22.2%),444,7275320,3638,16386,NICKEL SULFATE,同日同额拆单(tradeId不同，非重复),中间品矩阵(75章+720150等),10165,2000,,NC162
10165,硫酸镍,2026-02-18,2026-02,PT HALMAHERA PERSADA LYGEND,PT HALMAHERA PERSADA LYGEND,Obi(Harita),Obi Island,"Ningbo Lygend Wisdom Co., Ltd.",China,Zhapu,28332400,2000,,22.2,化学计量(NiSO4·6H2O 22.2%),444,7275320,3638,16386,NICKEL SULFATE,同日同额拆单(tradeId不同，非重复),中间品矩阵(75章+720150等),10166,2000,,NC162
10184,精炼镍,2026-02-22,2026-02,PT CNGR DING XING NEW ENERGY,PT CNGR DING XING NEW ENERGY,IMIP(Morowali),Bahudopi,HONG KONG RUI PU CO LIMITED,China,Huangpu,75021000,501.3323,,99,HS750210 Ni≥99% 产品标准(口径#44),496.32,8624419.56,17203,17377,NICKEL CATHODES,新品目通道历史回补【#45】,新品目通道历史回补【#45】,10185,501.3323,,B038
10185,精炼镍,2026-02-22,2026-02,PT CNGR DING XING NEW ENERGY,PT CNGR DING XING NEW ENERGY,IMIP(Morowali),Bahudopi,PGS EAST ASIA PTE LTD,Singapore,Singapore,75021000,503.587,,99,HS750210 Ni≥99% 产品标准(口径#44),498.55,8663207.16,17203,17377,NICKEL CATHODES,新品目通道历史回补【#45】,新品目通道历史回补【#45】,10186,503.587,,RC033
10186,精炼镍,2026-02-22,2026-02,PT CNGR DING XING NEW ENERGY,PT CNGR DING XING NEW ENERGY,IMIP(Morowali),Bahudopi,C STEINWEG ASIA PTE LTD,Singapore,Singapore,75021000,299.7713,,99,HS750210 Ni≥99% 产品标准(口径#44),296.77,5156965.67,17203,17377,NICKEL CATHODES,新品目通道历史回补【#45】,新品目通道历史回补【#45】,10187,299.7713,,RC024
10187,精炼镍,2026-02-22,2026-02,PT CNGR DING XING NEW ENERGY,PT CNGR DING XING NEW ENERGY,IMIP(Morowali),Bahudopi,"China Ordins Group Co., Ltd.",China,Huangpu,75021000,300.0717,,99,HS750210 Ni≥99% 产品标准(口径#44),297.07,5162133.46,17203,17377,NICKEL CATHODES,新品目通道历史回补【#45】,新品目通道历史回补【#45】,10188,300.0717,,RC039
10188,精炼镍,2026-02-22,2026-02,PT CNGR DING XING NEW ENERGY,PT CNGR DING XING NEW ENERGY,IMIP(Morowali),Bahudopi,C STEINWEG ASIA PTE LTD,Singapore,Singapore,75021000,496.8892,,99,HS750210 Ni≥99% 产品标准(口径#44),491.92,8547984.91,17203,17377,NICKEL CATHODES,新品目通道历史回补【#45】,新品目通道历史回补【#45】,10189,496.8892,,RC024
10222,精炼镍,2026-02-26,2026-02,PT CNGR DING XING NEW ENERGY,PT CNGR DING XING NEW ENERGY,IMIP(Morowali),Bahudopi,HANSMET CO,South Korea,Incheon,75021000,41.6374,,99,HS750210 Ni≥99% 产品标准(口径#44),41.22,710708.78,17069,17241,NICKEL CATHODES,新品目通道历史回补【#45】,新品目通道历史回补【#45】,10223,41.6374,,RC007
10223,精炼镍,2026-02-26,2026-02,PT CNGR DING XING NEW ENERGY,PT CNGR DING XING NEW ENERGY,IMIP(Morowali),Bahudopi,"China Ordins Group Co., Ltd.",China,Dongguan,75021000,300.1244,,99,HS750210 Ni≥99% 产品标准(口径#44),297.12,5163040.05,17203,17377,NICKEL CATHODES,新品目通道历史回补【#45】,新品目通道历史回补【#45】,10224,300.1244,,RC039
10224,精炼镍,2026-02-26,2026-02,PT CNGR DING XING NEW ENERGY,PT CNGR DING XING NEW ENERGY,IMIP(Morowali),Bahudopi,KOREA NON FERROUS METALS CO,South Korea,Incheon,75021000,41.7283,,99,HS750210 Ni≥99% 产品标准(口径#44),41.31,712260.35,17069,17241,NICKEL CATHODES,新品目通道历史回补【#45】,新品目通道历史回补【#45】,10225,41.7283,,RC009
10232,精炼镍,2026-02-27,2026-02,PT CNGR DING XING NEW ENERGY,PT CNGR DING XING NEW ENERGY,IMIP(Morowali),Bahudopi,SEAH MNS CORP,South Korea,Busan (ex Pusan),75021000,60.0632,,99,HS750210 Ni≥99% 产品标准(口径#44),59.46,1071770.74,17844,18024,NICKEL CATHODES,新品目通道历史回补【#45】,新品目通道历史回补【#45】,10233,60.0632,,RC050
10233,精炼镍,2026-02-27,2026-02,PT CNGR DING XING NEW ENERGY,PT CNGR DING XING NEW ENERGY,IMIP(Morowali),Bahudopi,HONG KONG RUI PU CO LIMITED,China,NINGBO,75021000,201.6042,,99,HS750210 Ni≥99% 产品标准(口径#44),199.59,3597435.43,17844,18024,NICKEL CATHODES,新品目通道历史回补【#45】,新品目通道历史回补【#45】,10234,201.6042,,B038
10250,硫酸镍,2026-03-01,2026-03,PT HALMAHERA PERSADA LYGEND,PT HALMAHERA PERSADA LYGEND,Obi(Harita),Obi Island,"Ningbo Lygend Wisdom Co., Ltd.",China,Zhangjiagang,28332400,2400,,22.2,化学计量(NiSO4·6H2O 22.2%),532.8,8754456,3648,16431,NICKEL SULFATE,同日同额拆单(tradeId不同，非重复),中间品矩阵(75章+720150等),10251,2400,,NC162
10251,硫酸镍,2026-03-01,2026-03,PT HALMAHERA PERSADA LYGEND,PT HALMAHERA PERSADA LYGEND,Obi(Harita),Obi Island,"Ningbo Lygend Wisdom Co., Ltd.",China,Zhangjiagang,28332400,2400,,22.2,化学计量(NiSO4·6H2O 22.2%),532.8,8754456,3648,16431,NICKEL SULFATE,同日同额拆单(tradeId不同，非重复),中间品矩阵(75章+720150等),10252,2400,,NC162
10273,精炼镍,2026-03-03,2026-03,PT ETERNAL NICKEL INDUSTRY,PT ETERNAL NICKEL INDUSTRY,IWIP(Weda Bay),Weda,"Ixm (Shanghai) Corporate Management Co., Ltd.",China,Shanghai,75021000,227.8142,99.99,99,HS750210 Ni≥99% 产品标准(口径#44),225.54,3789176.64,16633,16801,NICKEL CATHODES NI: 99.990%,新品目通道历史回补【#45】,新品目通道历史回补【#45】,10274,227.8142,,NC112
10274,精炼镍,2026-03-03,2026-03,PT ETERNAL NICKEL INDUSTRY,PT ETERNAL NICKEL INDUSTRY,IWIP(Weda Bay),Weda,TAE EU WAREHOUSING KOREA CO LTD,South Korea,Busan (ex Pusan),75021000,24.1434,99.99,99,HS750210 Ni≥99% 产品标准(口径#44),23.9,415122.83,17194,17368,NICKEL CATHODES NI: 99.990%,新品目通道历史回补【#45】,新品目通道历史回补【#45】,10275,24.1434,,RC004
10275,精炼镍,2026-03-03,2026-03,PT ETERNAL NICKEL INDUSTRY,PT ETERNAL NICKEL INDUSTRY,IWIP(Weda Bay),Weda,"Ixm (Shanghai) Corporate Management Co., Ltd.",China,Shanghai,75021000,983.378,99.99,99,HS750210 Ni≥99% 产品标准(口径#44),973.54,16356280.43,16633,16801,NICKEL CATHODES NI: 99.990%,新品目通道历史回补【#45】,新品目通道历史回补【#45】,10276,983.378,,NC112
10276,精炼镍,2026-03-03,2026-03,PT ETERNAL NICKEL INDUSTRY,PT ETERNAL NICKEL INDUSTRY,IWIP(Weda Bay),Weda,"Ixm (Shanghai) Corporate Management Co., Ltd.",China,Shanghai,75021000,197.8238,99.99,99,HS750210 Ni≥99% 产品标准(口径#44),195.85,3290353.81,16633,16801,NICKEL CATHODES NI: 99.990%,新品目通道历史回补【#45】,新品目通道历史回补【#45】,10277,197.8238,,NC112
10277,精炼镍,2026-03-03,2026-03,PT ETERNAL NICKEL INDUSTRY,PT ETERNAL NICKEL INDUSTRY,IWIP(Weda Bay),Weda,SUZUKI SANGYO KABUSHIKI GAISHA,Japan,Yokohama,75021000,9.9812,99.99,99,HS750210 Ni≥99% 产品标准(口径#44),9.88,163020.44,16333,16498,NICKEL CATHODES NI: 99.990%,新品目通道历史回补【#45】,新品目通道历史回补【#45】,10278,9.9812,,RC016
10278,精炼镍,2026-03-03,2026-03,PT ETERNAL NICKEL INDUSTRY,PT ETERNAL NICKEL INDUSTRY,IWIP(Weda Bay),Weda,SEAH CHANGWON INTEGRATED SPECIAL STEEL CORPORATION,South Korea,Busan (ex Pusan),75021000,100,99.99,99,HS750210 Ni≥99% 产品标准(口径#44),99,1455135,14551,14698,NICKEL CATHODES NI: 99.990%,新品目通道历史回补【#45】,新品目通道历史回补【#45】,10279,100,,RC069
10279,精炼镍,2026-03-03,2026-03,PT ETERNAL NICKEL INDUSTRY,PT ETERNAL NICKEL INDUSTRY,IWIP(Weda Bay),Weda,SUZUKI SANGYO KABUSHIKI GAISHA,Japan,Yokohama,75021000,20.0398,99.99,99,HS750210 Ni≥99% 产品标准(口径#44),19.84,282136.54,14079,14221,NICKEL CATHODES NI: 99.990%,新品目通道历史回补【#45】,新品目通道历史回补【#45】,10280,20.0398,,RC016
10280,精炼镍,2026-03-03,2026-03,PT ETERNAL NICKEL INDUSTRY,PT ETERNAL NICKEL INDUSTRY,IWIP(Weda Bay),Weda,SUZUKI SANGYO KABUSHIKI GAISHA,Japan,Yokohama,75021000,10.0816,99.99,99,HS750210 Ni≥99% 产品标准(口径#44),9.98,141936.93,14079,14221,NICKEL CATHODES NI: 99.990%,新品目通道历史回补【#45】,新品目通道历史回补【#45】,10281,10.0816,,RC016
10281,精炼镍,2026-03-03,2026-03,PT ETERNAL NICKEL INDUSTRY,PT ETERNAL NICKEL INDUSTRY,IWIP(Weda Bay),Weda,PGS EAST ASIA PTE LTD KOREA BRANCH,South Korea,Busan (ex Pusan),75021000,504.1714,99.99,99,HS750210 Ni≥99% 产品标准(口径#44),499.13,8385756.85,16633,16801,NICKEL CATHODES NI: 99.990%,新品目通道历史回补【#45】,新品目通道历史回补【#45】,10282,504.1714,,RC046
10293,精炼镍,2026-03-04,2026-03,PT ETERNAL NICKEL INDUSTRY,PT ETERNAL NICKEL INDUSTRY,IWIP(Weda Bay),Weda,ACCESS WORLD LOGISTICS SINGAPORE PTE LTD,Singapore,Singapore,75021000,402.2898,99.99,99,HS750210 Ni≥99% 产品标准(口径#44),398.27,6691185.67,16633,16801,NICKEL CATHODES NI: 99.990%,新品目通道历史回补【#45】,新品目通道历史回补【#45】,10294,402.2898,,RC018
10323,精炼镍,2026-03-06,2026-03,PT ETERNAL NICKEL INDUSTRY,PT ETERNAL NICKEL INDUSTRY,IWIP(Weda Bay),Weda,SEAH CHANGWON INTEGRATED SPECIAL STEEL CORPORATION,South Korea,Busan (ex Pusan),75021000,40,99.99,99,HS750210 Ni≥99% 产品标准(口径#44),39.6,589636.4,14741,14890,NICKEL CATHODES NI: 99.990%,新品目通道历史回补【#45】,新品目通道历史回补【#45】,10324,40,,RC069
10324,精炼镍,2026-03-06,2026-03,PT ETERNAL NICKEL INDUSTRY,PT ETERNAL NICKEL INDUSTRY,IWIP(Weda Bay),Weda,SEAH CHANGWON INTEGRATED SPECIAL STEEL CORPORATION,South Korea,Busan (ex Pusan),75021000,200,99.99,99,HS750210 Ni≥99% 产品标准(口径#44),198,2923221.53,14616,14764,NICKEL CATHODES NI: 99.990%,新品目通道历史回补【#45】,新品目通道历史回补【#45】,10325,200,,RC069
10325,精炼镍,2026-03-06,2026-03,PT ETERNAL NICKEL INDUSTRY,PT ETERNAL NICKEL INDUSTRY,IWIP(Weda Bay),Weda,"Ixm (Shanghai) Corporate Management Co., Ltd.",China,Shanghai,75021000,1271.5748,99.99,99,HS750210 Ni≥99% 产品标准(口径#44),1258.86,20880161.03,16421,16587,NICKEL CATHODES NI: 99.990%,新品目通道历史回补【#45】,新品目通道历史回补【#45】,10326,1271.5748,,NC112
10326,精炼镍,2026-03-06,2026-03,PT ETERNAL NICKEL INDUSTRY,PT ETERNAL NICKEL INDUSTRY,IWIP(Weda Bay),Weda,"Ixm (Shanghai) Corporate Management Co., Ltd.",China,Shanghai,75021000,755.5744,99.99,99,HS750210 Ni≥99% 产品标准(口径#44),748.02,12407068.11,16421,16587,NICKEL CATHODES NI: 99.990%,新品目通道历史回补【#45】,新品目通道历史回补【#45】,10327,755.5744,,NC112
10351,精炼镍,2026-03-09,2026-03,PT CNGR DING XING NEW ENERGY,PT CNGR DING XING NEW ENERGY,IMIP(Morowali),Bahudopi,TOYOTA TSUSHO MATERIAL INCORPORATED,Japan,Chuo-ku/Tokyo,75021000,20,,99,HS750210 Ni≥99% 产品标准(口径#44),19.8,355920,17796,17976,NICKEL CATHODES,新品目通道历史回补【#45】,新品目通道历史回补【#45】,10352,20,,RC066
10352,精炼镍,2026-03-09,2026-03,PT CNGR DING XING NEW ENERGY,PT CNGR DING XING NEW ENERGY,IMIP(Morowali),Bahudopi,"China Ordins Group Co., Ltd.",China,Shanghai,75021000,299.9363,,99,HS750210 Ni≥99% 产品标准(口径#44),296.94,5268980.98,17567,17744,NICKEL CATHODES,新品目通道历史回补【#45】,新品目通道历史回补【#45】,10353,299.9363,,RC039
10353,精炼镍,2026-03-09,2026-03,PT CNGR DING XING NEW ENERGY,PT CNGR DING XING NEW ENERGY,IMIP(Morowali),Bahudopi,TOYOTA TSUSHO MATERIAL INCORPORATED,Japan,Chuo-ku/Tokyo,75021000,60,,99,HS750210 Ni≥99% 产品标准(口径#44),59.4,1067760,17796,17976,NICKEL CATHODES,新品目通道历史回补【#45】,新品目通道历史回补【#45】,10354,60,,RC066
10354,精炼镍,2026-03-09,2026-03,PT CNGR DING XING NEW ENERGY,PT CNGR DING XING NEW ENERGY,IMIP(Morowali),Bahudopi,"China Ordins Group Co., Ltd.",China,Shanghai,75021000,197.9284,,99,HS750210 Ni≥99% 产品标准(口径#44),195.95,3477008.2,17567,17744,NICKEL CATHODES,新品目通道历史回补【#45】,新品目通道历史回补【#45】,10355,197.9284,,RC039
10355,精炼镍,2026-03-09,2026-03,PT CNGR DING XING NEW ENERGY,PT CNGR DING XING NEW ENERGY,IMIP(Morowali),Bahudopi,"C. Steinweg Logistics (Shanghai Waigaoqiao Bonded Logistics Zone) Co., Ltd.",China,Shanghai,75021000,197.6487,,99,HS750210 Ni≥99% 产品标准(口径#44),195.67,3472094.71,17567,17744,NICKEL CATHODES,新品目通道历史回补【#45】,新品目通道历史回补【#45】,10356,197.6487,,NC019
10356,精炼镍,2026-03-09,2026-03,PT CNGR DING XING NEW ENERGY,PT CNGR DING XING NEW ENERGY,IMIP(Morowali),Bahudopi,"China Ordins Group Co., Ltd.",China,Shanghai,75021000,299.7618,,99,HS750210 Ni≥99% 产品标准(口径#44),296.76,5265915.54,17567,17744,NICKEL CATHODES,新品目通道历史回补【#45】,新品目通道历史回补【#45】,10357,299.7618,,RC039
10383,精炼镍,2026-03-13,2026-03,PT CNGR DING XING NEW ENERGY,PT CNGR DING XING NEW ENERGY,IMIP(Morowali),Bahudopi,"China Ordins Group Co., Ltd.",China,Dongguan,75021000,299.9916,,99,HS750210 Ni≥99% 产品标准(口径#44),296.99,5139681.08,17133,17306,NICKEL CATHODES,新品目通道历史回补【#45】,新品目通道历史回补【#45】,10384,299.9916,,RC039
10387,精炼镍,2026-03-14,2026-03,PT CNGR DING XING NEW ENERGY,PT CNGR DING XING NEW ENERGY,IMIP(Morowali),Bahudopi,Hanwa Co. Ltd.,Japan,Yokohama,75021000,40,,99,HS750210 Ni≥99% 产品标准(口径#44),39.6,694470,17362,17537,NICKEL CATHODES,新品目通道历史回补【#45】,新品目通道历史回补【#45】,10388,40,,MC045
10394,硫酸镍,2026-03-15,2026-03,PT INDONESIA SERVICE PROVIDER,PT INDONESIA SERVICE PROVIDER,"IMIP(出口代理,Bahodopi)",Bahudopi,GEM HONGKONG INTERNATIONAL CO LIMITED,China,Wuhan,28332400,1875,,22.2,化学计量(NiSO4·6H2O 22.2%),416.25,6537262.5,3487,15705,NICKEL SULFATE,,中间品矩阵(75章+720150等),10395,0,跨抬头同票特征候选；参考合计仅保留IQEM行，原记录保留,RC067
10395,硫酸镍,2026-03-15,2026-03,PT INDONESIA SERVICE PROVIDER,PT INDONESIA SERVICE PROVIDER,"IMIP(出口代理,Bahodopi)",Bahudopi,BH MINING AND PETROLEUM PTE LTD,China,Wuhan,28332400,1040,,22.2,化学计量(NiSO4·6H2O 22.2%),230.88,3733974.4,3590,16173,NICKEL SULFATE,,中间品矩阵(75章+720150等),10396,0,跨抬头同票特征候选；参考合计仅保留IQEM行，原记录保留,RC070
10396,硫酸镍,2026-03-15,2026-03,PT INDONESIA QINGMEI ENERGY MATERIALS,INDONESIA QINGMEI ENERGY MATERIALS,,Bahudopi,GEM HONGKONG INTERNATIONAL CO LIMITED,China,Wuhan,28332400,1875,,22.2,化学计量(NiSO4·6H2O 22.2%),416.25,6537262.5,3487,15705,NICKEL SULFATE,全历史档并集补票【#65】,中间品矩阵(75章+720150等),10397,1875,跨抬头同票特征候选；参考合计仅保留IQEM行，原记录保留,RC067
10397,硫酸镍,2026-03-15,2026-03,PT INDONESIA QINGMEI ENERGY MATERIALS,INDONESIA QINGMEI ENERGY MATERIALS,,Bahudopi,BH MINING AND PETROLEUM PTE LTD,China,Wuhan,28332400,1040,,22.2,化学计量(NiSO4·6H2O 22.2%),230.88,3733974.4,3590,16173,NICKEL SULFATE,全历史档并集补票【#65】,中间品矩阵(75章+720150等),10398,1040,跨抬头同票特征候选；参考合计仅保留IQEM行，原记录保留,RC070
10445,硫酸镍,2026-03-18,2026-03,PT HALMAHERA PERSADA LYGEND,PT HALMAHERA PERSADA LYGEND,Obi(Harita),Obi Island,"Ningbo Lygend Wisdom Co., Ltd.",China,Zhapu,28332400,3300,,22.2,化学计量(NiSO4·6H2O 22.2%),732.6,11808852,3578,16119,NICKEL SULFATE,同日同额拆单(tradeId不同，非重复),中间品矩阵(75章+720150等),10446,3300,,NC162
10446,硫酸镍,2026-03-18,2026-03,PT HALMAHERA PERSADA LYGEND,PT HALMAHERA PERSADA LYGEND,Obi(Harita),Obi Island,"Ningbo Lygend Wisdom Co., Ltd.",China,Zhangjiagang,28332400,2200,,22.2,化学计量(NiSO4·6H2O 22.2%),488.4,7875626,3580,16125,NICKEL SULFATE,同日同额拆单(tradeId不同，非重复),中间品矩阵(75章+720150等),10447,2200,,NC162
10447,硫酸镍,2026-03-18,2026-03,PT HALMAHERA PERSADA LYGEND,PT HALMAHERA PERSADA LYGEND,Obi(Harita),Obi Island,"Ningbo Lygend Wisdom Co., Ltd.",China,Zhapu,28332400,3300,,22.2,化学计量(NiSO4·6H2O 22.2%),732.6,11808852,3578,16119,NICKEL SULFATE,同日同额拆单(tradeId不同，非重复),中间品矩阵(75章+720150等),10448,3300,,NC162
10448,硫酸镍,2026-03-18,2026-03,PT HALMAHERA PERSADA LYGEND,PT HALMAHERA PERSADA LYGEND,Obi(Harita),Obi Island,"Ningbo Lygend Wisdom Co., Ltd.",China,Zhangjiagang,28332400,2200,,22.2,化学计量(NiSO4·6H2O 22.2%),488.4,7875626,3580,16125,NICKEL SULFATE,同日同额拆单(tradeId不同，非重复),中间品矩阵(75章+720150等),10449,2200,,NC162
10464,精炼镍,2026-03-20,2026-03,PT CNGR DING XING NEW ENERGY,PT CNGR DING XING NEW ENERGY,IMIP(Morowali),Bahudopi,HONG KONG RUI PU CO LIMITED,China,NINGBO,75021000,60.2299,,99,HS750210 Ni≥99% 产品标准(口径#44),59.63,1041856.81,17298,17473,NICKEL CATHODES,新品目通道历史回补【#45】,新品目通道历史回补【#45】,10465,60.2299,,B038
10483,精炼镍,2026-03-24,2026-03,PT ETERNAL NICKEL INDUSTRY,PT ETERNAL NICKEL INDUSTRY,IWIP(Weda Bay),Weda,C STEINWEG LOGISTICS TAIWAN CO LTD,"Taiwan, China",Kaohsiung,75021000,300.3838,99.99,99,HS750210 Ni≥99% 产品标准(口径#44),297.38,4932515.27,16421,16587,"NICKEL CATHODES NI: 99.990%,",新品目通道历史回补【#45】,新品目通道历史回补【#45】,10484,300.3838,,RC032
10484,精炼镍,2026-03-24,2026-03,PT ETERNAL NICKEL INDUSTRY,PT ETERNAL NICKEL INDUSTRY,IWIP(Weda Bay),Weda,"C. Steinweg Logistics (Shanghai Waigaoqiao Bonded Logistics Zone) Co., Ltd.",China,Shanghai,75021000,502.1818,99.99,99,HS750210 Ni≥99% 产品标准(口径#44),497.16,8246181.71,16421,16587,"NICKEL CATHODES NI: 99.990%,",新品目通道历史回补【#45】,新品目通道历史回补【#45】,10485,502.1818,,NC019
10485,精炼镍,2026-03-24,2026-03,PT ETERNAL NICKEL INDUSTRY,PT ETERNAL NICKEL INDUSTRY,IWIP(Weda Bay),Weda,"Shanghai Guochu Logistics Co., Ltd.",China,Shanghai,75021000,96.0574,99.99,99,HS750210 Ni≥99% 产品标准(口径#44),95.1,1597698.72,16633,16801,"NICKEL CATHODES NI: 99.990%,",新品目通道历史回补【#45】,新品目通道历史回补【#45】,10486,96.0574,,RC044
10486,精炼镍,2026-03-24,2026-03,PT ETERNAL NICKEL INDUSTRY,PT ETERNAL NICKEL INDUSTRY,IWIP(Weda Bay),Weda,"C. Steinweg Logistics (Shanghai Waigaoqiao Bonded Logistics Zone) Co., Ltd.",China,Shanghai,75021000,502.2568,99.99,99,HS750210 Ni≥99% 产品标准(口径#44),497.23,8247413.26,16421,16587,"NICKEL CATHODES NI: 99.990%,",新品目通道历史回补【#45】,新品目通道历史回补【#45】,10487,502.2568,,NC019
10487,精炼镍,2026-03-24,2026-03,PT ETERNAL NICKEL INDUSTRY,PT ETERNAL NICKEL INDUSTRY,IWIP(Weda Bay),Weda,SEAH CHANGWON INTEGRATED SPECIAL STEEL CORPORATION,South Korea,Busan (ex Pusan),75021000,55,99.99,99,HS750210 Ni≥99% 产品标准(口径#44),54.45,810750.05,14741,14890,"NICKEL CATHODES NI: 99.990%,",新品目通道历史回补【#45】,新品目通道历史回补【#45】,10488,55,,RC069
10488,精炼镍,2026-03-24,2026-03,PT ETERNAL NICKEL INDUSTRY,PT ETERNAL NICKEL INDUSTRY,IWIP(Weda Bay),Weda,SUZUKI SANGYO KABUSHIKI GAISHA,Japan,Yokohama,75021000,14.967,99.99,99,HS750210 Ni≥99% 产品标准(口径#44),14.82,245768.77,16421,16587,"NICKEL CATHODES NI: 99.990%,",新品目通道历史回补【#45】,新品目通道历史回补【#45】,10489,14.967,,RC016
10489,精炼镍,2026-03-24,2026-03,PT ETERNAL NICKEL INDUSTRY,PT ETERNAL NICKEL INDUSTRY,IWIP(Weda Bay),Weda,TAE EU WAREHOUSING KOREA CO LTD,South Korea,Busan (ex Pusan),75021000,15.1252,99.99,99,HS750210 Ni≥99% 产品标准(口径#44),14.97,249304.89,16483,16649,"NICKEL CATHODES NI: 99.990%,",新品目通道历史回补【#45】,新品目通道历史回补【#45】,10490,15.1252,,RC004
10490,精炼镍,2026-03-24,2026-03,PT ETERNAL NICKEL INDUSTRY,PT ETERNAL NICKEL INDUSTRY,IWIP(Weda Bay),Weda,"C. Steinweg Supply Chain Management (Shanghai) Co., Ltd.",China,Shanghai,75021000,142.768,99.99,99,HS750210 Ni≥99% 产品标准(口径#44),141.34,2344351.93,16421,16587,"NICKEL CATHODES NI: 99.990%,",新品目通道历史回补【#45】,新品目通道历史回补【#45】,10491,142.768,,RC076
10491,精炼镍,2026-03-24,2026-03,PT ETERNAL NICKEL INDUSTRY,PT ETERNAL NICKEL INDUSTRY,IWIP(Weda Bay),Weda,"Ixm (Shanghai) Corporate Management Co., Ltd.",China,Shanghai,75021000,222.1896,99.99,99,HS750210 Ni≥99% 产品标准(口径#44),219.97,3648510.99,16421,16587,"NICKEL CATHODES NI: 99.990%,",新品目通道历史回补【#45】,新品目通道历史回补【#45】,10492,222.1896,,NC112
10492,精炼镍,2026-03-24,2026-03,PT CNGR DING XING NEW ENERGY,PT CNGR DING XING NEW ENERGY,IMIP(Morowali),Bahudopi,C STEINWEG LOGISTICS TAIWAN CO LTD,"Taiwan, China",Kaohsiung,75021000,22.1007,,99,HS750210 Ni≥99% 产品标准(口径#44),21.88,364617.35,16498,16665,NICKEL CATHODES,新品目通道历史回补【#45】,新品目通道历史回补【#45】,10493,22.1007,,RC032
10493,精炼镍,2026-03-24,2026-03,PT ETERNAL NICKEL INDUSTRY,PT ETERNAL NICKEL INDUSTRY,IWIP(Weda Bay),Weda,"Shanghai Guochu Logistics Co., Ltd.",China,Shanghai,75021000,304.9214,99.99,99,HS750210 Ni≥99% 产品标准(口径#44),301.87,5007025.88,16421,16587,"NICKEL CATHODES NI: 99.990%,",新品目通道历史回补【#45】,新品目通道历史回补【#45】,10494,304.9214,,RC044
10494,精炼镍,2026-03-24,2026-03,PT ETERNAL NICKEL INDUSTRY,PT ETERNAL NICKEL INDUSTRY,IWIP(Weda Bay),Weda,SEAH CHANGWON INTEGRATED SPECIAL STEEL CORPORATION,South Korea,Busan (ex Pusan),75021000,72,99.99,99,HS750210 Ni≥99% 产品标准(口径#44),71.28,1065253.68,14795,14945,"NICKEL CATHODES NI: 99.990%,",新品目通道历史回补【#45】,新品目通道历史回补【#45】,10495,72,,RC069
10495,精炼镍,2026-03-24,2026-03,PT ETERNAL NICKEL INDUSTRY,PT ETERNAL NICKEL INDUSTRY,IWIP(Weda Bay),Weda,TAE EU WAREHOUSING KOREA CO LTD,South Korea,Busan (ex Pusan),75021000,4.5566,99.99,99,HS750210 Ni≥99% 产品标准(口径#44),4.51,78346.41,17194,17368,"NICKEL CATHODES NI: 99.990%,",新品目通道历史回补【#45】,新品目通道历史回补【#45】,10496,4.5566,,RC004
10496,精炼镍,2026-03-24,2026-03,PT ETERNAL NICKEL INDUSTRY,PT ETERNAL NICKEL INDUSTRY,IWIP(Weda Bay),Weda,TAE EU WAREHOUSING KOREA CO LTD,South Korea,Busan (ex Pusan),75021000,4.5336,99.99,99,HS750210 Ni≥99% 产品标准(口径#44),4.49,64507.73,14229,14373,"NICKEL CATHODES NI: 99.990%,",新品目通道历史回补【#45】,新品目通道历史回补【#45】,10497,4.5336,,RC004
10497,精炼镍,2026-03-24,2026-03,PT ETERNAL NICKEL INDUSTRY,PT ETERNAL NICKEL INDUSTRY,IWIP(Weda Bay),Weda,SUZUKI SANGYO KABUSHIKI GAISHA,Japan,Yokohama,75021000,10.5118,99.99,99,HS750210 Ni≥99% 产品标准(口径#44),10.41,182317.18,17344,17519,"NICKEL CATHODES NI: 99.990%,",新品目通道历史回补【#45】,新品目通道历史回补【#45】,10498,10.5118,,RC016
10498,精炼镍,2026-03-24,2026-03,PT ETERNAL NICKEL INDUSTRY,PT ETERNAL NICKEL INDUSTRY,IWIP(Weda Bay),Weda,"China Aluminum International Trading Group Co., Ltd.",China,Shanghai,75021000,199.5206,99.99,99,HS750210 Ni≥99% 产品标准(口径#44),197.53,3276269.91,16421,16587,"NICKEL CATHODES NI: 99.990%,",新品目通道历史回补【#45】,新品目通道历史回补【#45】,10499,199.5206,,RC077
10499,精炼镍,2026-03-24,2026-03,PT ETERNAL NICKEL INDUSTRY,PT ETERNAL NICKEL INDUSTRY,IWIP(Weda Bay),Weda,STAR WIRE INDIA LIMITED,India,Mundra,75021000,23.9782,99.99,99,HS750210 Ni≥99% 产品标准(口径#44),23.74,395226.68,16483,16649,"NICKEL CATHODES NI: 99.990%,",新品目通道历史回补【#45】,新品目通道历史回补【#45】,10500,23.9782,,RC078
10500,精炼镍,2026-03-24,2026-03,PT ETERNAL NICKEL INDUSTRY,PT ETERNAL NICKEL INDUSTRY,IWIP(Weda Bay),Weda,"China Ordins Group Co., Ltd.",China,Shanghai,75021000,827.618,99.99,99,HS750210 Ni≥99% 产品标准(口径#44),819.34,13590075.17,16421,16587,"NICKEL CATHODES NI: 99.990%,",新品目通道历史回补【#45】,新品目通道历史回补【#45】,10501,827.618,,RC039
10501,精炼镍,2026-03-24,2026-03,PT CNGR DING XING NEW ENERGY,PT CNGR DING XING NEW ENERGY,IMIP(Morowali),Bahudopi,"China Ordins Group Co., Ltd.",China,Shanghai,75021000,701.6273,,99,HS750210 Ni≥99% 产品标准(口径#44),694.61,11839259.06,16874,17044,NICKEL CATHODES,新品目通道历史回补【#45】,新品目通道历史回补【#45】,10502,701.6273,,RC039
10502,精炼镍,2026-03-24,2026-03,PT CNGR DING XING NEW ENERGY,PT CNGR DING XING NEW ENERGY,IMIP(Morowali),Bahudopi,PGS EAST ASIA PTE LTD KOREA BRANCH,South Korea,Kwangyang,75021000,503.3784,,99,HS750210 Ni≥99% 产品标准(口径#44),498.34,8707439.56,17298,17473,NICKEL CATHODES,新品目通道历史回补【#45】,新品目通道历史回补【#45】,10503,503.3784,,RC046
10503,精炼镍,2026-03-24,2026-03,PT CNGR DING XING NEW ENERGY,PT CNGR DING XING NEW ENERGY,IMIP(Morowali),Bahudopi,SANCT CORPORATION,Japan,"Nagoya, Aichi",75021000,40,,99,HS750210 Ni≥99% 产品标准(口径#44),39.6,691920,17298,17473,NICKEL CATHODES,新品目通道历史回补【#45】,新品目通道历史回补【#45】,10504,40,,RC065
10504,精炼镍,2026-03-24,2026-03,PT CNGR DING XING NEW ENERGY,PT CNGR DING XING NEW ENERGY,IMIP(Morowali),Bahudopi,"Ixm (Shanghai) Corporate Management Co., Ltd.",China,NINGBO,75021000,102.0042,,99,HS750210 Ni≥99% 产品标准(口径#44),100.98,1764468.65,17298,17473,NICKEL CATHODES,新品目通道历史回补【#45】,新品目通道历史回补【#45】,10505,102.0042,,NC112
10505,精炼镍,2026-03-24,2026-03,PT ETERNAL NICKEL INDUSTRY,PT ETERNAL NICKEL INDUSTRY,IWIP(Weda Bay),Weda,ACCESS WORLD LOGISTICS SINGAPORE PTE LTD,Singapore,Singapore,75021000,199.1938,99.99,99,HS750210 Ni≥99% 产品标准(口径#44),197.2,3270903.62,16421,16587,"NICKEL CATHODES NI: 99.990%,",新品目通道历史回补【#45】,新品目通道历史回补【#45】,10506,199.1938,,RC018
10516,精炼镍,2026-03-25,2026-03,PT CNGR DING XING NEW ENERGY,PT CNGR DING XING NEW ENERGY,IMIP(Morowali),Bahudopi,HONG KONG RUI PU CO LIMITED,China,Shanghai,75021000,500.8633,,99,HS750210 Ni≥99% 产品标准(口径#44),495.85,8663933.36,17298,17473,NICKEL CATHODES,新品目通道历史回补【#45】,新品目通道历史回补【#45】,10517,500.8633,,B038
10517,精炼镍,2026-03-25,2026-03,PT CNGR DING XING NEW ENERGY,PT CNGR DING XING NEW ENERGY,IMIP(Morowali),Bahudopi,TAE EU WAREHOUSING KOREA CO LTD,South Korea,Busan (ex Pusan),75021000,24.466,,99,HS750210 Ni≥99% 产品标准(口径#44),24.22,411958.51,16838,17008,NICKEL CATHODES,新品目通道历史回补【#45】,新品目通道历史回补【#45】,10518,24.466,,RC004
10518,精炼镍,2026-03-25,2026-03,PT CNGR DING XING NEW ENERGY,PT CNGR DING XING NEW ENERGY,IMIP(Morowali),Bahudopi,SUZUKI SANGYO KABUSHIKI GAISHA,Japan,Yokohama,75021000,24.6727,,99,HS750210 Ni≥99% 产品标准(口径#44),24.43,407050.2,16498,16665,NICKEL CATHODES,新品目通道历史回补【#45】,新品目通道历史回补【#45】,10519,24.6727,,RC016
10519,精炼镍,2026-03-25,2026-03,PT CNGR DING XING NEW ENERGY,PT CNGR DING XING NEW ENERGY,IMIP(Morowali),Bahudopi,SUZUKI SANGYO KABUSHIKI GAISHA,Japan,Yokohama,75021000,44.6688,,99,HS750210 Ni≥99% 产品标准(口径#44),44.22,736945.86,16498,16665,NICKEL CATHODES,新品目通道历史回补【#45】,新品目通道历史回补【#45】,10520,44.6688,,RC016
10520,精炼镍,2026-03-25,2026-03,PT CNGR DING XING NEW ENERGY,PT CNGR DING XING NEW ENERGY,IMIP(Morowali),Bahudopi,TAE EU WAREHOUSING KOREA CO LTD,South Korea,Pusan,75021000,24.446,,99,HS750210 Ni≥99% 产品标准(口径#44),24.2,411621.75,16838,17008,NICKEL CATHODES,新品目通道历史回补【#45】,新品目通道历史回补【#45】,10521,24.446,,RC004
10521,精炼镍,2026-03-25,2026-03,PT CNGR DING XING NEW ENERGY,PT CNGR DING XING NEW ENERGY,IMIP(Morowali),Bahudopi,C STEINWEG ASIA PTE LTD,Singapore,Singapore,75021000,299.7376,,99,HS750210 Ni≥99% 产品标准(口径#44),296.74,5184861,17298,17473,NICKEL CATHODES,新品目通道历史回补【#45】,新品目通道历史回补【#45】,10522,299.7376,,RC024
10522,精炼镍,2026-03-25,2026-03,PT CNGR DING XING NEW ENERGY,PT CNGR DING XING NEW ENERGY,IMIP(Morowali),Bahudopi,"Shanghai Guochu Logistics Co., Ltd.",China,Shanghai,75021000,299.6429,,99,HS750210 Ni≥99% 产品标准(口径#44),296.65,5183222.88,17298,17473,NICKEL CATHODES,新品目通道历史回补【#45】,新品目通道历史回补【#45】,10523,299.6429,,RC044
10529,精炼镍,2026-03-26,2026-03,PT CNGR DING XING NEW ENERGY,PT CNGR DING XING NEW ENERGY,IMIP(Morowali),Bahudopi,HANSMET CO,South Korea,Incheon,75021000,39.3438,,99,HS750210 Ni≥99% 产品标准(口径#44),38.95,674067.49,17133,17306,NICKEL CATHODES,新品目通道历史回补【#45】,新品目通道历史回补【#45】,10530,39.3438,,RC007
10530,精炼镍,2026-03-26,2026-03,PT CNGR DING XING NEW ENERGY,PT CNGR DING XING NEW ENERGY,IMIP(Morowali),Bahudopi,KOREA NON FERROUS METALS CO,South Korea,Incheon,75021000,39.2744,,99,HS750210 Ni≥99% 产品标准(口径#44),38.88,672878.48,17133,17306,NICKEL CATHODES,新品目通道历史回补【#45】,新品目通道历史回补【#45】,10531,39.2744,,RC009
10531,精炼镍,2026-03-26,2026-03,PT CNGR DING XING NEW ENERGY,PT CNGR DING XING NEW ENERGY,IMIP(Morowali),Bahudopi,HANWA CO LTD,Japan,Yokohama,75021000,40,,99,HS750210 Ni≥99% 产品标准(口径#44),39.6,694470,17362,17537,NICKEL CATHODES,新品目通道历史回补【#45】,新品目通道历史回补【#45】,10532,40,,MC045
10548,精炼镍,2026-03-27,2026-03,PT CNGR DING XING NEW ENERGY,PT CNGR DING XING NEW ENERGY,IMIP(Morowali),Bahudopi,WALSIN LIHWA CORPORATION,"Taiwan, China",Kaohsiung,75021000,40.4824,,99,HS750210 Ni≥99% 产品标准(口径#44),40.08,657563.5,16243,16407,NICKEL CATHODES,新品目通道历史回补【#45】,新品目通道历史回补【#45】,10549,40.4824,,B035
10565,精炼镍,2026-03-28,2026-03,PT CNGR DING XING NEW ENERGY,PT CNGR DING XING NEW ENERGY,IMIP(Morowali),Bahudopi,"Minmetals Logistics Zhejiang Co., Ltd.",China,NINGBO,75021000,401.3906,,99,HS750210 Ni≥99% 产品标准(口径#44),397.38,6855623.52,17080,17252,NICKEL CATHODES,新品目通道历史回补【#45】,新品目通道历史回补【#45】,10566,401.3906,,RC079
10566,精炼镍,2026-03-28,2026-03,PT CNGR DING XING NEW ENERGY,PT CNGR DING XING NEW ENERGY,IMIP(Morowali),Bahudopi,SEAH MNS CORP,South Korea,Busan (ex Pusan),75021000,59.8842,,99,HS750210 Ni≥99% 产品标准(口径#44),59.29,1025981.03,17133,17306,NICKEL CATHODES,新品目通道历史回补【#45】,新品目通道历史回补【#45】,10567,59.8842,,RC050
10579,硫酸镍,2026-03-29,2026-03,PT HALMAHERA PERSADA LYGEND,PT HALMAHERA PERSADA LYGEND,Obi(Harita),Obi Island,"Ningbo Lygend Wisdom Co., Ltd.",China,Zhapu,28332400,3000,,22.2,化学计量(NiSO4·6H2O 22.2%),666,10728930,3576,16110,NICKEL SULFATE,同日同额拆单(tradeId不同，非重复),中间品矩阵(75章+720150等),10580,3000,,NC162
10580,硫酸镍,2026-03-29,2026-03,PT HALMAHERA PERSADA LYGEND,PT HALMAHERA PERSADA LYGEND,Obi(Harita),Obi Island,"Ningbo Lygend Wisdom Co., Ltd.",China,Zhapu,28332400,3000,,22.2,化学计量(NiSO4·6H2O 22.2%),666,10728930,3576,16110,NICKEL SULFATE,同日同额拆单(tradeId不同，非重复),中间品矩阵(75章+720150等),10581,3000,,NC162
10682,硫酸镍,2026-04-10,2026-04,PT HALMAHERA PERSADA LYGEND,PT HALMAHERA PERSADA LYGEND,Obi(Harita),Obi Island,"Ningbo Lygend Wisdom Co., Ltd.",China,Zhapu,28332400,3040,,22.2,化学计量(NiSO4·6H2O 22.2%),674.88,10747829,3535,15926,NICKEL SULFATE,,中间品矩阵(75章+720150等),10683,3040,,NC162
10683,硫酸镍,2026-04-10,2026-04,PT HALMAHERA PERSADA LYGEND,PT HALMAHERA PERSADA LYGEND,Obi(Harita),Obi Island,"Ningbo Lygend Wisdom Co., Ltd.",China,Zhapu,28332400,3060,,22.2,化学计量(NiSO4·6H2O 22.2%),679.32,10818538,3535,15926,NICKEL SULFATE,,中间品矩阵(75章+720150等),10684,3060,,NC162
10684,精炼镍,2026-04-10,2026-04,PT CNGR DING XING NEW ENERGY,PT CNGR DING XING NEW ENERGY,IMIP(Morowali),Bahudopi,HANSMET CO,South Korea,Incheon,75021000,39.2772,,99,HS750210 Ni≥99% 产品标准(口径#44),38.88,666730.47,16975,17146,NICKEL CATHODES,新品目通道历史回补【#45】,新品目通道历史回补【#45】,10685,39.2772,,RC007
10685,精炼镍,2026-04-10,2026-04,PT CNGR DING XING NEW ENERGY,PT CNGR DING XING NEW ENERGY,IMIP(Morowali),Bahudopi,"Shanghai Guochu Logistics Co., Ltd.",China,Shanghai,75021000,400.8379,,99,HS750210 Ni≥99% 产品标准(口径#44),396.83,6804223.35,16975,17146,NICKEL CATHODES,新品目通道历史回补【#45】,新品目通道历史回补【#45】,10686,400.8379,,RC044
10686,精炼镍,2026-04-10,2026-04,PT CNGR DING XING NEW ENERGY,PT CNGR DING XING NEW ENERGY,IMIP(Morowali),Bahudopi,KOREA NON FERROUS METALS CO,South Korea,Incheon,75021000,59.0102,,99,HS750210 Ni≥99% 产品标准(口径#44),58.42,1001698.15,16975,17146,NICKEL CATHODES,新品目通道历史回补【#45】,新品目通道历史回补【#45】,10687,59.0102,,RC009
10709,精炼镍,2026-04-12,2026-04,PT CNGR DING XING NEW ENERGY,PT CNGR DING XING NEW ENERGY,IMIP(Morowali),Bahudopi,SANCT CORPORATION,Japan,"Nagoya, Aichi",75021000,80,,99,HS750210 Ni≥99% 产品标准(口径#44),79.2,1376320,17204,17378,NICKEL CATHODES,新品目通道历史回补【#45】,新品目通道历史回补【#45】,10710,80,,RC065
10710,精炼镍,2026-04-12,2026-04,PT CNGR DING XING NEW ENERGY,PT CNGR DING XING NEW ENERGY,IMIP(Morowali),Bahudopi,"China Minmetals Nonferrous Metals Co., Ltd.",China,Qingdao,75021000,299.9909,,99,HS750210 Ni≥99% 产品标准(口径#44),296.99,5092345.53,16975,17146,NICKEL CATHODES,新品目通道历史回补【#45】,新品目通道历史回补【#45】,10711,299.9909,,RC080
10746,精炼镍,2026-04-17,2026-04,PT CNGR DING XING NEW ENERGY,PT CNGR DING XING NEW ENERGY,IMIP(Morowali),Bahudopi,HONGKONG KINCO INTERNATIONAL DEVELOPMENT CO LIMITED,China,Shanghai,75021000,300.6226,,99,HS750210 Ni≥99% 产品标准(口径#44),297.62,5103068.64,16975,17146,NICKEL CATHODES,新品目通道历史回补【#45】,新品目通道历史回补【#45】,10747,300.6226,,RC040
10747,精炼镍,2026-04-17,2026-04,PT ETERNAL NICKEL INDUSTRY,PT ETERNAL NICKEL INDUSTRY,IWIP(Weda Bay),Weda,STAR WIRE INDIA LIMITED,India,Mundra,75021000,23.9766,99.99,99,HS750210 Ni≥99% 产品标准(口径#44),23.74,397848.04,16593,16761,NICKEL CATHODES NI: 99.990%,新品目通道历史回补【#45】,新品目通道历史回补【#45】,10748,23.9766,,RC078
10748,精炼镍,2026-04-17,2026-04,PT CNGR DING XING NEW ENERGY,PT CNGR DING XING NEW ENERGY,IMIP(Morowali),Bahudopi,ACCESS WORLD LOGISTICS SINGAPORE PTE LTD,Singapore,Singapore,75021000,198.0621,,99,HS750210 Ni≥99% 产品标准(口径#44),196.08,3362104.15,16975,17146,NICKEL CATHODES,新品目通道历史回补【#45】,新品目通道历史回补【#45】,10749,198.0621,,RC018
10749,精炼镍,2026-04-17,2026-04,PT CNGR DING XING NEW ENERGY,PT CNGR DING XING NEW ENERGY,IMIP(Morowali),Bahudopi,"China Ordins Group Co., Ltd.",China,Shanghai,75021000,198.2388,,99,HS750210 Ni≥99% 产品标准(口径#44),196.26,3365103.63,16975,17146,NICKEL CATHODES,新品目通道历史回补【#45】,新品目通道历史回补【#45】,10750,198.2388,,RC039
10750,精炼镍,2026-04-17,2026-04,PT ETERNAL NICKEL INDUSTRY,PT ETERNAL NICKEL INDUSTRY,IWIP(Weda Bay),Weda,"China Ordins Group Co., Ltd.",China,Shanghai,75021000,400.8348,99.99,99,HS750210 Ni≥99% 产品标准(口径#44),396.83,6799877.79,16964,17136,NICKEL CATHODES NI: 99.990%,新品目通道历史回补【#45】,新品目通道历史回补【#45】,10751,400.8348,,RC039
10751,精炼镍,2026-04-17,2026-04,PT ETERNAL NICKEL INDUSTRY,PT ETERNAL NICKEL INDUSTRY,IWIP(Weda Bay),Weda,"Ningbo Veken Jiafeng Material Co., Ltd.",China,Shanghai,75021000,50.9348,99.99,99,HS750210 Ni≥99% 产品标准(口径#44),50.43,864072.72,16964,17136,NICKEL CATHODES NI: 99.990%,新品目通道历史回补【#45】,新品目通道历史回补【#45】,10752,50.9348,,RC081
10752,精炼镍,2026-04-17,2026-04,PT CNGR DING XING NEW ENERGY,PT CNGR DING XING NEW ENERGY,IMIP(Morowali),Bahudopi,C STEINWEG LOGISTICS TAIWAN CO LTD,"Taiwan, China",Kaohsiung,75021000,44.2077,,99,HS750210 Ni≥99% 产品标准(口径#44),43.77,715059.55,16175,16338,NICKEL CATHODES,新品目通道历史回补【#45】,新品目通道历史回补【#45】,10753,44.2077,,RC032
10753,精炼镍,2026-04-17,2026-04,PT CNGR DING XING NEW ENERGY,PT CNGR DING XING NEW ENERGY,IMIP(Morowali),Bahudopi,"China Ordins Group Co., Ltd.",China,Shanghai,75021000,300.403,,99,HS750210 Ni≥99% 产品标准(口径#44),297.4,5099340.93,16975,17146,NICKEL CATHODES,新品目通道历史回补【#45】,新品目通道历史回补【#45】,10754,300.403,,RC039
10754,精炼镍,2026-04-17,2026-04,PT ETERNAL NICKEL INDUSTRY,PT ETERNAL NICKEL INDUSTRY,IWIP(Weda Bay),Weda,"China Minmetals Nonferrous Metals Co., Ltd.",China,Qingdao,75021000,1888.571,99.99,99,HS750210 Ni≥99% 产品标准(口径#44),1869.69,32038266.13,16964,17136,NICKEL CATHODES NI: 99.990%,新品目通道历史回补【#45】,新品目通道历史回补【#45】,10755,1888.571,,RC080
10755,精炼镍,2026-04-17,2026-04,PT ETERNAL NICKEL INDUSTRY,PT ETERNAL NICKEL INDUSTRY,IWIP(Weda Bay),Weda,SEAH CHANGWON INTEGRATED SPECIAL STEEL CORPORATION,South Korea,Busan (ex Pusan),75021000,30,99.99,99,HS750210 Ni≥99% 产品标准(口径#44),29.7,522184.5,17406,17582,NICKEL CATHODES NI: 99.990%,新品目通道历史回补【#45】,新品目通道历史回补【#45】,10756,30,,RC069
10756,精炼镍,2026-04-17,2026-04,PT ETERNAL NICKEL INDUSTRY,PT ETERNAL NICKEL INDUSTRY,IWIP(Weda Bay),Weda,"China Minmetals Nonferrous Metals Co., Ltd.",China,Qingdao,75021000,274.308,99.99,99,HS750210 Ni≥99% 产品标准(口径#44),271.56,4633934.42,16893,17064,NICKEL CATHODES NI: 99.990%,新品目通道历史回补【#45】,新品目通道历史回补【#45】,10757,274.308,,RC080
10757,精炼镍,2026-04-17,2026-04,PT ETERNAL NICKEL INDUSTRY,PT ETERNAL NICKEL INDUSTRY,IWIP(Weda Bay),Weda,"China Minmetals Nonferrous Metals Co., Ltd.",China,Qingdao,75021000,127.2618,99.99,99,HS750210 Ni≥99% 产品标准(口径#44),125.99,2111677.95,16593,16761,NICKEL CATHODES NI: 99.990%,新品目通道历史回补【#45】,新品目通道历史回补【#45】,10758,127.2618,,RC080
10771,硫酸镍,2026-04-18,2026-04,PT HALMAHERA PERSADA LYGEND,PT HALMAHERA PERSADA LYGEND,Obi(Harita),Obi Island,"Ningbo Lygend Wisdom Co., Ltd.",China,Zhapu,28332400,1760,,22.2,化学计量(NiSO4·6H2O 22.2%),390.72,6170859,3506,15794,NICKEL SULFATE,,中间品矩阵(75章+720150等),10772,1760,,NC162
10772,硫酸镍,2026-04-18,2026-04,PT HALMAHERA PERSADA LYGEND,PT HALMAHERA PERSADA LYGEND,Obi(Harita),Obi Island,"Ningbo Lygend Wisdom Co., Ltd.",China,Zhapu,28332400,1740,,22.2,化学计量(NiSO4·6H2O 22.2%),386.28,6100736,3506,15794,NICKEL SULFATE,,中间品矩阵(75章+720150等),10773,1740,,NC162
10816,精炼镍,2026-04-23,2026-04,PT CNGR DING XING NEW ENERGY,PT CNGR DING XING NEW ENERGY,IMIP(Morowali),Bahudopi,TOYOTA TUSHO MATERIAL INCORPORATED,Japan,Chuo-ku/Tokyo,75021000,20,,99,HS750210 Ni≥99% 产品标准(口径#44),19.8,358400,17920,18101,NICKEL CATHODES,新品目通道历史回补【#45】,新品目通道历史回补【#45】,10817,20,,RC056
10817,精炼镍,2026-04-23,2026-04,PT CNGR DING XING NEW ENERGY,PT CNGR DING XING NEW ENERGY,IMIP(Morowali),Bahudopi,"Ixm (Shanghai) Corporate Management Co., Ltd.",China,Shanghai,75021000,101.9104,,99,HS750210 Ni≥99% 产品标准(口径#44),100.89,1802896.89,17691,17870,NICKEL CATHODES,新品目通道历史回补【#45】,新品目通道历史回补【#45】,10818,101.9104,,NC112
10818,精炼镍,2026-04-23,2026-04,PT CNGR DING XING NEW ENERGY,PT CNGR DING XING NEW ENERGY,IMIP(Morowali),Bahudopi,HONG KONG RUI PU CO LIMITED,South Korea,Busan (ex Pusan),75021000,201.1801,,99,HS750210 Ni≥99% 产品标准(口径#44),199.17,3559077.15,17691,17870,NICKEL CATHODES,新品目通道历史回补【#45】,新品目通道历史回补【#45】,10819,201.1801,,B038
10819,精炼镍,2026-04-23,2026-04,PT CNGR DING XING NEW ENERGY,PT CNGR DING XING NEW ENERGY,IMIP(Morowali),Bahudopi,C STEINWEG ASIA PTE LTD,Singapore,Singapore,75021000,300.2069,,99,HS750210 Ni≥99% 产品标准(口径#44),297.2,5310960.27,17691,17870,NICKEL CATHODES,新品目通道历史回补【#45】,新品目通道历史回补【#45】,10820,300.2069,,RC024
10820,精炼镍,2026-04-23,2026-04,PT CNGR DING XING NEW ENERGY,PT CNGR DING XING NEW ENERGY,IMIP(Morowali),Bahudopi,MANATEE GLOBAL PTE LTD,China,Shanghai,75021000,498.3314,,99,HS750210 Ni≥99% 产品标准(口径#44),493.35,8815980.8,17691,17870,NICKEL CATHODES,新品目通道历史回补【#45】,新品目通道历史回补【#45】,10821,498.3314,,RC072
10838,精炼镍,2026-04-25,2026-04,PT ETERNAL NICKEL INDUSTRY,PT ETERNAL NICKEL INDUSTRY,IWIP(Weda Bay),Weda,HANWA CO LTD,Japan,Yokohama,75021000,20,99.99,99,HS750210 Ni≥99% 产品标准(口径#44),19.8,339285.8,16964,17136,NICKEL CATHODES NI: 99.990%,新品目通道历史回补【#45】,新品目通道历史回补【#45】,10839,20,,MC045
10839,精炼镍,2026-04-25,2026-04,PT ETERNAL NICKEL INDUSTRY,PT ETERNAL NICKEL INDUSTRY,IWIP(Weda Bay),Weda,SEAH CHANGWON INTEGRATED SPECIAL STEELCORPORATION,South Korea,Incheon,75021000,448.9274,99.99,99,HS750210 Ni≥99% 产品标准(口径#44),444.44,7647816.58,17036,17208,NICKEL CATHODES NI: 99.990%,新品目通道历史回补【#45】,新品目通道历史回补【#45】,10840,448.9274,,RC069
10874,精炼镍,2026-04-29,2026-04,PT CNGR DING XING NEW ENERGY,PT CNGR DING XING NEW ENERGY,IMIP(Morowali),Bahudopi,SEAH MNS CORP,South Korea,Busan (ex Pusan),75021000,60.0328,,99,HS750210 Ni≥99% 产品标准(口径#44),59.43,1026140.65,17093,17266,NICKEL CATHODES,新品目通道历史回补【#45】,新品目通道历史回补【#45】,10875,60.0328,,RC050
10881,精炼镍,2026-05-01,2026-05,PT CNGR DING XING NEW ENERGY,PT CNGR DING XING NEW ENERGY,IMIP(Morowali),Bahudopi,WALSIN LIHWA CORPORATION,"Taiwan, China",Taichung,75021000,19.61,,99,"产品标准推算(精炼镍≥99%, 按99计)【#44】",19.41,322723.69,16457,16623,NICKEL CATHODES,,新品目通道(750210/750300)【#42】,10882,19.61,,B035
10907,硫酸镍,2026-05-04,2026-05,PT HALMAHERA PERSADA LYGEND,PT HALMAHERA PERSADA LYGEND,Obi(Harita),Obi Island,"Ningbo Lygend Wisdom Co., Ltd.",China,Zhapu,28332400,4160,,22.2,化学计量(NiSO4·6H2O 22.2%),923.52,14931238,3589,16168,NICKEL SULFATE,,中间品矩阵(75章+720150等),10908,4160,,NC162
10908,硫酸镍,2026-05-04,2026-05,PT HALMAHERA PERSADA LYGEND,PT HALMAHERA PERSADA LYGEND,Obi(Harita),Obi Island,"Ningbo Lygend Wisdom Co., Ltd.",China,Zhapu,28332400,3640,,22.2,化学计量(NiSO4·6H2O 22.2%),808.08,13064834,3589,16168,NICKEL SULFATE,,中间品矩阵(75章+720150等),10909,3640,,NC162
10909,精炼镍,2026-05-04,2026-05,PT ETERNAL NICKEL INDUSTRY,PT ETERNAL NICKEL INDUSTRY,,Weda,"C. Steinweg Logistics (Shanghai Waigaoqiao Bonded Logistics Zone) Co., Ltd.",China,Shanghai,75021000,350.7,,99,"产品标准推算(精炼镍≥99%, 按99计)【#44】",347.19,5949454.54,16965,17136,NICKEL CATHODES NI: 99.990%,,新品目通道(750210/750300)【#42】,10910,350.7,,NC019
10910,精炼镍,2026-05-04,2026-05,PT ETERNAL NICKEL INDUSTRY,PT ETERNAL NICKEL INDUSTRY,,Weda,H AND M METAL WAREHOUSING KOREA CO LTD,South Korea,Busan (ex Pusan),75021000,152.86,,99,"产品标准推算(精炼镍≥99%, 按99计)【#44】",151.33,2593219.05,16965,17136,NICKEL CATHODES NI: 99.990%,,新品目通道(750210/750300)【#42】,10911,152.86,,RC011
10911,精炼镍,2026-05-04,2026-05,PT ETERNAL NICKEL INDUSTRY,PT ETERNAL NICKEL INDUSTRY,,Weda,TAE EU WAREHOUSING KOREA CO LTD,South Korea,Busan (ex Pusan),75021000,10.61,,99,"产品标准推算(精炼镍≥99%, 按99计)【#44】",10.5,174872.09,16482,16648,NICKEL CATHODES NI: 99.990%,,新品目通道(750210/750300)【#42】,10912,10.61,,RC004
10912,精炼镍,2026-05-04,2026-05,PT ETERNAL NICKEL INDUSTRY,PT ETERNAL NICKEL INDUSTRY,,Weda,WALSIN LIHWA CORP,"Taiwan, China",Kaohsiung,75021000,21.96,,99,"产品标准推算(精炼镍≥99%, 按99计)【#44】",21.74,314110.2,14304,14448,NICKEL CATHODES NI: 99.990%,,新品目通道(750210/750300)【#42】,10913,21.96,,NC262
10913,精炼镍,2026-05-04,2026-05,PT ETERNAL NICKEL INDUSTRY,PT ETERNAL NICKEL INDUSTRY,,Weda,"C. Steinweg Logistics (Shanghai Waigaoqiao Bonded Logistics Zone) Co., Ltd.",China,Shanghai,75021000,500.81,,99,"产品标准推算(精炼镍≥99%, 按99计)【#44】",495.8,8495943.75,16964,17136,NICKEL CATHODES NI: 99.990%,,新品目通道(750210/750300)【#42】,10914,500.81,,NC019
10914,精炼镍,2026-05-04,2026-05,PT ETERNAL NICKEL INDUSTRY,PT ETERNAL NICKEL INDUSTRY,,Weda,"China Ordins Group Co., Ltd.",China,Shanghai,75021000,626.38,,99,"产品标准推算(精炼镍≥99%, 按99计)【#44】",620.12,10626075.01,16964,17136,NICKEL CATHODES NI: 99.990%,,新品目通道(750210/750300)【#42】,10915,626.38,,RC039
10915,精炼镍,2026-05-04,2026-05,PT ETERNAL NICKEL INDUSTRY,PT ETERNAL NICKEL INDUSTRY,,Weda,"C. Steinweg Logistics (Shanghai Waigaoqiao Bonded Logistics Zone) Co., Ltd.",China,Shanghai,75021000,499.58,,99,"产品标准推算(精炼镍≥99%, 按99计)【#44】",494.58,8475033.57,16964,17136,NICKEL CATHODES NI: 99.990%,,新品目通道(750210/750300)【#42】,10916,499.58,,NC019
10916,精炼镍,2026-05-04,2026-05,PT ETERNAL NICKEL INDUSTRY,PT ETERNAL NICKEL INDUSTRY,,Weda,SEAH CHANGWON INTEGRATED SPECIAL STEEL CORPORATION,South Korea,Busan (ex Pusan),75021000,80,,99,"产品标准推算(精炼镍≥99%, 按99计)【#44】",79.2,1334231.81,16678,16846,NICKEL CATHODES NI: 99.990%,,新品目通道(750210/750300)【#42】,10917,80,,RC069
10917,精炼镍,2026-05-04,2026-05,PT ETERNAL NICKEL INDUSTRY,PT ETERNAL NICKEL INDUSTRY,,Weda,TAE EU WAREHOUSING KOREA CO LTD,South Korea,Busan (ex Pusan),75021000,13.53,,99,"产品标准推算(精炼镍≥99%, 按99计)【#44】",13.39,224465.9,16590,16758,NICKEL CATHODES NI: 99.990%,,新品目通道(750210/750300)【#42】,10918,13.53,,RC004
10918,精炼镍,2026-05-04,2026-05,PT ETERNAL NICKEL INDUSTRY,PT ETERNAL NICKEL INDUSTRY,,Weda,WALSIN LIHWA CORP,"Taiwan, China",Kaohsiung,75021000,14.08,,99,"产品标准推算(精炼镍≥99%, 按99计)【#44】",13.94,198242.32,14080,14222,NICKEL CATHODES NI: 99.990%,,新品目通道(750210/750300)【#42】,10919,14.08,,NC262
10919,精炼镍,2026-05-04,2026-05,PT ETERNAL NICKEL INDUSTRY,PT ETERNAL NICKEL INDUSTRY,,Weda,SUZUKI SANGYO KABUSHIKI GAISHA,Japan,Yokohama,75021000,25.45,,99,"产品标准推算(精炼镍≥99%, 按99计)【#44】",25.2,431754.75,16965,17136,NICKEL CATHODES NI: 99.990%,,新品目通道(750210/750300)【#42】,10920,25.45,,RC016
10920,精炼镍,2026-05-04,2026-05,PT ETERNAL NICKEL INDUSTRY,PT ETERNAL NICKEL INDUSTRY,,Weda,China Minmetals Non-Ferrous Metals Co.Ltd.,China,Qingdao,75021000,51.07,,99,"产品标准推算(精炼镍≥99%, 按99计)【#44】",50.56,866390.04,16965,17136,NICKEL CATHODES NI: 99.990%,,新品目通道(750210/750300)【#42】,10921,51.07,,RC080
10961,精炼镍,2026-05-08,2026-05,PT CNGR DING XING NEW ENERGY,PT CNGR DING XING NEW ENERGY,IMIP(Morowali),Bahudopi,HANWA CO LTD,Japan,"Nagoya, Aichi",75021000,40,,99,"产品标准推算(精炼镍≥99%, 按99计)【#44】",39.6,692880,17322,17497,NICKEL CATHODES,,新品目通道(750210/750300)【#42】,10962,40,,MC045
10962,精炼镍,2026-05-08,2026-05,PT CNGR DING XING NEW ENERGY,PT CNGR DING XING NEW ENERGY,IMIP(Morowali),Bahudopi,HANWA CO LTD,Japan,Yokohama,75021000,40,,99,"产品标准推算(精炼镍≥99%, 按99计)【#44】",39.6,692880,17322,17497,NICKEL CATHODES,,新品目通道(750210/750300)【#42】,10963,40,,MC045
10979,精炼镍,2026-05-11,2026-05,PT CNGR DING XING NEW ENERGY,PT CNGR DING XING NEW ENERGY,IMIP(Morowali),Bahudopi,HONGKONG KINCO INTERNATIONAL DEVELOPMENT CO LIMITED,China,Shanghai,75021000,300.27,,99,"产品标准推算(精炼镍≥99%, 按99计)【#44】",297.27,5627969.98,18743,18932,NICKEL CATHODES,,新品目通道(750210/750300)【#42】,10980,300.27,,RC040
10980,精炼镍,2026-05-11,2026-05,PT CNGR DING XING NEW ENERGY,PT CNGR DING XING NEW ENERGY,IMIP(Morowali),Bahudopi,TOYOTA TUSHO MATERIAL INCORPORATED,Japan,Narita Apt/Tokyo,75021000,80,,99,"产品标准推算(精炼镍≥99%, 按99计)【#44】",79.2,1517760,18972,19164,NICKEL CATHODES,,新品目通道(750210/750300)【#42】,10981,80,,RC056
10981,精炼镍,2026-05-11,2026-05,PT CNGR DING XING NEW ENERGY,PT CNGR DING XING NEW ENERGY,IMIP(Morowali),Bahudopi,SANCT CORPORATION,Japan,"Nagoya, Aichi",75021000,40,,99,"产品标准推算(精炼镍≥99%, 按99计)【#44】",39.6,754920,18873,19064,NICKEL CATHODES,,新品目通道(750210/750300)【#42】,10982,40,,RC065
10982,精炼镍,2026-05-11,2026-05,PT CNGR DING XING NEW ENERGY,PT CNGR DING XING NEW ENERGY,IMIP(Morowali),Bahudopi,"China Ordins Group Co., Ltd.",China,Shanghai,75021000,197.89,,99,"产品标准推算(精炼镍≥99%, 按99计)【#44】",195.91,3708960.43,18743,18932,NICKEL CATHODES,,新品目通道(750210/750300)【#42】,10983,197.89,,RC039
10983,精炼镍,2026-05-11,2026-05,PT CNGR DING XING NEW ENERGY,PT CNGR DING XING NEW ENERGY,IMIP(Morowali),Bahudopi,CNGR HONGKONG MATERIAL SCIENCE AND TECHNOLOGY CO LIMITED,China,Shanghai,75021000,197.96,,99,"产品标准推算(精炼镍≥99%, 按99计)【#44】",195.98,3710298.68,18743,18932,NICKEL CATHODES,,新品目通道(750210/750300)【#42】,10984,197.96,,B008
10984,精炼镍,2026-05-11,2026-05,PT CNGR DING XING NEW ENERGY,PT CNGR DING XING NEW ENERGY,IMIP(Morowali),Bahudopi,China Minmetals Non-Ferrous Metals Co.Ltd.,China,Qingdao,75021000,300.13,,99,"产品标准推算(精炼镍≥99%, 按99计)【#44】",297.13,5625259.74,18743,18932,NICKEL CATHODES,,新品目通道(750210/750300)【#42】,10985,300.13,,RC080
10985,精炼镍,2026-05-11,2026-05,PT CNGR DING XING NEW ENERGY,PT CNGR DING XING NEW ENERGY,IMIP(Morowali),Bahudopi,SANCT CORPORATION,Japan,"Nagoya, Aichi",75021000,20,,99,"产品标准推算(精炼镍≥99%, 按99计)【#44】",19.8,374860,18743,18932,NICKEL CATHODES,,新品目通道(750210/750300)【#42】,10986,20,,RC065
10986,精炼镍,2026-05-11,2026-05,PT CNGR DING XING NEW ENERGY,PT CNGR DING XING NEW ENERGY,IMIP(Morowali),Bahudopi,"China Ordins Group Co., Ltd.",China,Shanghai,75021000,300.15,,99,"产品标准推算(精炼镍≥99%, 按99计)【#44】",297.15,5625662.72,18743,18932,NICKEL CATHODES,,新品目通道(750210/750300)【#42】,10987,300.15,,RC039
11020,精炼镍,2026-05-14,2026-05,PT ETERNAL NICKEL INDUSTRY,PT ETERNAL NICKEL INDUSTRY,,Weda,"Vast Rock International Investment Co., Ltd.",China,Qingdao,75021000,7.51,,99,"产品标准推算(精炼镍≥99%, 按99计)【#44】",7.43,133795.97,17816,17996,NICKEL CATHODES NI: 99.990%,,新品目通道(750210/750300)【#42】,11021,7.51,,RC082
11021,精炼镍,2026-05-14,2026-05,PT ETERNAL NICKEL INDUSTRY,PT ETERNAL NICKEL INDUSTRY,,Weda,SEAH CHANGWON INTEGRATED SPECIAL STEEL CORPORATION,South Korea,Busan (ex Pusan),75021000,38,,99,"产品标准推算(精炼镍≥99%, 按99计)【#44】",37.62,634963.28,16710,16878,NICKEL CATHODES NI: 99.990%,,新品目通道(750210/750300)【#42】,11022,38,,RC069
11022,精炼镍,2026-05-14,2026-05,PT ETERNAL NICKEL INDUSTRY,PT ETERNAL NICKEL INDUSTRY,,Weda,SEAH CHANGWON INTEGRATED SPECIAL STEEL CORPORATION,South Korea,Busan (ex Pusan),75021000,140,,99,"产品标准推算(精炼镍≥99%, 按99计)【#44】",138.6,2331739.2,16655,16824,NICKEL CATHODES NI: 99.990%,,新品目通道(750210/750300)【#42】,11023,140,,RC069
11023,精炼镍,2026-05-14,2026-05,PT ETERNAL NICKEL INDUSTRY,PT ETERNAL NICKEL INDUSTRY,,Weda,"Vast Rock International Investment Co., Ltd.",China,Qingdao,75021000,357.08,,99,"产品标准推算(精炼镍≥99%, 按99计)【#44】",353.51,6032166.03,16893,17064,NICKEL CATHODES NI: 99.990%,,新品目通道(750210/750300)【#42】,11024,357.08,,RC082
11024,精炼镍,2026-05-14,2026-05,PT ETERNAL NICKEL INDUSTRY,PT ETERNAL NICKEL INDUSTRY,,Weda,"Vast Rock International Investment Co., Ltd.",China,Qingdao,75021000,7.51,,99,"产品标准推算(精炼镍≥99%, 按99计)【#44】",7.43,133795.97,17816,17996,NICKEL CATHODES NI: 99.990%,,新品目通道(750210/750300)【#42】,11025,7.51,,RC082
11025,精炼镍,2026-05-14,2026-05,PT ETERNAL NICKEL INDUSTRY,PT ETERNAL NICKEL INDUSTRY,,Weda,SEAH CHANGWON INTEGRATED SPECIAL STEELCORPORATION,South Korea,Busan (ex Pusan),75021000,20,,99,"产品标准推算(精炼镍≥99%, 按99计)【#44】",19.8,333105.6,16655,16824,NICKEL CATHODES NI: 99.990%,,新品目通道(750210/750300)【#42】,11026,20,,RC069
11026,精炼镍,2026-05-14,2026-05,PT ETERNAL NICKEL INDUSTRY,PT ETERNAL NICKEL INDUSTRY,,Weda,WALSIN LIHWA CORP,"Taiwan, China",Kaohsiung,75021000,35.91,,99,"产品标准推算(精炼镍≥99%, 按99计)【#44】",35.55,591443.6,16470,16637,NICKEL CATHODES NI: 99.990%,,新品目通道(750210/750300)【#42】,11027,35.91,,NC262
11027,精炼镍,2026-05-14,2026-05,PT ETERNAL NICKEL INDUSTRY,PT ETERNAL NICKEL INDUSTRY,,Weda,"Vast Rock International Investment Co., Ltd.",China,Qingdao,75021000,1242.44,,99,"产品标准推算(精炼镍≥99%, 按99计)【#44】",1230.02,20988718.64,16893,17064,NICKEL CATHODES NI: 99.990%,,新品目通道(750210/750300)【#42】,11028,1242.44,,RC082
11090,精炼镍,2026-05-22,2026-05,PT CNGR DING XING NEW ENERGY,PT CNGR DING XING NEW ENERGY,IMIP(Morowali),Bahudopi,TOYOTA TSUSHO MATERIAL INCORPORATED,Japan,Chuo-ku/Tokyo,75021000,20,,99,"产品标准推算(精炼镍≥99%, 按99计)【#44】",19.8,383870,19194,19387,NICKEL CATHODES,,新品目通道(750210/750300)【#42】,11091,20,,RC066
11091,精炼镍,2026-05-22,2026-05,PT CNGR DING XING NEW ENERGY,PT CNGR DING XING NEW ENERGY,IMIP(Morowali),Bahudopi,ACCESS WORLD LOGISTICS SINGAPORE PTE LTD,Singapore,Singapore,75021000,198.17,,99,"产品标准推算(精炼镍≥99%, 按99计)【#44】",196.19,3758130.49,18964,19156,NICKEL CATHODES,,新品目通道(750210/750300)【#42】,11092,198.17,,RC018
11092,精炼镍,2026-05-22,2026-05,PT CNGR DING XING NEW ENERGY,PT CNGR DING XING NEW ENERGY,IMIP(Morowali),Bahudopi,TOYOTA TSUSHO MATERIAL INCORPORATED,Japan,Kobe,75021000,40,,99,"产品标准推算(精炼镍≥99%, 按99计)【#44】",39.6,767740,19194,19387,NICKEL CATHODES,,新品目通道(750210/750300)【#42】,11093,40,,RC066
11093,精炼镍,2026-05-22,2026-05,PT CNGR DING XING NEW ENERGY,PT CNGR DING XING NEW ENERGY,IMIP(Morowali),Bahudopi,C STEINWEG ASIA PTE LTD,Singapore,Singapore,75021000,300.28,,99,"产品标准推算(精炼镍≥99%, 按99计)【#44】",297.28,5694650.58,18964,19156,NICKEL CATHODES,,新品目通道(750210/750300)【#42】,11094,300.28,,RC024
11104,精炼镍,2026-05-23,2026-05,PT CNGR DING XING NEW ENERGY,PT CNGR DING XING NEW ENERGY,IMIP(Morowali),Bahudopi,HANWA CO LTD,Japan,Yokohama,75021000,40,,99,"产品标准推算(精炼镍≥99%, 按99计)【#44】",39.6,729390,18235,18419,NICKEL CATHODES,,新品目通道(750210/750300)【#42】,11105,40,,MC045
11105,精炼镍,2026-05-23,2026-05,PT CNGR DING XING NEW ENERGY,PT CNGR DING XING NEW ENERGY,IMIP(Morowali),Bahudopi,HANWA CO LTD,Japan,"Nagoya, Aichi",75021000,40,,99,"产品标准推算(精炼镍≥99%, 按99计)【#44】",39.6,729390,18235,18419,NICKEL CATHODES,,新品目通道(750210/750300)【#42】,11106,40,,MC045
11106,精炼镍,2026-05-23,2026-05,PT CNGR DING XING NEW ENERGY,PT CNGR DING XING NEW ENERGY,IMIP(Morowali),Bahudopi,China Minmetals Non-Ferrous Metals Co.Ltd.,China,Qingdao,75021000,402.78,,99,"产品标准推算(精炼镍≥99%, 按99计)【#44】",398.75,7252364.99,18006,18188,NICKEL CATHODES,,新品目通道(750210/750300)【#42】,11107,402.78,,RC080
11123,精炼镍,2026-05-24,2026-05,PT ETERNAL NICKEL INDUSTRY,PT ETERNAL NICKEL INDUSTRY,,Weda,HANSMET CO,South Korea,Incheon,75021000,40.26,,99,"产品标准推算(精炼镍≥99%, 按99计)【#44】",39.86,680102.53,16893,17063,NICKEL CATHODES NI: 99.990%,,新品目通道(750210/750300)【#42】,11124,40.26,,RC007
11124,精炼镍,2026-05-24,2026-05,PT ETERNAL NICKEL INDUSTRY,PT ETERNAL NICKEL INDUSTRY,,Weda,"China Ordins Group Co., Ltd.",China,Shanghai,75021000,400.74,,99,"产品标准推算(精炼镍≥99%, 按99计)【#44】",396.73,6769786.47,16893,17064,NICKEL CATHODES NI: 99.990%,,新品目通道(750210/750300)【#42】,11125,400.74,,RC039
11125,精炼镍,2026-05-24,2026-05,PT ETERNAL NICKEL INDUSTRY,PT ETERNAL NICKEL INDUSTRY,,Weda,China Minmetals Non-Ferrous Metals Co.Ltd.,China,Qingdao,75021000,401.45,,99,"产品标准推算(精炼镍≥99%, 按99计)【#44】",397.44,6781804.28,16893,17064,NICKEL CATHODES NI: 99.990%,,新品目通道(750210/750300)【#42】,11126,401.45,,RC080
11126,精炼镍,2026-05-24,2026-05,PT ETERNAL NICKEL INDUSTRY,PT ETERNAL NICKEL INDUSTRY,,Weda,KOREA NON FERROUS METALS CO,South Korea,Incheon,75021000,59.91,,99,"产品标准推算(精炼镍≥99%, 按99计)【#44】",59.31,1012063.66,16893,17064,NICKEL CATHODES NI: 99.990%,,新品目通道(750210/750300)【#42】,11127,59.91,,RC009
11127,精炼镍,2026-05-24,2026-05,PT ETERNAL NICKEL INDUSTRY,PT ETERNAL NICKEL INDUSTRY,,Weda,China Minmetals Non-Ferrous Metals Co.Ltd.,China,Qingdao,75021000,597.13,,99,"产品标准推算(精炼镍≥99%, 按99计)【#44】",591.16,10087505.66,16893,17064,NICKEL CATHODES NI: 99.990%,,新品目通道(750210/750300)【#42】,11128,597.13,,RC080
11173,硫酸镍,2026-05-28,2026-05,PT HALMAHERA PERSADA LYGEND,PT HALMAHERA PERSADA LYGEND,Obi(Harita),Obi Island,"Lygend Resources & Technology Co., Ltd.",China,Zhapu,28332400,3840,,22.2,化学计量(NiSO4·6H2O 22.2%),852.48,14622221,3808,17153,NICKEL SULFATE,同日同额拆单(tradeId不同，非重复),中间品矩阵(75章+720150等),11174,3840,,NC140
11174,硫酸镍,2026-05-28,2026-05,PT HALMAHERA PERSADA LYGEND,PT HALMAHERA PERSADA LYGEND,Obi(Harita),Obi Island,"Lygend Resources & Technology Co., Ltd.",China,Zhapu,28332400,3840,,22.2,化学计量(NiSO4·6H2O 22.2%),852.48,14622221,3808,17153,NICKEL SULFATE,同日同额拆单(tradeId不同，非重复),中间品矩阵(75章+720150等),11175,3840,,NC140
11183,硫酸镍,2026-05-29,2026-05,PT HALMAHERA PERSADA LYGEND,PT HALMAHERA PERSADA LYGEND,Obi(Harita),Obi Island,"Lygend Resources & Technology Co., Ltd.",China,Zhangjiagang,28332400,2420,,22.2,化学计量(NiSO4·6H2O 22.2%),537.24,9353542,3865,17410,NICKEL SULFATE,,中间品矩阵(75章+720150等),11184,2420,,NC140
11184,硫酸镍,2026-05-29,2026-05,PT HALMAHERA PERSADA LYGEND,PT HALMAHERA PERSADA LYGEND,Obi(Harita),Obi Island,"Lygend Resources & Technology Co., Ltd.",China,Zhangjiagang,28332400,2440,,22.2,化学计量(NiSO4·6H2O 22.2%),541.68,9430844,3865,17410,NICKEL SULFATE,,中间品矩阵(75章+720150等),11185,2440,,NC140
11189,精炼镍,2026-05-30,2026-05,PT CNGR DING XING NEW ENERGY,PT CNGR DING XING NEW ENERGY,IMIP(Morowali),Bahudopi,"China Ordins Group Co., Ltd.",China,Shanghai,75021000,525.67,,99,"产品标准推算(精炼镍≥99%, 按99计)【#44】",520.41,9731695.39,18513,18700,NICKEL CATHODES,,新品目通道(750210/750300)【#42】,11190,525.67,,RC039
11190,精炼镍,2026-05-30,2026-05,PT CNGR DING XING NEW ENERGY,PT CNGR DING XING NEW ENERGY,IMIP(Morowali),Bahudopi,HONG KONG RUI PU CO LIMITED,China,Shanghai,75021000,300.09,,99,"产品标准推算(精炼镍≥99%, 按99计)【#44】",297.09,5555651.33,18513,18700,NICKEL CATHODES,,新品目通道(750210/750300)【#42】,11191,300.09,,B038
11197,精炼镍,2026-05-31,2026-05,PT CNGR DING XING NEW ENERGY,PT CNGR DING XING NEW ENERGY,IMIP(Morowali),Bahudopi,WALSIN LIHWA CORPORATION,"Taiwan, China",Taichung,75021000,20.15,,99,"产品标准推算(精炼镍≥99%, 按99计)【#44】",19.95,346729.36,17207,17381,NICKEL CATHODES,,新品目通道(750210/750300)【#42】,11198,20.15,,B035
11215,精炼镍,2026-06-03,2026-06,PT ETERNAL NICKEL INDUSTRY,PT ETERNAL NICKEL INDUSTRY,,Weda,"China Ordins Group Co., Ltd.",China,Shanghai,75021000,502.73,,99,"产品标准推算(精炼镍≥99%, 按99计)【#44】",497.7,9353287.93,18605,18793,NICKEL CATHODES NI: 99.990%,,新品目通道(750210/750300)【#42】,11216,502.73,,RC039
11216,精炼镍,2026-06-03,2026-06,PT ETERNAL NICKEL INDUSTRY,PT ETERNAL NICKEL INDUSTRY,,Weda,WALSIN LIHWA CORPORATION,"Taiwan, China",Kaohsiung,75021000,28.23,,99,"产品标准推算(精炼镍≥99%, 按99计)【#44】",27.95,461053.93,16332,16497,NICKEL CATHODES NI: 99.990%,,新品目通道(750210/750300)【#42】,11217,28.23,,B035
11217,精炼镍,2026-06-03,2026-06,PT ETERNAL NICKEL INDUSTRY,PT ETERNAL NICKEL INDUSTRY,,Weda,SEAH CHANGWON INTEGRATED SPECIAL STEEL CORPORATION,South Korea,Busan (ex Pusan),75021000,20,,99,"产品标准推算(精炼镍≥99%, 按99计)【#44】",19.8,333105.6,16655,16824,NICKEL CATHODES NI: 99.990%,,新品目通道(750210/750300)【#42】,11218,20,,RC069
11218,精炼镍,2026-06-03,2026-06,PT ETERNAL NICKEL INDUSTRY,PT ETERNAL NICKEL INDUSTRY,,Weda,"China Ordins Group Co., Ltd.",China,Shanghai,75021000,499.39,,99,"产品标准推算(精炼镍≥99%, 按99计)【#44】",494.4,9291110.02,18605,18793,NICKEL CATHODES NI: 99.990%,,新品目通道(750210/750300)【#42】,11219,499.39,,RC039
11219,精炼镍,2026-06-03,2026-06,PT ETERNAL NICKEL INDUSTRY,PT ETERNAL NICKEL INDUSTRY,,Weda,SEAH CHANGWON INTEGRATED SPECIAL STEEL CORPORATION,South Korea,Busan (ex Pusan),75021000,120,,99,"产品标准推算(精炼镍≥99%, 按99计)【#44】",118.8,2144142,17868,18048,NICKEL CATHODES NI: 99.990%,,新品目通道(750210/750300)【#42】,11220,120,,RC069
11220,精炼镍,2026-06-03,2026-06,PT ETERNAL NICKEL INDUSTRY,PT ETERNAL NICKEL INDUSTRY,,Weda,SUZUKI SANGYO KABUSHIKI GAISHA,Japan,Yokohama,75021000,25.48,,99,"产品标准推算(精炼镍≥99%, 按99计)【#44】",25.23,473977.26,18602,18790,NICKEL CATHODES NI: 99.990%,,新品目通道(750210/750300)【#42】,11221,25.48,,RC016
11221,精炼镍,2026-06-03,2026-06,PT ETERNAL NICKEL INDUSTRY,PT ETERNAL NICKEL INDUSTRY,,Weda,"C. Steinweg Logistics (Shanghai Waigaoqiao Bonded Logistics Zone) Co., Ltd.",China,Shanghai,75021000,499.54,,99,"产品标准推算(精炼镍≥99%, 按99计)【#44】",494.54,8944692.07,17906,18087,NICKEL CATHODES NI: 99.990%,,新品目通道(750210/750300)【#42】,11222,499.54,,NC019
11222,精炼镍,2026-06-03,2026-06,PT ETERNAL NICKEL INDUSTRY,PT ETERNAL NICKEL INDUSTRY,,Weda,SUZUKI SANGYO KABUSHIKI GAISHA,Japan,Yokohama,75021000,36.37,,99,"产品标准推算(精炼镍≥99%, 按99计)【#44】",36.01,625824.74,17207,17381,NICKEL CATHODES NI: 99.990%,,新品目通道(750210/750300)【#42】,11223,36.37,,RC016
11223,精炼镍,2026-06-03,2026-06,PT ETERNAL NICKEL INDUSTRY,PT ETERNAL NICKEL INDUSTRY,,Weda,STAR WIRE INDIA LIMITED,India,Mundra,75021000,10.49,,99,"产品标准推算(精炼镍≥99%, 按99计)【#44】",10.39,172848.01,16477,16644,NICKEL CATHODES NI: 99.990%,,新品目通道(750210/750300)【#42】,11224,10.49,,RC078
11224,精炼镍,2026-06-03,2026-06,PT ETERNAL NICKEL INDUSTRY,PT ETERNAL NICKEL INDUSTRY,,Weda,SEAH CHANGWON INTEGRATED SPECIAL STEEL CORPORATION,South Korea,Busan (ex Pusan),75021000,57,,99,"产品标准推算(精炼镍≥99%, 按99计)【#44】",56.43,1021561.41,17922,18103,NICKEL CATHODES NI: 99.990%,,新品目通道(750210/750300)【#42】,11225,57,,RC069
11225,精炼镍,2026-06-03,2026-06,PT ETERNAL NICKEL INDUSTRY,PT ETERNAL NICKEL INDUSTRY,,Weda,STAR WIRE INDIA LIMITED,India,Mundra,75021000,10.51,,99,"产品标准推算(精炼镍≥99%, 按99计)【#44】",10.4,183901.4,17498,17674,NICKEL CATHODES NI: 99.990%,,新品目通道(750210/750300)【#42】,11226,10.51,,RC078
11226,精炼镍,2026-06-03,2026-06,PT ETERNAL NICKEL INDUSTRY,PT ETERNAL NICKEL INDUSTRY,,Weda,SEAH CHANGWON INTEGRATED SPECIAL STEEL CORPORATION,South Korea,Busan (ex Pusan),75021000,18,,99,"产品标准推算(精炼镍≥99%, 按99计)【#44】",17.82,299795.04,16655,16824,NICKEL CATHODES NI: 99.990%,,新品目通道(750210/750300)【#42】,11227,18,,RC069
11227,精炼镍,2026-06-03,2026-06,PT ETERNAL NICKEL INDUSTRY,PT ETERNAL NICKEL INDUSTRY,,Weda,STAR WIRE INDIA LIMITED,India,Mundra,75021000,3,,99,"产品标准推算(精炼镍≥99%, 按99计)【#44】",2.97,52559.26,17520,17697,NICKEL CATHODES NI: 99.990%,,新品目通道(750210/750300)【#42】,11228,3,,RC078
11231,精炼镍,2026-06-04,2026-06,PT ETERNAL NICKEL INDUSTRY,PT ETERNAL NICKEL INDUSTRY,,Weda,"China Ordins Group Co., Ltd.",China,Shanghai,75021000,152.97,,99,"产品标准推算(精炼镍≥99%, 按99计)【#44】",151.44,2846047.78,18605,18793,NICKEL CATHODES NI: 99.990%,,新品目通道(750210/750300)【#42】,11232,152.97,,RC039
11232,精炼镍,2026-06-04,2026-06,PT ETERNAL NICKEL INDUSTRY,PT ETERNAL NICKEL INDUSTRY,,Weda,SEAH CHANGWON INTEGRATED SPECIAL STEEL CORPORATION,South Korea,Busan (ex Pusan),75021000,10,,99,"产品标准推算(精炼镍≥99%, 按99计)【#44】",9.9,166552.8,16655,16824,NICKEL CATHODES NI: 99.990%,,新品目通道(750210/750300)【#42】,11233,10,,RC069
11233,精炼镍,2026-06-04,2026-06,PT ETERNAL NICKEL INDUSTRY,PT ETERNAL NICKEL INDUSTRY,,Weda,SEAH CHANGWON INTEGRATED SPECIAL STEEL CORPORATION,South Korea,Busan (ex Pusan),75021000,10,,99,"产品标准推算(精炼镍≥99%, 按99计)【#44】",9.9,178678.5,17868,18048,NICKEL CATHODES NI: 99.990%,,新品目通道(750210/750300)【#42】,11234,10,,RC069
11234,精炼镍,2026-06-04,2026-06,PT ETERNAL NICKEL INDUSTRY,PT ETERNAL NICKEL INDUSTRY,,Weda,"China Ordins Group Co., Ltd.",China,Shanghai,75021000,251.08,,99,"产品标准推算(精炼镍≥99%, 按99计)【#44】",248.57,4495714.83,17906,18086,NICKEL CATHODES NI: 99.990%,,新品目通道(750210/750300)【#42】,11235,251.08,,RC039
11235,精炼镍,2026-06-04,2026-06,PT ETERNAL NICKEL INDUSTRY,PT ETERNAL NICKEL INDUSTRY,,Weda,"China Ordins Group Co., Ltd.",China,Shanghai,75021000,76.37,,99,"产品标准推算(精炼镍≥99%, 按99计)【#44】",75.61,1359793.08,17805,17985,NICKEL CATHODES NI: 99.990%,,新品目通道(750210/750300)【#42】,11236,76.37,,RC039
11289,精炼镍,2026-06-10,2026-06,PT CNGR DING XING NEW ENERGY,PT CNGR DING XING NEW ENERGY,IMIP(Morowali),Bahudopi,"China Ordins Group Co., Ltd.",China,Shanghai,75021000,300.61,,99,"产品标准推算(精炼镍≥99%, 按99计)【#44】",297.6,5652974.81,18805,18995,NICKEL CATHODES,,新品目通道(750210/750300)【#42】,11290,300.61,,RC039
11290,精炼镍,2026-06-10,2026-06,PT CNGR DING XING NEW ENERGY,PT CNGR DING XING NEW ENERGY,IMIP(Morowali),Bahudopi,SANCT CORPORATION,Japan,Kobe,75021000,20.76,,99,"产品标准推算(精炼镍≥99%, 按99计)【#44】",20.55,373751.39,18003,18185,NICKEL CATHODES,,新品目通道(750210/750300)【#42】,11291,20.76,,RC065
11291,精炼镍,2026-06-10,2026-06,PT CNGR DING XING NEW ENERGY,PT CNGR DING XING NEW ENERGY,IMIP(Morowali),Bahudopi,C STEINWEG ASIA PTE LTD,Singapore,Singapore,75021000,299.87,,99,"产品标准推算(精炼镍≥99%, 按99计)【#44】",296.87,5639087.32,18805,18995,NICKEL CATHODES,,新品目通道(750210/750300)【#42】,11292,299.87,,RC024
11292,精炼镍,2026-06-10,2026-06,PT CNGR DING XING NEW ENERGY,PT CNGR DING XING NEW ENERGY,IMIP(Morowali),Bahudopi,"C. Steinweg Logistics (Shanghai Waigaoqiao Bonded Logistics Zone) Co., Ltd.",China,Shanghai,75021000,198.14,,99,"产品标准推算(精炼镍≥99%, 按99计)【#44】",196.16,3726028.34,18805,18995,NICKEL CATHODES,,新品目通道(750210/750300)【#42】,11293,198.14,,NC019
11293,精炼镍,2026-06-10,2026-06,PT CNGR DING XING NEW ENERGY,PT CNGR DING XING NEW ENERGY,IMIP(Morowali),Bahudopi,ACCESS WORLD LOGISTICS SINGAPORE PTE LTD,Singapore,Singapore,75021000,198.29,,99,"产品标准推算(精炼镍≥99%, 按99计)【#44】",196.31,3728783.27,18805,18995,NICKEL CATHODES,,新品目通道(750210/750300)【#42】,11294,198.29,,RC018
11294,精炼镍,2026-06-10,2026-06,PT CNGR DING XING NEW ENERGY,PT CNGR DING XING NEW ENERGY,IMIP(Morowali),Bahudopi,TOYOTA TSUSHO MATERIAL INCORPORATED,Japan,Kobe,75021000,40,,99,"产品标准推算(精炼镍≥99%, 按99计)【#44】",39.6,761360,19034,19226,NICKEL CATHODES,,新品目通道(750210/750300)【#42】,11295,40,,RC066
11295,精炼镍,2026-06-10,2026-06,PT CNGR DING XING NEW ENERGY,PT CNGR DING XING NEW ENERGY,IMIP(Morowali),Bahudopi,HONGKONG KINCO INTERNATIONAL DEVELOPMENT CO LIMITED,China,Shanghai,75021000,300,,99,"产品标准推算(精炼镍≥99%, 按99计)【#44】",297,5641530.09,18805,18995,NICKEL CATHODES,,新品目通道(750210/750300)【#42】,11296,300,,RC040
11296,精炼镍,2026-06-10,2026-06,PT CNGR DING XING NEW ENERGY,PT CNGR DING XING NEW ENERGY,IMIP(Morowali),Bahudopi,"China Ordins Group Co., Ltd.",China,Shanghai,75021000,198.23,,99,"产品标准推算(精炼镍≥99%, 按99计)【#44】",196.25,3727733.96,18805,18995,NICKEL CATHODES,,新品目通道(750210/750300)【#42】,11297,198.23,,RC039
11353,硫酸镍,2026-06-18,2026-06,PT HALMAHERA PERSADA LYGEND,PT HALMAHERA PERSADA LYGEND,Obi(Harita),Obi Island,"Ningbo Lygend Wisdom Co., Ltd.",China,Zhapu,28332400,3760,,22.2,化学计量(NiSO4·6H2O 22.2%),834.72,14458817,3845,17322,NICKEL SULFATE,,中间品矩阵(75章+720150等),11354,3760,,NC162
11354,硫酸镍,2026-06-18,2026-06,PT HALMAHERA PERSADA LYGEND,PT HALMAHERA PERSADA LYGEND,Obi(Harita),Obi Island,"Ningbo Lygend Wisdom Co., Ltd.",China,Zhapu,28332400,3760,,22.2,化学计量(NiSO4·6H2O 22.2%),834.72,14458817,3845,17322,NICKEL SULFATE,,中间品矩阵(75章+720150等),11355,3760,,NC162
11382,精炼镍,2026-06-22,2026-06,PT ETERNAL NICKEL INDUSTRY,PT ETERNAL NICKEL INDUSTRY,,Weda,C. Steinweg Logistics Taiwan Co. Ltd.,"Taiwan, China",Kaohsiung,75021000,174.24,,99,"产品标准推算(精炼镍≥99%, 按99计)【#44】",172.5,3119901.46,17906,18087,NICKEL CATHODES NI: 99.990%,,新品目通道(750210/750300)【#42】,11383,174.24,,RC032
11383,精炼镍,2026-06-22,2026-06,PT ETERNAL NICKEL INDUSTRY,PT ETERNAL NICKEL INDUSTRY,,Weda,China Minmetals Non-Ferrous Metals Co.Ltd.,China,Qingdao,75021000,9.06,,99,"产品标准推算(精炼镍≥99%, 按99计)【#44】",8.97,168494.32,18598,18785,NICKEL CATHODES NI: 99.990%,,新品目通道(750210/750300)【#42】,11384,9.06,,RC080
11384,精炼镍,2026-06-22,2026-06,PT ETERNAL NICKEL INDUSTRY,PT ETERNAL NICKEL INDUSTRY,,Weda,"China Ordins Group Co., Ltd.",China,Shanghai,75021000,151.51,,99,"产品标准推算(精炼镍≥99%, 按99计)【#44】",149.99,2712846.47,17905,18086,NICKEL CATHODES NI: 99.990%,,新品目通道(750210/750300)【#42】,11385,151.51,,RC039
11385,精炼镍,2026-06-22,2026-06,PT ETERNAL NICKEL INDUSTRY,PT ETERNAL NICKEL INDUSTRY,,Weda,China Minmetals Non-Ferrous Metals Co.Ltd.,China,Qingdao,75021000,228.13,,99,"产品标准推算(精炼镍≥99%, 按99计)【#44】",225.85,4084885.3,17906,18087,NICKEL CATHODES NI: 99.990%,,新品目通道(750210/750300)【#42】,11386,228.13,,RC080
11386,精炼镍,2026-06-22,2026-06,PT ETERNAL NICKEL INDUSTRY,PT ETERNAL NICKEL INDUSTRY,,Weda,SEAH CHANGWON INTEGRATED SPECIAL STEEL CORPORATION,South Korea,Busan (ex Pusan),75021000,60,,99,"产品标准推算(精炼镍≥99%, 按99计)【#44】",59.4,1072071,17868,18048,NICKEL CATHODES NI: 99.990%,,新品目通道(750210/750300)【#42】,11387,60,,RC069
11387,精炼镍,2026-06-22,2026-06,PT ETERNAL NICKEL INDUSTRY,PT ETERNAL NICKEL INDUSTRY,,Weda,China Minmetals Non-Ferrous Metals Co.Ltd.,China,Qingdao,75021000,612.27,,99,"产品标准推算(精炼镍≥99%, 按99计)【#44】",606.15,10963132.07,17906,18087,NICKEL CATHODES NI: 99.990%,,新品目通道(750210/750300)【#42】,11388,612.27,,RC080
11388,精炼镍,2026-06-22,2026-06,PT ETERNAL NICKEL INDUSTRY,PT ETERNAL NICKEL INDUSTRY,,Weda,China Minmetals Non-Ferrous Metals Co.Ltd.,China,Qingdao,75021000,1441.05,,99,"产品标准推算(精炼镍≥99%, 按99计)【#44】",1426.64,25803091.78,17906,18087,NICKEL CATHODES NI: 99.990%,,新品目通道(750210/750300)【#42】,11389,1441.05,,RC080
11423,精炼镍,2026-06-25,2026-06,PT CNGR DING XING NEW ENERGY,PT CNGR DING XING NEW ENERGY,IMIP(Morowali),Bahudopi,SANCT CORPORATION,Japan,Kobe,75021000,20.04,,99,"产品标准推算(精炼镍≥99%, 按99计)【#44】",19.84,337922.12,16862,17033,NICKEL CATHODES,,新品目通道(750210/750300)【#42】,11424,20.04,,RC065
11424,精炼镍,2026-06-25,2026-06,PT CNGR DING XING NEW ENERGY,PT CNGR DING XING NEW ENERGY,IMIP(Morowali),Bahudopi,TOYOTA TSUSHO MATERIAL INCORPORATED,Japan,Narita Apt/Tokyo,75021000,20,,99,"产品标准推算(精炼镍≥99%, 按99计)【#44】",19.8,357900,17895,18076,NICKEL CATHODES,,新品目通道(750210/750300)【#42】,11425,20,,RC066
11440,精炼镍,2026-06-26,2026-06,PT CNGR DING XING NEW ENERGY,PT CNGR DING XING NEW ENERGY,IMIP(Morowali),Bahudopi,"China Ordins Group Co., Ltd.",China,Shanghai,75021000,100.5,,99,"产品标准推算(精炼镍≥99%, 按99计)【#44】",99.5,1775482.46,17666,17845,NICKEL CATHODES,,新品目通道(750210/750300)【#42】,11441,100.5,,RC039
11441,精炼镍,2026-06-26,2026-06,PT CNGR DING XING NEW ENERGY,PT CNGR DING XING NEW ENERGY,IMIP(Morowali),Bahudopi,China Minmetals Non-Ferrous Metals Co.Ltd.,China,Qingdao,75021000,300.05,,99,"产品标准推算(精炼镍≥99%, 按99计)【#44】",297.05,5300723.93,17666,17845,NICKEL CATHODES,,新品目通道(750210/750300)【#42】,11442,300.05,,RC080
11442,精炼镍,2026-06-26,2026-06,PT CNGR DING XING NEW ENERGY,PT CNGR DING XING NEW ENERGY,IMIP(Morowali),Bahudopi,TAE EU WAREHOUSING KOREA CO LTD,South Korea,Busan (ex Pusan),75021000,24.2,,99,"产品标准推算(精炼镍≥99%, 按99计)【#44】",23.96,416436.82,17208,17382,NICKEL CATHODES,,新品目通道(750210/750300)【#42】,11443,24.2,,RC004
11443,精炼镍,2026-06-26,2026-06,PT CNGR DING XING NEW ENERGY,PT CNGR DING XING NEW ENERGY,IMIP(Morowali),Bahudopi,SANCT CORPORATION,Japan,"Nagoya, Aichi",75021000,80,,99,"产品标准推算(精炼镍≥99%, 按99计)【#44】",79.2,1423680,17796,17976,NICKEL CATHODES,,新品目通道(750210/750300)【#42】,11444,80,,RC065
11444,精炼镍,2026-06-26,2026-06,PT CNGR DING XING NEW ENERGY,PT CNGR DING XING NEW ENERGY,IMIP(Morowali),Bahudopi,"China Ordins Group Co., Ltd.",China,Shanghai,75021000,175.68,,99,"产品标准推算(精炼镍≥99%, 按99计)【#44】",173.92,3103633.54,17666,17845,NICKEL CATHODES,,新品目通道(750210/750300)【#42】,11445,175.68,,RC039
11445,精炼镍,2026-06-26,2026-06,PT CNGR DING XING NEW ENERGY,PT CNGR DING XING NEW ENERGY,IMIP(Morowali),Bahudopi,C STEINWEG ASIA PTE LTD,Singapore,Singapore,75021000,198.28,,99,"产品标准推算(精炼镍≥99%, 按99计)【#44】",196.3,3502761.48,17666,17844,NICKEL CATHODES,,新品目通道(750210/750300)【#42】,11446,198.28,,RC024
11446,精炼镍,2026-06-26,2026-06,PT CNGR DING XING NEW ENERGY,PT CNGR DING XING NEW ENERGY,IMIP(Morowali),Bahudopi,TOYOTA TSUSHO MATERIAL INCORPORATED,Japan,Narita Apt/Tokyo,75021000,40,,99,"产品标准推算(精炼镍≥99%, 按99计)【#44】",39.6,715800,17895,18076,NICKEL CATHODES,,新品目通道(750210/750300)【#42】,11447,40,,RC066
11494,精炼镍,2026-06-29,2026-06,PT CNGR DING XING NEW ENERGY,PT CNGR DING XING NEW ENERGY,IMIP(Morowali),Bahudopi,HANWA CO LTD,Japan,"Nagoya, Aichi",75021000,40,,99,"产品标准推算(精炼镍≥99%, 按99计)【#44】",39.6,761360,19034,19226,NICKEL CATHODES,,新品目通道(750210/750300)【#42】,11495,40,,MC045
11502,精炼镍,2026-06-30,2026-06,PT CNGR DING XING NEW ENERGY,PT CNGR DING XING NEW ENERGY,IMIP(Morowali),Bahudopi,C STEINWEG LOGISTICS TAIWAN CO LTD,"Taiwan, China",Kaohsiung,75021000,125.31,,99,"产品标准推算(精炼镍≥99%, 按99计)【#44】",124.06,2356441.39,18805,18995,NICKEL CATHODES,,新品目通道(750210/750300)【#42】,11503,125.31,,RC032
11503,精炼镍,2026-06-30,2026-06,PT CNGR DING XING NEW ENERGY,PT CNGR DING XING NEW ENERGY,IMIP(Morowali),Bahudopi,HANSMET CO,South Korea,Incheon,75021000,39.37,,99,"产品标准推算(精炼镍≥99%, 按99计)【#44】",38.98,740362.25,18805,18995,NICKEL CATHODES,,新品目通道(750210/750300)【#42】,11504,39.37,,RC007
11504,精炼镍,2026-06-30,2026-06,PT CNGR DING XING NEW ENERGY,PT CNGR DING XING NEW ENERGY,IMIP(Morowali),Bahudopi,HANWA CO LTD,Japan,Yokohama,75021000,40,,99,"产品标准推算(精炼镍≥99%, 按99计)【#44】",39.6,761360,19034,19226,NICKEL CATHODES,,新品目通道(750210/750300)【#42】,11505,40,,MC045
11505,精炼镍,2026-06-30,2026-06,PT CNGR DING XING NEW ENERGY,PT CNGR DING XING NEW ENERGY,IMIP(Morowali),Bahudopi,ACCESS WORLD LOGISTICS SINGAPORE PTE LTD,Singapore,Singapore,75021000,198.24,,99,"产品标准推算(精炼镍≥99%, 按99计)【#44】",196.26,3727937.05,18805,18995,NICKEL CATHODES,,新品目通道(750210/750300)【#42】,11506,198.24,,RC018
11506,精炼镍,2026-06-30,2026-06,PT CNGR DING XING NEW ENERGY,PT CNGR DING XING NEW ENERGY,IMIP(Morowali),Bahudopi,KOREA NON FERROUS METALS CO,South Korea,Incheon,75021000,58.96,,99,"产品标准推算(精炼镍≥99%, 按99计)【#44】",58.37,1108759.72,18805,18995,NICKEL CATHODES,,新品目通道(750210/750300)【#42】,11507,58.96,,RC009
11522,硫酸镍,2026-07-01,2026-07,PT HALMAHERA PERSADA LYGEND,PT HALMAHERA PERSADA LYGEND,Obi(Harita),OBI ISLAND,"Ningbo Lygend Wisdom Co., Ltd.",China,ZHAPU,28332400,1320,,22.2,企业加权(近3月),293.04,5032949,3813,17175,"NICKEL SULFATE, Merk: -, Tipe: -, Ukuran: - , Kode Barang",,中间品矩阵(75章+720150等),11523,1320,,NC162
11523,硫酸镍,2026-07-01,2026-07,PT HALMAHERA PERSADA LYGEND,PT HALMAHERA PERSADA LYGEND,Obi(Harita),OBI ISLAND,"Ningbo Lygend Wisdom Co., Ltd.",China,ZHAPU,28332400,1320,,22.2,企业加权(近3月),293.04,5032949,3813,17175,"NICKEL SULFATE, Merk: -, Tipe: -, Ukuran: - , Kode Barang",,中间品矩阵(75章+720150等),11524,1320,,NC162
11540,精炼镍,2026-07-03,2026-07,PT ETERNAL NICKEL INDUSTRY,PT ETERNAL NICKEL INDUSTRY,IWIP(Weda Bay),WEDA,"C. Steinweg Logistics (Shanghai Waigaoqiao Bonded Logistics Zone) Co., Ltd.",China,SHANGHAI,75021000,497.84,99.99,99.99,原文提取,497.79,8914137.7,17906,17907,"NICKEL CATHODES NI: 99.990%, Merk: -, Tipe: -, Ukuran: - , Kode Barang",,中间品矩阵(75章+720150等),11541,497.84,,NC019
11541,精炼镍,2026-07-03,2026-07,PT ETERNAL NICKEL INDUSTRY,PT ETERNAL NICKEL INDUSTRY,IWIP(Weda Bay),WEDA,SEAH CHANGWON INTEGRATED SPECIAL STEEL CORPORATION,South Korea,BUSAN (EX PUSAN),75021000,180,99.99,99.99,原文提取,179.98,3360078,18667,18669,"NICKEL CATHODES NI: 99.990%, Merk: -, Tipe: -, Ukuran: - , Kode Barang",,中间品矩阵(75章+720150等),11542,180,,RC069
11542,精炼镍,2026-07-03,2026-07,PT ETERNAL NICKEL INDUSTRY,PT ETERNAL NICKEL INDUSTRY,IWIP(Weda Bay),WEDA,"China Ordins Group Co., Ltd.",China,SHANGHAI,75021000,547.4,99.99,99.99,原文提取,547.35,9801646.94,17906,17908,"NICKEL CATHODES NI: 99.990%, Merk: -, Tipe: -, Ukuran: - , Kode Barang",,中间品矩阵(75章+720150等),11543,547.4,,RC039
11543,精炼镍,2026-07-03,2026-07,PT ETERNAL NICKEL INDUSTRY,PT ETERNAL NICKEL INDUSTRY,IWIP(Weda Bay),WEDA,H AND M METAL WAREHOUSING KOREA CO LTD,South Korea,BUSAN (EX PUSAN),75021000,347.84,99.99,99.99,原文提取,347.81,6228368.31,17906,17908,"NICKEL CATHODES NI: 99.990%, Merk: -, Tipe: -, Ukuran: - , Kode Barang",,中间品矩阵(75章+720150等),11544,347.84,,RC011
11544,精炼镍,2026-07-03,2026-07,PT ETERNAL NICKEL INDUSTRY,PT ETERNAL NICKEL INDUSTRY,IWIP(Weda Bay),WEDA,SEAH CHANGWON INTEGRATED SPECIAL STEEL CORPORATION,South Korea,BUSAN (EX PUSAN),75021000,38,99.99,99.99,原文提取,38,711412.44,18721,18723,"NICKEL CATHODES NI: 99.990%, Merk: -, Tipe: -, Ukuran: - , Kode Barang",,中间品矩阵(75章+720150等),11545,38,,RC069
11579,硫酸镍,2026-07-09,2026-07,PT HALMAHERA PERSADA LYGEND,PT HALMAHERA PERSADA LYGEND,Obi(Harita),OBI ISLAND,"Ningbo Lygend Wisdom Co., Ltd.",China,ZHAPU,28332400,1660,,22.2,企业加权(近3月),368.52,6201677,3736,16829,"NICKEL SULFATE, Merk: -, Tipe: -, Ukuran: - , Kode Barang",,中间品矩阵(75章+720150等),11580,1660,,NC162
11580,硫酸镍,2026-07-09,2026-07,PT HALMAHERA PERSADA LYGEND,PT HALMAHERA PERSADA LYGEND,Obi(Harita),OBI ISLAND,"Ningbo Lygend Wisdom Co., Ltd.",China,ZHAPU,28332400,5940,,22.2,企业加权(近3月),1318.68,22191543,3736,16829,"NICKEL SULFATE, Merk: -, Tipe: -, Ukuran: - , Kode Barang",,中间品矩阵(75章+720150等),11581,5940,,NC162
11606,精炼镍,2026-07-11,2026-07,PT ETERNAL NICKEL INDUSTRY,PT ETERNAL NICKEL INDUSTRY,IWIP(Weda Bay),WEDA,MEITA EUROPE DOO,Croatia,RIJEKA,75021000,25.48,99.99,99.99,原文提取,25.48,447586.87,17566,17568,"NICKEL CATHODES NI: 99.990%, Merk: -, Tipe: -, Ukuran: - , Kode Barang",,中间品矩阵(75章+720150等),11607,25.48,,RC083
11607,精炼镍,2026-07-11,2026-07,PT ETERNAL NICKEL INDUSTRY,PT ETERNAL NICKEL INDUSTRY,IWIP(Weda Bay),WEDA,SUZUKI SANGYO KABUSHIKI GAISHA,Japan,YOKOHAMA,75021000,25.4,99.99,99.99,原文提取,25.4,446044.76,17561,17563,"NICKEL CATHODES NI: 99.990%, Merk: -, Tipe: -, Ukuran: - , Kode Barang",,中间品矩阵(75章+720150等),11608,25.4,,RC016
11643,精炼镍,2026-07-17,2026-07,PT CNGR DING XING NEW ENERGY,PT CNGR DING XING NEW ENERGY,IMIP(Morowali),BAHUDOPI,TOYOTA TSUSHO MATERIAL INCORPORATED,Japan,CHUO-KU/TOKYO,75021000,40,,99,企业加权(近3月),39.6,718360,17959,18140,"NICKEL CATHODES, Merk: -, Tipe: -, Ukuran: - , Kode Barang : FGA000858",,中间品矩阵(75章+720150等),11644,40,,RC066
11644,精炼镍,2026-07-17,2026-07,PT CNGR DING XING NEW ENERGY,PT CNGR DING XING NEW ENERGY,IMIP(Morowali),BAHUDOPI,TCC TRADING CORP,South Korea,BUSAN (EX PUSAN),75021000,23.96,,99,企业加权(近3月),23.72,424871.08,17733,17912,"NICKEL CATHODES, Merk: -, Tipe: -, Ukuran: - , Kode Barang : FGA000858",,中间品矩阵(75章+720150等),11645,23.96,,RC021
11645,精炼镍,2026-07-17,2026-07,PT CNGR DING XING NEW ENERGY,PT CNGR DING XING NEW ENERGY,IMIP(Morowali),BAHUDOPI,TOYOTA TSUSHO MATERIAL INCORPORATED,Japan,KOBE,75021000,60,,99,企业加权(近3月),59.4,981300,16355,16520,"NICKEL CATHODES, Merk: -, Tipe: -, Ukuran: - , Kode Barang : FGA000858",,中间品矩阵(75章+720150等),11646,60,,RC066
11646,精炼镍,2026-07-17,2026-07,PT CNGR DING XING NEW ENERGY,PT CNGR DING XING NEW ENERGY,IMIP(Morowali),BAHUDOPI,HONGKONG KINCO INTERNATIONAL DEVELOPMENT CO LIMITED,China,SHANGHAI,75021000,300.09,,99,企业加权(近3月),297.09,5320530.1,17730,17909,"NICKEL CATHODES, Merk: -, Tipe: -, Ukuran: - , Kode Barang : FGA000858",,中间品矩阵(75章+720150等),11647,300.09,,RC040
11647,精炼镍,2026-07-17,2026-07,PT CNGR DING XING NEW ENERGY,PT CNGR DING XING NEW ENERGY,IMIP(Morowali),BAHUDOPI,C STEINWEG ASIA PTE LTD,Singapore,SINGAPORE,75021000,173.92,,99,企业加权(近3月),172.18,3083551.96,17730,17909,"NICKEL CATHODES, Merk: -, Tipe: -, Ukuran: - , Kode Barang : FGA000858",,中间品矩阵(75章+720150等),11648,173.92,,RC024
11648,精炼镍,2026-07-17,2026-07,PT CNGR DING XING NEW ENERGY,PT CNGR DING XING NEW ENERGY,IMIP(Morowali),BAHUDOPI,"China Minmetals Nonferrous Metals Co., Ltd.",China,QINGDAO,75021000,299.6,,99,企业加权(近3月),296.6,5291813.6,17663,17841,"NICKEL CATHODES, Merk: -, Tipe: -, Ukuran: - , Kode Barang : FGA000858",,中间品矩阵(75章+720150等),11649,299.6,,RC080
11649,精炼镍,2026-07-17,2026-07,PT CNGR DING XING NEW ENERGY,PT CNGR DING XING NEW ENERGY,IMIP(Morowali),BAHUDOPI,SANCT CORPORATION,Japan,KOBE,75021000,18.63,,99,企业加权(近3月),18.44,301041.41,16159,16322,"NICKEL CATHODES, Merk: -, Tipe: -, Ukuran: - , Kode Barang : FGA000858",,中间品矩阵(75章+720150等),11650,18.63,,RC065
11650,精炼镍,2026-07-17,2026-07,PT CNGR DING XING NEW ENERGY,PT CNGR DING XING NEW ENERGY,IMIP(Morowali),BAHUDOPI,ACCESS WORLD LOGISTICS SINGAPORE PTE LTD,Singapore,SINGAPORE,75021000,198.19,,99,企业加权(近3月),196.21,3513967.21,17730,17909,"NICKEL CATHODES, Merk: -, Tipe: -, Ukuran: - , Kode Barang : FGA000858",,中间品矩阵(75章+720150等),11651,198.19,,RC018
11651,精炼镍,2026-07-17,2026-07,PT CNGR DING XING NEW ENERGY,PT CNGR DING XING NEW ENERGY,IMIP(Morowali),BAHUDOPI,C STEINWEG LOGISTICS TAIWAN CO LTD,"Taiwan, China",KAOHSIUNG,75021000,300.09,,99,企业加权(近3月),297.09,5320645.34,17730,17909,"NICKEL CATHODES, Merk: -, Tipe: -, Ukuran: - , Kode Barang : FGA000858",,中间品矩阵(75章+720150等),11652,300.09,,RC032
11678,精炼镍,2026-07-18,2026-07,PT CNGR DING XING NEW ENERGY,PT CNGR DING XING NEW ENERGY,IMIP(Morowali),BAHUDOPI,HONG KONG RUI PU CO LIMITED,China,NINGBO,75021000,200.8,,99,企业加权(近3月),198.79,3546832.43,17664,17842,"NICKEL CATHODES, Merk: -, Tipe: -, Ukuran: - , Kode Barang : FGA000858",,中间品矩阵(75章+720150等),11679,200.8,,B038
11692,硫酸镍,2026-07-20,2026-07,PT INDONESIA SERVICE PROVIDER,PT INDONESIA SERVICE PROVIDER,"IMIP(出口代理,Bahodopi)",BAHUDOPI,NISSIN CORPORATION,Japan,KOBE,28332400,20,,22.2,产品中位(近3月),4.44,83648.7,4182,18840,"NICKEL SULFATE, Merk: -, Tipe: -, Ukuran: - , Kode Barang : 20000000000060",,中间品矩阵(75章+720150等),11693,20,,RC084
11750,精炼镍,2026-07-29,2026-07,PT CNGR DING XING NEW ENERGY,PT CNGR DING XING NEW ENERGY,IMIP(Morowali),BAHUDOPI,"China Ordins Group Co., Ltd.",China,SHANGHAI,75021000,492.79,,99,企业加权(近3月),487.86,8244339.89,16730,16899,"NICKEL CATHODES, Merk: -, Tipe: -, Ukuran: - , Kode Barang : FGA000858",,中间品矩阵(75章+720150等),11751,492.79,,RC039
11751,精炼镍,2026-07-29,2026-07,PT CNGR DING XING NEW ENERGY,PT CNGR DING XING NEW ENERGY,IMIP(Morowali),BAHUDOPI,TOYOTA TSUSHO MATERIAL INCORPORATED,Japan,KOBE,75021000,20,,99,企业加权(近3月),19.8,334600,16730,16899,"NICKEL CATHODES, Merk: -, Tipe: -, Ukuran: - , Kode Barang : FGA000858",,中间品矩阵(75章+720150等),11752,20,,RC066
11752,精炼镍,2026-07-29,2026-07,PT CNGR DING XING NEW ENERGY,PT CNGR DING XING NEW ENERGY,IMIP(Morowali),BAHUDOPI,STEINWEG SHARAF INDIA PRIVATE LIMITED,India,JAWAHARLAL NEHRU (NHAVA S,75021000,48.9,,99,企业加权(近3月),48.41,808249.23,16529,16696,"NICKEL CATHODES, Merk: -, Tipe: -, Ukuran: - , Kode Barang : FGA000858",,中间品矩阵(75章+720150等),11753,48.9,,NC228
11753,精炼镍,2026-07-29,2026-07,PT CNGR DING XING NEW ENERGY,PT CNGR DING XING NEW ENERGY,IMIP(Morowali),BAHUDOPI,"China Ordins Group Co., Ltd.",China,SHANGHAI,75021000,201.4,,99,企业加权(近3月),199.39,3376271.28,16764,16933,"NICKEL CATHODES, Merk: -, Tipe: -, Ukuran: - , Kode Barang : FGA000858",,中间品矩阵(75章+720150等),11754,201.4,,RC039
11754,精炼镍,2026-07-29,2026-07,PT CNGR DING XING NEW ENERGY,PT CNGR DING XING NEW ENERGY,IMIP(Morowali),BAHUDOPI,C STEINWEG ASIA PTE LTD,Singapore,SINGAPORE,75021000,325.71,,99,企业加权(近3月),322.45,5460262.79,16764,16934,"NICKEL CATHODES, Merk: -, Tipe: -, Ukuran: - , Kode Barang : FGA000858",,中间品矩阵(75章+720150等),11755,325.71,,RC024
11755,精炼镍,2026-07-29,2026-07,PT CNGR DING XING NEW ENERGY,PT CNGR DING XING NEW ENERGY,IMIP(Morowali),BAHUDOPI,"China Ordins Group Co., Ltd.",China,SHANGHAI,75021000,501.53,,99,企业加权(近3月),496.51,8407573.48,16764,16933,"NICKEL CATHODES, Merk: -, Tipe: -, Ukuran: - , Kode Barang : FGA000858",,中间品矩阵(75章+720150等),11756,501.53,,RC039
11756,精炼镍,2026-07-29,2026-07,PT CNGR DING XING NEW ENERGY,PT CNGR DING XING NEW ENERGY,IMIP(Morowali),BAHUDOPI,SANCT CORPORATION,Japan,"NAGOYA, AICHI",75021000,80,,99,企业加权(近3月),79.2,1338400,16730,16899,"NICKEL CATHODES, Merk: -, Tipe: -, Ukuran: - , Kode Barang : FGA000858",,中间品矩阵(75章+720150等),11757,80,,RC065
11800,硫酸镍,2026-08-05,2026-08,PT HALMAHERA PERSADA LYGEND,PT HALMAHERA PERSADA LYGEND,Obi(Harita),OBI ISLAND,"Ningbo Lygend Wisdom Co., Ltd.",China,ZHANGJIAGANG,28332400,4580,,22.2,化学计量(NiSO4·6H2O 22.2%),1016.76,16275030,3554,16007,"NICKEL SULFATE, Merk: -, Tipe: -, Ukuran: - , Kode Barang",,中间品矩阵(75章+720150等),11801,4580,,NC162
11801,硫酸镍,2026-08-05,2026-08,PT HALMAHERA PERSADA LYGEND,PT HALMAHERA PERSADA LYGEND,Obi(Harita),OBI ISLAND,"Ningbo Lygend Wisdom Co., Ltd.",China,ZHANGJIAGANG,28332400,3100,,22.2,化学计量(NiSO4·6H2O 22.2%),688.2,11015850,3554,16007,"NICKEL SULFATE, Merk: -, Tipe: -, Ukuran: - , Kode Barang",,中间品矩阵(75章+720150等),11802,3100,,NC162
11802,硫酸镍,2026-08-05,2026-08,PT HALMAHERA PERSADA LYGEND,PT HALMAHERA PERSADA LYGEND,Obi(Harita),OBI ISLAND,"Ningbo Lygend Wisdom Co., Ltd.",China,ZHAPU,28332400,2240,,22.2,化学计量(NiSO4·6H2O 22.2%),497.28,7896515,3525,15879,"NICKEL SULFATE, Merk: -, Tipe: -, Ukuran: - , Kode Barang",,中间品矩阵(75章+720150等),11803,2240,,NC162
11803,硫酸镍,2026-08-05,2026-08,PT HALMAHERA PERSADA LYGEND,PT HALMAHERA PERSADA LYGEND,Obi(Harita),OBI ISLAND,"Ningbo Lygend Wisdom Co., Ltd.",China,ZHAPU,28332400,2260,,22.2,化学计量(NiSO4·6H2O 22.2%),501.72,7967020,3525,15879,"NICKEL SULFATE, Merk: -, Tipe: -, Ukuran: - , Kode Barang",,中间品矩阵(75章+720150等),11804,2260,,NC162
11905,硫酸镍,2026-08-13,2026-08,PT INDONESIA SERVICE PROVIDER,PT INDONESIA SERVICE PROVIDER,"IMIP(出口代理,Bahodopi)",BAHUDOPI,NEW HORIZON INTERNATIONAL HOLDING LIMITED,China,WUHAN,28332400,240,,22.2,化学计量(NiSO4·6H2O 22.2%),53.28,880990.2,3671,16535,"NICKEL SULFATE, Merk: -, Tipe: -, Ukuran: - , Kode Barang : 40201000000831",,中间品矩阵(75章+720150等),11906,0,跨抬头同票特征候选；参考合计仅保留IQEM行，原记录保留,MC079
11906,硫酸镍,2026-08-13,2026-08,PT INDONESIA QINGMEI ENERGY MATERIALS,INDONESIA QINGMEI ENERGY MATERIALS,,BAHUDOPI,NEW HORIZON INTERNATIONAL HOLDING LIMITED,China,WUHAN,28332400,240,,22.2,化学计量(NiSO4·6H2O 22.2%),53.28,880990.2,3671,16535,"NICKEL SULFATE, Merk: -, Tipe: -, Ukuran: - , Kode Barang : 40201000000831",全历史档并集补票【#65】,中间品矩阵(75章+720150等),11907,240,跨抬头同票特征候选；参考合计仅保留IQEM行，原记录保留,MC079
11907,精炼镍,2026-08-13,2026-08,PT CNGR DING XING NEW ENERGY,PT CNGR DING XING NEW ENERGY,IMIP(Morowali),BAHUDOPI,HANWA CO LTD,Japan,"NAGOYA, AICHI",75021000,60,,99,企业加权(近3月),59.4,1073571.6,17893,18074,"NICKEL CATHODES, Merk: -, Tipe: -, Ukuran: - , Kode Barang : FGA000858",,中间品矩阵(75章+720150等),11908,60,,MC045
11908,精炼镍,2026-08-13,2026-08,PT CNGR DING XING NEW ENERGY,PT CNGR DING XING NEW ENERGY,IMIP(Morowali),BAHUDOPI,"China Minmetals Nonferrous Metals Co., Ltd.",China,QINGDAO,75021000,361.24,,99,企业加权(近3月),357.63,6380889.25,17664,17842,"NICKEL CATHODES, Merk: -, Tipe: -, Ukuran: - , Kode Barang : FGA000858",,中间品矩阵(75章+720150等),11909,361.24,,RC080
11909,精炼镍,2026-08-13,2026-08,PT CNGR DING XING NEW ENERGY,PT CNGR DING XING NEW ENERGY,IMIP(Morowali),BAHUDOPI,C STEINWEG LOGISTICS TAIWAN CO LTD,"Taiwan, China",KAOHSIUNG,75021000,299.959,,99,企业加权(近3月),296.96,5298432.02,17664,17842,"NICKEL CATHODES, Merk: -, Tipe: -, Ukuran: - , Kode Barang : FGA000858",,中间品矩阵(75章+720150等),11910,299.959,,RC032
11914,精炼镍,2026-08-14,2026-08,PT CNGR DING XING NEW ENERGY,PT CNGR DING XING NEW ENERGY,IMIP(Morowali),BAHUDOPI,HANWA CO LTD,Japan,YOKOHAMA,75021000,20,,99,企业加权(近3月),19.8,357857.2,17893,18074,"NICKEL CATHODES, Merk: -, Tipe: -, Ukuran: - , Kode Barang : FGA000858",,中间品矩阵(75章+720150等),11915,20,,MC045
11915,精炼镍,2026-08-14,2026-08,PT ETERNAL NICKEL INDUSTRY,PT ETERNAL NICKEL INDUSTRY,IWIP(Weda Bay),WEDA,"China Ordins Group Co., Ltd.",China,SHANGHAI,75021000,91.586,,99.13,企业加权(近3月),90.79,1521001.1,16607,16753,"NICKEL CATHODES NI: 99.990%, Merk: -, Tipe: -, Ukuran: - , Kode Barang",,中间品矩阵(75章+720150等),11916,91.586,,RC039
11916,精炼镍,2026-08-14,2026-08,PT ETERNAL NICKEL INDUSTRY,PT ETERNAL NICKEL INDUSTRY,IWIP(Weda Bay),WEDA,"China Ordins Group Co., Ltd.",China,SHANGHAI,75021000,160.521,,99.13,企业加权(近3月),159.12,2665831.53,16607,16753,"NICKEL CATHODES NI: 99.990%, Merk: -, Tipe: -, Ukuran: - , Kode Barang",,中间品矩阵(75章+720150等),11917,160.521,,RC039
11917,精炼镍,2026-08-14,2026-08,PT ETERNAL NICKEL INDUSTRY,PT ETERNAL NICKEL INDUSTRY,IWIP(Weda Bay),WEDA,SEAH CHANGWON INTEGRATED SPECIAL STEEL CORPORATION,South Korea,BUSAN (EX PUSAN),75021000,80,,99.13,企业加权(近3月),79.3,1411592.59,17645,17800,"NICKEL CATHODES NI: 99.990%, Merk: -, Tipe: -, Ukuran: - , Kode Barang",,中间品矩阵(75章+720150等),11918,80,,RC069
11918,精炼镍,2026-08-14,2026-08,PT ETERNAL NICKEL INDUSTRY,PT ETERNAL NICKEL INDUSTRY,IWIP(Weda Bay),WEDA,"China Minmetals Nonferrous Metals Co., Ltd.",China,QINGDAO,75021000,40.519,,99.13,企业加权(近3月),40.17,672908.19,16607,16753,"NICKEL CATHODES NI: 99.990%, Merk: -, Tipe: -, Ukuran: - , Kode Barang",,中间品矩阵(75章+720150等),11919,40.519,,RC080
11919,精炼镍,2026-08-14,2026-08,PT ETERNAL NICKEL INDUSTRY,PT ETERNAL NICKEL INDUSTRY,IWIP(Weda Bay),WEDA,SEAH CHANGWON INTEGRATED SPECIAL STEEL CORPORATION,South Korea,BUSAN (EX PUSAN),75021000,76,,99.13,企业加权(近3月),75.34,1343698.24,17680,17835,"NICKEL CATHODES NI: 99.990%, Merk: -, Tipe: -, Ukuran: - , Kode Barang",,中间品矩阵(75章+720150等),11920,76,,RC069
11931,精炼镍,2026-08-15,2026-08,PT CNGR DING XING NEW ENERGY,PT CNGR DING XING NEW ENERGY,IMIP(Morowali),BAHUDOPI,C STEINWEG LOGISTICS TAIWAN CO LTD,"Taiwan, China",KAOHSIUNG,75021000,299.644,,99,企业加权(近3月),296.65,4991280.31,16657,16826,"NICKEL CATHODES, Merk: -, Tipe: -, Ukuran: - , Kode Barang : FGA000858",,中间品矩阵(75章+720150等),11932,299.644,,RC032
11932,精炼镍,2026-08-15,2026-08,PT CNGR DING XING NEW ENERGY,PT CNGR DING XING NEW ENERGY,IMIP(Morowali),BAHUDOPI,ACCESS WORLD LOGISTICS SINGAPORE PTE LTD,Singapore,SINGAPORE,75021000,197.766,,99,企业加权(近3月),195.79,3294262.06,16657,16826,"NICKEL CATHODES, Merk: -, Tipe: -, Ukuran: - , Kode Barang : FGA000858",,中间品矩阵(75章+720150等),11933,197.766,,RC018
11933,精炼镍,2026-08-15,2026-08,PT CNGR DING XING NEW ENERGY,PT CNGR DING XING NEW ENERGY,IMIP(Morowali),BAHUDOPI,HANWA CO LTD,Japan,"NAGOYA, AICHI",75021000,80,,99,企业加权(近3月),79.2,1350911.2,16886,17057,"NICKEL CATHODES, Merk: -, Tipe: -, Ukuran: - , Kode Barang : FGA000858",,中间品矩阵(75章+720150等),11934,80,,MC045
11934,精炼镍,2026-08-15,2026-08,PT CNGR DING XING NEW ENERGY,PT CNGR DING XING NEW ENERGY,IMIP(Morowali),BAHUDOPI,ACCESS WORLD LOGISTICS SINGAPORE PTE LTD,Singapore,SINGAPORE,75021000,100.685,,99,企业加权(近3月),99.68,1677144.31,16657,16826,"NICKEL CATHODES, Merk: -, Tipe: -, Ukuran: - , Kode Barang : FGA000858",,中间品矩阵(75章+720150等),11935,100.685,,RC018
11945,硫酸镍,2026-08-17,2026-08,PT INDONESIA QINGMEI ENERGY MATERIALS,INDONESIA QINGMEI ENERGY MATERIALS,,BAHUDOPI,"JIANGMEN UMICORE CHANGXINNEW MATERIALS CO., LTD.",China,HUANGPU,28332400,60,,22.2,化学计量(NiSO4·6H2O 22.2%),13.32,232800,3880,17477,"NICKEL SULFATE, Merk: -, Tipe: -, Ukuran: - , Kode Barang : 20000000000060",,中间品矩阵(75章+720150等),11946,60,,RC085
11966,精炼镍,2026-08-19,2026-08,PT CNGR DING XING NEW ENERGY,PT CNGR DING XING NEW ENERGY,IMIP(Morowali),BAHUDOPI,PGS EAST ASIA PTE LTD,Singapore,SINGAPORE,75021000,101.921,,99,企业加权(近3月),100.9,1705129.97,16730,16899,"NICKEL CATHODES, Merk: -, Tipe: -, Ukuran: - , Kode Barang : FGA000858",,中间品矩阵(75章+720150等),11967,101.921,,RC033
11967,精炼镍,2026-08-19,2026-08,PT CNGR DING XING NEW ENERGY,PT CNGR DING XING NEW ENERGY,IMIP(Morowali),BAHUDOPI,SANCT CORPORATION,Japan,"NAGOYA, AICHI",75021000,20,,99,企业加权(近3月),19.8,334600,16730,16899,"NICKEL CATHODES, Merk: -, Tipe: -, Ukuran: - , Kode Barang : FGA000858",,中间品矩阵(75章+720150等),11968,20,,RC065
11995,精炼镍,2026-08-24,2026-08,PT CNGR DING XING NEW ENERGY,PT CNGR DING XING NEW ENERGY,IMIP(Morowali),BAHUDOPI,"China Ordins Group Co., Ltd.",China,SHANGHAI,75021000,347.992,,99,企业加权(近3月),344.51,5821899.47,16730,16899,"NICKEL CATHODES, Merk: -, Tipe: -, Ukuran: - , Kode Barang : FGA000858",,中间品矩阵(75章+720150等),11996,347.992,,RC039
12006,精炼镍,2026-08-26,2026-08,PT ETERNAL NICKEL INDUSTRY,PT ETERNAL NICKEL INDUSTRY,IWIP(Weda Bay),WEDA,"China Ordins Group Co., Ltd.",China,SHANGHAI,75021000,322.774,,99.24,企业加权(近3月),320.32,5360440.34,16607,16735,"NICKEL CATHODES NI: 99.990%, Merk: -, Tipe: -, Ukuran: - , Kode Barang",,中间品矩阵(75章+720150等),12007,322.774,,RC039
12007,精炼镍,2026-08-26,2026-08,PT ETERNAL NICKEL INDUSTRY,PT ETERNAL NICKEL INDUSTRY,IWIP(Weda Bay),WEDA,"China Ordins Group Co., Ltd.",China,SHANGHAI,75021000,497.043,,99.24,企业加权(近3月),493.27,8254586.95,16607,16735,"NICKEL CATHODES NI: 99.990%, Merk: -, Tipe: -, Ukuran: - , Kode Barang",,中间品矩阵(75章+720150等),12008,497.043,,RC039
12008,精炼镍,2026-08-26,2026-08,PT ETERNAL NICKEL INDUSTRY,PT ETERNAL NICKEL INDUSTRY,IWIP(Weda Bay),WEDA,SUZUKI SANGYO KABUSHIKI GAISHA,Japan,YOKOHAMA,75021000,25.416,,99.24,企业加权(近3月),25.22,422090.1,16607,16734,"NICKEL CATHODES NI: 99.990%, Merk: -, Tipe: -, Ukuran: - , Kode Barang",,中间品矩阵(75章+720150等),12009,25.416,,RC016
12009,精炼镍,2026-08-26,2026-08,PT ETERNAL NICKEL INDUSTRY,PT ETERNAL NICKEL INDUSTRY,IWIP(Weda Bay),WEDA,"China Ordins Group Co., Ltd.",China,SHANGHAI,75021000,150.44,,99.24,企业加权(近3月),149.3,2498422.39,16607,16735,"NICKEL CATHODES NI: 99.990%, Merk: -, Tipe: -, Ukuran: - , Kode Barang",,中间品矩阵(75章+720150等),12010,150.44,,RC039
12043,精炼镍,2026-08-29,2026-08,PT CNGR DING XING NEW ENERGY,PT CNGR DING XING NEW ENERGY,IMIP(Morowali),BAHUDOPI,"China Ordins Group Co., Ltd.",China,SHANGHAI,75021000,500.332,,99,企业加权(近3月),495.33,8394571.97,16778,16947,"NICKEL CATHODES, Merk: -, Tipe: -, Ukuran: - , Kode Barang : FGA000858",,中间品矩阵(75章+720150等),12044,500.332,,RC039
12063,硫酸镍,2026-08-31,2026-08,PT HALMAHERA PERSADA LYGEND,PT HALMAHERA PERSADA LYGEND,Obi(Harita),OBI ISLAND,"Ningbo Lygend Wisdom Co., Ltd.",China,ZHAPU,28332400,4000,,22.2,化学计量(NiSO4·6H2O 22.2%),888,14272720,3568,16073,"NICKEL SULFATE, Merk: -, Tipe: -, Ukuran: - , Kode Barang",,中间品矩阵(75章+720150等),12064,4000,,NC162
12064,硫酸镍,2026-08-31,2026-08,PT HALMAHERA PERSADA LYGEND,PT HALMAHERA PERSADA LYGEND,Obi(Harita),OBI ISLAND,"Ningbo Lygend Wisdom Co., Ltd.",China,ZHAPU,28332400,4000,,22.2,化学计量(NiSO4·6H2O 22.2%),888,14272720,3568,16073,"NICKEL SULFATE, Merk: -, Tipe: -, Ukuran: - , Kode Barang",,中间品矩阵(75章+720150等),12065,4000,,NC162
